ts,open,high,low,close,volume,trades
2026-08-03 10:57:00+00:00,196.57,196.57,196.57,196.57,0.0,0
2026-08-03 10:58:00+00:00,196.78,197.02,196.78,197.02,42.9,10
2026-08-03 10:59:00+00:00,196.89,196.95,196.8,196.89,30.42,7
2026-08-03 11:00:00+00:00,196.79,196.83,196.35,196.6,1147.85,171
2026-08-03 11:01:00+00:00,196.64,196.91,196.46,196.75,264.33,72
2026-08-03 11:02:00+00:00,196.75,196.9,196.75,196.9,36.16,13
2026-08-03 11:03:00+00:00,196.8,196.8,196.59,196.59,57.0,12
2026-08-03 11:04:00+00:00,196.63,196.63,196.48,196.48,0.44,2
2026-08-03 11:05:00+00:00,196.52,196.52,196.39,196.39,104.76,9
2026-08-03 11:06:00+00:00,196.45,196.45,195.75,195.75,213.98,26
2026-08-03 11:07:00+00:00,195.75,195.75,195.75,195.75,0.0,0
2026-08-03 11:08:00+00:00,195.67,195.83,195.67,195.83,4.28,2
2026-08-03 11:09:00+00:00,195.77,195.77,195.72,195.72,20.68,3
2026-08-03 11:10:00+00:00,195.83,195.83,195.83,195.83,0.06,1
2026-08-03 11:11:00+00:00,195.83,195.84,195.72,195.79,21.73,6
2026-08-03 11:12:00+00:00,195.92,196.06,195.89,196.02,65.32,8
2026-08-03 11:13:00+00:00,195.94,196.06,195.93,195.94,104.0,21
2026-08-03 11:14:00+00:00,195.94,196.02,195.88,196.0,71.66,12
2026-08-03 11:15:00+00:00,195.95,196.1,195.95,196.08,14.93,7
2026-08-03 11:16:00+00:00,195.92,196.08,195.92,196.06,4.07,3
2026-08-03 11:17:00+00:00,196.06,196.06,196.06,196.06,0.0,0
2026-08-03 11:18:00+00:00,196.32,196.32,196.32,196.32,2.0,1
2026-08-03 11:19:00+00:00,196.59,196.59,196.59,196.59,16.67,13
2026-08-03 11:20:00+00:00,196.48,196.48,196.47,196.47,19.27,4
2026-08-03 11:21:00+00:00,196.49,196.49,196.26,196.29,23.51,5
2026-08-03 11:22:00+00:00,196.52,196.64,196.5,196.5,28.39,8
2026-08-03 11:23:00+00:00,196.31,196.37,196.31,196.37,6.68,4
2026-08-03 11:24:00+00:00,196.37,196.37,196.37,196.37,0.0,0
2026-08-03 11:25:00+00:00,196.22,196.22,196.22,196.22,1.26,1
2026-08-03 11:26:00+00:00,196.22,196.22,196.22,196.22,0.0,0
2026-08-03 11:27:00+00:00,196.35,196.35,196.03,196.03,4.58,2
2026-08-03 11:28:00+00:00,196.02,196.15,196.02,196.15,16.33,7
2026-08-03 11:29:00+00:00,196.15,196.15,196.15,196.15,0.0,0
2026-08-03 11:30:00+00:00,196.08,196.56,196.08,196.56,64.94,15
2026-08-03 11:31:00+00:00,196.56,196.68,196.43,196.54,51.18,16
2026-08-03 11:32:00+00:00,196.54,196.72,196.54,196.6,71.58,37
2026-08-03 11:33:00+00:00,196.61,197.26,196.61,197.25,51.79,21
2026-08-03 11:34:00+00:00,197.15,197.15,197.05,197.05,1.87,13
2026-08-03 11:35:00+00:00,197.05,197.05,196.84,196.84,138.34,36
2026-08-03 11:36:00+00:00,196.71,196.71,196.56,196.56,0.8,4
2026-08-03 11:37:00+00:00,196.56,196.56,196.4,196.4,5.14,5
2026-08-03 11:38:00+00:00,196.36,196.37,195.76,195.82,51.29,24
2026-08-03 11:39:00+00:00,195.83,195.9,195.83,195.9,8.68,5
2026-08-03 11:40:00+00:00,195.62,195.62,195.62,195.62,2.84,1
2026-08-03 11:41:00+00:00,195.58,195.58,195.49,195.49,15.41,4
2026-08-03 11:42:00+00:00,195.59,195.59,195.46,195.52,0.6,4
2026-08-03 11:43:00+00:00,195.52,195.52,195.52,195.52,0.0,0
2026-08-03 11:44:00+00:00,195.61,195.61,195.5,195.5,116.17,17
2026-08-03 11:45:00+00:00,195.52,195.52,195.36,195.51,20.43,7
2026-08-03 11:46:00+00:00,195.51,195.51,195.51,195.51,0.0,0
2026-08-03 11:47:00+00:00,195.43,195.43,195.43,195.43,0.48,1
2026-08-03 11:48:00+00:00,195.24,195.24,194.86,195.04,26.14,15
2026-08-03 11:49:00+00:00,195.32,195.32,195.31,195.31,3.98,2
2026-08-03 11:50:00+00:00,195.3,195.3,195.15,195.15,9.23,4
2026-08-03 11:51:00+00:00,194.99,194.99,194.9,194.9,12.79,4
2026-08-03 11:52:00+00:00,194.92,194.92,194.63,194.63,19.55,5
2026-08-03 11:53:00+00:00,194.71,194.72,194.57,194.63,32.99,12
2026-08-03 11:54:00+00:00,194.65,194.65,194.34,194.34,23.29,5
2026-08-03 11:55:00+00:00,194.4,194.4,194.33,194.37,102.78,14
2026-08-03 11:56:00+00:00,194.37,194.37,194.37,194.37,0.0,0
2026-08-03 11:57:00+00:00,194.33,194.33,194.33,194.33,0.51,1
2026-08-03 11:58:00+00:00,194.29,194.42,194.19,194.42,54.7,9
2026-08-03 11:59:00+00:00,194.42,194.42,194.42,194.42,0.0,0
2026-08-03 12:00:00+00:00,194.08,194.23,194.04,194.23,1.35,3
2026-08-03 12:01:00+00:00,194.34,194.34,193.84,193.92,92.85,10
2026-08-03 12:02:00+00:00,193.82,193.82,193.75,193.75,0.64,2
2026-08-03 12:03:00+00:00,193.75,193.78,193.62,193.62,33.49,6
2026-08-03 12:04:00+00:00,193.61,193.75,193.32,193.32,29.53,8
2026-08-03 12:05:00+00:00,193.58,193.58,193.58,193.58,33.98,7
2026-08-03 12:06:00+00:00,193.28,193.35,193.26,193.33,30.69,14
2026-08-03 12:07:00+00:00,193.28,193.28,193.26,193.26,4.48,2
2026-08-03 12:08:00+00:00,193.72,193.8,193.72,193.8,18.85,5
2026-08-03 12:09:00+00:00,193.8,194.2,193.8,194.2,118.21,13
2026-08-03 12:10:00+00:00,194.2,194.43,194.2,194.31,32.26,10
2026-08-03 12:11:00+00:00,194.15,194.41,194.15,194.41,71.36,47
2026-08-03 12:12:00+00:00,194.39,194.43,194.25,194.25,18.22,6
2026-08-03 12:13:00+00:00,194.62,194.94,194.61,194.94,8.21,7
2026-08-03 12:14:00+00:00,194.89,195.0,194.89,195.0,4.31,2
2026-08-03 12:15:00+00:00,195.0,195.0,195.0,195.0,0.0,0
2026-08-03 12:16:00+00:00,194.74,194.74,194.63,194.63,9.29,5
2026-08-03 12:17:00+00:00,194.63,194.77,194.6,194.77,10.14,5
2026-08-03 12:18:00+00:00,194.75,194.75,194.73,194.73,4.41,4
2026-08-03 12:19:00+00:00,194.83,194.89,194.71,194.81,26.71,17
2026-08-03 12:20:00+00:00,194.84,194.84,194.84,194.84,0.13,1
2026-08-03 12:21:00+00:00,195.06,195.06,194.83,194.83,1.85,4
2026-08-03 12:22:00+00:00,195.08,195.11,195.08,195.11,1.28,2
2026-08-03 12:23:00+00:00,195.07,195.07,195.0,195.0,6.49,9
2026-08-03 12:24:00+00:00,195.0,195.0,195.0,195.0,0.0,0
2026-08-03 12:25:00+00:00,194.94,194.94,194.88,194.88,6.47,2
2026-08-03 12:26:00+00:00,194.85,194.85,194.8,194.8,19.38,10
2026-08-03 12:27:00+00:00,194.78,195.09,194.65,195.09,36.32,20
2026-08-03 12:28:00+00:00,195.14,195.14,194.93,194.95,351.32,18
2026-08-03 12:29:00+00:00,194.74,194.85,194.74,194.85,4.53,2
2026-08-03 12:30:00+00:00,194.95,194.95,194.95,194.95,10.65,3
2026-08-03 12:31:00+00:00,194.92,194.92,194.92,194.92,4.21,1
2026-08-03 12:32:00+00:00,194.79,194.79,194.69,194.74,15.92,5
2026-08-03 12:33:00+00:00,194.67,194.68,194.47,194.47,24.05,12
2026-08-03 12:34:00+00:00,194.81,194.81,194.81,194.81,6.35,3
2026-08-03 12:35:00+00:00,194.77,194.91,194.77,194.91,20.67,3
2026-08-03 12:36:00+00:00,194.91,194.91,194.88,194.89,15.62,7
2026-08-03 12:37:00+00:00,194.88,194.89,194.83,194.89,16.62,6
2026-08-03 12:38:00+00:00,194.89,194.89,194.89,194.89,0.0,0
2026-08-03 12:39:00+00:00,194.65,194.65,194.65,194.65,1.42,2
2026-08-03 12:40:00+00:00,194.82,194.83,194.82,194.83,1.3,2
2026-08-03 12:41:00+00:00,194.86,195.0,194.86,194.89,17.58,9
2026-08-03 12:42:00+00:00,194.88,195.05,194.83,195.05,35.74,13
2026-08-03 12:43:00+00:00,195.05,195.56,195.05,195.37,76.64,16
2026-08-03 12:44:00+00:00,195.28,195.28,195.28,195.28,4.22,1
2026-08-03 12:45:00+00:00,195.49,195.49,195.25,195.25,40.67,7
2026-08-03 12:46:00+00:00,195.3,195.4,195.29,195.34,20.17,13
2026-08-03 12:47:00+00:00,195.35,195.35,195.35,195.35,0.81,1
2026-08-03 12:48:00+00:00,195.35,195.35,195.35,195.35,0.0,0
2026-08-03 12:49:00+00:00,195.03,195.1,194.88,194.88,30.46,6
2026-08-03 12:50:00+00:00,194.88,194.88,194.88,194.88,0.0,0
2026-08-03 12:51:00+00:00,195.06,195.06,195.06,195.06,5.81,3
2026-08-03 12:52:00+00:00,195.07,195.07,195.07,195.07,0.62,1
2026-08-03 12:53:00+00:00,194.73,194.73,194.73,194.73,0.06,1
2026-08-03 12:54:00+00:00,194.73,194.73,194.73,194.73,0.0,0
2026-08-03 12:55:00+00:00,194.73,194.73,194.73,194.73,0.0,0
2026-08-03 12:56:00+00:00,194.89,194.89,194.73,194.73,1.02,2
2026-08-03 12:57:00+00:00,194.64,194.68,194.64,194.68,1.25,3
2026-08-03 12:58:00+00:00,194.5,194.5,194.5,194.5,0.51,1
2026-08-03 12:59:00+00:00,194.5,194.5,194.5,194.5,0.0,0
2026-08-03 13:00:00+00:00,194.35,194.53,194.25,194.53,52.35,15
2026-08-03 13:01:00+00:00,194.47,194.62,194.41,194.56,48.14,12
2026-08-03 13:02:00+00:00,194.47,194.47,194.47,194.47,1.0,1
2026-08-03 13:03:00+00:00,194.49,194.49,194.32,194.32,15.01,10
2026-08-03 13:04:00+00:00,194.13,194.13,194.13,194.13,6.04,5
2026-08-03 13:05:00+00:00,194.43,194.43,194.43,194.43,0.28,1
2026-08-03 13:06:00+00:00,194.43,194.43,194.43,194.43,0.0,0
2026-08-03 13:07:00+00:00,194.43,194.43,194.43,194.43,0.0,0
2026-08-03 13:08:00+00:00,194.25,194.4,194.25,194.4,28.75,6
2026-08-03 13:09:00+00:00,194.29,194.29,194.29,194.29,3.03,1
2026-08-03 13:10:00+00:00,194.3,194.36,194.3,194.36,6.14,3
2026-08-03 13:11:00+00:00,194.29,194.34,194.29,194.34,4.7,2
2026-08-03 13:12:00+00:00,194.34,194.34,194.34,194.34,0.0,0
2026-08-03 13:13:00+00:00,194.2,194.2,194.17,194.17,10.9,5
2026-08-03 13:14:00+00:00,194.29,194.33,194.09,194.26,29.15,17
2026-08-03 13:15:00+00:00,194.41,194.41,194.41,194.41,4.2,1
2026-08-03 13:16:00+00:00,194.41,194.41,194.41,194.41,0.0,0
2026-08-03 13:17:00+00:00,194.61,194.63,194.05,194.05,86.86,17
2026-08-03 13:18:00+00:00,194.27,194.27,194.27,194.27,1.02,1
2026-08-03 13:19:00+00:00,194.43,194.52,194.43,194.52,25.61,5
2026-08-03 13:20:00+00:00,194.38,194.38,194.32,194.32,3.59,2
2026-08-03 13:21:00+00:00,194.33,194.33,194.33,194.33,3.08,2
2026-08-03 13:22:00+00:00,194.29,194.29,194.29,194.29,3.08,1
2026-08-03 13:23:00+00:00,194.29,194.29,194.29,194.29,0.0,0
2026-08-03 13:24:00+00:00,194.25,194.25,194.25,194.25,3.03,1
2026-08-03 13:25:00+00:00,194.21,194.21,193.74,193.74,29.41,14
2026-08-03 13:26:00+00:00,193.65,193.65,193.52,193.58,90.55,15
2026-08-03 13:27:00+00:00,193.43,193.43,192.52,192.66,364.57,40
2026-08-03 13:28:00+00:00,192.52,192.91,190.31,190.72,2252.38,202
2026-08-03 13:29:00+00:00,190.35,191.02,189.76,190.63,654.68,79
2026-08-03 13:30:00+00:00,190.85,191.4,184.75,185.17,3966.32,439
2026-08-03 13:31:00+00:00,185.33,186.72,185.13,186.15,529.86,192
2026-08-03 13:32:00+00:00,186.15,187.37,184.98,186.63,676.66,182
2026-08-03 13:33:00+00:00,186.42,187.81,185.66,187.81,253.06,90
2026-08-03 13:34:00+00:00,187.76,188.68,187.26,187.58,329.15,115
2026-08-03 13:35:00+00:00,187.04,189.11,187.04,188.91,209.96,58
2026-08-03 13:36:00+00:00,188.92,192.35,188.9,192.24,339.67,133
2026-08-03 13:37:00+00:00,192.14,194.16,192.14,192.66,675.22,141
2026-08-03 13:38:00+00:00,192.55,192.65,190.89,192.13,1878.33,140
2026-08-03 13:39:00+00:00,192.31,192.31,190.58,191.28,702.19,94
2026-08-03 13:40:00+00:00,190.87,191.34,190.04,190.41,1104.18,88
2026-08-03 13:41:00+00:00,190.48,190.75,190.18,190.47,302.53,38
2026-08-03 13:42:00+00:00,190.86,191.06,189.51,190.41,962.95,76
2026-08-03 13:43:00+00:00,189.82,190.6,189.78,190.6,252.11,24
2026-08-03 13:44:00+00:00,190.45,192.96,190.41,192.96,231.2,49
2026-08-03 13:45:00+00:00,192.96,194.96,192.9,194.7,324.14,58
2026-08-03 13:46:00+00:00,194.48,194.98,194.06,194.17,516.24,48
2026-08-03 13:47:00+00:00,194.18,194.57,193.66,193.74,378.94,30
2026-08-03 13:48:00+00:00,193.74,196.91,193.74,195.84,361.72,43
2026-08-03 13:49:00+00:00,196.18,196.99,196.04,196.49,478.61,40
2026-08-03 13:50:00+00:00,196.49,197.01,195.7,196.85,341.37,39
2026-08-03 13:51:00+00:00,196.43,196.99,196.43,196.84,980.11,35
2026-08-03 13:52:00+00:00,196.65,196.65,194.29,194.35,561.94,77
2026-08-03 13:53:00+00:00,194.39,195.32,194.36,195.32,225.2,40
2026-08-03 13:54:00+00:00,194.95,196.04,194.86,196.04,116.25,24
2026-08-03 13:55:00+00:00,195.9,198.36,195.9,198.24,335.83,115
2026-08-03 13:56:00+00:00,198.52,199.61,198.38,199.34,1408.5,132
2026-08-03 13:57:00+00:00,199.52,200.44,199.25,199.66,182.29,48
2026-08-03 13:58:00+00:00,199.68,200.6,199.54,200.6,272.02,26
2026-08-03 13:59:00+00:00,200.37,202.84,200.29,202.84,394.22,57
2026-08-03 14:00:00+00:00,202.71,203.51,202.29,203.08,263.44,62
2026-08-03 14:01:00+00:00,203.05,203.05,201.8,202.29,519.05,92
2026-08-03 14:02:00+00:00,202.16,202.17,200.68,201.08,301.29,43
2026-08-03 14:03:00+00:00,201.06,202.35,200.76,200.76,826.39,60
2026-08-03 14:04:00+00:00,200.69,200.77,199.48,200.27,680.42,77
2026-08-03 14:05:00+00:00,200.14,202.51,200.14,202.32,190.65,44
2026-08-03 14:06:00+00:00,202.28,203.4,201.4,203.4,422.25,58
2026-08-03 14:07:00+00:00,203.45,205.65,203.45,205.33,299.21,61
2026-08-03 14:08:00+00:00,204.45,206.19,203.79,205.99,532.03,73
2026-08-03 14:09:00+00:00,205.57,205.65,204.2,204.89,164.84,37
2026-08-03 14:10:00+00:00,204.83,205.45,204.82,205.45,146.48,45
2026-08-03 14:11:00+00:00,205.29,205.99,205.26,205.96,563.45,50
2026-08-03 14:12:00+00:00,206.0,206.23,205.28,205.29,863.5,36
2026-08-03 14:13:00+00:00,205.08,205.86,205.08,205.86,45.68,11
2026-08-03 14:14:00+00:00,205.06,205.79,203.76,203.76,396.06,49
2026-08-03 14:15:00+00:00,203.76,204.14,202.54,203.56,858.67,75
2026-08-03 14:16:00+00:00,203.68,205.72,203.57,205.48,147.02,61
2026-08-03 14:17:00+00:00,205.32,205.35,204.64,204.71,82.94,50
2026-08-03 14:18:00+00:00,204.71,205.19,204.49,204.56,108.59,30
2026-08-03 14:19:00+00:00,204.45,205.02,203.97,204.07,57.47,24
2026-08-03 14:20:00+00:00,203.83,204.32,203.44,203.97,383.32,47
2026-08-03 14:21:00+00:00,204.06,204.4,203.95,204.17,153.88,29
2026-08-03 14:22:00+00:00,204.54,205.0,203.99,203.99,254.67,52
2026-08-03 14:23:00+00:00,203.79,204.63,203.79,204.63,10.3,5
2026-08-03 14:24:00+00:00,204.55,206.23,204.55,206.23,392.53,55
2026-08-03 14:25:00+00:00,206.57,206.57,206.25,206.41,202.59,30
2026-08-03 14:26:00+00:00,206.48,206.48,205.7,206.11,191.12,29
2026-08-03 14:27:00+00:00,206.35,207.28,206.23,206.91,338.45,57
2026-08-03 14:28:00+00:00,206.86,206.95,206.28,206.6,195.53,21
2026-08-03 14:29:00+00:00,206.47,207.3,206.23,206.9,348.8,57
2026-08-03 14:30:00+00:00,206.76,207.32,206.65,207.18,278.84,29
2026-08-03 14:31:00+00:00,207.22,209.08,207.22,209.07,1140.72,102
2026-08-03 14:32:00+00:00,209.06,209.56,206.84,206.87,966.93,96
2026-08-03 14:33:00+00:00,207.18,207.62,206.97,207.13,201.95,45
2026-08-03 14:34:00+00:00,207.06,207.16,206.64,206.91,367.94,43
2026-08-03 14:35:00+00:00,206.8,207.23,206.45,207.23,237.05,21
2026-08-03 14:36:00+00:00,206.95,207.88,206.67,207.56,322.25,39
2026-08-03 14:37:00+00:00,207.56,208.35,207.56,208.2,192.21,24
2026-08-03 14:38:00+00:00,207.44,207.82,206.99,206.99,131.97,44
2026-08-03 14:39:00+00:00,207.7,208.17,207.46,207.8,216.33,47
2026-08-03 14:40:00+00:00,207.74,208.15,207.74,208.15,62.43,5
2026-08-03 14:41:00+00:00,208.88,208.97,208.07,208.09,147.26,34
2026-08-03 14:42:00+00:00,208.02,208.2,207.66,208.16,204.42,39
2026-08-03 14:43:00+00:00,207.7,207.76,206.9,207.1,155.6,26
2026-08-03 14:44:00+00:00,207.57,207.57,207.35,207.35,99.07,2
2026-08-03 14:45:00+00:00,207.36,207.41,206.93,207.29,174.12,34
2026-08-03 14:46:00+00:00,207.25,208.53,206.84,208.53,470.4,65
2026-08-03 14:47:00+00:00,208.41,209.33,208.04,208.66,791.86,80
2026-08-03 14:48:00+00:00,208.68,208.94,208.08,208.2,75.51,18
2026-08-03 14:49:00+00:00,208.49,208.94,208.39,208.56,105.62,15
2026-08-03 14:50:00+00:00,208.57,208.71,208.4,208.49,152.97,32
2026-08-03 14:51:00+00:00,208.88,209.24,208.61,208.97,323.84,29
2026-08-03 14:52:00+00:00,208.73,209.34,208.16,208.98,51.02,17
2026-08-03 14:53:00+00:00,208.68,208.83,208.54,208.8,190.24,27
2026-08-03 14:54:00+00:00,208.76,208.76,208.37,208.37,201.55,18
2026-08-03 14:55:00+00:00,208.32,209.24,208.32,209.09,17.6,6
2026-08-03 14:56:00+00:00,208.74,208.84,208.13,208.13,116.23,32
2026-08-03 14:57:00+00:00,208.18,208.36,207.82,207.86,365.36,31
2026-08-03 14:58:00+00:00,207.98,208.12,207.69,207.78,22.95,15
2026-08-03 14:59:00+00:00,208.33,208.83,208.33,208.67,67.53,13
2026-08-03 15:00:00+00:00,208.57,208.57,208.47,208.47,25.1,7
2026-08-03 15:01:00+00:00,208.25,208.66,208.18,208.66,183.55,22
2026-08-03 15:02:00+00:00,208.2,208.24,207.78,208.03,68.06,20
2026-08-03 15:03:00+00:00,207.92,207.92,207.5,207.68,51.43,16
2026-08-03 15:04:00+00:00,207.52,207.52,207.5,207.51,1.89,3
2026-08-03 15:05:00+00:00,207.89,208.15,207.37,207.37,201.54,43
2026-08-03 15:06:00+00:00,207.25,207.25,206.88,207.23,88.67,36
2026-08-03 15:07:00+00:00,207.35,207.73,207.35,207.73,15.64,5
2026-08-03 15:08:00+00:00,207.22,207.22,206.63,206.84,4.12,5
2026-08-03 15:09:00+00:00,206.79,206.79,206.18,206.19,282.03,16
2026-08-03 15:10:00+00:00,206.24,206.48,206.07,206.2,171.45,27
2026-08-03 15:11:00+00:00,206.21,206.43,206.16,206.32,16.16,13
2026-08-03 15:12:00+00:00,206.27,206.27,205.96,206.16,48.22,16
2026-08-03 15:13:00+00:00,206.53,206.99,206.52,206.99,59.42,13
2026-08-03 15:14:00+00:00,206.84,206.92,206.49,206.49,73.1,11
2026-08-03 15:15:00+00:00,206.49,207.0,206.49,207.0,48.18,8
2026-08-03 15:16:00+00:00,207.56,208.17,207.56,208.16,66.56,12
2026-08-03 15:17:00+00:00,207.79,207.83,207.69,207.83,13.62,9
2026-08-03 15:18:00+00:00,207.72,207.72,207.54,207.7,17.04,4
2026-08-03 15:19:00+00:00,207.69,207.79,207.63,207.79,4.88,3
2026-08-03 15:20:00+00:00,207.68,207.68,207.36,207.56,150.82,10
2026-08-03 15:21:00+00:00,208.43,208.43,207.47,207.6,78.2,6
2026-08-03 15:22:00+00:00,207.36,207.41,207.12,207.4,91.01,18
2026-08-03 15:23:00+00:00,206.95,206.95,206.87,206.9,24.1,3
2026-08-03 15:24:00+00:00,207.02,207.02,206.59,206.59,9.06,5
2026-08-03 15:25:00+00:00,206.68,207.41,206.5,207.41,108.12,34
2026-08-03 15:26:00+00:00,207.49,207.51,207.23,207.23,5.42,4
2026-08-03 15:27:00+00:00,207.07,207.12,207.07,207.09,2.26,3
2026-08-03 15:28:00+00:00,207.19,207.19,206.27,206.33,48.64,15
2026-08-03 15:29:00+00:00,206.51,206.6,206.46,206.53,161.41,13
2026-08-03 15:30:00+00:00,206.32,207.66,206.2,207.53,259.1,22
2026-08-03 15:31:00+00:00,207.56,208.04,207.56,208.04,129.45,18
2026-08-03 15:32:00+00:00,207.62,207.62,207.14,207.14,86.47,24
2026-08-03 15:33:00+00:00,207.21,207.4,207.17,207.23,81.7,9
2026-08-03 15:34:00+00:00,206.95,207.04,206.82,207.04,48.66,9
2026-08-03 15:35:00+00:00,206.9,207.05,206.9,207.05,1.87,3
2026-08-03 15:36:00+00:00,207.67,207.67,207.46,207.46,13.87,6
2026-08-03 15:37:00+00:00,207.99,208.01,207.99,208.01,0.32,2
2026-08-03 15:38:00+00:00,207.82,208.33,207.82,208.33,10.27,2
2026-08-03 15:39:00+00:00,208.43,208.44,208.15,208.22,39.8,10
2026-08-03 15:40:00+00:00,208.25,208.55,208.25,208.55,17.31,3
2026-08-03 15:41:00+00:00,208.56,208.56,208.17,208.33,21.15,7
2026-08-03 15:42:00+00:00,208.14,208.57,208.1,208.57,199.27,19
2026-08-03 15:43:00+00:00,208.29,208.54,208.29,208.33,5.22,4
2026-08-03 15:44:00+00:00,208.97,209.08,208.74,209.08,17.71,6
2026-08-03 15:45:00+00:00,208.93,209.03,208.87,208.87,77.66,9
2026-08-03 15:46:00+00:00,209.59,210.0,209.59,210.0,21.58,8
2026-08-03 15:47:00+00:00,210.0,210.0,209.68,209.68,86.3,7
2026-08-03 15:48:00+00:00,209.58,209.89,209.5,209.89,102.35,10
2026-08-03 15:49:00+00:00,209.93,211.03,209.92,211.03,235.09,34
2026-08-03 15:50:00+00:00,211.12,211.86,211.11,211.86,35.27,16
2026-08-03 15:51:00+00:00,212.22,212.4,210.96,210.96,459.5,55
2026-08-03 15:52:00+00:00,211.15,213.14,211.15,213.13,68.31,27
2026-08-03 15:53:00+00:00,213.13,214.07,212.81,213.81,286.32,53
2026-08-03 15:54:00+00:00,214.14,214.64,213.86,214.62,351.72,65
2026-08-03 15:55:00+00:00,214.34,214.54,214.21,214.38,65.17,17
2026-08-03 15:56:00+00:00,214.2,214.39,212.95,213.27,340.26,63
2026-08-03 15:57:00+00:00,213.19,213.78,213.17,213.52,123.21,41
2026-08-03 15:58:00+00:00,213.79,213.83,213.47,213.71,11.24,14
2026-08-03 15:59:00+00:00,213.74,214.53,213.48,214.4,134.4,45
2026-08-03 16:00:00+00:00,214.35,214.72,214.21,214.65,115.9,25
2026-08-03 16:01:00+00:00,214.42,214.55,213.8,213.8,14.69,10
2026-08-03 16:02:00+00:00,213.86,214.34,213.8,214.07,80.17,18
2026-08-03 16:03:00+00:00,214.11,215.21,214.11,214.44,507.1,77
2026-08-03 16:04:00+00:00,214.43,214.72,214.38,214.47,88.36,34
2026-08-03 16:05:00+00:00,214.78,216.19,214.78,215.59,1630.01,86
2026-08-03 16:06:00+00:00,215.73,215.75,214.7,214.7,221.64,31
2026-08-03 16:07:00+00:00,214.56,214.72,214.14,214.3,46.21,25
2026-08-03 16:08:00+00:00,214.41,214.41,213.44,213.47,5.21,8
2026-08-03 16:09:00+00:00,213.4,213.52,213.28,213.31,10.77,13
2026-08-03 16:10:00+00:00,213.23,213.3,212.76,212.78,15.28,8
2026-08-03 16:11:00+00:00,212.77,212.88,212.22,212.66,87.28,16
2026-08-03 16:12:00+00:00,212.52,212.7,212.4,212.43,84.56,24
2026-08-03 16:13:00+00:00,212.36,212.76,212.28,212.48,178.56,37
2026-08-03 16:14:00+00:00,212.35,212.66,212.28,212.62,47.5,22
2026-08-03 16:15:00+00:00,212.55,212.63,212.44,212.54,31.06,18
2026-08-03 16:16:00+00:00,212.73,213.34,212.73,213.19,242.99,24
2026-08-03 16:17:00+00:00,213.16,213.4,213.15,213.31,137.0,25
2026-08-03 16:18:00+00:00,213.4,213.87,213.39,213.87,173.47,23
2026-08-03 16:19:00+00:00,213.89,214.19,213.8,214.19,57.96,15
2026-08-03 16:20:00+00:00,214.24,214.27,214.0,214.23,54.04,11
2026-08-03 16:21:00+00:00,214.47,214.58,214.0,214.06,26.89,11
2026-08-03 16:22:00+00:00,214.16,214.16,213.91,214.07,4.02,5
2026-08-03 16:23:00+00:00,214.18,214.19,213.56,213.56,77.12,13
2026-08-03 16:24:00+00:00,213.54,213.6,213.4,213.47,253.84,28
2026-08-03 16:25:00+00:00,213.7,213.78,213.58,213.71,8.38,14
2026-08-03 16:26:00+00:00,213.7,213.7,213.16,213.52,89.86,35
2026-08-03 16:27:00+00:00,213.49,213.74,213.44,213.74,41.95,24
2026-08-03 16:28:00+00:00,213.6,213.9,213.46,213.9,37.66,21
2026-08-03 16:29:00+00:00,214.49,214.53,213.61,213.84,119.93,24
2026-08-03 16:30:00+00:00,213.77,213.77,213.2,213.52,444.17,80
2026-08-03 16:31:00+00:00,213.45,213.54,213.33,213.45,56.41,15
2026-08-03 16:32:00+00:00,213.41,213.5,213.14,213.5,81.92,9
2026-08-03 16:33:00+00:00,213.56,213.63,213.27,213.5,94.16,28
2026-08-03 16:34:00+00:00,213.72,213.79,213.6,213.64,43.08,14
2026-08-03 16:35:00+00:00,213.54,213.54,213.29,213.46,22.6,8
2026-08-03 16:36:00+00:00,213.76,213.76,213.33,213.36,10.8,10
2026-08-03 16:37:00+00:00,213.46,213.46,213.4,213.4,32.92,5
2026-08-03 16:38:00+00:00,213.17,213.18,212.25,212.26,153.08,43
2026-08-03 16:39:00+00:00,212.39,212.39,212.34,212.34,9.57,3
2026-08-03 16:40:00+00:00,212.44,212.74,212.24,212.74,34.14,8
2026-08-03 16:41:00+00:00,213.01,213.3,213.0,213.3,78.98,16
2026-08-03 16:42:00+00:00,212.85,212.86,212.74,212.77,102.44,27
2026-08-03 16:43:00+00:00,212.76,213.93,212.6,213.93,267.98,41
2026-08-03 16:44:00+00:00,213.96,213.96,213.96,213.96,2.8,1
2026-08-03 16:45:00+00:00,214.04,214.04,214.04,214.04,3.36,1
2026-08-03 16:46:00+00:00,214.38,214.53,214.38,214.53,15.11,5
2026-08-03 16:47:00+00:00,214.17,214.17,214.17,214.17,1.03,1
2026-08-03 16:48:00+00:00,214.16,214.49,214.16,214.3,31.08,8
2026-08-03 16:49:00+00:00,214.44,214.51,214.44,214.51,2.92,2
2026-08-03 16:50:00+00:00,214.55,215.09,214.55,215.09,49.11,13
2026-08-03 16:51:00+00:00,214.92,214.95,214.92,214.92,2.27,4
2026-08-03 16:52:00+00:00,214.9,214.94,214.64,214.64,8.42,10
2026-08-03 16:53:00+00:00,214.99,215.6,214.93,215.04,142.63,36
2026-08-03 16:54:00+00:00,215.19,215.5,214.85,215.41,159.13,26
2026-08-03 16:55:00+00:00,215.6,215.75,215.54,215.68,14.15,8
2026-08-03 16:56:00+00:00,215.75,216.08,215.63,216.08,102.56,30
2026-08-03 16:57:00+00:00,215.84,216.22,215.74,216.2,11.96,11
2026-08-03 16:58:00+00:00,216.44,216.55,216.2,216.25,86.36,19
2026-08-03 16:59:00+00:00,216.05,216.17,215.77,215.77,302.61,59
2026-08-03 17:00:00+00:00,215.93,215.95,215.38,215.47,129.48,36
2026-08-03 17:01:00+00:00,215.49,216.14,215.49,215.98,49.91,26
2026-08-03 17:02:00+00:00,215.53,215.76,215.43,215.75,10.23,11
2026-08-03 17:03:00+00:00,215.72,215.73,215.14,215.27,75.75,23
2026-08-03 17:04:00+00:00,215.25,215.25,214.84,215.04,247.42,64
2026-08-03 17:05:00+00:00,215.18,215.29,215.04,215.04,2.79,4
2026-08-03 17:06:00+00:00,215.3,215.42,215.27,215.42,64.84,6
2026-08-03 17:07:00+00:00,215.69,216.9,215.69,216.55,153.77,60
2026-08-03 17:08:00+00:00,216.24,216.24,215.88,215.88,151.02,8
2026-08-03 17:09:00+00:00,216.15,216.15,215.62,215.73,152.29,20
2026-08-03 17:10:00+00:00,215.74,216.06,215.51,215.94,210.29,32
2026-08-03 17:11:00+00:00,216.08,216.69,215.94,216.59,69.84,13
2026-08-03 17:12:00+00:00,216.48,216.63,216.48,216.51,9.23,5
2026-08-03 17:13:00+00:00,215.73,216.05,215.46,216.03,123.9,20
2026-08-03 17:14:00+00:00,216.12,216.28,215.87,216.28,51.88,8
2026-08-03 17:15:00+00:00,216.32,216.51,216.16,216.27,137.76,28
2026-08-03 17:16:00+00:00,216.13,218.05,216.13,217.74,1176.28,82
2026-08-03 17:17:00+00:00,217.92,218.32,217.86,218.1,114.45,33
2026-08-03 17:18:00+00:00,218.04,219.02,218.02,218.81,187.77,40
2026-08-03 17:19:00+00:00,218.85,218.85,218.48,218.62,78.15,34
2026-08-03 17:20:00+00:00,218.79,218.79,217.21,217.26,534.09,73
2026-08-03 17:21:00+00:00,217.32,217.97,217.32,217.81,404.62,48
2026-08-03 17:22:00+00:00,217.74,217.74,217.51,217.63,18.65,12
2026-08-03 17:23:00+00:00,217.68,217.8,217.51,217.76,127.08,26
2026-08-03 17:24:00+00:00,217.12,217.12,216.98,217.05,203.32,19
2026-08-03 17:25:00+00:00,216.98,217.14,216.89,216.95,526.03,70
2026-08-03 17:26:00+00:00,216.99,218.36,216.99,218.36,143.58,43
2026-08-03 17:27:00+00:00,218.29,218.52,218.17,218.2,43.06,37
2026-08-03 17:28:00+00:00,218.18,218.33,217.77,217.8,60.96,29
2026-08-03 17:29:00+00:00,217.83,217.95,217.57,217.57,40.74,20
2026-08-03 17:30:00+00:00,217.92,217.92,217.84,217.84,38.57,6
2026-08-03 17:31:00+00:00,217.85,217.85,216.71,216.71,107.55,28
2026-08-03 17:32:00+00:00,216.97,217.2,216.97,217.2,2.1,5
2026-08-03 17:33:00+00:00,217.21,218.07,217.09,217.91,37.96,13
2026-08-03 17:34:00+00:00,218.09,218.13,217.65,217.65,12.3,10
2026-08-03 17:35:00+00:00,217.72,217.72,217.41,217.45,176.49,9
2026-08-03 17:36:00+00:00,217.62,217.69,217.26,217.26,118.86,23
2026-08-03 17:37:00+00:00,217.24,217.32,217.22,217.27,4.98,12
2026-08-03 17:38:00+00:00,217.36,217.36,217.36,217.36,0.06,1
2026-08-03 17:39:00+00:00,217.18,217.26,217.18,217.21,8.85,7
2026-08-03 17:40:00+00:00,217.19,217.33,217.18,217.33,93.67,32
2026-08-03 17:41:00+00:00,217.56,217.88,217.51,217.56,111.76,12
2026-08-03 17:42:00+00:00,217.56,217.61,217.56,217.61,47.12,8
2026-08-03 17:43:00+00:00,217.8,218.03,217.58,217.59,324.29,32
2026-08-03 17:44:00+00:00,217.58,217.85,217.56,217.56,38.81,25
2026-08-03 17:45:00+00:00,217.58,218.41,217.58,218.3,78.23,22
2026-08-03 17:46:00+00:00,218.22,218.58,218.17,218.31,61.83,27
2026-08-03 17:47:00+00:00,218.42,218.95,218.42,218.67,243.08,49
2026-08-03 17:48:00+00:00,218.72,219.2,218.67,219.2,169.18,28
2026-08-03 17:49:00+00:00,219.24,219.36,219.1,219.36,56.34,19
2026-08-03 17:50:00+00:00,219.43,219.43,219.29,219.29,23.68,10
2026-08-03 17:51:00+00:00,219.42,219.42,219.34,219.42,22.51,9
2026-08-03 17:52:00+00:00,219.41,219.5,219.32,219.39,51.83,14
2026-08-03 17:53:00+00:00,219.37,219.4,218.92,219.12,70.43,22
2026-08-03 17:54:00+00:00,218.91,218.91,218.76,218.79,99.96,20
2026-08-03 17:55:00+00:00,218.85,219.14,218.85,219.14,52.07,17
2026-08-03 17:56:00+00:00,219.12,219.42,219.04,219.04,46.7,15
2026-08-03 17:57:00+00:00,219.01,219.39,219.0,219.39,5.85,12
2026-08-03 17:58:00+00:00,219.38,219.65,219.38,219.51,33.4,18
2026-08-03 17:59:00+00:00,219.44,219.44,218.0,218.24,51.0,22
2026-08-03 18:00:00+00:00,218.12,218.25,218.01,218.01,136.51,27
2026-08-03 18:01:00+00:00,218.0,218.0,217.68,217.87,92.56,14
2026-08-03 18:02:00+00:00,217.66,217.72,217.59,217.63,57.07,9
2026-08-03 18:03:00+00:00,217.9,217.9,217.67,217.67,47.44,4
2026-08-03 18:04:00+00:00,217.97,218.15,217.97,218.07,509.46,17
2026-08-03 18:05:00+00:00,218.18,218.55,218.18,218.52,64.93,22
2026-08-03 18:06:00+00:00,218.6,218.6,218.55,218.59,27.87,9
2026-08-03 18:07:00+00:00,218.57,218.57,218.51,218.57,1.12,4
2026-08-03 18:08:00+00:00,218.37,218.63,218.3,218.6,56.77,15
2026-08-03 18:09:00+00:00,218.69,218.83,218.6,218.6,19.09,4
2026-08-03 18:10:00+00:00,218.69,218.89,218.69,218.89,16.05,7
2026-08-03 18:11:00+00:00,218.74,218.75,218.37,218.37,270.87,43
2026-08-03 18:12:00+00:00,218.36,219.1,218.36,218.94,32.25,17
2026-08-03 18:13:00+00:00,219.25,219.25,218.65,218.73,77.45,16
2026-08-03 18:14:00+00:00,218.73,218.79,218.57,218.79,2.04,7
2026-08-03 18:15:00+00:00,218.98,219.17,218.98,219.16,0.52,3
2026-08-03 18:16:00+00:00,219.16,219.16,219.07,219.09,3.02,4
2026-08-03 18:17:00+00:00,219.44,219.44,218.93,219.01,10.97,6
2026-08-03 18:18:00+00:00,218.98,218.99,218.67,218.67,37.44,11
2026-08-03 18:19:00+00:00,218.46,218.46,218.11,218.25,47.21,15
2026-08-03 18:20:00+00:00,218.3,218.4,218.0,218.06,77.84,43
2026-08-03 18:21:00+00:00,218.14,218.18,217.99,218.18,15.46,8
2026-08-03 18:22:00+00:00,218.21,218.33,218.04,218.14,28.51,19
2026-08-03 18:23:00+00:00,218.24,218.26,218.01,218.08,75.64,7
2026-08-03 18:24:00+00:00,218.0,218.0,217.74,217.8,80.17,14
2026-08-03 18:25:00+00:00,217.77,217.8,217.25,217.29,739.23,78
2026-08-03 18:26:00+00:00,217.38,217.4,217.03,217.03,80.49,20
2026-08-03 18:27:00+00:00,217.0,217.0,216.31,216.53,151.26,48
2026-08-03 18:28:00+00:00,216.58,217.02,216.58,216.78,33.46,11
2026-08-03 18:29:00+00:00,216.72,216.78,216.58,216.66,219.19,23
2026-08-03 18:30:00+00:00,216.65,216.65,216.61,216.61,5.79,4
2026-08-03 18:31:00+00:00,216.93,217.05,216.93,217.05,4.16,2
2026-08-03 18:32:00+00:00,217.35,217.35,216.93,217.12,59.67,13
2026-08-03 18:33:00+00:00,217.54,217.54,216.8,216.8,257.76,24
2026-08-03 18:34:00+00:00,216.8,216.8,216.8,216.8,0.0,0
2026-08-03 18:35:00+00:00,217.12,217.12,217.12,217.12,2.76,1
2026-08-03 18:36:00+00:00,216.84,216.84,216.63,216.63,26.67,6
2026-08-03 18:37:00+00:00,216.63,217.0,216.56,216.95,286.14,43
2026-08-03 18:38:00+00:00,216.81,217.09,216.78,217.09,71.65,15
2026-08-03 18:39:00+00:00,217.09,217.09,216.86,216.87,8.78,8
2026-08-03 18:40:00+00:00,216.73,216.96,216.73,216.96,26.27,8
2026-08-03 18:41:00+00:00,216.95,217.27,216.95,217.27,66.0,14
2026-08-03 18:42:00+00:00,217.19,217.19,216.96,216.96,9.24,8
2026-08-03 18:43:00+00:00,217.11,217.45,217.11,217.45,188.59,23
2026-08-03 18:44:00+00:00,217.54,217.78,217.47,217.63,135.12,24
2026-08-03 18:45:00+00:00,217.72,217.77,217.19,217.43,99.28,36
2026-08-03 18:46:00+00:00,217.44,217.53,216.4,216.84,247.04,62
2026-08-03 18:47:00+00:00,216.69,216.77,216.69,216.77,44.0,7
2026-08-03 18:48:00+00:00,216.82,217.16,216.82,217.16,114.36,14
2026-08-03 18:49:00+00:00,217.11,217.19,217.11,217.16,5.07,10
2026-08-03 18:50:00+00:00,217.16,217.19,217.09,217.09,4.25,7
2026-08-03 18:51:00+00:00,216.99,217.03,216.95,217.03,3.38,3
2026-08-03 18:52:00+00:00,217.13,217.17,217.13,217.17,1.04,2
2026-08-03 18:53:00+00:00,217.03,217.03,217.02,217.02,3.65,3
2026-08-03 18:54:00+00:00,216.97,216.97,216.65,216.85,5.53,6
2026-08-03 18:55:00+00:00,216.7,216.7,216.7,216.7,0.92,1
2026-08-03 18:56:00+00:00,216.73,216.78,216.62,216.62,27.44,7
2026-08-03 18:57:00+00:00,216.62,216.92,216.62,216.86,9.43,14
2026-08-03 18:58:00+00:00,216.92,216.99,216.71,216.99,2.4,4
2026-08-03 18:59:00+00:00,217.17,217.26,217.14,217.14,3.48,6
2026-08-03 19:00:00+00:00,217.07,217.8,217.07,217.68,189.15,21
2026-08-03 19:01:00+00:00,217.81,218.43,217.77,217.99,215.85,19
2026-08-03 19:02:00+00:00,218.07,218.23,217.99,218.22,85.94,20
2026-08-03 19:03:00+00:00,218.22,218.33,218.22,218.33,8.24,5
2026-08-03 19:04:00+00:00,218.19,218.76,218.19,218.75,8.59,6
2026-08-03 19:05:00+00:00,218.61,218.61,217.84,217.84,103.82,11
2026-08-03 19:06:00+00:00,217.85,218.31,217.85,218.31,14.95,9
2026-08-03 19:07:00+00:00,218.31,218.31,218.09,218.09,68.17,16
2026-08-03 19:08:00+00:00,218.05,218.31,217.79,218.31,35.02,19
2026-08-03 19:09:00+00:00,218.3,218.32,218.3,218.32,2.87,2
2026-08-03 19:10:00+00:00,218.48,218.5,218.47,218.5,2.19,3
2026-08-03 19:11:00+00:00,218.43,218.58,218.43,218.58,0.43,2
2026-08-03 19:12:00+00:00,218.7,218.7,218.7,218.7,0.91,1
2026-08-03 19:13:00+00:00,218.6,218.6,218.6,218.6,2.74,3
2026-08-03 19:14:00+00:00,218.78,218.78,218.78,218.78,0.91,1
2026-08-03 19:15:00+00:00,218.67,218.94,218.64,218.94,8.13,9
2026-08-03 19:16:00+00:00,219.35,219.93,219.07,219.25,104.41,31
2026-08-03 19:17:00+00:00,219.2,219.7,219.2,219.7,10.91,3
2026-08-03 19:18:00+00:00,219.64,219.64,219.25,219.25,16.03,7
2026-08-03 19:19:00+00:00,219.52,219.52,219.34,219.52,55.56,11
2026-08-03 19:20:00+00:00,219.56,219.56,219.32,219.44,535.01,50
2026-08-03 19:21:00+00:00,219.18,220.0,219.18,219.99,45.82,11
2026-08-03 19:22:00+00:00,219.92,219.92,219.74,219.78,108.32,10
2026-08-03 19:23:00+00:00,220.05,220.06,219.48,219.48,10.99,4
2026-08-03 19:24:00+00:00,219.45,219.45,219.45,219.45,9.12,1
2026-08-03 19:25:00+00:00,219.43,219.43,219.43,219.43,2.72,1
2026-08-03 19:26:00+00:00,219.24,219.24,219.24,219.24,4.6,1
2026-08-03 19:27:00+00:00,219.45,219.45,219.45,219.45,0.11,1
2026-08-03 19:28:00+00:00,219.49,219.49,218.2,218.21,55.82,15
2026-08-03 19:29:00+00:00,218.33,218.33,217.66,217.66,17.25,6
2026-08-03 19:30:00+00:00,217.84,217.84,217.84,217.84,0.23,1
2026-08-03 19:31:00+00:00,217.47,217.79,217.26,217.28,14.99,7
2026-08-03 19:32:00+00:00,217.4,217.4,216.85,217.04,37.09,12
2026-08-03 19:33:00+00:00,217.1,217.37,216.98,217.31,225.66,19
2026-08-03 19:34:00+00:00,217.75,217.94,217.75,217.94,56.07,6
2026-08-03 19:35:00+00:00,217.93,218.16,217.92,218.06,9.68,7
2026-08-03 19:36:00+00:00,218.15,218.91,218.15,218.35,115.41,15
2026-08-03 19:37:00+00:00,218.2,218.56,218.2,218.37,131.32,16
2026-08-03 19:38:00+00:00,218.93,219.32,218.72,219.32,65.11,23
2026-08-03 19:39:00+00:00,219.17,219.46,219.17,219.46,15.73,4
2026-08-03 19:40:00+00:00,219.39,220.58,219.39,220.58,660.34,58
2026-08-03 19:41:00+00:00,220.52,221.26,220.12,220.51,493.15,54
2026-08-03 19:42:00+00:00,220.4,221.45,220.4,221.1,220.54,45
2026-08-03 19:43:00+00:00,221.22,221.71,221.22,221.68,27.1,14
2026-08-03 19:44:00+00:00,221.72,222.18,221.42,221.42,62.94,19
2026-08-03 19:45:00+00:00,221.21,221.57,221.01,221.57,310.02,47
2026-08-03 19:46:00+00:00,221.78,221.92,221.4,221.4,18.96,8
2026-08-03 19:47:00+00:00,221.64,221.76,221.06,221.06,71.02,30
2026-08-03 19:48:00+00:00,221.1,221.74,221.1,221.73,35.24,22
2026-08-03 19:49:00+00:00,221.69,221.76,221.02,221.02,75.63,38
2026-08-03 19:50:00+00:00,221.28,221.39,220.98,221.27,13.7,15
2026-08-03 19:51:00+00:00,221.51,221.69,221.32,221.69,14.48,12
2026-08-03 19:52:00+00:00,221.7,221.85,221.48,221.61,252.53,33
2026-08-03 19:53:00+00:00,221.55,221.85,221.4,221.43,90.9,26
2026-08-03 19:54:00+00:00,221.5,221.7,220.68,220.68,163.37,46
2026-08-03 19:55:00+00:00,220.52,220.52,219.33,219.53,91.6,50
2026-08-03 19:56:00+00:00,219.64,220.63,219.61,220.14,67.54,25
2026-08-03 19:57:00+00:00,220.18,220.62,220.02,220.1,97.24,32
2026-08-03 19:58:00+00:00,220.0,220.01,219.77,219.91,11.55,7
2026-08-03 19:59:00+00:00,219.95,219.95,219.53,219.63,10.46,6
2026-08-03 20:00:00+00:00,219.88,220.06,219.5,220.06,372.83,64
2026-08-03 20:01:00+00:00,220.18,220.29,219.34,219.34,183.68,59
2026-08-03 20:02:00+00:00,219.19,219.25,219.19,219.25,1.94,2
2026-08-03 20:03:00+00:00,219.34,219.44,219.26,219.26,7.01,6
2026-08-03 20:04:00+00:00,219.34,219.52,219.33,219.4,193.54,18
2026-08-03 20:05:00+00:00,219.46,219.46,219.1,219.17,129.14,39
2026-08-03 20:06:00+00:00,219.3,219.33,219.3,219.33,4.65,4
2026-08-03 20:07:00+00:00,219.32,219.49,219.32,219.48,16.69,11
2026-08-03 20:08:00+00:00,219.53,219.53,219.37,219.41,7.87,8
2026-08-03 20:09:00+00:00,219.4,219.4,219.35,219.35,3.68,3
2026-08-03 20:10:00+00:00,219.39,219.54,219.39,219.54,1.91,2
2026-08-03 20:11:00+00:00,219.55,219.55,219.53,219.55,4.11,8
2026-08-03 20:12:00+00:00,219.55,219.55,219.41,219.41,18.04,8
2026-08-03 20:13:00+00:00,219.33,219.49,219.33,219.49,0.19,3
2026-08-03 20:14:00+00:00,219.4,219.4,219.4,219.4,0.06,1
2026-08-03 20:15:00+00:00,219.61,219.69,219.61,219.69,2.94,4
2026-08-03 20:16:00+00:00,219.67,219.86,219.67,219.79,3.15,3
2026-08-03 20:17:00+00:00,219.78,219.81,219.73,219.81,9.42,6
2026-08-03 20:18:00+00:00,219.81,219.85,219.81,219.85,0.34,2
2026-08-03 20:19:00+00:00,220.03,220.03,219.91,220.0,120.37,32
2026-08-03 20:20:00+00:00,220.0,220.21,220.0,220.21,64.04,10
2026-08-03 20:21:00+00:00,220.4,220.51,220.4,220.46,25.12,11
2026-08-03 20:22:00+00:00,220.25,220.51,220.17,220.5,35.49,12
2026-08-03 20:23:00+00:00,220.51,220.54,220.48,220.54,19.93,11
2026-08-03 20:24:00+00:00,220.5,220.6,220.48,220.48,38.46,20
2026-08-03 20:25:00+00:00,220.53,220.53,220.48,220.48,8.9,11
2026-08-03 20:26:00+00:00,220.48,220.49,220.48,220.49,14.43,23
2026-08-03 20:27:00+00:00,220.49,220.49,220.19,220.42,89.69,19
2026-08-03 20:28:00+00:00,220.31,220.4,220.31,220.4,30.41,19
2026-08-03 20:29:00+00:00,220.4,220.4,220.33,220.33,1.13,3
2026-08-03 20:30:00+00:00,220.17,220.4,220.17,220.27,10.62,13
2026-08-03 20:31:00+00:00,220.27,220.37,220.27,220.37,7.48,6
2026-08-03 20:32:00+00:00,220.3,220.34,220.22,220.22,3.92,6
2026-08-03 20:33:00+00:00,220.22,220.22,220.22,220.22,0.0,0
2026-08-03 20:34:00+00:00,220.1,220.1,219.87,220.01,40.61,18
2026-08-03 20:35:00+00:00,220.19,220.19,219.55,219.56,4.07,8
2026-08-03 20:36:00+00:00,219.6,219.84,219.6,219.84,15.99,11
2026-08-03 20:37:00+00:00,219.59,220.28,219.59,220.28,47.61,12
2026-08-03 20:38:00+00:00,220.23,220.23,220.22,220.22,13.67,7
2026-08-03 20:39:00+00:00,220.23,220.23,219.96,219.96,23.15,12
2026-08-03 20:40:00+00:00,220.01,220.01,219.87,219.87,21.32,15
2026-08-03 20:41:00+00:00,219.91,219.93,219.91,219.93,1.5,2
2026-08-03 20:42:00+00:00,219.81,219.88,219.74,219.88,63.07,13
2026-08-03 20:43:00+00:00,219.71,219.71,219.58,219.58,2.4,3
2026-08-03 20:44:00+00:00,219.75,219.75,219.72,219.72,17.25,5
2026-08-03 20:45:00+00:00,219.79,220.35,219.79,220.35,182.76,8
2026-08-03 20:46:00+00:00,220.27,220.3,220.27,220.3,22.89,3
2026-08-03 20:47:00+00:00,220.23,220.29,220.12,220.12,41.98,21
2026-08-03 20:48:00+00:00,220.13,220.17,220.13,220.13,3.29,11
2026-08-03 20:49:00+00:00,220.07,220.07,219.92,219.92,1.52,3
2026-08-03 20:50:00+00:00,219.87,219.88,219.87,219.87,2.58,5
2026-08-03 20:51:00+00:00,219.34,219.44,219.22,219.22,46.34,10
2026-08-03 20:52:00+00:00,219.32,219.92,219.32,219.92,240.45,34
2026-08-03 20:53:00+00:00,219.85,219.85,219.77,219.77,154.96,14
2026-08-03 20:54:00+00:00,219.77,219.77,219.77,219.77,0.0,0
2026-08-03 20:55:00+00:00,219.75,219.83,219.75,219.83,1.72,2
2026-08-03 20:56:00+00:00,219.67,219.67,219.62,219.62,0.46,2
2026-08-03 20:57:00+00:00,219.63,219.63,219.56,219.57,5.07,4
2026-08-03 20:58:00+00:00,219.63,219.76,219.63,219.73,29.72,16
2026-08-03 20:59:00+00:00,219.73,219.73,219.73,219.73,0.0,0
2026-08-03 21:00:00+00:00,219.52,219.54,219.36,219.36,20.82,12
2026-08-03 21:01:00+00:00,219.49,219.6,219.41,219.48,27.13,17
2026-08-03 21:02:00+00:00,219.59,219.59,219.59,219.59,0.51,1
2026-08-03 21:03:00+00:00,219.59,219.59,219.59,219.59,0.0,0
2026-08-03 21:04:00+00:00,219.24,219.24,219.24,219.24,35.6,12
2026-08-03 21:05:00+00:00,219.17,219.25,219.17,219.25,6.15,2
2026-08-03 21:06:00+00:00,219.39,219.39,219.39,219.39,0.06,1
2026-08-03 21:07:00+00:00,219.39,219.39,219.39,219.39,0.0,0
2026-08-03 21:08:00+00:00,219.39,219.39,219.39,219.39,0.0,0
2026-08-03 21:09:00+00:00,219.35,219.51,219.35,219.51,1.33,2
2026-08-03 21:10:00+00:00,219.43,219.43,219.26,219.26,2.74,4
2026-08-03 21:11:00+00:00,219.29,219.44,219.29,219.44,2.76,2
2026-08-03 21:12:00+00:00,219.51,219.51,219.5,219.5,10.0,4
2026-08-03 21:13:00+00:00,219.46,219.46,219.46,219.46,1.68,2
2026-08-03 21:14:00+00:00,219.52,219.52,219.52,219.52,0.48,2
2026-08-03 21:15:00+00:00,219.51,219.55,219.51,219.55,4.47,8
2026-08-03 21:16:00+00:00,219.41,219.41,219.41,219.41,0.15,1
2026-08-03 21:17:00+00:00,219.4,219.41,219.4,219.41,1.93,3
2026-08-03 21:18:00+00:00,219.4,219.4,219.4,219.4,0.07,1
2026-08-03 21:19:00+00:00,219.52,219.52,219.49,219.5,1.56,3
2026-08-03 21:20:00+00:00,219.43,219.45,219.43,219.45,1.2,2
2026-08-03 21:21:00+00:00,219.5,219.53,219.5,219.53,0.43,3
2026-08-03 21:22:00+00:00,219.57,219.6,219.57,219.6,1.08,2
2026-08-03 21:23:00+00:00,219.52,219.53,219.52,219.53,0.86,2
2026-08-03 21:24:00+00:00,219.5,219.5,219.5,219.5,2.73,3
2026-08-03 21:25:00+00:00,219.46,219.46,219.39,219.41,3.46,5
2026-08-03 21:26:00+00:00,219.48,219.55,219.48,219.5,4.13,7
2026-08-03 21:27:00+00:00,219.5,219.5,219.5,219.5,0.0,0
2026-08-03 21:28:00+00:00,219.54,219.69,219.54,219.59,9.65,12
2026-08-03 21:29:00+00:00,219.76,219.76,219.76,219.76,1.62,1
2026-08-03 21:30:00+00:00,219.55,219.69,219.37,219.37,3.03,3
2026-08-03 21:31:00+00:00,219.39,219.39,219.39,219.39,1.92,1
2026-08-03 21:32:00+00:00,219.38,219.5,219.38,219.5,0.74,2
2026-08-03 21:33:00+00:00,219.5,219.5,219.5,219.5,0.0,0
2026-08-03 21:34:00+00:00,219.53,219.53,219.53,219.53,0.23,1
2026-08-03 21:35:00+00:00,219.53,219.53,219.53,219.53,0.0,0
2026-08-03 21:36:00+00:00,219.62,219.62,219.62,219.62,0.08,1
2026-08-03 21:37:00+00:00,219.86,219.86,219.76,219.76,0.69,2
2026-08-03 21:38:00+00:00,219.76,219.76,219.76,219.76,0.0,0
2026-08-03 21:39:00+00:00,219.83,219.83,219.83,219.83,2.72,1
2026-08-03 21:40:00+00:00,219.84,219.84,219.57,219.57,167.68,12
2026-08-03 21:41:00+00:00,219.64,219.64,219.64,219.64,0.06,1
2026-08-03 21:42:00+00:00,219.46,219.46,219.43,219.43,4.47,2
2026-08-03 21:43:00+00:00,219.52,219.52,219.52,219.52,4.55,1
2026-08-03 21:44:00+00:00,219.25,219.48,219.25,219.33,12.36,16
2026-08-03 21:45:00+00:00,219.53,219.62,219.53,219.62,2.27,2
2026-08-03 21:46:00+00:00,219.63,219.63,219.61,219.61,3.54,2
2026-08-03 21:47:00+00:00,219.61,219.61,219.61,219.61,0.0,0
2026-08-03 21:48:00+00:00,219.61,219.61,219.61,219.61,0.0,0
2026-08-03 21:49:00+00:00,219.53,219.53,219.53,219.53,22.55,1
2026-08-03 21:50:00+00:00,219.57,219.57,219.57,219.57,0.06,1
2026-08-03 21:51:00+00:00,219.56,219.73,219.56,219.69,3.63,3
2026-08-03 21:52:00+00:00,219.69,219.69,219.69,219.69,0.0,0
2026-08-03 21:53:00+00:00,219.74,219.83,219.7,219.83,6.03,7
2026-08-03 21:54:00+00:00,219.83,219.83,219.83,219.83,0.0,0
2026-08-03 21:55:00+00:00,219.8,219.8,219.8,219.8,0.45,1
2026-08-03 21:56:00+00:00,219.59,219.59,219.48,219.57,1.74,6
2026-08-03 21:57:00+00:00,219.49,219.49,219.45,219.45,1.58,2
2026-08-03 21:58:00+00:00,219.79,219.79,219.51,219.51,0.14,4
2026-08-03 21:59:00+00:00,219.51,219.51,219.51,219.51,0.0,0
2026-08-03 22:00:00+00:00,219.61,219.61,219.55,219.55,1.64,3
2026-08-03 22:01:00+00:00,219.55,219.55,219.55,219.55,0.0,0
2026-08-03 22:02:00+00:00,219.55,219.55,219.55,219.55,0.0,0
2026-08-03 22:03:00+00:00,219.57,219.59,219.42,219.42,14.71,11
2026-08-03 22:04:00+00:00,219.4,219.4,219.35,219.35,14.69,5
2026-08-03 22:05:00+00:00,219.42,219.5,219.42,219.5,1.46,2
2026-08-03 22:06:00+00:00,219.45,219.53,219.45,219.53,11.94,16
2026-08-03 22:07:00+00:00,219.65,219.97,219.63,219.97,0.32,3
2026-08-03 22:08:00+00:00,219.97,219.97,219.97,219.97,0.0,0
2026-08-03 22:09:00+00:00,219.99,219.99,219.99,219.99,0.96,1
2026-08-03 22:10:00+00:00,219.99,219.99,219.99,219.99,0.0,0
2026-08-03 22:11:00+00:00,219.83,219.83,219.83,219.83,0.9,1
2026-08-03 22:12:00+00:00,219.83,219.83,219.83,219.83,0.0,0
2026-08-03 22:13:00+00:00,220.19,220.19,220.19,220.19,0.11,1
2026-08-03 22:14:00+00:00,220.04,220.13,220.04,220.13,7.48,9
2026-08-03 22:15:00+00:00,220.13,220.13,220.13,220.13,0.0,0
2026-08-03 22:16:00+00:00,220.19,220.19,220.14,220.16,1.2,8
2026-08-03 22:17:00+00:00,220.14,220.14,220.01,220.01,1.02,2
2026-08-03 22:18:00+00:00,220.01,220.01,220.01,220.01,0.24,1
2026-08-03 22:19:00+00:00,220.01,220.01,220.01,220.01,0.0,0
2026-08-03 22:20:00+00:00,219.87,219.88,219.87,219.88,3.18,4
2026-08-03 22:21:00+00:00,219.79,219.79,219.78,219.78,1.8,3
2026-08-03 22:22:00+00:00,219.78,219.78,219.78,219.78,0.0,0
2026-08-03 22:23:00+00:00,219.85,219.9,219.85,219.9,0.97,2
2026-08-03 22:24:00+00:00,219.88,219.88,219.88,219.88,2.72,7
2026-08-03 22:25:00+00:00,219.9,219.9,219.85,219.85,0.96,2
2026-08-03 22:26:00+00:00,219.81,219.81,219.72,219.72,19.05,6
2026-08-03 22:27:00+00:00,219.77,219.93,219.77,219.92,0.98,4
2026-08-03 22:28:00+00:00,219.92,219.92,219.92,219.92,0.77,3
2026-08-03 22:29:00+00:00,219.91,219.91,219.74,219.74,9.75,10
2026-08-03 22:30:00+00:00,219.78,219.86,219.78,219.85,179.27,35
2026-08-03 22:31:00+00:00,219.85,220.05,219.84,220.02,17.35,14
2026-08-03 22:32:00+00:00,220.04,220.08,220.01,220.01,5.58,8
2026-08-03 22:33:00+00:00,220.01,220.11,219.97,220.1,5.34,7
2026-08-03 22:34:00+00:00,220.01,220.13,220.01,220.13,18.83,19
2026-08-03 22:35:00+00:00,219.97,219.99,219.97,219.99,1.28,3
2026-08-03 22:36:00+00:00,220.03,220.03,220.03,220.03,1.0,1
2026-08-03 22:37:00+00:00,219.93,219.94,219.93,219.94,1.21,2
2026-08-03 22:38:00+00:00,219.94,219.94,219.94,219.94,0.0,0
2026-08-03 22:39:00+00:00,219.94,219.94,219.94,219.94,0.0,0
2026-08-03 22:40:00+00:00,219.94,219.94,219.94,219.94,0.0,0
2026-08-03 22:41:00+00:00,220.25,220.28,220.25,220.28,0.34,2
2026-08-03 22:42:00+00:00,220.36,220.42,220.34,220.37,6.96,11
2026-08-03 22:43:00+00:00,220.29,220.29,220.22,220.22,3.27,2
2026-08-03 22:44:00+00:00,220.24,220.24,220.24,220.24,0.33,1
2026-08-03 22:45:00+00:00,220.24,220.24,220.24,220.24,0.0,0
2026-08-03 22:46:00+00:00,220.24,220.24,220.24,220.24,0.0,0
2026-08-03 22:47:00+00:00,220.24,220.24,220.13,220.13,1.32,2
2026-08-03 22:48:00+00:00,220.26,220.26,220.26,220.26,0.06,1
2026-08-03 22:49:00+00:00,220.35,220.35,220.35,220.35,0.24,1
2026-08-03 22:50:00+00:00,220.35,220.35,220.35,220.35,0.0,0
2026-08-03 22:51:00+00:00,220.38,220.38,220.38,220.38,0.06,1
2026-08-03 22:52:00+00:00,220.38,220.38,220.38,220.38,0.0,0
2026-08-03 22:53:00+00:00,220.38,220.38,220.38,220.38,0.0,0
2026-08-03 22:54:00+00:00,220.32,220.36,220.32,220.36,1.35,2
2026-08-03 22:55:00+00:00,220.34,220.34,220.34,220.34,0.45,1
2026-08-03 22:56:00+00:00,220.28,220.28,220.28,220.28,4.55,1
2026-08-03 22:57:00+00:00,220.28,220.28,220.28,220.28,0.0,0
2026-08-03 22:58:00+00:00,220.46,220.5,220.46,220.5,5.63,2
2026-08-03 22:59:00+00:00,220.5,220.5,220.5,220.5,0.0,0
2026-08-03 23:00:00+00:00,220.39,220.39,220.34,220.34,8.84,6
2026-08-03 23:01:00+00:00,220.34,220.45,220.34,220.45,2.0,3
2026-08-03 23:02:00+00:00,220.26,220.4,220.26,220.4,3.68,4
2026-08-03 23:03:00+00:00,220.39,220.39,220.39,220.39,0.47,1
2026-08-03 23:04:00+00:00,220.39,220.39,220.39,220.39,0.0,0
2026-08-03 23:05:00+00:00,220.24,220.24,220.23,220.23,5.39,3
2026-08-03 23:06:00+00:00,220.26,220.31,220.26,220.29,9.17,6
2026-08-03 23:07:00+00:00,220.11,220.11,220.11,220.11,3.1,2
2026-08-03 23:08:00+00:00,220.11,220.11,220.11,220.11,0.0,0
2026-08-03 23:09:00+00:00,220.3,220.3,220.3,220.3,0.06,1
2026-08-03 23:10:00+00:00,220.3,220.3,220.3,220.3,4.73,1
2026-08-03 23:11:00+00:00,220.3,220.3,220.3,220.3,0.0,0
2026-08-03 23:12:00+00:00,220.3,220.3,220.3,220.3,0.0,0
2026-08-03 23:13:00+00:00,220.3,220.3,220.3,220.3,0.0,0
2026-08-03 23:14:00+00:00,220.07,220.07,220.07,220.07,2.7,1
2026-08-03 23:15:00+00:00,220.07,220.07,220.07,220.07,0.0,0
2026-08-03 23:16:00+00:00,220.07,220.07,220.07,220.07,0.0,0
2026-08-03 23:17:00+00:00,220.29,220.29,220.05,220.06,39.23,25
2026-08-03 23:18:00+00:00,220.21,220.46,220.21,220.46,97.91,40
2026-08-03 23:19:00+00:00,220.46,220.66,220.46,220.63,3.37,6
2026-08-03 23:20:00+00:00,220.86,220.93,220.86,220.88,28.25,23
2026-08-03 23:21:00+00:00,220.85,220.86,220.85,220.85,1.2,3
2026-08-03 23:22:00+00:00,220.82,220.82,220.82,220.82,6.62,4
2026-08-03 23:23:00+00:00,220.82,220.82,220.82,220.82,0.0,0
2026-08-03 23:24:00+00:00,220.88,220.88,220.88,220.88,0.82,1
2026-08-03 23:25:00+00:00,220.78,220.79,220.78,220.79,2.84,2
2026-08-03 23:26:00+00:00,220.52,220.52,220.51,220.52,3.66,5
2026-08-03 23:27:00+00:00,220.52,220.63,220.52,220.63,0.6,4
2026-08-03 23:28:00+00:00,220.52,220.52,220.52,220.52,1.04,2
2026-08-03 23:29:00+00:00,220.5,220.69,220.5,220.69,2.3,4
2026-08-03 23:30:00+00:00,220.69,220.69,220.69,220.69,0.0,0
2026-08-03 23:31:00+00:00,220.67,220.67,220.67,220.67,0.9,1
2026-08-03 23:32:00+00:00,220.66,220.68,220.66,220.68,1.8,2
2026-08-03 23:33:00+00:00,220.91,220.91,220.9,220.91,7.86,3
2026-08-03 23:34:00+00:00,220.86,221.11,220.86,221.05,16.11,17
2026-08-03 23:35:00+00:00,221.11,221.14,220.93,220.93,63.77,28
2026-08-03 23:36:00+00:00,221.02,221.18,221.02,221.18,0.25,2
2026-08-03 23:37:00+00:00,221.18,221.18,221.18,221.18,0.0,0
2026-08-03 23:38:00+00:00,221.18,221.18,221.18,221.18,0.0,0
2026-08-03 23:39:00+00:00,220.89,220.89,220.89,220.89,1.8,2
2026-08-03 23:40:00+00:00,221.01,221.01,220.97,220.97,3.36,2
2026-08-03 23:41:00+00:00,221.0,221.01,221.0,221.01,5.56,2
2026-08-03 23:42:00+00:00,221.01,221.01,221.01,221.01,0.0,0
2026-08-03 23:43:00+00:00,221.01,221.01,221.01,221.01,0.0,0
2026-08-03 23:44:00+00:00,220.98,220.98,220.92,220.92,9.55,4
2026-08-03 23:45:00+00:00,220.92,220.92,220.92,220.92,0.0,0
2026-08-03 23:46:00+00:00,220.92,220.92,220.92,220.92,0.0,0
2026-08-03 23:47:00+00:00,220.78,220.78,220.78,220.78,0.02,1
2026-08-03 23:48:00+00:00,220.8,220.8,220.8,220.8,4.73,1
2026-08-03 23:49:00+00:00,220.8,220.8,220.8,220.8,0.0,0
2026-08-03 23:50:00+00:00,220.7,220.8,220.7,220.8,2.0,4
2026-08-03 23:51:00+00:00,220.78,220.8,220.78,220.8,9.27,3
2026-08-03 23:52:00+00:00,220.78,220.78,220.78,220.78,0.02,1
2026-08-03 23:53:00+00:00,220.61,220.61,220.59,220.59,0.14,3
2026-08-03 23:54:00+00:00,220.59,220.59,220.59,220.59,0.0,0
2026-08-03 23:55:00+00:00,220.59,220.59,220.59,220.59,0.0,0
2026-08-03 23:56:00+00:00,220.49,220.49,220.49,220.49,0.52,1
2026-08-03 23:57:00+00:00,220.34,220.5,220.34,220.5,4.69,7
2026-08-03 23:58:00+00:00,220.5,220.5,220.5,220.5,0.0,0
2026-08-03 23:59:00+00:00,220.61,220.72,220.61,220.72,2.41,5
2026-08-04 00:00:00+00:00,220.79,220.8,219.75,220.7,422.2,94
2026-08-04 00:01:00+00:00,220.61,220.63,220.5,220.5,37.68,6
2026-08-04 00:02:00+00:00,220.8,220.8,220.8,220.8,40.83,8
2026-08-04 00:03:00+00:00,220.4,220.5,220.4,220.5,0.72,3
2026-08-04 00:04:00+00:00,220.55,220.92,220.55,220.85,459.39,33
2026-08-04 00:05:00+00:00,220.78,220.78,220.38,220.38,5.52,3
2026-08-04 00:06:00+00:00,220.38,220.38,220.38,220.38,0.0,0
2026-08-04 00:07:00+00:00,220.1,220.17,220.1,220.17,7.27,6
2026-08-04 00:08:00+00:00,220.24,220.24,220.02,220.02,8.29,4
2026-08-04 00:09:00+00:00,220.02,220.02,220.02,220.02,0.0,0
2026-08-04 00:10:00+00:00,220.16,220.16,220.08,220.08,3.34,2
2026-08-04 00:11:00+00:00,220.03,220.11,220.03,220.11,2.75,4
2026-08-04 00:12:00+00:00,219.33,219.33,218.94,219.16,18.74,10
2026-08-04 00:13:00+00:00,219.02,219.07,218.87,219.07,19.36,10
2026-08-04 00:14:00+00:00,218.95,219.24,218.94,219.13,16.41,21
2026-08-04 00:15:00+00:00,218.72,218.83,218.55,218.62,317.11,73
2026-08-04 00:16:00+00:00,218.62,218.69,218.33,218.45,11.44,21
2026-08-04 00:17:00+00:00,218.35,218.55,218.3,218.37,7.48,12
2026-08-04 00:18:00+00:00,218.19,218.38,218.0,218.38,13.13,14
2026-08-04 00:19:00+00:00,218.33,218.47,218.33,218.47,0.82,3
2026-08-04 00:20:00+00:00,218.46,218.46,218.46,218.46,0.06,1
2026-08-04 00:21:00+00:00,218.45,218.48,218.45,218.47,5.9,3
2026-08-04 00:22:00+00:00,218.66,218.66,218.38,218.38,6.31,6
2026-08-04 00:23:00+00:00,218.05,218.05,218.0,218.0,5.04,4
2026-08-04 00:24:00+00:00,218.04,218.37,218.04,218.37,12.95,13
2026-08-04 00:25:00+00:00,218.37,218.51,218.37,218.51,18.02,9
2026-08-04 00:26:00+00:00,218.52,218.52,218.52,218.52,0.28,2
2026-08-04 00:27:00+00:00,218.41,218.49,218.41,218.47,3.44,7
2026-08-04 00:28:00+00:00,218.12,218.24,218.12,218.24,2.8,4
2026-08-04 00:29:00+00:00,218.0,218.16,218.0,218.16,3.11,7
2026-08-04 00:30:00+00:00,217.86,218.32,217.86,218.0,606.81,61
2026-08-04 00:31:00+00:00,218.02,218.22,217.92,218.2,26.06,28
2026-08-04 00:32:00+00:00,218.34,218.34,218.04,218.06,65.41,45
2026-08-04 00:33:00+00:00,218.21,218.69,218.21,218.69,25.52,18
2026-08-04 00:34:00+00:00,218.68,218.75,218.56,218.72,20.27,21
2026-08-04 00:35:00+00:00,218.71,218.72,218.48,218.48,41.73,32
2026-08-04 00:36:00+00:00,218.62,218.72,218.56,218.72,18.01,20
2026-08-04 00:37:00+00:00,218.71,218.79,218.6,218.61,33.1,25
2026-08-04 00:38:00+00:00,218.68,218.72,218.68,218.72,15.58,20
2026-08-04 00:39:00+00:00,218.71,218.74,218.57,218.7,24.04,25
2026-08-04 00:40:00+00:00,218.72,218.8,218.49,218.49,140.48,47
2026-08-04 00:41:00+00:00,218.58,218.74,218.53,218.53,19.2,21
2026-08-04 00:42:00+00:00,218.69,218.69,218.41,218.41,59.81,18
2026-08-04 00:43:00+00:00,218.28,218.65,218.27,218.65,6.65,4
2026-08-04 00:44:00+00:00,218.87,218.97,218.87,218.91,110.61,20
2026-08-04 00:45:00+00:00,218.99,218.99,218.94,218.94,9.49,2
2026-08-04 00:46:00+00:00,218.75,218.84,218.75,218.84,0.24,2
2026-08-04 00:47:00+00:00,218.77,219.01,218.77,219.01,31.46,10
2026-08-04 00:48:00+00:00,218.79,219.28,218.79,219.19,97.19,26
2026-08-04 00:49:00+00:00,219.15,219.15,219.15,219.15,7.8,4
2026-08-04 00:50:00+00:00,219.15,219.15,219.15,219.15,0.0,0
2026-08-04 00:51:00+00:00,218.98,219.01,218.98,219.01,0.27,2
2026-08-04 00:52:00+00:00,218.97,218.97,218.97,218.97,0.55,1
2026-08-04 00:53:00+00:00,218.76,218.88,218.76,218.88,7.15,5
2026-08-04 00:54:00+00:00,218.99,219.04,218.99,219.04,5.24,2
2026-08-04 00:55:00+00:00,218.99,218.99,218.57,218.57,3.45,4
2026-08-04 00:56:00+00:00,218.55,218.55,218.55,218.55,0.18,1
2026-08-04 00:57:00+00:00,218.55,218.57,218.23,218.23,5.93,5
2026-08-04 00:58:00+00:00,218.23,218.23,217.98,217.98,20.27,10
2026-08-04 00:59:00+00:00,218.0,218.0,218.0,218.0,0.36,1
2026-08-04 01:00:00+00:00,217.85,218.01,217.85,218.01,0.48,2
2026-08-04 01:01:00+00:00,217.91,218.01,217.91,217.94,7.58,11
2026-08-04 01:02:00+00:00,218.44,218.44,218.44,218.44,0.58,2
2026-08-04 01:03:00+00:00,217.83,217.83,217.72,217.72,20.53,9
2026-08-04 01:04:00+00:00,217.7,217.7,217.69,217.7,8.46,7
2026-08-04 01:05:00+00:00,217.55,218.01,217.55,218.01,7.4,5
2026-08-04 01:06:00+00:00,217.76,217.76,217.74,217.74,3.43,5
2026-08-04 01:07:00+00:00,217.84,217.9,217.84,217.9,4.48,6
2026-08-04 01:08:00+00:00,217.9,217.9,217.9,217.9,0.0,0
2026-08-04 01:09:00+00:00,217.9,217.9,217.9,217.9,0.0,0
2026-08-04 01:10:00+00:00,217.9,217.9,217.9,217.9,0.0,0
2026-08-04 01:11:00+00:00,217.9,217.9,217.9,217.9,0.0,0
2026-08-04 01:12:00+00:00,218.1,218.1,218.1,218.1,0.12,1
2026-08-04 01:13:00+00:00,218.19,218.19,218.19,218.19,0.06,1
2026-08-04 01:14:00+00:00,218.18,218.18,218.05,218.05,30.24,12
2026-08-04 01:15:00+00:00,218.09,218.25,218.09,218.25,16.77,6
2026-08-04 01:16:00+00:00,218.27,218.38,218.22,218.32,82.87,30
2026-08-04 01:17:00+00:00,218.2,218.27,218.2,218.27,31.29,7
2026-08-04 01:18:00+00:00,218.09,218.09,218.09,218.09,0.44,1
2026-08-04 01:19:00+00:00,218.15,218.54,218.15,218.54,18.95,9
2026-08-04 01:20:00+00:00,218.59,218.85,218.59,218.85,390.81,77
2026-08-04 01:21:00+00:00,218.84,218.85,218.84,218.85,1.89,3
2026-08-04 01:22:00+00:00,218.85,218.85,218.85,218.85,2.2,2
2026-08-04 01:23:00+00:00,218.85,218.85,218.84,218.84,20.78,6
2026-08-04 01:24:00+00:00,218.62,218.62,218.62,218.62,2.74,1
2026-08-04 01:25:00+00:00,218.6,218.62,218.6,218.62,2.89,2
2026-08-04 01:26:00+00:00,218.62,218.62,218.62,218.62,0.0,0
2026-08-04 01:27:00+00:00,218.62,218.62,218.62,218.62,0.0,0
2026-08-04 01:28:00+00:00,218.65,218.76,218.65,218.7,31.86,5
2026-08-04 01:29:00+00:00,218.78,219.32,218.78,218.96,66.28,23
2026-08-04 01:30:00+00:00,219.11,219.22,219.11,219.22,0.8,2
2026-08-04 01:31:00+00:00,219.32,219.48,219.32,219.42,67.81,14
2026-08-04 01:32:00+00:00,219.18,219.23,219.18,219.23,45.71,6
2026-08-04 01:33:00+00:00,219.23,219.23,219.23,219.23,0.0,0
2026-08-04 01:34:00+00:00,219.41,219.64,219.41,219.64,18.78,8
2026-08-04 01:35:00+00:00,219.66,219.67,219.65,219.67,24.3,9
2026-08-04 01:36:00+00:00,219.67,219.8,219.67,219.8,12.31,4
2026-08-04 01:37:00+00:00,219.8,219.8,219.8,219.8,0.0,0
2026-08-04 01:38:00+00:00,219.67,219.91,219.67,219.91,18.4,7
2026-08-04 01:39:00+00:00,219.91,219.91,219.61,219.61,1.09,3
2026-08-04 01:40:00+00:00,219.61,219.61,219.61,219.61,0.0,0
2026-08-04 01:41:00+00:00,219.91,220.01,219.91,220.01,9.93,5
2026-08-04 01:42:00+00:00,219.96,219.96,219.96,219.96,2.72,1
2026-08-04 01:43:00+00:00,219.96,219.96,219.96,219.96,0.0,0
2026-08-04 01:44:00+00:00,220.0,220.19,220.0,220.09,27.99,24
2026-08-04 01:45:00+00:00,220.2,220.2,220.2,220.2,0.23,1
2026-08-04 01:46:00+00:00,220.21,220.25,220.2,220.2,4.77,3
2026-08-04 01:47:00+00:00,220.17,220.18,220.17,220.18,0.47,2
2026-08-04 01:48:00+00:00,220.25,220.25,220.21,220.21,0.85,3
2026-08-04 01:49:00+00:00,220.25,220.25,220.2,220.2,54.31,17
2026-08-04 01:50:00+00:00,220.21,220.23,220.21,220.21,23.13,4
2026-08-04 01:51:00+00:00,220.1,220.4,220.1,220.32,57.94,19
2026-08-04 01:52:00+00:00,220.41,220.47,220.32,220.42,167.11,23
2026-08-04 01:53:00+00:00,220.45,220.98,220.45,220.72,40.1,27
2026-08-04 01:54:00+00:00,220.81,221.01,220.81,221.0,9.86,9
2026-08-04 01:55:00+00:00,221.0,221.01,220.79,220.81,31.73,10
2026-08-04 01:56:00+00:00,220.81,220.9,220.76,220.83,63.16,25
2026-08-04 01:57:00+00:00,220.83,220.91,220.81,220.81,130.99,28
2026-08-04 01:58:00+00:00,220.96,220.96,220.88,220.9,10.58,9
2026-08-04 01:59:00+00:00,221.0,221.24,221.0,221.24,1.91,4
2026-08-04 02:00:00+00:00,221.12,221.15,220.94,221.0,35.37,10
2026-08-04 02:01:00+00:00,221.0,221.0,221.0,221.0,0.0,0
2026-08-04 02:02:00+00:00,220.6,220.6,220.6,220.6,2.3,3
2026-08-04 02:03:00+00:00,220.42,220.42,220.33,220.33,2.4,3
2026-08-04 02:04:00+00:00,220.63,220.63,220.58,220.58,0.18,2
2026-08-04 02:05:00+00:00,220.58,220.58,220.58,220.58,0.0,0
2026-08-04 02:06:00+00:00,220.4,220.48,220.4,220.48,0.55,2
2026-08-04 02:07:00+00:00,220.48,220.48,220.48,220.48,0.0,0
2026-08-04 02:08:00+00:00,220.53,220.53,220.53,220.53,0.45,1
2026-08-04 02:09:00+00:00,220.53,220.53,220.53,220.53,0.0,0
2026-08-04 02:10:00+00:00,220.06,220.06,220.05,220.05,3.66,3
2026-08-04 02:11:00+00:00,219.91,219.93,219.91,219.93,2.55,3
2026-08-04 02:12:00+00:00,219.78,219.78,219.78,219.78,2.95,2
2026-08-04 02:13:00+00:00,219.88,219.88,219.88,219.88,4.0,5
2026-08-04 02:14:00+00:00,219.79,219.82,219.79,219.8,2.78,5
2026-08-04 02:15:00+00:00,219.8,219.8,219.8,219.8,0.0,0
2026-08-04 02:16:00+00:00,219.57,219.63,219.54,219.63,2.55,4
2026-08-04 02:17:00+00:00,219.65,219.65,219.65,219.65,0.91,1
2026-08-04 02:18:00+00:00,219.75,219.75,219.64,219.64,2.9,2
2026-08-04 02:19:00+00:00,219.51,219.51,219.51,219.51,0.11,1
2026-08-04 02:20:00+00:00,219.51,219.51,219.29,219.29,3.62,2
2026-08-04 02:21:00+00:00,219.15,219.3,218.93,218.93,20.16,7
2026-08-04 02:22:00+00:00,219.03,219.03,219.03,219.03,1.94,3
2026-08-04 02:23:00+00:00,219.13,219.13,219.03,219.06,4.57,7
2026-08-04 02:24:00+00:00,219.18,219.18,219.18,219.18,2.73,3
2026-08-04 02:25:00+00:00,219.22,219.24,219.22,219.24,5.49,4
2026-08-04 02:26:00+00:00,219.33,219.38,219.33,219.38,18.86,5
2026-08-04 02:27:00+00:00,219.38,219.38,219.38,219.38,0.0,0
2026-08-04 02:28:00+00:00,219.15,219.15,219.03,219.03,1.45,2
2026-08-04 02:29:00+00:00,219.02,219.03,219.0,219.0,48.57,33
2026-08-04 02:30:00+00:00,219.0,219.22,219.0,219.22,12.45,20
2026-08-04 02:31:00+00:00,219.27,219.27,219.27,219.27,0.9,1
2026-08-04 02:32:00+00:00,219.47,219.47,219.47,219.47,0.06,1
2026-08-04 02:33:00+00:00,219.47,219.47,219.47,219.47,0.0,0
2026-08-04 02:34:00+00:00,219.47,219.47,219.47,219.47,0.0,0
2026-08-04 02:35:00+00:00,219.53,219.53,219.53,219.53,0.14,1
2026-08-04 02:36:00+00:00,219.53,219.53,219.53,219.53,0.0,0
2026-08-04 02:37:00+00:00,219.53,219.53,219.53,219.53,0.0,0
2026-08-04 02:38:00+00:00,220.05,220.15,220.05,220.1,4.01,8
2026-08-04 02:39:00+00:00,220.1,220.1,220.1,220.1,0.0,0
2026-08-04 02:40:00+00:00,219.88,219.88,219.88,219.88,2.72,1
2026-08-04 02:41:00+00:00,219.8,219.8,219.8,219.8,0.06,1
2026-08-04 02:42:00+00:00,219.44,219.44,219.44,219.44,0.43,1
2026-08-04 02:43:00+00:00,219.47,219.47,219.4,219.44,28.04,9
2026-08-04 02:44:00+00:00,219.47,219.52,219.47,219.52,3.6,6
2026-08-04 02:45:00+00:00,219.75,219.75,219.75,219.75,0.12,2
2026-08-04 02:46:00+00:00,219.75,219.75,219.75,219.75,0.0,0
2026-08-04 02:47:00+00:00,219.75,219.75,219.75,219.75,0.0,0
2026-08-04 02:48:00+00:00,219.02,219.02,219.0,219.0,5.83,2
2026-08-04 02:49:00+00:00,219.05,219.05,219.02,219.02,14.58,4
2026-08-04 02:50:00+00:00,219.0,219.01,218.97,218.97,27.01,13
2026-08-04 02:51:00+00:00,219.01,219.07,219.01,219.07,1.35,3
2026-08-04 02:52:00+00:00,219.22,219.22,219.22,219.22,0.9,2
2026-08-04 02:53:00+00:00,219.28,219.31,219.28,219.29,4.64,6
2026-08-04 02:54:00+00:00,219.29,219.3,219.25,219.25,2.37,7
2026-08-04 02:55:00+00:00,219.43,219.44,219.43,219.44,1.36,3
2026-08-04 02:56:00+00:00,219.17,219.17,219.17,219.17,3.38,1
2026-08-04 02:57:00+00:00,219.39,219.39,219.39,219.39,0.45,1
2026-08-04 02:58:00+00:00,219.42,219.42,219.42,219.42,0.06,1
2026-08-04 02:59:00+00:00,219.42,219.42,219.42,219.42,0.0,0
2026-08-04 03:00:00+00:00,219.39,219.39,219.39,219.39,0.06,1
2026-08-04 03:01:00+00:00,219.47,219.65,219.44,219.65,30.06,15
2026-08-04 03:02:00+00:00,219.61,219.61,219.56,219.56,2.8,2
2026-08-04 03:03:00+00:00,219.56,219.56,219.56,219.56,0.0,0
2026-08-04 03:04:00+00:00,219.56,219.56,219.56,219.56,0.0,0
2026-08-04 03:05:00+00:00,219.56,219.56,219.56,219.56,0.0,0
2026-08-04 03:06:00+00:00,219.56,219.56,219.56,219.56,0.0,0
2026-08-04 03:07:00+00:00,219.63,219.63,219.63,219.63,0.06,1
2026-08-04 03:08:00+00:00,219.63,219.63,219.63,219.63,0.0,0
2026-08-04 03:09:00+00:00,219.52,219.52,219.52,219.52,0.44,1
2026-08-04 03:10:00+00:00,219.52,219.52,219.52,219.52,0.0,0
2026-08-04 03:11:00+00:00,219.52,219.52,219.52,219.52,0.0,0
2026-08-04 03:12:00+00:00,218.99,219.06,218.99,219.06,0.72,2
2026-08-04 03:13:00+00:00,219.06,219.06,219.06,219.06,0.0,0
2026-08-04 03:14:00+00:00,219.13,219.13,219.13,219.13,0.61,2
2026-08-04 03:15:00+00:00,219.03,219.11,219.03,219.11,1.49,2
2026-08-04 03:16:00+00:00,219.15,219.15,219.15,219.15,0.06,1
2026-08-04 03:17:00+00:00,219.17,219.17,219.06,219.06,6.24,2
2026-08-04 03:18:00+00:00,219.02,219.03,219.02,219.03,19.03,3
2026-08-04 03:19:00+00:00,219.03,219.03,219.03,219.03,0.0,0
2026-08-04 03:20:00+00:00,219.04,219.12,219.04,219.04,9.93,7
2026-08-04 03:21:00+00:00,219.06,219.18,219.05,219.17,24.69,8
2026-08-04 03:22:00+00:00,219.61,219.61,219.61,219.61,2.7,1
2026-08-04 03:23:00+00:00,219.61,219.61,219.61,219.61,0.0,0
2026-08-04 03:24:00+00:00,219.61,219.61,219.61,219.61,0.0,0
2026-08-04 03:25:00+00:00,219.54,219.63,219.54,219.63,2.76,2
2026-08-04 03:26:00+00:00,219.56,219.56,219.56,219.56,14.4,7
2026-08-04 03:27:00+00:00,219.57,219.6,219.56,219.56,11.41,9
2026-08-04 03:28:00+00:00,219.56,219.56,219.56,219.56,0.0,0
2026-08-04 03:29:00+00:00,219.66,219.66,219.66,219.66,1.64,2
2026-08-04 03:30:00+00:00,219.66,219.66,219.66,219.66,0.0,0
2026-08-04 03:31:00+00:00,219.66,219.66,219.66,219.66,0.0,0
2026-08-04 03:32:00+00:00,219.98,220.03,219.94,220.01,2.86,6
2026-08-04 03:33:00+00:00,220.01,220.01,220.0,220.0,1.11,2
2026-08-04 03:34:00+00:00,220.01,220.01,220.0,220.0,5.69,3
2026-08-04 03:35:00+00:00,220.0,220.0,220.0,220.0,0.0,0
2026-08-04 03:36:00+00:00,219.86,219.93,219.86,219.93,1.74,3
2026-08-04 03:37:00+00:00,220.02,220.02,220.02,220.02,0.18,1
2026-08-04 03:38:00+00:00,220.02,220.02,220.02,220.02,0.56,1
2026-08-04 03:39:00+00:00,220.02,220.02,220.02,220.02,0.0,0
2026-08-04 03:40:00+00:00,220.02,220.02,220.02,220.02,0.0,0
2026-08-04 03:41:00+00:00,220.02,220.02,220.02,220.02,0.0,0
2026-08-04 03:42:00+00:00,219.62,219.62,219.62,219.62,4.55,2
2026-08-04 03:43:00+00:00,219.64,219.64,219.64,219.64,0.06,1
2026-08-04 03:44:00+00:00,219.64,219.64,219.64,219.64,0.0,0
2026-08-04 03:45:00+00:00,219.64,219.64,219.64,219.64,0.0,0
2026-08-04 03:46:00+00:00,219.64,219.64,219.64,219.64,0.0,0
2026-08-04 03:47:00+00:00,219.64,219.64,219.64,219.64,0.0,0
2026-08-04 03:48:00+00:00,219.64,219.64,219.64,219.64,0.0,0
2026-08-04 03:49:00+00:00,219.64,219.64,219.64,219.64,0.0,0
2026-08-04 03:50:00+00:00,219.64,219.64,219.64,219.64,0.0,0
2026-08-04 03:51:00+00:00,219.86,219.86,219.86,219.86,0.06,1
2026-08-04 03:52:00+00:00,219.86,219.86,219.86,219.86,0.0,0
2026-08-04 03:53:00+00:00,219.95,220.03,219.89,219.94,51.62,14
2026-08-04 03:54:00+00:00,219.84,219.84,219.79,219.79,1.29,2
2026-08-04 03:55:00+00:00,219.79,219.88,219.79,219.88,1.31,2
2026-08-04 03:56:00+00:00,219.89,219.98,219.89,219.91,1.36,4
2026-08-04 03:57:00+00:00,219.91,219.91,219.91,219.91,0.0,0
2026-08-04 03:58:00+00:00,219.95,220.08,219.95,220.08,52.09,12
2026-08-04 03:59:00+00:00,220.1,220.1,220.08,220.08,29.06,7
2026-08-04 04:00:00+00:00,220.16,220.19,220.07,220.07,20.37,7
2026-08-04 04:01:00+00:00,220.08,220.08,220.08,220.08,0.46,1
2026-08-04 04:02:00+00:00,220.08,220.08,220.08,220.08,0.0,0
2026-08-04 04:03:00+00:00,220.17,220.17,220.16,220.16,1.36,3
2026-08-04 04:04:00+00:00,220.16,220.16,220.16,220.16,0.0,0
2026-08-04 04:05:00+00:00,220.16,220.16,220.16,220.16,0.0,0
2026-08-04 04:06:00+00:00,220.16,220.16,220.16,220.16,0.0,0
2026-08-04 04:07:00+00:00,219.62,219.82,219.62,219.75,215.04,27
2026-08-04 04:08:00+00:00,219.78,219.78,219.62,219.62,0.76,3
2026-08-04 04:09:00+00:00,219.56,219.65,219.56,219.65,7.15,3
2026-08-04 04:10:00+00:00,219.65,219.65,219.65,219.65,0.0,0
2026-08-04 04:11:00+00:00,219.25,219.28,219.18,219.18,12.34,5
2026-08-04 04:12:00+00:00,219.18,219.18,219.18,219.18,0.0,0
2026-08-04 04:13:00+00:00,219.0,219.04,218.93,218.93,2.54,5
2026-08-04 04:14:00+00:00,218.93,218.93,218.93,218.93,0.0,0
2026-08-04 04:15:00+00:00,218.93,218.93,218.93,218.93,0.0,0
2026-08-04 04:16:00+00:00,218.93,218.93,218.93,218.93,0.0,0
2026-08-04 04:17:00+00:00,219.25,219.25,219.25,219.25,4.72,1
2026-08-04 04:18:00+00:00,219.5,219.5,219.5,219.5,0.06,1
2026-08-04 04:19:00+00:00,219.67,219.67,219.67,219.67,2.18,2
2026-08-04 04:20:00+00:00,219.67,219.67,219.67,219.67,0.0,0
2026-08-04 04:21:00+00:00,219.67,219.67,219.67,219.67,0.0,0
2026-08-04 04:22:00+00:00,219.67,219.67,219.67,219.67,0.0,0
2026-08-04 04:23:00+00:00,219.67,219.67,219.67,219.67,0.0,0
2026-08-04 04:24:00+00:00,219.67,219.67,219.67,219.67,0.0,0
2026-08-04 04:25:00+00:00,219.5,219.5,219.5,219.5,4.72,1
2026-08-04 04:26:00+00:00,219.5,219.5,219.5,219.5,0.0,0
2026-08-04 04:27:00+00:00,219.64,219.64,219.64,219.64,0.06,1
2026-08-04 04:28:00+00:00,219.64,219.64,219.64,219.64,0.0,0
2026-08-04 04:29:00+00:00,219.53,219.53,219.52,219.52,6.59,2
2026-08-04 04:30:00+00:00,219.64,219.64,219.64,219.64,6.5,1
2026-08-04 04:31:00+00:00,219.7,219.7,219.7,219.7,6.5,1
2026-08-04 04:32:00+00:00,219.7,219.7,219.7,219.7,0.0,0
2026-08-04 04:33:00+00:00,219.79,219.79,219.79,219.79,0.9,1
2026-08-04 04:34:00+00:00,219.79,219.79,219.79,219.79,0.0,0
2026-08-04 04:35:00+00:00,219.81,220.04,219.81,220.04,16.48,8
2026-08-04 04:36:00+00:00,220.04,220.04,220.04,220.04,0.0,0
2026-08-04 04:37:00+00:00,220.04,220.04,220.04,220.04,0.0,0
2026-08-04 04:38:00+00:00,219.96,219.96,219.96,219.96,0.55,1
2026-08-04 04:39:00+00:00,219.97,219.98,219.93,219.98,10.46,8
2026-08-04 04:40:00+00:00,219.92,219.94,219.84,219.84,9.28,5
2026-08-04 04:41:00+00:00,219.89,220.01,219.89,220.01,1.55,4
2026-08-04 04:42:00+00:00,220.01,220.01,220.01,220.01,0.0,0
2026-08-04 04:43:00+00:00,220.01,220.01,220.01,220.01,0.0,0
2026-08-04 04:44:00+00:00,220.05,220.05,220.05,220.05,0.06,1
2026-08-04 04:45:00+00:00,220.05,220.05,220.05,220.05,0.13,1
2026-08-04 04:46:00+00:00,220.39,220.51,220.39,220.47,8.74,6
2026-08-04 04:47:00+00:00,220.48,220.48,220.48,220.48,0.53,1
2026-08-04 04:48:00+00:00,220.48,220.48,220.48,220.48,0.0,0
2026-08-04 04:49:00+00:00,220.48,220.48,220.48,220.48,0.0,0
2026-08-04 04:50:00+00:00,220.47,220.47,220.47,220.47,0.23,1
2026-08-04 04:51:00+00:00,220.47,220.47,220.47,220.47,0.0,0
2026-08-04 04:52:00+00:00,220.58,220.58,220.52,220.58,12.66,4
2026-08-04 04:53:00+00:00,220.68,220.86,220.68,220.86,0.51,2
2026-08-04 04:54:00+00:00,220.85,220.85,220.85,220.85,36.33,10
2026-08-04 04:55:00+00:00,220.85,220.85,220.85,220.85,0.0,0
2026-08-04 04:56:00+00:00,220.78,220.78,220.78,220.78,0.23,1
2026-08-04 04:57:00+00:00,220.78,220.78,220.78,220.78,0.0,0
2026-08-04 04:58:00+00:00,220.78,220.78,220.78,220.78,0.0,0
2026-08-04 04:59:00+00:00,220.78,220.78,220.78,220.78,0.0,0
2026-08-04 05:00:00+00:00,220.54,220.54,220.47,220.47,0.2,2
2026-08-04 05:01:00+00:00,220.33,220.33,220.33,220.33,0.45,1
2026-08-04 05:02:00+00:00,220.29,220.29,220.13,220.13,0.66,2
2026-08-04 05:03:00+00:00,220.23,220.23,220.2,220.22,4.51,5
2026-08-04 05:04:00+00:00,220.22,220.22,220.22,220.22,0.0,0
2026-08-04 05:05:00+00:00,220.12,220.12,220.12,220.12,0.45,1
2026-08-04 05:06:00+00:00,220.13,220.13,220.13,220.13,3.39,1
2026-08-04 05:07:00+00:00,220.13,220.13,220.13,220.13,0.0,0
2026-08-04 05:08:00+00:00,220.13,220.13,220.13,220.13,0.0,0
2026-08-04 05:09:00+00:00,220.13,220.13,220.13,220.13,0.0,0
2026-08-04 05:10:00+00:00,220.13,220.13,220.13,220.13,0.0,0
2026-08-04 05:11:00+00:00,220.32,220.32,220.21,220.21,5.06,10
2026-08-04 05:12:00+00:00,220.2,220.2,220.2,220.2,0.23,1
2026-08-04 05:13:00+00:00,219.94,219.94,219.94,219.94,0.49,1
2026-08-04 05:14:00+00:00,219.94,219.94,219.94,219.94,0.0,0
2026-08-04 05:15:00+00:00,219.94,219.94,219.94,219.94,0.0,0
2026-08-04 05:16:00+00:00,219.98,220.0,219.98,220.0,14.35,5
2026-08-04 05:17:00+00:00,219.95,219.96,219.88,219.9,21.35,9
2026-08-04 05:18:00+00:00,220.03,220.06,219.98,219.98,3.17,5
2026-08-04 05:19:00+00:00,219.91,219.93,219.91,219.91,3.17,4
2026-08-04 05:20:00+00:00,219.97,220.14,219.97,220.1,8.37,8
2026-08-04 05:21:00+00:00,220.11,220.11,220.11,220.11,3.17,2
2026-08-04 05:22:00+00:00,220.18,220.43,220.18,220.37,3.62,4
2026-08-04 05:23:00+00:00,220.38,220.41,220.38,220.41,3.17,3
2026-08-04 05:24:00+00:00,220.41,220.43,220.36,220.43,3.7,5
2026-08-04 05:25:00+00:00,220.63,220.66,220.54,220.54,8.44,7
2026-08-04 05:26:00+00:00,220.52,220.53,220.5,220.5,3.17,4
2026-08-04 05:27:00+00:00,220.49,220.55,220.46,220.47,8.82,9
2026-08-04 05:28:00+00:00,220.53,220.56,220.48,220.51,5.49,10
2026-08-04 05:29:00+00:00,220.65,220.86,220.65,220.86,8.55,7
2026-08-04 05:30:00+00:00,220.86,220.86,220.84,220.86,32.5,10
2026-08-04 05:31:00+00:00,220.86,221.0,220.85,220.91,22.74,12
2026-08-04 05:32:00+00:00,220.95,221.17,220.95,221.14,6.89,13
2026-08-04 05:33:00+00:00,221.18,221.22,221.18,221.18,10.02,7
2026-08-04 05:34:00+00:00,221.17,221.36,221.17,221.3,3.71,8
2026-08-04 05:35:00+00:00,221.33,221.7,221.33,221.55,24.92,32
2026-08-04 05:36:00+00:00,221.62,222.0,221.62,222.0,48.68,9
2026-08-04 05:37:00+00:00,222.06,222.06,222.04,222.04,25.53,10
2026-08-04 05:38:00+00:00,221.88,222.01,221.86,222.01,8.49,5
2026-08-04 05:39:00+00:00,221.82,221.82,221.46,221.46,4.56,7
2026-08-04 05:40:00+00:00,221.34,221.51,221.34,221.51,5.35,9
2026-08-04 05:41:00+00:00,221.51,221.71,221.51,221.53,6.06,13
2026-08-04 05:42:00+00:00,221.52,221.65,221.49,221.63,4.99,11
2026-08-04 05:43:00+00:00,221.64,221.86,221.6,221.6,4.26,10
2026-08-04 05:44:00+00:00,221.52,221.76,221.51,221.63,4.63,16
2026-08-04 05:45:00+00:00,221.5,221.68,221.42,221.68,4.78,12
2026-08-04 05:46:00+00:00,221.71,221.71,221.52,221.52,5.21,12
2026-08-04 05:47:00+00:00,221.5,221.66,221.5,221.66,4.31,7
2026-08-04 05:48:00+00:00,221.55,221.58,221.47,221.47,4.14,10
2026-08-04 05:49:00+00:00,221.54,221.62,221.45,221.62,54.45,25
2026-08-04 05:50:00+00:00,221.47,221.54,221.37,221.4,6.38,15
2026-08-04 05:51:00+00:00,221.48,221.84,221.43,221.82,6.29,15
2026-08-04 05:52:00+00:00,221.99,222.07,221.99,222.07,39.56,13
2026-08-04 05:53:00+00:00,221.78,221.98,221.77,221.81,4.75,11
2026-08-04 05:54:00+00:00,221.87,221.87,221.69,221.75,4.34,8
2026-08-04 05:55:00+00:00,221.74,221.82,221.69,221.82,4.6,9
2026-08-04 05:56:00+00:00,221.83,221.96,221.83,221.9,3.69,8
2026-08-04 05:57:00+00:00,221.85,221.97,221.85,221.97,3.35,4
2026-08-04 05:58:00+00:00,221.94,222.06,221.94,221.97,4.5,8
2026-08-04 05:59:00+00:00,222.04,222.06,221.88,222.04,45.81,10
2026-08-04 06:00:00+00:00,222.08,222.08,221.88,222.07,63.25,22
2026-08-04 06:01:00+00:00,222.07,222.07,222.04,222.06,3.22,6
2026-08-04 06:02:00+00:00,222.04,222.06,221.9,221.98,5.39,9
2026-08-04 06:03:00+00:00,221.92,221.93,221.92,221.93,3.17,2
2026-08-04 06:04:00+00:00,221.94,221.95,221.82,221.82,3.59,5
2026-08-04 06:05:00+00:00,221.87,221.87,221.61,221.61,12.36,12
2026-08-04 06:06:00+00:00,221.7,221.84,221.62,221.84,6.21,7
2026-08-04 06:07:00+00:00,221.91,222.09,221.91,222.03,3.99,5
2026-08-04 06:08:00+00:00,222.03,222.06,221.97,221.98,4.19,9
2026-08-04 06:09:00+00:00,222.0,222.0,221.9,221.9,3.17,2
2026-08-04 06:10:00+00:00,221.86,222.18,221.86,222.18,3.98,7
2026-08-04 06:11:00+00:00,222.16,222.18,222.12,222.12,4.03,5
2026-08-04 06:12:00+00:00,222.18,222.18,222.16,222.18,3.17,4
2026-08-04 06:13:00+00:00,222.14,222.18,222.1,222.18,3.65,6
2026-08-04 06:14:00+00:00,222.18,222.29,222.17,222.29,12.54,13
2026-08-04 06:15:00+00:00,222.22,222.33,222.09,222.33,6.91,6
2026-08-04 06:16:00+00:00,222.26,222.35,222.2,222.35,5.16,7
2026-08-04 06:17:00+00:00,222.33,222.36,222.04,222.07,5.59,12
2026-08-04 06:18:00+00:00,222.09,222.28,222.06,222.28,4.36,7
2026-08-04 06:19:00+00:00,222.27,222.33,222.18,222.25,4.69,10
2026-08-04 06:20:00+00:00,222.2,222.36,222.14,222.36,168.24,30
2026-08-04 06:21:00+00:00,222.33,222.41,222.33,222.41,10.03,8
2026-08-04 06:22:00+00:00,222.41,222.72,222.41,222.72,51.94,29
2026-08-04 06:23:00+00:00,222.57,222.62,222.57,222.62,3.17,2
2026-08-04 06:24:00+00:00,222.49,222.49,222.34,222.35,5.07,7
2026-08-04 06:25:00+00:00,222.41,222.59,222.38,222.59,3.64,5
2026-08-04 06:26:00+00:00,222.55,222.74,222.55,222.69,5.54,14
2026-08-04 06:27:00+00:00,222.73,222.8,222.72,222.72,22.67,20
2026-08-04 06:28:00+00:00,222.72,222.82,222.64,222.64,6.35,15
2026-08-04 06:29:00+00:00,222.6,222.65,222.5,222.51,9.15,15
2026-08-04 06:30:00+00:00,222.16,222.24,222.13,222.17,6.18,10
2026-08-04 06:31:00+00:00,222.1,222.1,222.02,222.06,5.85,4
2026-08-04 06:32:00+00:00,222.34,222.43,222.32,222.43,6.73,5
2026-08-04 06:33:00+00:00,222.49,222.49,222.48,222.48,3.17,2
2026-08-04 06:34:00+00:00,222.46,222.46,222.31,222.31,10.16,11
2026-08-04 06:35:00+00:00,222.31,222.31,222.07,222.07,88.66,22
2026-08-04 06:36:00+00:00,221.96,221.96,221.73,221.73,56.33,19
2026-08-04 06:37:00+00:00,221.79,221.81,221.76,221.76,3.17,5
2026-08-04 06:38:00+00:00,221.77,221.81,221.75,221.76,17.92,7
2026-08-04 06:39:00+00:00,221.78,221.8,221.75,221.75,30.47,12
2026-08-04 06:40:00+00:00,221.75,221.78,221.56,221.7,122.51,41
2026-08-04 06:41:00+00:00,221.49,221.5,221.33,221.37,3.26,7
2026-08-04 06:42:00+00:00,221.38,221.39,221.31,221.34,3.17,6
2026-08-04 06:43:00+00:00,221.36,221.44,221.36,221.44,7.67,7
2026-08-04 06:44:00+00:00,221.51,221.76,221.51,221.74,53.17,10
2026-08-04 06:45:00+00:00,221.75,221.86,221.74,221.74,3.66,4
2026-08-04 06:46:00+00:00,221.69,221.86,221.69,221.86,4.09,8
2026-08-04 06:47:00+00:00,221.96,222.0,221.89,221.89,27.75,13
2026-08-04 06:48:00+00:00,221.89,221.9,221.86,221.86,12.65,11
2026-08-04 06:49:00+00:00,221.8,221.82,221.77,221.77,3.62,3
2026-08-04 06:50:00+00:00,221.8,221.81,221.74,221.74,4.24,4
2026-08-04 06:51:00+00:00,221.91,221.91,221.9,221.9,3.18,3
2026-08-04 06:52:00+00:00,221.93,221.93,221.86,221.86,3.98,4
2026-08-04 06:53:00+00:00,221.95,221.97,221.9,221.9,6.05,9
2026-08-04 06:54:00+00:00,221.78,221.96,221.78,221.96,4.77,7
2026-08-04 06:55:00+00:00,222.12,222.22,222.12,222.21,3.28,4
2026-08-04 06:56:00+00:00,222.25,222.29,222.09,222.09,3.17,4
2026-08-04 06:57:00+00:00,221.99,222.0,221.99,222.0,3.23,3
2026-08-04 06:58:00+00:00,222.16,222.16,222.09,222.09,3.83,3
2026-08-04 06:59:00+00:00,222.08,222.29,222.07,222.29,8.95,9
2026-08-04 07:00:00+00:00,222.29,222.29,222.16,222.16,8.0,6
2026-08-04 07:01:00+00:00,222.23,222.88,222.23,222.68,95.64,41
2026-08-04 07:02:00+00:00,222.87,222.95,222.62,222.85,8.06,15
2026-08-04 07:03:00+00:00,222.86,222.89,222.61,222.61,3.7,9
2026-08-04 07:04:00+00:00,222.69,222.74,222.51,222.74,4.91,7
2026-08-04 07:05:00+00:00,222.61,222.68,222.61,222.66,3.56,7
2026-08-04 07:06:00+00:00,222.6,222.71,222.58,222.67,18.18,14
2026-08-04 07:07:00+00:00,222.45,222.51,222.42,222.42,3.34,3
2026-08-04 07:08:00+00:00,222.3,222.3,222.21,222.21,3.18,2
2026-08-04 07:09:00+00:00,222.15,222.26,222.15,222.26,3.17,2
2026-08-04 07:10:00+00:00,222.25,222.28,222.13,222.28,10.69,13
2026-08-04 07:11:00+00:00,222.25,222.26,222.22,222.22,3.17,4
2026-08-04 07:12:00+00:00,222.21,222.22,221.98,222.2,12.78,18
2026-08-04 07:13:00+00:00,222.36,222.5,222.33,222.48,13.19,18
2026-08-04 07:14:00+00:00,222.54,222.56,222.41,222.41,11.93,16
2026-08-04 07:15:00+00:00,222.67,222.84,222.55,222.67,20.44,21
2026-08-04 07:16:00+00:00,222.64,222.9,222.64,222.83,88.42,30
2026-08-04 07:17:00+00:00,222.82,222.83,222.59,222.59,3.49,5
2026-08-04 07:18:00+00:00,222.32,222.35,222.12,222.27,15.98,19
2026-08-04 07:19:00+00:00,222.27,222.32,222.27,222.32,3.17,3
2026-08-04 07:20:00+00:00,222.34,222.37,222.19,222.37,36.73,17
2026-08-04 07:21:00+00:00,222.37,222.44,222.37,222.44,3.17,5
2026-08-04 07:22:00+00:00,222.69,222.71,222.41,222.41,3.62,6
2026-08-04 07:23:00+00:00,222.53,222.62,222.53,222.62,3.23,5
2026-08-04 07:24:00+00:00,222.6,222.6,222.53,222.57,18.13,15
2026-08-04 07:25:00+00:00,222.56,222.59,222.55,222.59,3.18,6
2026-08-04 07:26:00+00:00,222.44,222.55,222.31,222.37,131.46,45
2026-08-04 07:27:00+00:00,222.74,222.76,222.54,222.55,3.17,5
2026-08-04 07:28:00+00:00,222.55,222.56,222.36,222.36,3.17,3
2026-08-04 07:29:00+00:00,222.35,222.35,222.14,222.15,3.17,4
2026-08-04 07:30:00+00:00,222.11,222.11,222.08,222.08,3.17,4
2026-08-04 07:31:00+00:00,222.13,222.46,222.13,222.46,3.17,7
2026-08-04 07:32:00+00:00,222.46,222.6,222.46,222.56,6.59,7
2026-08-04 07:33:00+00:00,222.53,222.69,222.53,222.69,5.78,7
2026-08-04 07:34:00+00:00,222.7,222.86,222.7,222.7,7.65,7
2026-08-04 07:35:00+00:00,222.69,222.69,222.43,222.43,4.21,7
2026-08-04 07:36:00+00:00,222.57,223.22,222.57,223.2,58.44,19
2026-08-04 07:37:00+00:00,223.08,223.08,222.83,222.86,3.17,3
2026-08-04 07:38:00+00:00,222.43,222.56,222.36,222.56,8.32,10
2026-08-04 07:39:00+00:00,222.57,222.58,222.56,222.56,3.17,3
2026-08-04 07:40:00+00:00,222.61,222.7,222.61,222.7,5.86,3
2026-08-04 07:41:00+00:00,222.73,222.89,222.73,222.89,3.23,6
2026-08-04 07:42:00+00:00,222.72,222.72,222.46,222.46,6.19,9
2026-08-04 07:43:00+00:00,222.73,222.85,222.62,222.62,3.55,6
2026-08-04 07:44:00+00:00,222.67,222.67,222.65,222.65,3.17,3
2026-08-04 07:45:00+00:00,222.86,222.86,222.64,222.64,3.23,3
2026-08-04 07:46:00+00:00,222.65,222.73,222.65,222.73,3.17,2
2026-08-04 07:47:00+00:00,222.79,222.79,222.77,222.77,11.86,3
2026-08-04 07:48:00+00:00,222.77,223.22,222.77,223.22,6.85,6
2026-08-04 07:49:00+00:00,223.22,223.22,223.2,223.22,21.53,21
2026-08-04 07:50:00+00:00,223.22,223.22,223.22,223.22,5.93,13
2026-08-04 07:51:00+00:00,223.13,223.13,223.13,223.13,11.3,1
2026-08-04 07:52:00+00:00,223.13,223.13,223.13,223.13,0.0,0
2026-08-04 07:53:00+00:00,223.19,223.19,222.97,223.03,6.43,5
2026-08-04 07:54:00+00:00,222.79,222.79,222.53,222.53,16.25,7
2026-08-04 07:55:00+00:00,222.53,222.53,222.53,222.53,0.0,0
2026-08-04 07:56:00+00:00,222.53,222.53,222.53,222.53,0.0,0
2026-08-04 07:57:00+00:00,222.92,222.93,222.92,222.93,1.45,4
2026-08-04 07:58:00+00:00,222.97,222.97,222.97,222.97,0.24,3
2026-08-04 07:59:00+00:00,222.9,222.9,222.9,222.9,0.09,1
2026-08-04 08:00:00+00:00,222.89,223.9,222.87,223.71,336.4,180
2026-08-04 08:01:00+00:00,223.73,224.02,223.35,223.65,298.13,172
2026-08-04 08:02:00+00:00,223.79,224.02,223.71,223.99,106.01,58
2026-08-04 08:03:00+00:00,224.02,224.36,224.0,224.33,241.46,157
2026-08-04 08:04:00+00:00,224.33,224.48,224.05,224.19,95.01,38
2026-08-04 08:05:00+00:00,224.28,224.35,224.04,224.26,56.87,32
2026-08-04 08:06:00+00:00,224.03,224.27,224.03,224.04,97.28,26
2026-08-04 08:07:00+00:00,224.1,224.25,223.93,224.25,26.36,23
2026-08-04 08:08:00+00:00,223.42,223.96,223.3,223.91,75.31,36
2026-08-04 08:09:00+00:00,224.01,224.26,224.01,224.26,1.63,3
2026-08-04 08:10:00+00:00,224.46,224.56,224.37,224.56,10.59,11
2026-08-04 08:11:00+00:00,224.56,224.59,224.0,224.24,266.49,32
2026-08-04 08:12:00+00:00,224.19,224.31,224.1,224.26,7.79,5
2026-08-04 08:13:00+00:00,224.31,224.31,223.95,223.95,32.13,3
2026-08-04 08:14:00+00:00,223.96,223.97,223.78,223.78,10.74,9
2026-08-04 08:15:00+00:00,224.03,224.21,224.03,224.19,9.55,14
2026-08-04 08:16:00+00:00,224.02,224.1,223.44,223.5,79.27,30
2026-08-04 08:17:00+00:00,223.5,223.58,223.38,223.46,25.19,28
2026-08-04 08:18:00+00:00,223.45,224.0,223.45,224.0,65.19,21
2026-08-04 08:19:00+00:00,223.8,223.8,223.75,223.75,8.36,10
2026-08-04 08:20:00+00:00,223.79,224.08,223.79,223.9,30.06,30
2026-08-04 08:21:00+00:00,224.01,224.19,223.95,224.17,44.31,33
2026-08-04 08:22:00+00:00,224.21,224.23,224.0,224.0,4.98,7
2026-08-04 08:23:00+00:00,223.99,224.03,223.77,223.88,91.19,13
2026-08-04 08:24:00+00:00,223.44,223.57,223.44,223.5,3.87,7
2026-08-04 08:25:00+00:00,223.45,223.64,223.14,223.21,26.61,25
2026-08-04 08:26:00+00:00,223.21,223.31,223.14,223.26,16.95,28
2026-08-04 08:27:00+00:00,223.14,223.14,223.14,223.14,0.06,1
2026-08-04 08:28:00+00:00,223.09,223.29,223.07,223.29,4.75,14
2026-08-04 08:29:00+00:00,223.29,223.34,223.2,223.34,9.98,14
2026-08-04 08:30:00+00:00,223.22,223.27,223.22,223.27,6.71,2
2026-08-04 08:31:00+00:00,223.16,223.23,223.16,223.23,4.48,3
2026-08-04 08:32:00+00:00,223.21,223.21,222.58,222.63,16.91,11
2026-08-04 08:33:00+00:00,222.5,222.55,222.44,222.5,10.05,15
2026-08-04 08:34:00+00:00,222.47,222.47,222.41,222.41,0.5,4
2026-08-04 08:35:00+00:00,222.41,222.41,222.41,222.41,0.0,0
2026-08-04 08:36:00+00:00,222.44,222.44,222.44,222.44,0.88,2
2026-08-04 08:37:00+00:00,222.38,222.62,222.38,222.59,5.15,10
2026-08-04 08:38:00+00:00,222.49,222.52,222.49,222.52,0.29,5
2026-08-04 08:39:00+00:00,222.63,223.45,222.63,223.45,66.46,21
2026-08-04 08:40:00+00:00,223.52,223.52,222.6,222.82,85.89,12
2026-08-04 08:41:00+00:00,222.48,222.48,222.4,222.4,1.99,3
2026-08-04 08:42:00+00:00,222.39,222.39,222.15,222.28,87.89,15
2026-08-04 08:43:00+00:00,222.28,222.28,222.28,222.28,0.06,1
2026-08-04 08:44:00+00:00,222.22,222.45,222.22,222.44,11.59,14
2026-08-04 08:45:00+00:00,222.45,222.52,222.43,222.43,6.13,5
2026-08-04 08:46:00+00:00,221.99,221.99,221.87,221.87,5.39,4
2026-08-04 08:47:00+00:00,221.95,221.98,221.91,221.98,3.5,9
2026-08-04 08:48:00+00:00,221.93,222.15,221.93,222.15,2.26,4
2026-08-04 08:49:00+00:00,222.14,222.14,222.14,222.14,0.22,1
2026-08-04 08:50:00+00:00,222.2,222.28,222.12,222.2,7.09,10
2026-08-04 08:51:00+00:00,222.1,222.18,222.1,222.18,3.47,4
2026-08-04 08:52:00+00:00,222.18,222.18,222.18,222.18,0.0,0
2026-08-04 08:53:00+00:00,222.18,222.18,222.18,222.18,0.0,0
2026-08-04 08:54:00+00:00,222.09,222.09,222.08,222.08,5.23,2
2026-08-04 08:55:00+00:00,222.32,222.45,222.32,222.45,1.34,2
2026-08-04 08:56:00+00:00,222.64,222.64,222.61,222.61,2.78,3
2026-08-04 08:57:00+00:00,222.7,223.02,222.7,222.97,70.04,12
2026-08-04 08:58:00+00:00,222.97,222.97,222.97,222.97,4.99,8
2026-08-04 08:59:00+00:00,222.88,222.88,222.58,222.58,18.03,9
2026-08-04 09:00:00+00:00,222.36,222.36,222.24,222.24,0.51,3
2026-08-04 09:01:00+00:00,222.03,222.52,222.03,222.52,11.92,13
2026-08-04 09:02:00+00:00,222.46,222.46,222.33,222.33,2.47,4
2026-08-04 09:03:00+00:00,222.48,222.48,222.48,222.48,0.23,1
2026-08-04 09:04:00+00:00,222.27,222.3,222.26,222.3,5.8,7
2026-08-04 09:05:00+00:00,222.24,222.49,222.23,222.44,9.18,20
2026-08-04 09:06:00+00:00,222.34,222.34,221.7,221.8,15.12,20
2026-08-04 09:07:00+00:00,221.8,221.8,221.42,221.56,35.26,23
2026-08-04 09:08:00+00:00,221.82,221.86,221.82,221.86,5.37,4
2026-08-04 09:09:00+00:00,221.81,221.82,221.59,221.8,9.54,10
2026-08-04 09:10:00+00:00,221.6,221.6,221.45,221.5,80.85,50
2026-08-04 09:11:00+00:00,221.5,221.81,221.5,221.77,76.08,20
2026-08-04 09:12:00+00:00,221.8,222.02,221.78,221.96,5.39,7
2026-08-04 09:13:00+00:00,221.88,221.88,221.88,221.88,2.7,1
2026-08-04 09:14:00+00:00,221.81,221.99,221.81,221.99,10.09,14
2026-08-04 09:15:00+00:00,221.99,222.0,221.99,222.0,0.95,2
2026-08-04 09:16:00+00:00,221.9,221.9,221.55,221.63,3.7,5
2026-08-04 09:17:00+00:00,221.55,221.59,221.51,221.56,4.83,7
2026-08-04 09:18:00+00:00,221.53,221.53,221.23,221.26,8.84,9
2026-08-04 09:19:00+00:00,221.27,221.53,221.2,221.53,6.4,9
2026-08-04 09:20:00+00:00,221.44,221.5,221.44,221.5,2.82,2
2026-08-04 09:21:00+00:00,221.47,221.47,221.45,221.45,1.47,4
2026-08-04 09:22:00+00:00,221.35,221.35,221.35,221.35,0.9,1
2026-08-04 09:23:00+00:00,221.42,221.63,221.42,221.62,7.97,6
2026-08-04 09:24:00+00:00,221.6,221.6,221.6,221.6,2.67,1
2026-08-04 09:25:00+00:00,221.62,221.62,221.5,221.5,9.66,5
2026-08-04 09:26:00+00:00,221.61,221.66,221.61,221.63,5.4,10
2026-08-04 09:27:00+00:00,221.64,221.67,221.63,221.65,10.77,11
2026-08-04 09:28:00+00:00,221.67,221.67,221.67,221.67,2.7,1
2026-08-04 09:29:00+00:00,221.87,221.87,221.87,221.87,0.9,1
2026-08-04 09:30:00+00:00,221.95,221.95,221.95,221.95,1.38,1
2026-08-04 09:31:00+00:00,221.87,221.88,221.87,221.88,7.38,3
2026-08-04 09:32:00+00:00,221.88,221.88,221.88,221.88,0.0,0
2026-08-04 09:33:00+00:00,221.92,221.92,221.92,221.92,2.5,2
2026-08-04 09:34:00+00:00,221.92,222.07,221.92,222.07,112.81,22
2026-08-04 09:35:00+00:00,222.06,222.08,221.87,221.89,37.69,11
2026-08-04 09:36:00+00:00,221.89,221.93,221.89,221.93,1.79,2
2026-08-04 09:37:00+00:00,221.91,221.91,221.81,221.81,11.15,13
2026-08-04 09:38:00+00:00,221.78,221.95,221.74,221.95,4.74,8
2026-08-04 09:39:00+00:00,222.03,222.07,221.99,222.07,3.13,4
2026-08-04 09:40:00+00:00,222.02,222.02,221.95,221.96,6.58,6
2026-08-04 09:41:00+00:00,222.07,222.29,222.07,222.29,3.14,3
2026-08-04 09:42:00+00:00,222.35,222.35,222.31,222.31,2.31,4
2026-08-04 09:43:00+00:00,222.14,222.14,222.14,222.14,3.48,3
2026-08-04 09:44:00+00:00,222.09,222.09,222.08,222.09,8.41,10
2026-08-04 09:45:00+00:00,222.13,222.27,222.03,222.17,4.18,7
2026-08-04 09:46:00+00:00,222.11,222.14,221.59,221.59,67.93,22
2026-08-04 09:47:00+00:00,221.2,221.37,220.69,221.36,183.2,47
2026-08-04 09:48:00+00:00,221.4,221.49,221.36,221.49,123.54,17
2026-08-04 09:49:00+00:00,221.4,221.56,221.4,221.56,2.7,2
2026-08-04 09:50:00+00:00,221.42,221.43,221.34,221.36,26.54,13
2026-08-04 09:51:00+00:00,221.36,221.36,221.22,221.27,4.66,4
2026-08-04 09:52:00+00:00,221.45,221.73,221.38,221.73,19.23,9
2026-08-04 09:53:00+00:00,221.8,221.84,221.75,221.75,7.44,5
2026-08-04 09:54:00+00:00,221.69,221.73,221.69,221.73,6.07,8
2026-08-04 09:55:00+00:00,221.55,221.57,221.55,221.57,5.08,6
2026-08-04 09:56:00+00:00,221.59,221.59,221.57,221.57,3.49,4
2026-08-04 09:57:00+00:00,221.42,221.51,221.42,221.51,2.25,3
2026-08-04 09:58:00+00:00,221.62,221.64,221.62,221.64,3.15,4
2026-08-04 09:59:00+00:00,221.64,221.64,221.64,221.64,0.0,0
2026-08-04 10:00:00+00:00,221.9,221.9,221.79,221.79,13.77,19
2026-08-04 10:01:00+00:00,221.84,221.95,221.84,221.95,5.98,4
2026-08-04 10:02:00+00:00,221.91,222.21,221.88,222.07,74.74,25
2026-08-04 10:03:00+00:00,221.83,221.83,221.83,221.83,0.23,1
2026-08-04 10:04:00+00:00,221.81,221.81,221.42,221.42,32.94,9
2026-08-04 10:05:00+00:00,221.6,221.76,221.6,221.76,8.59,5
2026-08-04 10:06:00+00:00,222.11,222.11,222.11,222.11,2.24,3
2026-08-04 10:07:00+00:00,222.12,222.35,222.1,222.34,21.71,17
2026-08-04 10:08:00+00:00,222.41,222.45,222.36,222.43,7.75,6
2026-08-04 10:09:00+00:00,222.44,222.97,222.44,222.96,9.98,14
2026-08-04 10:10:00+00:00,222.96,222.97,222.92,222.95,9.49,12
2026-08-04 10:11:00+00:00,222.95,223.01,222.95,222.98,86.9,42
2026-08-04 10:12:00+00:00,222.98,223.0,222.79,222.79,111.01,47
2026-08-04 10:13:00+00:00,222.88,222.91,222.33,222.36,31.0,46
2026-08-04 10:14:00+00:00,222.42,223.12,222.38,223.05,139.56,43
2026-08-04 10:15:00+00:00,223.43,223.55,222.74,222.74,95.68,50
2026-08-04 10:16:00+00:00,222.73,223.76,222.72,223.42,100.92,44
2026-08-04 10:17:00+00:00,223.6,223.6,223.09,223.36,32.52,18
2026-08-04 10:18:00+00:00,223.37,223.46,223.37,223.46,0.92,2
2026-08-04 10:19:00+00:00,223.56,223.56,223.56,223.56,0.43,1
2026-08-04 10:20:00+00:00,223.69,223.79,223.57,223.79,4.43,7
2026-08-04 10:21:00+00:00,223.43,223.48,223.43,223.48,6.14,5
2026-08-04 10:22:00+00:00,223.72,223.72,223.66,223.66,13.38,6
2026-08-04 10:23:00+00:00,223.63,223.64,223.43,223.43,10.01,13
2026-08-04 10:24:00+00:00,223.43,223.44,222.89,222.92,34.84,34
2026-08-04 10:25:00+00:00,222.93,222.93,222.8,222.81,36.41,35
2026-08-04 10:26:00+00:00,222.82,222.95,222.74,222.87,39.18,28
2026-08-04 10:27:00+00:00,222.83,222.83,222.71,222.73,4.83,4
2026-08-04 10:28:00+00:00,222.54,222.61,222.33,222.33,15.13,16
2026-08-04 10:29:00+00:00,222.16,222.34,222.16,222.21,8.96,12
2026-08-04 10:30:00+00:00,222.39,222.83,222.33,222.83,8.28,11
2026-08-04 10:31:00+00:00,222.65,222.74,222.62,222.62,3.56,4
2026-08-04 10:32:00+00:00,222.61,222.7,222.61,222.7,4.45,5
2026-08-04 10:33:00+00:00,222.83,222.94,222.8,222.86,6.74,7
2026-08-04 10:34:00+00:00,223.0,223.08,222.97,223.08,14.52,5
2026-08-04 10:35:00+00:00,222.93,223.18,222.93,223.18,4.45,5
2026-08-04 10:36:00+00:00,223.28,223.3,222.76,222.86,10.28,10
2026-08-04 10:37:00+00:00,222.81,223.2,222.81,223.2,3.16,6
2026-08-04 10:38:00+00:00,222.79,222.79,222.79,222.79,0.89,1
2026-08-04 10:39:00+00:00,222.79,222.79,222.79,222.79,0.0,0
2026-08-04 10:40:00+00:00,223.16,223.21,223.14,223.21,13.76,6
2026-08-04 10:41:00+00:00,223.11,223.23,223.04,223.18,36.13,33
2026-08-04 10:42:00+00:00,223.21,223.21,222.97,223.02,23.4,14
2026-08-04 10:43:00+00:00,223.01,223.3,223.01,223.3,3.86,2
2026-08-04 10:44:00+00:00,223.17,223.91,223.11,223.91,133.11,20
2026-08-04 10:45:00+00:00,224.1,224.16,224.06,224.16,3.64,4
2026-08-04 10:46:00+00:00,224.24,224.24,223.93,223.93,11.43,3
2026-08-04 10:47:00+00:00,224.52,224.52,224.26,224.26,0.59,2
2026-08-04 10:48:00+00:00,224.05,224.08,224.05,224.08,10.08,6
2026-08-04 10:49:00+00:00,223.82,224.36,223.82,224.18,1.98,4
2026-08-04 10:50:00+00:00,224.18,224.18,224.18,224.18,0.0,0
2026-08-04 10:51:00+00:00,223.73,223.76,223.69,223.76,10.86,5
2026-08-04 10:52:00+00:00,223.66,224.08,223.65,224.07,5.08,5
2026-08-04 10:53:00+00:00,224.02,224.02,223.62,223.8,9.23,6
2026-08-04 10:54:00+00:00,223.4,223.66,223.16,223.25,548.74,98
2026-08-04 10:55:00+00:00,223.38,223.49,223.1,223.25,158.19,38
2026-08-04 10:56:00+00:00,223.25,223.25,222.53,222.77,570.25,126
2026-08-04 10:57:00+00:00,222.4,222.92,222.4,222.91,34.44,14
2026-08-04 10:58:00+00:00,222.7,222.71,222.6,222.69,119.35,14
2026-08-04 10:59:00+00:00,222.57,222.64,221.52,222.31,420.91,69
2026-08-04 11:00:00+00:00,222.55,223.04,222.16,222.48,115.2,30
2026-08-04 11:01:00+00:00,222.77,222.77,222.53,222.61,29.39,7
2026-08-04 11:02:00+00:00,222.92,222.92,222.7,222.7,12.28,6
2026-08-04 11:03:00+00:00,222.78,223.65,222.76,223.65,124.29,20
2026-08-04 11:04:00+00:00,224.15,224.44,223.91,224.19,67.46,28
2026-08-04 11:05:00+00:00,224.26,224.38,224.14,224.14,10.09,10
2026-08-04 11:06:00+00:00,223.96,224.21,223.93,223.97,154.72,32
2026-08-04 11:07:00+00:00,224.1,224.14,223.6,223.61,244.79,41
2026-08-04 11:08:00+00:00,223.66,223.77,223.47,223.47,24.86,11
2026-08-04 11:09:00+00:00,223.49,223.49,223.14,223.19,52.73,15
2026-08-04 11:10:00+00:00,223.18,223.55,223.15,223.44,10.0,11
2026-08-04 11:11:00+00:00,223.35,223.36,223.23,223.23,4.45,5
2026-08-04 11:12:00+00:00,223.3,223.36,223.19,223.22,11.67,7
2026-08-04 11:13:00+00:00,223.33,223.94,223.33,223.94,18.84,11
2026-08-04 11:14:00+00:00,224.11,224.2,224.11,224.2,3.56,3
2026-08-04 11:15:00+00:00,224.0,224.2,224.0,224.2,3.53,2
2026-08-04 11:16:00+00:00,224.29,224.31,224.21,224.21,76.14,27
2026-08-04 11:17:00+00:00,224.23,224.31,224.15,224.15,3.49,5
2026-08-04 11:18:00+00:00,224.13,224.23,223.89,224.1,118.13,31
2026-08-04 11:19:00+00:00,224.16,224.4,224.08,224.27,27.33,8
2026-08-04 11:20:00+00:00,224.19,224.19,223.95,223.96,44.91,21
2026-08-04 11:21:00+00:00,223.99,224.2,223.91,224.2,98.88,32
2026-08-04 11:22:00+00:00,224.55,224.55,224.32,224.33,9.92,9
2026-08-04 11:23:00+00:00,224.43,224.43,224.07,224.11,72.02,10
2026-08-04 11:24:00+00:00,224.01,224.01,223.74,223.74,29.79,12
2026-08-04 11:25:00+00:00,223.78,223.96,223.78,223.96,32.25,16
2026-08-04 11:26:00+00:00,223.74,223.93,223.74,223.86,47.98,25
2026-08-04 11:27:00+00:00,223.9,223.9,223.73,223.73,40.71,20
2026-08-04 11:28:00+00:00,223.93,224.46,223.93,224.33,20.9,13
2026-08-04 11:29:00+00:00,224.47,224.5,224.46,224.46,87.91,17
2026-08-04 11:30:00+00:00,224.35,224.44,224.34,224.44,13.69,8
2026-08-04 11:31:00+00:00,224.44,224.44,224.44,224.44,0.0,0
2026-08-04 11:32:00+00:00,224.44,224.44,224.44,224.44,0.0,0
2026-08-04 11:33:00+00:00,224.44,224.44,224.44,224.44,0.0,0
2026-08-04 11:34:00+00:00,224.44,224.44,224.44,224.44,0.0,0
2026-08-04 11:35:00+00:00,224.44,224.44,224.44,224.44,0.0,0
2026-08-04 11:36:00+00:00,223.64,223.68,223.64,223.68,2.56,4
2026-08-04 11:37:00+00:00,223.54,223.54,223.53,223.53,4.05,3
2026-08-04 11:38:00+00:00,223.73,223.73,223.52,223.52,69.51,19
2026-08-04 11:39:00+00:00,223.62,223.62,223.28,223.28,1.54,2
2026-08-04 11:40:00+00:00,223.14,223.14,222.66,222.69,20.23,10
2026-08-04 11:41:00+00:00,222.71,222.71,221.76,221.86,132.89,60
2026-08-04 11:42:00+00:00,221.74,222.43,221.54,222.17,625.37,69
2026-08-04 11:43:00+00:00,222.28,223.38,222.28,223.37,64.7,23
2026-08-04 11:44:00+00:00,223.17,223.17,222.67,222.91,68.83,28
2026-08-04 11:45:00+00:00,223.31,223.42,223.04,223.27,58.21,28
2026-08-04 11:46:00+00:00,223.28,223.56,223.27,223.38,20.75,14
2026-08-04 11:47:00+00:00,223.36,224.22,223.36,223.95,96.36,37
2026-08-04 11:48:00+00:00,223.84,224.08,223.73,223.75,28.04,15
2026-08-04 11:49:00+00:00,223.58,224.31,223.58,224.31,5.92,7
2026-08-04 11:50:00+00:00,224.62,224.68,224.45,224.53,19.27,13
2026-08-04 11:51:00+00:00,224.33,224.69,224.33,224.64,117.95,31
2026-08-04 11:52:00+00:00,224.61,225.13,224.61,224.72,187.96,56
2026-08-04 11:53:00+00:00,224.55,224.72,224.55,224.65,34.85,12
2026-08-04 11:54:00+00:00,224.65,224.73,224.65,224.7,284.71,66
2026-08-04 11:55:00+00:00,224.7,224.76,224.7,224.7,67.51,45
2026-08-04 11:56:00+00:00,224.7,224.75,224.7,224.7,10.12,16
2026-08-04 11:57:00+00:00,224.7,224.71,224.36,224.36,9.65,19
2026-08-04 11:58:00+00:00,224.35,224.57,224.35,224.5,25.44,10
2026-08-04 11:59:00+00:00,224.67,224.68,224.62,224.68,0.19,3
2026-08-04 12:00:00+00:00,224.66,224.73,223.81,223.84,9.02,8
2026-08-04 12:01:00+00:00,223.77,223.78,222.84,222.97,382.41,91
2026-08-04 12:02:00+00:00,223.01,223.08,222.76,223.02,176.0,66
2026-08-04 12:03:00+00:00,223.18,223.22,223.17,223.22,8.31,7
2026-08-04 12:04:00+00:00,223.16,224.07,223.16,223.61,308.43,70
2026-08-04 12:05:00+00:00,223.71,223.72,223.43,223.47,38.8,34
2026-08-04 12:06:00+00:00,223.48,223.55,223.31,223.31,26.56,12
2026-08-04 12:07:00+00:00,223.33,223.34,223.26,223.32,30.22,15
2026-08-04 12:08:00+00:00,223.5,223.5,223.32,223.32,13.69,2
2026-08-04 12:09:00+00:00,223.33,223.33,222.94,223.19,76.22,42
2026-08-04 12:10:00+00:00,223.31,223.33,223.31,223.32,8.36,4
2026-08-04 12:11:00+00:00,223.19,223.19,222.6,222.76,97.61,24
2026-08-04 12:12:00+00:00,222.7,222.75,222.58,222.58,7.95,7
2026-08-04 12:13:00+00:00,222.64,223.06,222.64,222.98,15.94,7
2026-08-04 12:14:00+00:00,223.07,223.07,222.33,222.56,62.53,40
2026-08-04 12:15:00+00:00,222.48,222.48,222.44,222.44,8.54,3
2026-08-04 12:16:00+00:00,222.58,222.73,222.58,222.73,17.0,5
2026-08-04 12:17:00+00:00,222.39,222.44,222.33,222.38,12.49,5
2026-08-04 12:18:00+00:00,222.29,222.32,222.14,222.27,35.71,19
2026-08-04 12:19:00+00:00,222.46,222.98,222.45,222.91,21.77,14
2026-08-04 12:20:00+00:00,222.93,223.01,222.85,222.85,21.61,12
2026-08-04 12:21:00+00:00,222.79,222.93,222.78,222.93,6.09,8
2026-08-04 12:22:00+00:00,222.93,222.93,222.33,222.39,29.46,16
2026-08-04 12:23:00+00:00,222.35,222.39,222.25,222.25,30.84,21
2026-08-04 12:24:00+00:00,222.17,222.17,222.14,222.15,37.0,20
2026-08-04 12:25:00+00:00,222.2,222.2,222.2,222.2,0.06,1
2026-08-04 12:26:00+00:00,222.66,222.79,222.26,222.48,82.3,23
2026-08-04 12:27:00+00:00,222.49,222.49,222.24,222.45,9.41,14
2026-08-04 12:28:00+00:00,222.43,222.43,222.23,222.32,130.25,22
2026-08-04 12:29:00+00:00,222.14,222.25,222.06,222.25,51.44,56
2026-08-04 12:30:00+00:00,222.21,222.21,222.21,222.21,0.06,1
2026-08-04 12:31:00+00:00,222.04,222.04,221.74,221.74,14.29,17
2026-08-04 12:32:00+00:00,221.86,221.98,221.83,221.98,16.08,11
2026-08-04 12:33:00+00:00,221.92,221.99,221.44,221.64,288.04,88
2026-08-04 12:34:00+00:00,221.64,221.85,221.58,221.76,9.17,7
2026-08-04 12:35:00+00:00,221.95,221.99,221.95,221.99,12.52,4
2026-08-04 12:36:00+00:00,222.09,222.18,222.05,222.05,6.71,5
2026-08-04 12:37:00+00:00,222.2,222.2,222.2,222.2,1.86,3
2026-08-04 12:38:00+00:00,222.2,222.27,222.12,222.26,5.88,6
2026-08-04 12:39:00+00:00,222.3,222.61,221.22,221.22,21.98,18
2026-08-04 12:40:00+00:00,221.25,221.42,220.76,221.17,36.72,30
2026-08-04 12:41:00+00:00,221.2,221.2,221.06,221.06,3.88,5
2026-08-04 12:42:00+00:00,221.13,221.13,220.92,220.92,74.06,12
2026-08-04 12:43:00+00:00,221.08,221.85,221.08,221.74,64.66,22
2026-08-04 12:44:00+00:00,221.65,221.91,221.65,221.91,25.83,14
2026-08-04 12:45:00+00:00,221.83,221.83,221.81,221.81,0.12,2
2026-08-04 12:46:00+00:00,221.76,221.8,221.72,221.72,5.65,5
2026-08-04 12:47:00+00:00,221.65,221.79,221.65,221.79,18.41,12
2026-08-04 12:48:00+00:00,221.68,221.68,221.37,221.44,33.23,22
2026-08-04 12:49:00+00:00,221.63,221.95,221.1,221.1,41.51,15
2026-08-04 12:50:00+00:00,221.18,221.36,220.85,220.95,62.23,34
2026-08-04 12:51:00+00:00,220.83,220.89,220.68,220.73,134.29,37
2026-08-04 12:52:00+00:00,220.87,220.87,220.16,220.16,66.05,18
2026-08-04 12:53:00+00:00,220.11,220.89,220.09,220.89,403.97,42
2026-08-04 12:54:00+00:00,221.03,221.22,221.03,221.22,5.73,10
2026-08-04 12:55:00+00:00,221.23,221.59,221.23,221.59,5.61,13
2026-08-04 12:56:00+00:00,221.78,221.97,221.76,221.76,28.83,18
2026-08-04 12:57:00+00:00,221.9,221.96,221.9,221.96,51.05,16
2026-08-04 12:58:00+00:00,221.83,221.83,221.57,221.57,2.04,3
2026-08-04 12:59:00+00:00,221.58,221.58,221.51,221.53,2.81,3
2026-08-04 13:00:00+00:00,221.59,221.69,221.22,221.26,22.76,15
2026-08-04 13:01:00+00:00,221.26,221.57,221.21,221.57,16.73,7
2026-08-04 13:02:00+00:00,221.63,221.85,221.53,221.53,81.01,29
2026-08-04 13:03:00+00:00,221.55,221.98,221.55,221.97,25.14,15
2026-08-04 13:04:00+00:00,222.0,222.0,221.93,221.98,12.7,5
2026-08-04 13:05:00+00:00,221.93,221.93,221.93,221.93,0.9,1
2026-08-04 13:06:00+00:00,222.0,222.0,221.81,221.81,6.08,8
2026-08-04 13:07:00+00:00,221.65,221.8,221.65,221.8,12.74,8
2026-08-04 13:08:00+00:00,221.84,221.9,221.84,221.9,8.5,7
2026-08-04 13:09:00+00:00,221.91,222.11,221.91,222.11,57.29,14
2026-08-04 13:10:00+00:00,221.93,221.93,221.89,221.91,4.61,3
2026-08-04 13:11:00+00:00,222.07,222.08,222.04,222.06,1.64,5
2026-08-04 13:12:00+00:00,222.02,222.02,221.99,221.99,2.2,3
2026-08-04 13:13:00+00:00,221.68,221.88,221.65,221.86,19.32,8
2026-08-04 13:14:00+00:00,221.89,221.92,221.89,221.92,4.51,5
2026-08-04 13:15:00+00:00,222.08,222.2,222.08,222.2,32.98,12
2026-08-04 13:16:00+00:00,222.1,222.1,221.9,221.93,9.77,10
2026-08-04 13:17:00+00:00,221.91,221.91,221.91,221.91,0.06,1
2026-08-04 13:18:00+00:00,221.93,222.07,221.86,222.07,44.94,17
2026-08-04 13:19:00+00:00,221.24,221.37,221.16,221.16,30.17,9
2026-08-04 13:20:00+00:00,221.27,222.34,221.27,222.29,5.09,9
2026-08-04 13:21:00+00:00,222.49,222.65,222.16,222.16,2.89,5
2026-08-04 13:22:00+00:00,221.94,222.15,221.94,222.03,3.55,5
2026-08-04 13:23:00+00:00,222.05,222.05,222.05,222.05,0.06,1
2026-08-04 13:24:00+00:00,222.32,222.52,222.08,222.08,5.45,3
2026-08-04 13:25:00+00:00,222.08,222.19,221.65,221.75,75.56,22
2026-08-04 13:26:00+00:00,221.85,221.85,221.04,221.3,272.03,59
2026-08-04 13:27:00+00:00,221.27,221.27,220.23,220.91,555.66,48
2026-08-04 13:28:00+00:00,221.38,221.38,220.51,220.72,378.97,41
2026-08-04 13:29:00+00:00,220.57,220.63,220.21,220.21,394.43,34
2026-08-04 13:30:00+00:00,220.44,221.55,218.51,221.55,1012.49,232
2026-08-04 13:31:00+00:00,221.63,221.63,218.54,220.28,608.65,77
2026-08-04 13:32:00+00:00,221.68,224.14,221.29,224.14,208.55,83
2026-08-04 13:33:00+00:00,223.73,227.64,223.16,226.59,890.15,187
2026-08-04 13:34:00+00:00,226.67,227.46,225.55,225.59,225.2,77
2026-08-04 13:35:00+00:00,226.07,227.3,226.07,226.64,130.0,62
2026-08-04 13:36:00+00:00,226.08,227.27,224.33,224.33,152.59,84
2026-08-04 13:37:00+00:00,224.46,226.85,223.93,226.74,335.37,88
2026-08-04 13:38:00+00:00,226.46,229.27,226.46,227.84,1563.9,144
2026-08-04 13:39:00+00:00,227.28,229.99,226.88,229.16,712.81,129
2026-08-04 13:40:00+00:00,228.79,229.94,227.6,227.69,1176.69,148
2026-08-04 13:41:00+00:00,227.67,229.47,227.67,229.26,249.83,47
2026-08-04 13:42:00+00:00,229.21,231.26,229.17,230.77,2203.13,152
2026-08-04 13:43:00+00:00,230.85,231.01,228.36,228.36,776.66,82
2026-08-04 13:44:00+00:00,227.98,229.06,227.89,227.89,275.02,35
2026-08-04 13:45:00+00:00,227.91,229.01,227.14,228.27,724.77,96
2026-08-04 13:46:00+00:00,228.35,228.4,225.71,226.3,595.34,84
2026-08-04 13:47:00+00:00,225.16,225.45,222.84,223.12,972.3,146
2026-08-04 13:48:00+00:00,223.21,223.63,220.51,220.51,277.58,72
2026-08-04 13:49:00+00:00,220.51,220.69,219.0,219.33,267.51,89
2026-08-04 13:50:00+00:00,219.45,220.61,218.51,219.52,761.27,118
2026-08-04 13:51:00+00:00,219.97,220.56,219.6,219.66,189.42,44
2026-08-04 13:52:00+00:00,219.69,219.69,217.89,218.86,1903.98,114
2026-08-04 13:53:00+00:00,218.81,219.17,217.19,219.17,434.28,69
2026-08-04 13:54:00+00:00,219.05,219.39,217.72,218.17,97.52,41
2026-08-04 13:55:00+00:00,218.26,218.26,217.4,217.92,294.08,46
2026-08-04 13:56:00+00:00,217.42,217.96,216.12,216.38,190.78,49
2026-08-04 13:57:00+00:00,216.07,216.34,213.92,216.0,1113.76,132
2026-08-04 13:58:00+00:00,216.0,217.63,215.85,217.18,348.64,81
2026-08-04 13:59:00+00:00,217.46,217.46,216.34,216.55,135.93,34
2026-08-04 14:00:00+00:00,217.08,217.08,215.77,216.27,200.58,56
2026-08-04 14:01:00+00:00,216.33,216.8,215.21,216.58,204.03,51
2026-08-04 14:02:00+00:00,216.71,217.67,216.5,217.32,368.77,62
2026-08-04 14:03:00+00:00,217.23,219.23,217.04,218.88,138.88,45
2026-08-04 14:04:00+00:00,218.71,218.92,218.49,218.59,69.38,39
2026-08-04 14:05:00+00:00,218.47,218.8,217.72,218.8,73.29,25
2026-08-04 14:06:00+00:00,218.85,219.8,218.85,219.16,346.26,45
2026-08-04 14:07:00+00:00,219.01,219.88,218.99,219.88,32.83,10
2026-08-04 14:08:00+00:00,220.0,220.51,219.65,219.93,44.33,23
2026-08-04 14:09:00+00:00,219.44,219.44,218.72,218.9,228.66,36
2026-08-04 14:10:00+00:00,218.98,219.32,218.8,219.12,287.02,33
2026-08-04 14:11:00+00:00,219.04,219.42,218.66,219.41,161.84,22
2026-08-04 14:12:00+00:00,219.51,220.18,219.51,220.11,21.96,11
2026-08-04 14:13:00+00:00,220.33,220.53,219.42,219.47,91.92,17
2026-08-04 14:14:00+00:00,219.83,220.26,219.83,220.26,19.59,5
2026-08-04 14:15:00+00:00,220.58,220.67,219.81,219.81,26.76,13
2026-08-04 14:16:00+00:00,219.88,220.33,219.6,220.2,34.96,19
2026-08-04 14:17:00+00:00,219.59,219.59,218.54,218.54,26.71,6
2026-08-04 14:18:00+00:00,218.44,218.93,218.1,218.68,60.6,21
2026-08-04 14:19:00+00:00,218.58,219.38,218.58,218.78,60.04,24
2026-08-04 14:20:00+00:00,219.03,219.08,217.58,219.0,96.18,30
2026-08-04 14:21:00+00:00,218.94,219.27,218.72,219.01,53.2,13
2026-08-04 14:22:00+00:00,218.32,219.28,218.32,218.5,24.65,9
2026-08-04 14:23:00+00:00,218.1,219.08,218.1,219.03,14.88,9
2026-08-04 14:24:00+00:00,218.44,218.44,217.9,218.17,67.29,17
2026-08-04 14:25:00+00:00,218.29,219.33,218.29,219.16,92.35,25
2026-08-04 14:26:00+00:00,219.32,219.44,219.06,219.28,136.95,19
2026-08-04 14:27:00+00:00,219.01,219.15,218.79,218.97,9.23,8
2026-08-04 14:28:00+00:00,218.95,220.36,218.9,220.36,467.62,33
2026-08-04 14:29:00+00:00,220.28,220.28,219.55,219.79,34.16,18
2026-08-04 14:30:00+00:00,218.95,218.95,218.1,218.1,29.97,10
2026-08-04 14:31:00+00:00,218.4,219.13,218.36,218.69,207.97,30
2026-08-04 14:32:00+00:00,217.99,218.44,217.92,218.01,42.35,15
2026-08-04 14:33:00+00:00,217.71,217.82,217.4,217.44,181.52,27
2026-08-04 14:34:00+00:00,217.31,217.31,216.55,217.0,496.47,79
2026-08-04 14:35:00+00:00,216.66,216.87,216.32,216.87,102.85,20
2026-08-04 14:36:00+00:00,216.86,216.86,216.58,216.58,23.04,7
2026-08-04 14:37:00+00:00,216.18,217.14,215.98,217.14,541.56,72
2026-08-04 14:38:00+00:00,217.37,217.63,217.04,217.04,97.94,29
2026-08-04 14:39:00+00:00,216.83,217.36,216.83,217.36,47.26,12
2026-08-04 14:40:00+00:00,217.44,217.92,217.44,217.82,73.48,28
2026-08-04 14:41:00+00:00,217.85,218.31,217.53,217.53,33.58,14
2026-08-04 14:42:00+00:00,217.49,217.49,217.49,217.49,0.05,1
2026-08-04 14:43:00+00:00,217.54,217.54,217.54,217.54,2.08,1
2026-08-04 14:44:00+00:00,217.55,217.56,216.89,216.96,19.64,12
2026-08-04 14:45:00+00:00,216.9,217.15,216.7,216.7,7.5,6
2026-08-04 14:46:00+00:00,217.02,217.23,217.02,217.23,3.73,2
2026-08-04 14:47:00+00:00,216.54,216.86,216.48,216.86,6.75,4
2026-08-04 14:48:00+00:00,217.16,217.16,217.03,217.03,4.57,3
2026-08-04 14:49:00+00:00,217.07,217.25,216.96,217.25,6.14,4
2026-08-04 14:50:00+00:00,217.68,217.68,217.27,217.27,1.64,2
2026-08-04 14:51:00+00:00,217.27,217.27,217.27,217.27,0.0,0
2026-08-04 14:52:00+00:00,216.95,217.1,216.95,217.1,3.19,5
2026-08-04 14:53:00+00:00,217.28,217.5,217.28,217.5,2.94,5
2026-08-04 14:54:00+00:00,217.34,217.71,217.34,217.71,0.75,2
2026-08-04 14:55:00+00:00,217.65,217.84,217.45,217.45,222.84,26
2026-08-04 14:56:00+00:00,217.45,217.45,217.45,217.45,0.0,0
2026-08-04 14:57:00+00:00,217.55,218.55,217.5,218.51,114.67,21
2026-08-04 14:58:00+00:00,218.26,218.6,218.26,218.56,4.67,4
2026-08-04 14:59:00+00:00,218.7,219.41,218.7,218.92,43.71,12
2026-08-04 15:00:00+00:00,218.92,218.92,218.92,218.92,0.0,0
2026-08-04 15:01:00+00:00,218.45,218.77,218.45,218.73,43.73,9
2026-08-04 15:02:00+00:00,218.69,218.69,218.25,218.25,142.45,15
2026-08-04 15:03:00+00:00,218.67,218.86,218.48,218.8,62.21,8
2026-08-04 15:04:00+00:00,218.79,219.24,218.79,219.13,23.04,9
2026-08-04 15:05:00+00:00,219.06,219.06,218.84,218.84,37.46,6
2026-08-04 15:06:00+00:00,219.37,219.48,219.37,219.48,6.72,3
2026-08-04 15:07:00+00:00,219.38,219.59,219.09,219.1,571.07,47
2026-08-04 15:08:00+00:00,219.02,219.02,218.59,218.61,21.18,9
2026-08-04 15:09:00+00:00,218.25,218.39,218.19,218.24,13.62,5
2026-08-04 15:10:00+00:00,218.15,218.5,218.15,218.5,12.65,13
2026-08-04 15:11:00+00:00,218.51,218.7,218.51,218.7,1.58,4
2026-08-04 15:12:00+00:00,219.17,219.37,219.14,219.14,19.58,5
2026-08-04 15:13:00+00:00,219.44,219.44,219.44,219.44,0.14,1
2026-08-04 15:14:00+00:00,219.2,219.55,219.04,219.04,22.95,8
2026-08-04 15:15:00+00:00,218.81,219.22,218.12,218.36,46.67,17
2026-08-04 15:16:00+00:00,218.36,218.36,218.36,218.36,0.0,0
2026-08-04 15:17:00+00:00,217.59,217.96,217.59,217.96,14.58,5
2026-08-04 15:18:00+00:00,217.51,217.51,217.51,217.51,0.98,1
2026-08-04 15:19:00+00:00,218.06,219.08,218.06,218.97,92.35,22
2026-08-04 15:20:00+00:00,218.9,219.11,218.9,219.11,63.45,10
2026-08-04 15:21:00+00:00,218.79,218.79,218.47,218.47,216.89,16
2026-08-04 15:22:00+00:00,218.66,218.74,218.58,218.58,132.14,15
2026-08-04 15:23:00+00:00,218.58,218.58,218.58,218.58,0.0,0
2026-08-04 15:24:00+00:00,218.65,219.09,218.65,218.89,19.77,8
2026-08-04 15:25:00+00:00,218.88,219.1,218.88,219.1,7.67,3
2026-08-04 15:26:00+00:00,218.77,218.77,218.62,218.62,9.41,4
2026-08-04 15:27:00+00:00,218.83,219.03,218.81,218.81,7.16,6
2026-08-04 15:28:00+00:00,218.76,219.37,218.71,219.2,36.47,24
2026-08-04 15:29:00+00:00,219.24,220.0,219.02,220.0,22.38,22
2026-08-04 15:30:00+00:00,220.0,220.59,220.0,220.59,14.03,18
2026-08-04 15:31:00+00:00,220.52,220.52,220.26,220.38,22.35,14
2026-08-04 15:32:00+00:00,220.43,220.6,220.31,220.44,13.36,11
2026-08-04 15:33:00+00:00,220.43,220.43,219.68,219.68,31.86,30
2026-08-04 15:34:00+00:00,219.64,219.64,219.21,219.21,121.69,26
2026-08-04 15:35:00+00:00,219.28,220.07,219.28,220.07,8.39,7
2026-08-04 15:36:00+00:00,219.77,219.77,219.71,219.71,20.0,7
2026-08-04 15:37:00+00:00,219.99,219.99,219.99,219.99,0.06,1
2026-08-04 15:38:00+00:00,219.79,220.34,219.55,220.22,117.35,34
2026-08-04 15:39:00+00:00,220.0,220.0,220.0,220.0,4.29,1
2026-08-04 15:40:00+00:00,219.93,219.96,219.93,219.96,9.42,5
2026-08-04 15:41:00+00:00,220.14,220.14,219.97,219.99,9.45,4
2026-08-04 15:42:00+00:00,220.07,220.07,219.87,219.87,8.71,4
2026-08-04 15:43:00+00:00,219.87,219.87,219.87,219.87,0.0,0
2026-08-04 15:44:00+00:00,220.51,220.85,220.51,220.84,65.12,12
2026-08-04 15:45:00+00:00,220.57,220.58,220.52,220.55,9.69,6
2026-08-04 15:46:00+00:00,220.53,220.66,220.37,220.37,42.42,12
2026-08-04 15:47:00+00:00,220.42,220.42,218.79,218.91,39.01,12
2026-08-04 15:48:00+00:00,218.69,218.69,218.68,218.68,13.5,2
2026-08-04 15:49:00+00:00,218.93,218.93,218.93,218.93,1.84,1
2026-08-04 15:50:00+00:00,219.28,219.36,218.99,218.99,22.58,9
2026-08-04 15:51:00+00:00,218.82,218.84,218.67,218.67,7.55,4
2026-08-04 15:52:00+00:00,219.25,219.5,219.25,219.5,34.41,11
2026-08-04 15:53:00+00:00,219.37,219.52,218.72,218.99,43.58,13
2026-08-04 15:54:00+00:00,219.08,219.41,218.99,219.31,39.31,10
2026-08-04 15:55:00+00:00,219.23,219.23,219.04,219.09,21.38,10
2026-08-04 15:56:00+00:00,218.86,219.03,218.33,218.33,43.11,12
2026-08-04 15:57:00+00:00,218.44,218.68,218.44,218.47,21.59,11
2026-08-04 15:58:00+00:00,218.59,218.6,218.42,218.42,24.17,3
2026-08-04 15:59:00+00:00,218.32,218.58,218.31,218.54,11.09,8
2026-08-04 16:00:00+00:00,218.81,219.4,218.81,219.39,28.03,15
2026-08-04 16:01:00+00:00,219.31,219.31,218.89,219.09,39.03,23
2026-08-04 16:02:00+00:00,218.99,219.14,218.96,219.14,30.23,14
2026-08-04 16:03:00+00:00,219.07,219.2,219.05,219.2,9.7,5
2026-08-04 16:04:00+00:00,219.03,219.1,218.99,219.1,2.78,3
2026-08-04 16:05:00+00:00,219.01,219.01,218.61,218.61,23.03,9
2026-08-04 16:06:00+00:00,218.56,218.57,218.56,218.57,20.47,5
2026-08-04 16:07:00+00:00,218.62,218.62,218.57,218.57,20.46,6
2026-08-04 16:08:00+00:00,218.31,218.35,218.27,218.27,18.94,5
2026-08-04 16:09:00+00:00,218.24,218.24,217.18,217.45,230.69,44
2026-08-04 16:10:00+00:00,217.16,217.24,216.87,217.24,34.19,14
2026-08-04 16:11:00+00:00,217.23,217.23,217.11,217.19,14.22,7
2026-08-04 16:12:00+00:00,217.05,217.46,217.05,217.46,21.42,4
2026-08-04 16:13:00+00:00,217.39,217.52,217.05,217.52,281.78,56
2026-08-04 16:14:00+00:00,217.3,217.3,217.3,217.3,5.31,1
2026-08-04 16:15:00+00:00,217.33,217.43,217.06,217.43,68.49,21
2026-08-04 16:16:00+00:00,217.49,217.49,217.19,217.21,8.0,3
2026-08-04 16:17:00+00:00,217.67,217.67,217.27,217.48,431.11,41
2026-08-04 16:18:00+00:00,217.51,218.36,217.51,218.27,156.35,24
2026-08-04 16:19:00+00:00,218.26,218.67,218.26,218.48,46.43,19
2026-08-04 16:20:00+00:00,218.63,218.64,217.8,217.8,50.37,15
2026-08-04 16:21:00+00:00,217.88,217.88,217.57,217.57,8.62,6
2026-08-04 16:22:00+00:00,217.57,217.67,217.57,217.67,17.6,6
2026-08-04 16:23:00+00:00,217.29,217.29,217.16,217.16,122.87,17
2026-08-04 16:24:00+00:00,217.16,217.16,217.16,217.16,0.0,0
2026-08-04 16:25:00+00:00,216.71,217.86,216.66,217.82,29.54,15
2026-08-04 16:26:00+00:00,217.7,217.7,217.64,217.64,8.3,4
2026-08-04 16:27:00+00:00,217.53,217.62,217.43,217.43,4.72,4
2026-08-04 16:28:00+00:00,217.3,217.32,217.2,217.24,5.74,4
2026-08-04 16:29:00+00:00,217.21,217.44,217.2,217.36,24.41,10
2026-08-04 16:30:00+00:00,217.41,217.44,217.17,217.29,17.12,10
2026-08-04 16:31:00+00:00,217.57,217.66,217.57,217.66,132.51,13
2026-08-04 16:32:00+00:00,217.73,217.78,217.73,217.78,7.17,3
2026-08-04 16:33:00+00:00,217.74,217.74,217.73,217.73,7.02,2
2026-08-04 16:34:00+00:00,217.73,217.73,217.73,217.73,0.0,0
2026-08-04 16:35:00+00:00,217.53,217.81,217.53,217.78,15.58,8
2026-08-04 16:36:00+00:00,217.9,218.36,217.9,218.23,241.65,34
2026-08-04 16:37:00+00:00,217.97,217.97,217.97,217.97,0.32,2
2026-08-04 16:38:00+00:00,217.4,217.57,217.37,217.57,21.23,11
2026-08-04 16:39:00+00:00,217.58,217.73,217.58,217.66,50.39,11
2026-08-04 16:40:00+00:00,217.54,217.54,217.33,217.41,17.85,11
2026-08-04 16:41:00+00:00,217.28,217.73,217.16,217.73,12.44,8
2026-08-04 16:42:00+00:00,217.49,217.54,217.44,217.54,16.61,8
2026-08-04 16:43:00+00:00,217.5,217.55,217.22,217.55,15.66,7
2026-08-04 16:44:00+00:00,217.73,217.8,217.58,217.61,67.63,16
2026-08-04 16:45:00+00:00,217.35,217.37,217.25,217.37,20.02,9
2026-08-04 16:46:00+00:00,217.35,217.74,217.33,217.74,93.62,35
2026-08-04 16:47:00+00:00,217.67,218.54,217.67,218.54,61.06,27
2026-08-04 16:48:00+00:00,218.6,219.58,218.55,219.02,216.48,41
2026-08-04 16:49:00+00:00,219.0,219.02,218.57,218.64,76.87,27
2026-08-04 16:50:00+00:00,218.86,218.88,218.37,218.4,12.0,10
2026-08-04 16:51:00+00:00,218.49,218.53,218.37,218.37,0.46,5
2026-08-04 16:52:00+00:00,218.27,218.27,217.75,217.75,37.31,25
2026-08-04 16:53:00+00:00,217.67,217.83,217.65,217.82,0.71,6
2026-08-04 16:54:00+00:00,217.8,217.8,216.89,216.99,102.79,55
2026-08-04 16:55:00+00:00,217.03,217.03,216.6,216.8,48.0,33
2026-08-04 16:56:00+00:00,216.75,217.65,216.75,217.65,185.94,26
2026-08-04 16:57:00+00:00,217.76,217.79,217.64,217.76,0.54,6
2026-08-04 16:58:00+00:00,217.9,217.9,217.6,217.69,13.79,9
2026-08-04 16:59:00+00:00,217.67,217.94,217.67,217.94,25.58,16
2026-08-04 17:00:00+00:00,218.05,218.2,218.02,218.2,42.7,16
2026-08-04 17:01:00+00:00,218.18,218.4,217.89,218.15,120.19,40
2026-08-04 17:02:00+00:00,218.11,218.11,217.91,217.94,19.07,14
2026-08-04 17:03:00+00:00,217.9,217.9,217.72,217.89,51.5,20
2026-08-04 17:04:00+00:00,217.94,217.95,217.76,217.77,27.43,16
2026-08-04 17:05:00+00:00,217.76,218.98,217.76,218.6,182.78,65
2026-08-04 17:06:00+00:00,218.46,218.46,218.36,218.46,100.9,37
2026-08-04 17:07:00+00:00,218.4,218.91,218.4,218.91,706.86,90
2026-08-04 17:08:00+00:00,218.89,218.92,218.57,218.63,498.48,69
2026-08-04 17:09:00+00:00,218.63,218.71,218.29,218.39,219.63,33
2026-08-04 17:10:00+00:00,218.19,218.29,218.09,218.09,108.43,41
2026-08-04 17:11:00+00:00,218.0,218.19,218.0,218.15,5.57,5
2026-08-04 17:12:00+00:00,218.16,218.28,218.16,218.23,34.76,15
2026-08-04 17:13:00+00:00,218.24,218.28,218.01,218.28,55.6,21
2026-08-04 17:14:00+00:00,218.35,218.35,218.24,218.24,47.39,17
2026-08-04 17:15:00+00:00,218.24,218.24,217.96,218.2,26.4,13
2026-08-04 17:16:00+00:00,218.1,218.12,217.77,217.87,58.28,11
2026-08-04 17:17:00+00:00,218.02,218.25,218.02,218.17,4.72,6
2026-08-04 17:18:00+00:00,218.09,218.2,217.67,217.83,20.62,10
2026-08-04 17:19:00+00:00,217.71,217.99,217.71,217.94,4.51,8
2026-08-04 17:20:00+00:00,218.12,218.12,217.9,217.95,5.33,7
2026-08-04 17:21:00+00:00,217.87,218.11,217.85,218.09,12.65,10
2026-08-04 17:22:00+00:00,218.14,218.28,218.08,218.16,4.64,6
2026-08-04 17:23:00+00:00,218.13,218.34,218.09,218.34,3.86,6
2026-08-04 17:24:00+00:00,218.05,218.37,218.03,218.37,2.44,5
2026-08-04 17:25:00+00:00,218.4,218.55,218.3,218.31,23.49,12
2026-08-04 17:26:00+00:00,218.49,218.81,218.49,218.49,22.86,11
2026-08-04 17:27:00+00:00,218.63,218.84,218.55,218.57,60.6,20
2026-08-04 17:28:00+00:00,218.49,218.52,218.4,218.52,23.81,12
2026-08-04 17:29:00+00:00,218.4,219.06,218.35,218.93,31.18,13
2026-08-04 17:30:00+00:00,218.77,219.18,218.74,219.12,12.41,11
2026-08-04 17:31:00+00:00,219.02,219.02,218.73,218.73,7.51,4
2026-08-04 17:32:00+00:00,218.77,219.04,218.75,219.04,6.52,6
2026-08-04 17:33:00+00:00,218.87,219.5,218.87,219.5,1.65,6
2026-08-04 17:34:00+00:00,219.41,219.41,219.01,219.29,80.12,19
2026-08-04 17:35:00+00:00,219.49,219.49,219.24,219.26,200.54,29
2026-08-04 17:36:00+00:00,219.41,219.43,219.33,219.35,1.19,6
2026-08-04 17:37:00+00:00,219.36,219.39,219.05,219.05,12.78,11
2026-08-04 17:38:00+00:00,219.05,219.25,219.05,219.25,1.09,5
2026-08-04 17:39:00+00:00,219.31,219.31,218.34,218.48,18.47,17
2026-08-04 17:40:00+00:00,218.3,218.3,217.84,218.01,23.95,19
2026-08-04 17:41:00+00:00,218.01,218.14,217.64,217.64,231.24,37
2026-08-04 17:42:00+00:00,217.7,217.7,217.36,217.36,61.2,14
2026-08-04 17:43:00+00:00,217.18,217.53,217.16,217.53,1.37,7
2026-08-04 17:44:00+00:00,217.54,217.84,217.53,217.53,1.67,7
2026-08-04 17:45:00+00:00,217.51,217.87,217.51,217.66,73.87,18
2026-08-04 17:46:00+00:00,217.77,217.97,217.72,217.94,14.56,11
2026-08-04 17:47:00+00:00,217.81,217.81,217.63,217.65,8.79,9
2026-08-04 17:48:00+00:00,217.74,217.95,217.56,217.89,10.53,13
2026-08-04 17:49:00+00:00,217.84,217.89,217.27,217.3,41.67,24
2026-08-04 17:50:00+00:00,217.31,217.31,215.88,215.98,671.92,85
2026-08-04 17:51:00+00:00,216.08,216.1,215.48,215.73,67.34,30
2026-08-04 17:52:00+00:00,215.76,215.84,215.46,215.84,29.68,18
2026-08-04 17:53:00+00:00,215.55,216.44,215.35,216.44,35.53,25
2026-08-04 17:54:00+00:00,216.41,217.19,216.37,217.09,33.67,22
2026-08-04 17:55:00+00:00,217.04,217.17,216.41,217.17,299.1,49
2026-08-04 17:56:00+00:00,217.13,217.58,217.09,217.52,12.35,13
2026-08-04 17:57:00+00:00,217.43,217.81,217.43,217.72,18.81,15
2026-08-04 17:58:00+00:00,218.06,219.92,218.06,219.47,855.35,95
2026-08-04 17:59:00+00:00,219.64,220.34,218.77,218.93,119.01,48
2026-08-04 18:00:00+00:00,219.25,219.43,219.05,219.13,29.87,22
2026-08-04 18:01:00+00:00,219.0,219.3,218.36,219.3,184.78,50
2026-08-04 18:02:00+00:00,219.27,219.56,219.0,219.17,80.59,27
2026-08-04 18:03:00+00:00,219.17,219.25,219.17,219.19,2.73,5
2026-08-04 18:04:00+00:00,219.21,219.21,218.7,218.71,51.55,26
2026-08-04 18:05:00+00:00,218.42,218.92,218.42,218.87,28.58,24
2026-08-04 18:06:00+00:00,218.62,218.76,218.61,218.61,33.04,14
2026-08-04 18:07:00+00:00,218.6,219.27,218.6,218.77,15.14,14
2026-08-04 18:08:00+00:00,218.8,218.82,218.43,218.67,73.7,30
2026-08-04 18:09:00+00:00,219.49,219.98,219.49,219.94,39.27,16
2026-08-04 18:10:00+00:00,219.88,220.3,219.87,220.2,337.65,38
2026-08-04 18:11:00+00:00,219.95,220.42,219.95,220.42,9.35,11
2026-08-04 18:12:00+00:00,220.37,220.97,220.37,220.84,29.55,14
2026-08-04 18:13:00+00:00,220.87,221.98,220.86,221.84,49.49,33
2026-08-04 18:14:00+00:00,221.92,222.32,221.86,222.32,28.07,16
2026-08-04 18:15:00+00:00,222.41,222.58,222.39,222.55,27.6,18
2026-08-04 18:16:00+00:00,222.79,223.77,222.79,223.22,320.42,59
2026-08-04 18:17:00+00:00,223.24,223.7,223.2,223.7,84.7,34
2026-08-04 18:18:00+00:00,223.91,224.63,223.86,223.94,98.96,44
2026-08-04 18:19:00+00:00,224.25,224.39,224.13,224.33,12.57,8
2026-08-04 18:20:00+00:00,224.13,224.37,224.0,224.34,9.85,8
2026-08-04 18:21:00+00:00,224.37,224.43,224.06,224.19,80.7,26
2026-08-04 18:22:00+00:00,224.16,224.31,223.96,224.08,30.05,11
2026-08-04 18:23:00+00:00,224.26,224.26,223.69,223.91,81.22,29
2026-08-04 18:24:00+00:00,224.04,224.14,221.64,221.9,1243.23,163
2026-08-04 18:25:00+00:00,221.96,222.24,221.53,221.86,205.88,51
2026-08-04 18:26:00+00:00,221.82,221.82,221.66,221.66,0.49,5
2026-08-04 18:27:00+00:00,221.75,221.78,221.44,221.44,11.42,10
2026-08-04 18:28:00+00:00,221.59,222.57,221.57,222.47,28.56,26
2026-08-04 18:29:00+00:00,222.63,222.73,222.28,222.42,7.0,9
2026-08-04 18:30:00+00:00,222.34,222.65,222.16,222.58,85.52,28
2026-08-04 18:31:00+00:00,222.75,222.79,222.36,222.36,192.36,37
2026-08-04 18:32:00+00:00,222.44,222.89,222.43,222.89,2.83,5
2026-08-04 18:33:00+00:00,222.85,223.99,222.85,223.06,1432.6,98
2026-08-04 18:34:00+00:00,223.11,223.11,222.79,222.9,80.08,33
2026-08-04 18:35:00+00:00,222.8,223.5,222.77,223.04,65.66,30
2026-08-04 18:36:00+00:00,222.99,223.38,222.91,222.92,21.72,12
2026-08-04 18:37:00+00:00,222.85,222.85,222.28,222.43,14.15,8
2026-08-04 18:38:00+00:00,222.48,222.81,222.48,222.56,47.34,15
2026-08-04 18:39:00+00:00,222.58,222.83,222.3,222.65,21.29,14
2026-08-04 18:40:00+00:00,222.73,223.02,222.65,222.8,25.04,15
2026-08-04 18:41:00+00:00,222.8,222.87,222.7,222.71,7.67,7
2026-08-04 18:42:00+00:00,222.38,222.53,222.19,222.23,27.92,15
2026-08-04 18:43:00+00:00,222.16,222.16,221.73,221.91,30.46,21
2026-08-04 18:44:00+00:00,221.98,222.11,221.93,221.93,15.86,9
2026-08-04 18:45:00+00:00,222.13,222.88,222.13,222.88,32.13,7
2026-08-04 18:46:00+00:00,222.69,223.55,222.64,223.39,74.42,28
2026-08-04 18:47:00+00:00,223.87,223.87,223.66,223.74,6.03,8
2026-08-04 18:48:00+00:00,223.59,223.59,223.33,223.48,22.94,6
2026-08-04 18:49:00+00:00,223.51,223.93,223.51,223.92,27.5,15
2026-08-04 18:50:00+00:00,223.91,224.26,223.91,223.98,16.87,14
2026-08-04 18:51:00+00:00,224.04,224.04,223.91,224.01,15.65,13
2026-08-04 18:52:00+00:00,224.18,224.2,223.79,223.8,14.18,11
2026-08-04 18:53:00+00:00,223.81,223.81,223.02,223.27,3.28,8
2026-08-04 18:54:00+00:00,223.08,223.43,223.05,223.43,23.43,17
2026-08-04 18:55:00+00:00,223.54,223.54,223.31,223.4,23.65,13
2026-08-04 18:56:00+00:00,223.2,223.83,223.15,223.83,21.55,12
2026-08-04 18:57:00+00:00,223.82,223.82,223.47,223.57,5.66,4
2026-08-04 18:58:00+00:00,223.55,223.58,223.47,223.58,5.7,5
2026-08-04 18:59:00+00:00,223.61,223.88,223.61,223.83,20.79,9
2026-08-04 19:00:00+00:00,223.97,224.69,223.8,224.69,20.51,19
2026-08-04 19:01:00+00:00,224.69,225.36,224.49,225.22,20.47,22
2026-08-04 19:02:00+00:00,225.29,225.35,225.17,225.35,7.95,9
2026-08-04 19:03:00+00:00,225.41,225.52,225.34,225.5,10.34,6
2026-08-04 19:04:00+00:00,225.71,226.0,225.71,225.9,258.59,64
2026-08-04 19:05:00+00:00,226.0,226.0,225.39,225.4,271.49,61
2026-08-04 19:06:00+00:00,225.6,225.68,225.6,225.68,3.47,3
2026-08-04 19:07:00+00:00,225.57,225.95,225.57,225.91,16.89,4
2026-08-04 19:08:00+00:00,225.86,225.86,225.54,225.54,0.17,2
2026-08-04 19:09:00+00:00,225.68,226.1,225.65,225.94,694.56,25
2026-08-04 19:10:00+00:00,226.12,226.12,226.0,226.01,89.82,27
2026-08-04 19:11:00+00:00,226.01,226.25,226.0,226.22,139.05,48
2026-08-04 19:12:00+00:00,226.48,226.58,226.14,226.34,557.1,63
2026-08-04 19:13:00+00:00,226.08,226.23,226.08,226.23,23.08,11
2026-08-04 19:14:00+00:00,226.18,226.19,226.18,226.19,0.13,2
2026-08-04 19:15:00+00:00,226.11,226.11,226.02,226.02,0.18,2
2026-08-04 19:16:00+00:00,226.13,226.49,226.13,226.49,34.85,11
2026-08-04 19:17:00+00:00,226.32,226.38,226.14,226.14,22.36,15
2026-08-04 19:18:00+00:00,226.03,226.27,225.95,226.2,7.73,8
2026-08-04 19:19:00+00:00,226.22,226.71,226.22,226.27,14.0,13
2026-08-04 19:20:00+00:00,226.24,226.62,226.24,226.39,8.05,9
2026-08-04 19:21:00+00:00,226.34,226.91,226.3,226.42,35.97,22
2026-08-04 19:22:00+00:00,226.39,226.39,225.81,225.82,8.78,14
2026-08-04 19:23:00+00:00,225.88,226.05,225.83,226.05,6.75,12
2026-08-04 19:24:00+00:00,225.98,226.03,225.46,225.49,2.52,7
2026-08-04 19:25:00+00:00,225.64,225.89,225.39,225.39,11.97,12
2026-08-04 19:26:00+00:00,225.35,225.4,225.09,225.09,8.72,9
2026-08-04 19:27:00+00:00,225.12,225.24,225.0,225.09,26.78,15
2026-08-04 19:28:00+00:00,225.05,225.08,224.56,224.88,58.05,31
2026-08-04 19:29:00+00:00,224.66,224.66,224.42,224.55,24.52,18
2026-08-04 19:30:00+00:00,224.61,224.75,224.18,224.53,193.77,37
2026-08-04 19:31:00+00:00,224.39,224.39,223.68,223.93,18.26,20
2026-08-04 19:32:00+00:00,224.24,224.3,223.4,223.85,713.1,52
2026-08-04 19:33:00+00:00,223.79,223.96,223.79,223.92,43.68,19
2026-08-04 19:34:00+00:00,223.85,224.11,223.66,223.78,6.38,9
2026-08-04 19:35:00+00:00,223.66,223.81,223.66,223.73,52.29,15
2026-08-04 19:36:00+00:00,223.77,223.83,223.72,223.83,1.94,6
2026-08-04 19:37:00+00:00,224.0,224.37,224.0,224.33,6.82,10
2026-08-04 19:38:00+00:00,224.55,224.55,224.37,224.39,18.89,13
2026-08-04 19:39:00+00:00,224.75,225.04,224.54,224.54,44.82,26
2026-08-04 19:40:00+00:00,224.62,224.84,224.34,224.84,2.32,8
2026-08-04 19:41:00+00:00,224.83,225.26,224.83,225.26,23.69,19
2026-08-04 19:42:00+00:00,225.17,225.41,225.17,225.21,10.5,9
2026-08-04 19:43:00+00:00,225.21,225.21,224.59,225.02,22.19,20
2026-08-04 19:44:00+00:00,225.21,225.61,225.18,225.6,23.95,19
2026-08-04 19:45:00+00:00,225.59,225.7,225.12,225.13,184.37,38
2026-08-04 19:46:00+00:00,225.38,225.38,225.02,225.03,27.76,18
2026-08-04 19:47:00+00:00,224.72,224.88,224.27,224.27,5.76,6
2026-08-04 19:48:00+00:00,224.26,224.46,224.26,224.38,6.58,9
2026-08-04 19:49:00+00:00,224.54,224.58,224.36,224.36,18.53,17
2026-08-04 19:50:00+00:00,224.3,224.47,224.01,224.25,87.47,52
2026-08-04 19:51:00+00:00,224.15,224.17,223.65,223.65,24.05,15
2026-08-04 19:52:00+00:00,223.58,224.16,223.58,224.05,98.89,43
2026-08-04 19:53:00+00:00,224.09,224.74,223.82,224.74,250.32,57
2026-08-04 19:54:00+00:00,224.65,226.01,224.65,225.78,281.52,115
2026-08-04 19:55:00+00:00,225.73,226.15,225.31,225.97,42.93,38
2026-08-04 19:56:00+00:00,226.0,226.63,226.0,226.56,16.22,17
2026-08-04 19:57:00+00:00,226.44,226.44,226.16,226.16,18.81,20
2026-08-04 19:58:00+00:00,226.01,226.56,226.01,226.49,39.27,44
2026-08-04 19:59:00+00:00,226.45,227.81,226.45,227.22,621.53,83
2026-08-04 20:00:00+00:00,227.08,227.54,226.25,226.26,53.88,53
2026-08-04 20:01:00+00:00,226.38,226.38,225.83,225.86,17.08,17
2026-08-04 20:02:00+00:00,225.86,226.14,225.79,226.02,34.23,18
2026-08-04 20:03:00+00:00,225.9,225.99,225.49,225.49,41.64,25
2026-08-04 20:04:00+00:00,225.69,225.93,225.69,225.71,31.12,27
2026-08-04 20:05:00+00:00,225.71,226.41,225.56,226.26,21.19,28
2026-08-04 20:06:00+00:00,226.26,226.41,226.04,226.09,155.25,47
2026-08-04 20:07:00+00:00,226.09,226.09,225.8,225.8,4.21,8
2026-08-04 20:08:00+00:00,225.79,227.13,225.79,226.77,33.24,27
2026-08-04 20:09:00+00:00,226.85,226.93,226.51,226.55,34.51,26
2026-08-04 20:10:00+00:00,226.33,226.33,225.72,225.88,20.85,14
2026-08-04 20:11:00+00:00,225.87,225.91,225.16,225.23,392.69,91
2026-08-04 20:12:00+00:00,225.31,225.58,225.21,225.21,42.55,37
2026-08-04 20:13:00+00:00,225.28,225.47,225.18,225.18,59.14,33
2026-08-04 20:14:00+00:00,225.1,225.4,224.88,225.4,208.2,29
2026-08-04 20:15:00+00:00,225.17,225.17,224.05,224.25,891.63,276
2026-08-04 20:16:00+00:00,224.26,224.31,222.93,223.1,583.54,184
2026-08-04 20:17:00+00:00,223.33,224.07,223.21,223.22,190.51,73
2026-08-04 20:18:00+00:00,223.36,223.64,222.6,222.86,798.77,102
2026-08-04 20:19:00+00:00,222.96,222.96,222.31,222.61,194.82,102
2026-08-04 20:20:00+00:00,222.56,223.51,222.56,223.32,116.21,57
2026-08-04 20:21:00+00:00,223.36,223.7,223.01,223.7,17.9,19
2026-08-04 20:22:00+00:00,223.95,224.08,223.58,223.96,64.71,39
2026-08-04 20:23:00+00:00,223.7,224.91,223.7,224.91,48.19,28
2026-08-04 20:24:00+00:00,224.41,224.46,223.44,223.68,52.23,41
2026-08-04 20:25:00+00:00,224.04,224.44,223.71,224.39,60.32,39
2026-08-04 20:26:00+00:00,224.02,224.16,223.86,223.87,115.28,27
2026-08-04 20:27:00+00:00,223.96,223.96,222.96,223.03,34.24,15
2026-08-04 20:28:00+00:00,222.98,223.1,222.91,222.97,143.19,56
2026-08-04 20:29:00+00:00,222.95,223.12,222.91,222.96,31.63,23
2026-08-04 20:30:00+00:00,223.0,223.32,223.0,223.21,3.83,11
2026-08-04 20:31:00+00:00,223.1,223.35,223.01,223.09,29.33,35
2026-08-04 20:32:00+00:00,223.25,223.25,222.14,222.3,24.69,29
2026-08-04 20:33:00+00:00,222.5,222.5,222.2,222.31,13.69,29
2026-08-04 20:34:00+00:00,222.04,222.04,221.71,221.82,32.92,23
2026-08-04 20:35:00+00:00,221.82,222.12,221.24,221.24,43.95,38
2026-08-04 20:36:00+00:00,221.34,221.75,221.27,221.7,40.03,33
2026-08-04 20:37:00+00:00,221.74,221.74,220.52,220.59,390.9,93
2026-08-04 20:38:00+00:00,220.55,221.4,220.54,221.34,343.45,76
2026-08-04 20:39:00+00:00,221.36,221.71,221.36,221.71,4.78,15
2026-08-04 20:40:00+00:00,221.6,222.0,221.46,221.96,39.4,29
2026-08-04 20:41:00+00:00,221.95,222.0,221.62,222.0,27.93,25
2026-08-04 20:42:00+00:00,222.0,222.2,222.0,222.08,34.86,14
2026-08-04 20:43:00+00:00,222.13,222.72,222.13,222.29,51.5,36
2026-08-04 20:44:00+00:00,222.25,222.32,222.17,222.31,5.52,12
2026-08-04 20:45:00+00:00,222.27,222.42,221.81,221.84,8.02,14
2026-08-04 20:46:00+00:00,221.84,221.98,221.53,221.87,23.4,16
2026-08-04 20:47:00+00:00,221.81,222.13,221.75,222.0,27.13,22
2026-08-04 20:48:00+00:00,222.02,222.2,221.97,222.2,1.39,6
2026-08-04 20:49:00+00:00,222.17,222.47,222.17,222.46,25.35,27
2026-08-04 20:50:00+00:00,222.02,222.02,221.58,221.77,15.89,25
2026-08-04 20:51:00+00:00,221.6,221.61,221.5,221.57,6.91,14
2026-08-04 20:52:00+00:00,221.54,221.62,221.37,221.43,10.81,15
2026-08-04 20:53:00+00:00,221.45,221.54,221.42,221.54,9.2,18
2026-08-04 20:54:00+00:00,221.55,221.6,221.43,221.43,4.26,9
2026-08-04 20:55:00+00:00,221.55,221.87,221.51,221.87,7.92,13
2026-08-04 20:56:00+00:00,221.92,221.98,221.76,221.9,6.86,14
2026-08-04 20:57:00+00:00,221.92,222.51,221.91,222.51,8.98,11
2026-08-04 20:58:00+00:00,222.26,222.44,222.09,222.44,22.23,28
2026-08-04 20:59:00+00:00,222.38,222.43,222.18,222.26,8.79,16
2026-08-04 21:00:00+00:00,222.12,222.12,221.8,221.96,19.45,22
2026-08-04 21:01:00+00:00,221.83,221.9,221.66,221.89,319.61,72
2026-08-04 21:02:00+00:00,221.94,222.47,221.94,222.27,9.63,19
2026-08-04 21:03:00+00:00,222.17,222.66,222.09,222.66,14.81,14
2026-08-04 21:04:00+00:00,222.61,222.69,222.19,222.19,42.04,25
2026-08-04 21:05:00+00:00,222.19,222.27,222.08,222.18,52.65,36
2026-08-04 21:06:00+00:00,222.17,222.35,222.11,222.32,6.19,14
2026-08-04 21:07:00+00:00,222.24,222.3,221.89,221.94,8.05,12
2026-08-04 21:08:00+00:00,221.96,221.97,221.76,221.93,12.9,22
2026-08-04 21:09:00+00:00,221.94,222.24,221.94,222.14,7.66,12
2026-08-04 21:10:00+00:00,222.03,222.23,221.92,221.99,19.98,12
2026-08-04 21:11:00+00:00,221.99,222.17,221.81,221.86,11.26,17
2026-08-04 21:12:00+00:00,221.81,222.27,221.81,221.97,7.46,12
2026-08-04 21:13:00+00:00,221.91,222.08,221.81,221.83,10.65,16
2026-08-04 21:14:00+00:00,221.86,222.33,221.86,222.31,20.72,29
2026-08-04 21:15:00+00:00,222.18,222.67,222.18,222.35,17.97,21
2026-08-04 21:16:00+00:00,222.29,222.34,222.12,222.12,10.33,12
2026-08-04 21:17:00+00:00,222.1,222.43,221.98,222.25,24.52,22
2026-08-04 21:18:00+00:00,222.32,222.59,222.29,222.59,9.29,13
2026-08-04 21:19:00+00:00,222.52,222.61,222.44,222.56,14.73,25
2026-08-04 21:20:00+00:00,222.57,222.66,222.13,222.2,9.05,17
2026-08-04 21:21:00+00:00,222.18,222.25,221.94,222.07,10.76,13
2026-08-04 21:22:00+00:00,222.12,222.24,222.12,222.16,7.83,17
2026-08-04 21:23:00+00:00,222.08,222.26,222.08,222.2,7.77,14
2026-08-04 21:24:00+00:00,222.15,222.17,221.92,222.12,53.0,51
2026-08-04 21:25:00+00:00,222.09,222.11,221.91,221.94,11.13,15
2026-08-04 21:26:00+00:00,222.06,222.06,221.91,222.03,6.27,14
2026-08-04 21:27:00+00:00,222.12,222.12,221.75,221.75,7.53,16
2026-08-04 21:28:00+00:00,221.74,221.84,221.72,221.78,12.55,21
2026-08-04 21:29:00+00:00,221.87,221.96,221.83,221.89,6.99,15
2026-08-04 21:30:00+00:00,221.86,222.09,221.86,222.09,10.53,22
2026-08-04 21:31:00+00:00,222.11,222.18,222.06,222.18,9.97,23
2026-08-04 21:32:00+00:00,222.17,222.17,222.0,222.14,8.35,20
2026-08-04 21:33:00+00:00,222.22,222.27,222.0,222.18,100.63,30
2026-08-04 21:34:00+00:00,222.12,222.17,222.07,222.1,7.94,16
2026-08-04 21:35:00+00:00,222.08,222.08,221.85,221.86,10.22,25
2026-08-04 21:36:00+00:00,221.86,221.98,221.82,221.83,8.77,13
2026-08-04 21:37:00+00:00,221.82,221.93,221.78,221.91,12.08,19
2026-08-04 21:38:00+00:00,221.9,222.07,221.9,222.03,14.14,24
2026-08-04 21:39:00+00:00,222.1,222.1,221.82,221.96,32.03,32
2026-08-04 21:40:00+00:00,221.95,221.99,221.8,221.9,42.55,54
2026-08-04 21:41:00+00:00,221.9,222.05,221.89,222.01,10.12,26
2026-08-04 21:42:00+00:00,222.02,222.05,221.77,221.96,6.28,22
2026-08-04 21:43:00+00:00,221.99,222.03,221.67,221.85,4.82,15
2026-08-04 21:44:00+00:00,221.74,222.32,221.41,222.17,348.75,103
2026-08-04 21:45:00+00:00,222.16,222.29,222.04,222.05,5.46,16
2026-08-04 21:46:00+00:00,222.03,222.22,222.03,222.21,5.39,19
2026-08-04 21:47:00+00:00,222.19,222.19,222.15,222.15,4.04,10
2026-08-04 21:48:00+00:00,222.05,222.08,222.03,222.08,2.71,9
2026-08-04 21:49:00+00:00,222.05,222.06,222.05,222.06,0.67,6
2026-08-04 21:50:00+00:00,222.05,222.08,221.76,221.83,4.0,12
2026-08-04 21:51:00+00:00,221.8,221.84,221.74,221.83,10.48,25
2026-08-04 21:52:00+00:00,221.68,221.77,221.62,221.63,5.9,15
2026-08-04 21:53:00+00:00,221.62,221.87,221.56,221.75,54.8,53
2026-08-04 21:54:00+00:00,221.68,221.68,221.52,221.54,39.3,62
2026-08-04 21:55:00+00:00,221.51,221.82,221.51,221.81,2.27,9
2026-08-04 21:56:00+00:00,221.84,221.84,221.72,221.82,1.13,6
2026-08-04 21:57:00+00:00,221.63,221.78,221.42,221.46,6.4,12
2026-08-04 21:58:00+00:00,221.46,221.88,221.46,221.88,1.52,8
2026-08-04 21:59:00+00:00,221.88,221.92,221.88,221.91,0.72,6
2026-08-04 22:00:00+00:00,221.9,222.09,221.69,221.78,38.04,22
2026-08-04 22:01:00+00:00,221.73,221.75,221.43,221.57,4.66,9
2026-08-04 22:02:00+00:00,221.4,221.43,221.23,221.23,3.52,12
2026-08-04 22:03:00+00:00,221.23,221.4,221.18,221.4,52.02,43
2026-08-04 22:04:00+00:00,221.42,221.57,221.42,221.57,5.2,18
2026-08-04 22:05:00+00:00,221.59,221.81,221.59,221.67,393.53,79
2026-08-04 22:06:00+00:00,221.69,221.72,221.66,221.72,0.71,7
2026-08-04 22:07:00+00:00,221.73,222.04,221.73,221.91,1.57,9
2026-08-04 22:08:00+00:00,221.91,222.02,221.85,221.85,2.31,12
2026-08-04 22:09:00+00:00,221.8,221.9,221.72,221.78,1.05,7
2026-08-04 22:10:00+00:00,221.73,221.85,221.73,221.85,1.05,6
2026-08-04 22:11:00+00:00,221.82,221.93,221.78,221.86,6.15,11
2026-08-04 22:12:00+00:00,221.88,221.95,221.76,221.95,6.29,14
2026-08-04 22:13:00+00:00,222.06,222.09,222.0,222.01,0.78,8
2026-08-04 22:14:00+00:00,222.02,222.02,221.94,222.01,5.5,17
2026-08-04 22:15:00+00:00,221.97,222.05,221.97,222.05,7.99,7
2026-08-04 22:16:00+00:00,222.18,222.18,221.91,222.11,6.06,15
2026-08-04 22:17:00+00:00,222.15,222.28,222.15,222.23,7.28,15
2026-08-04 22:18:00+00:00,222.2,222.28,222.2,222.24,1.78,8
2026-08-04 22:19:00+00:00,222.2,222.48,222.2,222.42,10.84,23
2026-08-04 22:20:00+00:00,222.44,222.57,222.44,222.48,6.88,11
2026-08-04 22:21:00+00:00,222.52,222.68,222.5,222.68,1.05,6
2026-08-04 22:22:00+00:00,222.53,222.58,222.49,222.51,1.45,7
2026-08-04 22:23:00+00:00,222.39,222.41,222.34,222.36,0.55,4
2026-08-04 22:24:00+00:00,222.32,222.33,222.3,222.3,0.59,3
2026-08-04 22:25:00+00:00,222.16,222.16,221.82,221.86,15.79,14
2026-08-04 22:26:00+00:00,221.97,221.97,221.86,221.91,2.79,12
2026-08-04 22:27:00+00:00,222.05,222.06,221.95,221.96,0.61,4
2026-08-04 22:28:00+00:00,222.02,222.11,222.02,222.03,0.82,5
2026-08-04 22:29:00+00:00,222.1,222.21,222.1,222.21,0.84,7
2026-08-04 22:30:00+00:00,222.16,222.28,222.12,222.26,3.79,12
2026-08-04 22:31:00+00:00,222.48,222.57,222.48,222.57,0.6,2
2026-08-04 22:32:00+00:00,222.66,222.71,222.66,222.71,0.55,2
2026-08-04 22:33:00+00:00,222.6,222.65,222.59,222.59,0.79,3
2026-08-04 22:34:00+00:00,222.58,222.67,222.58,222.62,1.37,4
2026-08-04 22:35:00+00:00,222.56,222.58,222.52,222.55,1.47,7
2026-08-04 22:36:00+00:00,222.64,222.73,222.56,222.56,1.23,8
2026-08-04 22:37:00+00:00,222.58,222.63,222.34,222.39,3.82,20
2026-08-04 22:38:00+00:00,222.47,222.47,222.4,222.4,0.51,3
2026-08-04 22:39:00+00:00,222.33,222.38,222.16,222.31,2.05,11
2026-08-04 22:40:00+00:00,222.36,222.37,222.35,222.37,0.5,4
2026-08-04 22:41:00+00:00,222.38,222.44,222.38,222.44,0.63,3
2026-08-04 22:42:00+00:00,222.24,222.3,222.09,222.16,51.86,18
2026-08-04 22:43:00+00:00,222.31,222.32,222.12,222.12,4.2,11
2026-08-04 22:44:00+00:00,221.95,222.11,221.95,222.11,1.9,8
2026-08-04 22:45:00+00:00,222.23,222.28,222.22,222.23,1.07,5
2026-08-04 22:46:00+00:00,222.32,222.38,222.32,222.38,0.67,4
2026-08-04 22:47:00+00:00,222.43,222.56,222.43,222.56,3.23,9
2026-08-04 22:48:00+00:00,222.29,222.38,222.29,222.38,0.56,4
2026-08-04 22:49:00+00:00,222.31,222.31,222.23,222.23,0.81,5
2026-08-04 22:50:00+00:00,222.24,222.24,222.15,222.19,1.5,6
2026-08-04 22:51:00+00:00,222.23,222.23,222.15,222.15,0.74,5
2026-08-04 22:52:00+00:00,222.25,222.31,222.14,222.14,2.18,10
2026-08-04 22:53:00+00:00,222.09,222.14,222.02,222.14,2.06,11
2026-08-04 22:54:00+00:00,222.06,222.16,222.06,222.06,1.45,6
2026-08-04 22:55:00+00:00,222.16,222.26,222.07,222.07,1.33,7
2026-08-04 22:56:00+00:00,222.1,222.15,222.09,222.1,0.92,6
2026-08-04 22:57:00+00:00,222.08,222.18,222.08,222.18,0.71,5
2026-08-04 22:58:00+00:00,222.34,222.53,222.34,222.53,1.45,7
2026-08-04 22:59:00+00:00,222.43,222.5,222.38,222.44,2.28,9
2026-08-04 23:00:00+00:00,222.42,222.42,222.15,222.16,4.79,19
2026-08-04 23:01:00+00:00,222.1,222.17,222.0,222.13,21.59,34
2026-08-04 23:02:00+00:00,222.15,222.21,222.15,222.21,0.95,5
2026-08-04 23:03:00+00:00,222.16,222.35,222.1,222.34,5.03,13
2026-08-04 23:04:00+00:00,222.38,222.51,222.17,222.42,8.16,32
2026-08-04 23:05:00+00:00,222.42,222.45,222.3,222.4,12.62,37
2026-08-04 23:06:00+00:00,222.51,222.51,222.44,222.45,3.89,5
2026-08-04 23:07:00+00:00,222.46,222.49,222.41,222.44,1.31,10
2026-08-04 23:08:00+00:00,222.33,222.44,222.27,222.44,1.49,4
2026-08-04 23:09:00+00:00,222.5,222.55,222.47,222.55,0.82,5
2026-08-04 23:10:00+00:00,222.52,222.68,222.52,222.67,5.53,18
2026-08-04 23:11:00+00:00,222.8,223.11,222.8,223.0,24.67,21
2026-08-04 23:12:00+00:00,223.0,223.27,223.0,223.21,16.93,8
2026-08-04 23:13:00+00:00,223.21,223.27,223.21,223.27,3.15,12
2026-08-04 23:14:00+00:00,223.26,223.47,223.26,223.38,70.18,23
2026-08-04 23:15:00+00:00,223.38,223.39,223.33,223.33,2.34,11
2026-08-04 23:16:00+00:00,223.24,223.31,223.24,223.31,0.56,3
2026-08-04 23:17:00+00:00,223.27,223.39,223.27,223.39,1.74,4
2026-08-04 23:18:00+00:00,223.34,223.43,223.27,223.43,4.91,13
2026-08-04 23:19:00+00:00,223.38,223.42,223.38,223.42,8.63,22
2026-08-04 23:20:00+00:00,223.32,223.42,223.3,223.42,9.54,17
2026-08-04 23:21:00+00:00,223.42,223.45,223.38,223.45,0.61,4
2026-08-04 23:22:00+00:00,223.41,223.42,223.21,223.36,1.36,7
2026-08-04 23:23:00+00:00,223.31,223.31,223.21,223.21,0.94,3
2026-08-04 23:24:00+00:00,223.15,223.18,223.04,223.04,3.74,11
2026-08-04 23:25:00+00:00,223.04,223.05,222.95,222.95,7.23,22
2026-08-04 23:26:00+00:00,222.99,223.03,222.88,222.95,2.15,6
2026-08-04 23:27:00+00:00,223.05,223.14,223.05,223.14,0.51,4
2026-08-04 23:28:00+00:00,223.06,223.06,222.9,222.9,1.0,4
2026-08-04 23:29:00+00:00,222.89,222.89,222.8,222.8,4.78,8
2026-08-04 23:30:00+00:00,222.76,222.76,222.66,222.7,75.24,29
2026-08-04 23:31:00+00:00,222.7,222.71,222.63,222.63,210.67,37
2026-08-04 23:32:00+00:00,222.69,222.81,222.69,222.81,1.59,9
2026-08-04 23:33:00+00:00,222.72,222.73,222.63,222.72,7.54,25
2026-08-04 23:34:00+00:00,222.66,222.7,222.63,222.65,13.53,44
2026-08-04 23:35:00+00:00,222.65,222.8,222.63,222.77,16.48,41
2026-08-04 23:36:00+00:00,222.66,222.67,222.56,222.56,2.12,16
2026-08-04 23:37:00+00:00,222.58,222.69,222.58,222.66,0.64,5
2026-08-04 23:38:00+00:00,222.65,222.65,222.56,222.64,1.39,12
2026-08-04 23:39:00+00:00,222.54,222.69,222.54,222.62,2.33,15
2026-08-04 23:40:00+00:00,222.72,222.99,222.61,222.96,4.36,23
2026-08-04 23:41:00+00:00,222.88,223.14,222.86,223.02,34.99,27
2026-08-04 23:42:00+00:00,223.01,223.13,223.01,223.08,0.77,8
2026-08-04 23:43:00+00:00,223.07,223.23,223.07,223.23,1.5,15
2026-08-04 23:44:00+00:00,223.16,223.16,222.88,222.88,56.34,24
2026-08-04 23:45:00+00:00,222.91,223.04,222.91,223.01,1.49,7
2026-08-04 23:46:00+00:00,223.1,223.19,223.08,223.08,1.12,8
2026-08-04 23:47:00+00:00,223.14,223.74,223.13,223.66,37.78,51
2026-08-04 23:48:00+00:00,223.64,223.64,223.43,223.43,1.17,10
2026-08-04 23:49:00+00:00,223.39,223.4,223.34,223.34,0.89,6
2026-08-04 23:50:00+00:00,223.33,223.33,223.26,223.3,1.8,9
2026-08-04 23:51:00+00:00,223.44,223.62,223.44,223.62,3.58,9
2026-08-04 23:52:00+00:00,223.69,223.69,223.42,223.42,6.14,16
2026-08-04 23:53:00+00:00,223.34,223.47,223.34,223.4,1.59,10
2026-08-04 23:54:00+00:00,223.59,223.59,223.53,223.53,0.26,2
2026-08-04 23:55:00+00:00,223.59,223.63,223.59,223.63,2.23,5
2026-08-04 23:56:00+00:00,223.56,223.71,223.37,223.37,28.87,17
2026-08-04 23:57:00+00:00,223.37,223.39,223.37,223.39,0.19,2
2026-08-04 23:58:00+00:00,223.47,223.57,223.47,223.57,0.91,6
2026-08-04 23:59:00+00:00,223.85,223.88,223.72,223.73,14.79,21
2026-08-05 00:00:00+00:00,223.66,224.44,222.99,222.99,15.94,54
2026-08-05 00:01:00+00:00,223.13,223.13,223.06,223.1,2.18,13
2026-08-05 00:02:00+00:00,223.07,223.07,223.06,223.06,1.34,4
2026-08-05 00:03:00+00:00,223.17,223.19,223.17,223.19,5.15,10
2026-08-05 00:04:00+00:00,223.34,223.8,223.34,223.72,3.97,11
2026-08-05 00:05:00+00:00,223.68,223.68,223.59,223.63,1.82,6
2026-08-05 00:06:00+00:00,223.62,223.63,223.62,223.63,1.53,13
2026-08-05 00:07:00+00:00,223.63,223.63,223.63,223.63,0.0,0
2026-08-05 00:08:00+00:00,223.55,223.55,223.45,223.45,0.23,2
2026-08-05 00:09:00+00:00,223.45,223.45,223.45,223.45,0.0,0
2026-08-05 00:10:00+00:00,223.45,223.45,223.45,223.45,0.0,0
2026-08-05 00:11:00+00:00,223.05,223.09,223.04,223.09,33.36,12
2026-08-05 00:12:00+00:00,222.92,223.02,222.92,222.97,36.19,16
2026-08-05 00:13:00+00:00,222.87,223.14,222.85,223.14,86.72,36
2026-08-05 00:14:00+00:00,223.17,223.17,223.17,223.17,0.01,1
2026-08-05 00:15:00+00:00,223.21,223.21,223.2,223.2,0.27,3
2026-08-05 00:16:00+00:00,223.2,223.2,223.03,223.03,18.87,12
2026-08-05 00:17:00+00:00,223.03,223.03,223.03,223.03,0.0,0
2026-08-05 00:18:00+00:00,223.0,223.08,222.98,222.99,1.98,6
2026-08-05 00:19:00+00:00,223.17,223.17,223.16,223.16,0.18,2
2026-08-05 00:20:00+00:00,222.92,222.92,222.92,222.92,0.08,1
2026-08-05 00:21:00+00:00,222.94,222.94,222.94,222.94,0.32,2
2026-08-05 00:22:00+00:00,222.94,222.94,222.94,222.94,0.0,0
2026-08-05 00:23:00+00:00,223.2,223.2,223.2,223.2,0.09,1
2026-08-05 00:24:00+00:00,223.2,223.2,223.2,223.2,0.0,0
2026-08-05 00:25:00+00:00,223.2,223.2,223.2,223.2,0.0,0
2026-08-05 00:26:00+00:00,223.32,223.32,223.32,223.32,0.15,1
2026-08-05 00:27:00+00:00,223.41,223.41,223.38,223.38,0.33,4
2026-08-05 00:28:00+00:00,223.38,223.38,223.32,223.32,1.74,7
2026-08-05 00:29:00+00:00,223.32,223.32,223.32,223.32,0.0,0
2026-08-05 00:30:00+00:00,223.32,223.32,223.32,223.32,0.0,0
2026-08-05 00:31:00+00:00,223.62,223.62,223.62,223.62,0.07,1
2026-08-05 00:32:00+00:00,223.39,223.39,223.39,223.39,0.09,1
2026-08-05 00:33:00+00:00,223.39,223.39,223.39,223.39,0.0,0
2026-08-05 00:34:00+00:00,223.31,223.37,223.31,223.37,0.17,2
2026-08-05 00:35:00+00:00,223.45,223.55,223.39,223.39,12.02,14
2026-08-05 00:36:00+00:00,223.36,223.57,223.36,223.43,6.75,7
2026-08-05 00:37:00+00:00,223.43,223.43,223.43,223.43,4.42,1
2026-08-05 00:38:00+00:00,223.3,223.3,223.24,223.28,2.37,4
2026-08-05 00:39:00+00:00,223.13,223.13,223.0,223.01,3.1,3
2026-08-05 00:40:00+00:00,223.07,223.07,223.01,223.01,25.0,7
2026-08-05 00:41:00+00:00,222.81,222.81,222.81,222.81,0.18,2
2026-08-05 00:42:00+00:00,223.25,223.27,223.11,223.11,0.84,6
2026-08-05 00:43:00+00:00,223.15,223.15,223.15,223.15,0.6,4
2026-08-05 00:44:00+00:00,223.1,223.11,223.1,223.1,3.95,8
2026-08-05 00:45:00+00:00,222.9,222.9,222.78,222.78,23.66,18
2026-08-05 00:46:00+00:00,222.78,222.78,222.78,222.78,0.0,0
2026-08-05 00:47:00+00:00,222.79,222.79,222.79,222.79,13.91,5
2026-08-05 00:48:00+00:00,222.43,222.45,222.4,222.44,2.33,12
2026-08-05 00:49:00+00:00,222.45,222.51,222.41,222.49,13.29,26
2026-08-05 00:50:00+00:00,222.51,222.51,222.51,222.51,0.13,1
2026-08-05 00:51:00+00:00,222.51,222.51,222.51,222.51,0.0,0
2026-08-05 00:52:00+00:00,222.51,222.51,222.51,222.51,0.0,0
2026-08-05 00:53:00+00:00,222.38,222.38,222.2,222.23,0.82,6
2026-08-05 00:54:00+00:00,222.08,222.08,222.08,222.08,12.34,2
2026-08-05 00:55:00+00:00,221.99,221.99,221.91,221.91,0.22,2
2026-08-05 00:56:00+00:00,221.91,221.91,221.91,221.91,0.0,0
2026-08-05 00:57:00+00:00,221.91,221.91,221.91,221.91,0.0,0
2026-08-05 00:58:00+00:00,221.91,221.91,221.91,221.91,0.0,0
2026-08-05 00:59:00+00:00,222.08,222.22,222.06,222.22,2.81,4
2026-08-05 01:00:00+00:00,222.08,222.09,221.86,221.91,19.0,14
2026-08-05 01:01:00+00:00,221.96,221.96,221.6,221.76,0.87,10
2026-08-05 01:02:00+00:00,221.7,221.7,221.32,221.33,7.36,16
2026-08-05 01:03:00+00:00,221.18,221.27,221.06,221.27,55.28,52
2026-08-05 01:04:00+00:00,221.5,221.5,221.42,221.42,1.54,5
2026-08-05 01:05:00+00:00,221.56,221.7,221.53,221.7,1.73,9
2026-08-05 01:06:00+00:00,221.86,221.91,221.86,221.86,10.21,10
2026-08-05 01:07:00+00:00,221.86,221.92,221.86,221.92,3.15,11
2026-08-05 01:08:00+00:00,221.86,221.86,221.86,221.86,1.88,8
2026-08-05 01:09:00+00:00,221.9,221.9,221.9,221.9,0.14,1
2026-08-05 01:10:00+00:00,221.9,221.9,221.9,221.9,0.0,0
2026-08-05 01:11:00+00:00,222.21,222.24,222.21,222.24,0.56,4
2026-08-05 01:12:00+00:00,222.16,222.16,222.16,222.16,0.14,1
2026-08-05 01:13:00+00:00,221.94,222.02,221.6,221.6,1.14,10
2026-08-05 01:14:00+00:00,221.62,221.8,221.62,221.66,1.08,10
2026-08-05 01:15:00+00:00,221.58,221.68,221.33,221.33,7.57,12
2026-08-05 01:16:00+00:00,221.37,221.37,221.37,221.37,4.44,1
2026-08-05 01:17:00+00:00,221.23,221.28,221.19,221.26,0.54,7
2026-08-05 01:18:00+00:00,221.26,221.26,221.26,221.26,0.0,0
2026-08-05 01:19:00+00:00,221.23,221.23,221.23,221.23,0.08,1
2026-08-05 01:20:00+00:00,221.34,221.42,221.34,221.42,5.09,2
2026-08-05 01:21:00+00:00,221.3,221.3,221.25,221.25,2.91,2
2026-08-05 01:22:00+00:00,221.25,221.25,221.25,221.25,0.0,0
2026-08-05 01:23:00+00:00,221.27,221.27,221.2,221.2,0.22,2
2026-08-05 01:24:00+00:00,221.03,221.03,221.03,221.03,2.81,1
2026-08-05 01:25:00+00:00,220.76,220.88,220.55,220.55,10.06,20
2026-08-05 01:26:00+00:00,220.54,220.54,220.35,220.35,1.27,6
2026-08-05 01:27:00+00:00,220.52,220.73,220.52,220.73,0.92,7
2026-08-05 01:28:00+00:00,220.75,221.04,220.75,220.9,13.9,15
2026-08-05 01:29:00+00:00,220.54,220.54,220.54,220.54,2.34,6
2026-08-05 01:30:00+00:00,220.98,221.49,220.98,221.47,23.21,9
2026-08-05 01:31:00+00:00,221.44,221.44,221.27,221.32,0.68,7
2026-08-05 01:32:00+00:00,221.45,221.67,221.45,221.67,8.8,8
2026-08-05 01:33:00+00:00,221.64,221.73,221.64,221.71,65.74,17
2026-08-05 01:34:00+00:00,221.25,221.33,221.19,221.28,0.79,10
2026-08-05 01:35:00+00:00,221.33,221.47,221.33,221.4,1.33,11
2026-08-05 01:36:00+00:00,221.4,221.4,221.4,221.4,0.0,0
2026-08-05 01:37:00+00:00,221.41,221.41,221.4,221.4,5.28,7
2026-08-05 01:38:00+00:00,221.4,221.4,221.4,221.4,1.7,2
2026-08-05 01:39:00+00:00,221.66,221.68,221.66,221.68,4.65,3
2026-08-05 01:40:00+00:00,221.63,221.63,221.63,221.63,0.14,1
2026-08-05 01:41:00+00:00,221.63,221.63,221.63,221.63,0.0,0
2026-08-05 01:42:00+00:00,221.63,221.63,221.63,221.63,0.0,0
2026-08-05 01:43:00+00:00,221.63,221.63,221.63,221.63,0.0,0
2026-08-05 01:44:00+00:00,221.63,221.63,221.63,221.63,0.0,0
2026-08-05 01:45:00+00:00,221.79,221.79,221.79,221.79,0.05,1
2026-08-05 01:46:00+00:00,221.79,221.79,221.79,221.79,0.0,0
2026-08-05 01:47:00+00:00,221.79,221.79,221.79,221.79,0.0,0
2026-08-05 01:48:00+00:00,222.34,222.38,222.34,222.38,0.39,3
2026-08-05 01:49:00+00:00,222.27,222.28,222.26,222.26,0.27,3
2026-08-05 01:50:00+00:00,222.26,222.26,222.26,222.26,0.0,0
2026-08-05 01:51:00+00:00,222.43,222.5,222.43,222.5,2.74,9
2026-08-05 01:52:00+00:00,222.33,222.33,222.33,222.33,0.88,2
2026-08-05 01:53:00+00:00,222.33,222.33,222.33,222.33,0.0,0
2026-08-05 01:54:00+00:00,222.33,222.33,222.33,222.33,0.0,0
2026-08-05 01:55:00+00:00,222.33,222.33,222.33,222.33,0.0,0
2026-08-05 01:56:00+00:00,222.33,222.33,222.33,222.33,0.0,0
2026-08-05 01:57:00+00:00,222.44,222.44,222.36,222.36,0.27,3
2026-08-05 01:58:00+00:00,222.36,222.36,222.36,222.36,0.0,0
2026-08-05 01:59:00+00:00,222.34,222.34,222.34,222.34,4.98,6
2026-08-05 02:00:00+00:00,222.38,222.7,222.38,222.7,13.36,10
2026-08-05 02:01:00+00:00,222.5,222.73,222.49,222.62,12.55,22
2026-08-05 02:02:00+00:00,222.7,222.73,222.31,222.31,10.7,14
2026-08-05 02:03:00+00:00,222.37,222.37,222.37,222.37,0.22,2
2026-08-05 02:04:00+00:00,222.37,222.37,222.37,222.37,0.0,0
2026-08-05 02:05:00+00:00,222.32,222.42,222.28,222.42,0.68,7
2026-08-05 02:06:00+00:00,222.3,222.3,222.3,222.3,0.11,1
2026-08-05 02:07:00+00:00,222.3,222.3,222.3,222.3,0.0,0
2026-08-05 02:08:00+00:00,222.3,222.3,222.3,222.3,0.0,0
2026-08-05 02:09:00+00:00,222.39,222.41,222.38,222.41,4.85,11
2026-08-05 02:10:00+00:00,222.34,222.38,222.28,222.38,3.53,7
2026-08-05 02:11:00+00:00,222.59,222.86,222.59,222.86,8.54,13
2026-08-05 02:12:00+00:00,222.76,222.77,222.75,222.75,2.45,5
2026-08-05 02:13:00+00:00,222.71,222.75,222.59,222.59,0.48,3
2026-08-05 02:14:00+00:00,222.6,222.63,222.6,222.63,0.15,2
2026-08-05 02:15:00+00:00,222.63,222.63,222.63,222.63,0.0,0
2026-08-05 02:16:00+00:00,222.69,222.69,222.69,222.69,0.33,3
2026-08-05 02:17:00+00:00,222.57,222.57,222.57,222.57,0.11,1
2026-08-05 02:18:00+00:00,222.57,222.57,222.57,222.57,0.0,0
2026-08-05 02:19:00+00:00,222.57,222.57,222.57,222.57,0.0,0
2026-08-05 02:20:00+00:00,222.73,222.73,222.61,222.61,0.41,6
2026-08-05 02:21:00+00:00,222.64,222.79,222.63,222.79,1.06,7
2026-08-05 02:22:00+00:00,222.79,222.82,222.74,222.78,7.29,4
2026-08-05 02:23:00+00:00,222.72,222.78,222.72,222.78,0.35,2
2026-08-05 02:24:00+00:00,222.62,222.62,222.62,222.62,0.13,1
2026-08-05 02:25:00+00:00,222.55,222.55,222.55,222.55,0.11,1
2026-08-05 02:26:00+00:00,222.41,222.41,222.41,222.41,0.11,2
2026-08-05 02:27:00+00:00,222.41,222.41,222.41,222.41,0.0,0
2026-08-05 02:28:00+00:00,222.32,222.32,222.3,222.3,0.07,2
2026-08-05 02:29:00+00:00,222.06,222.06,222.06,222.06,0.06,1
2026-08-05 02:30:00+00:00,222.03,222.12,221.75,221.84,358.86,47
2026-08-05 02:31:00+00:00,221.84,221.84,221.84,221.84,0.0,0
2026-08-05 02:32:00+00:00,221.84,221.84,221.84,221.84,0.0,0
2026-08-05 02:33:00+00:00,221.94,222.05,221.92,222.05,0.24,3
2026-08-05 02:34:00+00:00,222.33,222.33,222.33,222.33,0.12,1
2026-08-05 02:35:00+00:00,222.33,222.33,222.33,222.33,0.0,0
2026-08-05 02:36:00+00:00,222.26,222.26,222.24,222.24,0.11,2
2026-08-05 02:37:00+00:00,222.24,222.24,222.24,222.24,0.0,0
2026-08-05 02:38:00+00:00,222.39,222.4,222.39,222.4,0.13,2
2026-08-05 02:39:00+00:00,222.37,222.37,222.25,222.25,0.13,2
2026-08-05 02:40:00+00:00,221.94,221.94,221.88,221.88,0.9,3
2026-08-05 02:41:00+00:00,222.06,222.13,222.06,222.13,0.92,10
2026-08-05 02:42:00+00:00,222.13,222.13,222.13,222.13,0.0,0
2026-08-05 02:43:00+00:00,221.94,221.94,221.94,221.94,0.06,1
2026-08-05 02:44:00+00:00,221.9,221.9,221.9,221.9,0.96,8
2026-08-05 02:45:00+00:00,221.9,221.9,221.9,221.9,0.0,0
2026-08-05 02:46:00+00:00,222.35,222.35,222.35,222.35,0.05,1
2026-08-05 02:47:00+00:00,222.37,222.37,222.28,222.28,0.12,2
2026-08-05 02:48:00+00:00,222.25,222.25,222.25,222.25,0.06,1
2026-08-05 02:49:00+00:00,222.12,222.12,221.91,221.91,0.37,4
2026-08-05 02:50:00+00:00,221.91,222.23,221.91,222.21,0.6,8
2026-08-05 02:51:00+00:00,222.2,222.47,222.18,222.46,0.6,8
2026-08-05 02:52:00+00:00,222.37,222.38,222.26,222.38,9.2,6
2026-08-05 02:53:00+00:00,222.51,222.51,222.51,222.51,0.07,1
2026-08-05 02:54:00+00:00,222.51,222.51,222.51,222.51,0.0,0
2026-08-05 02:55:00+00:00,222.57,222.57,222.47,222.55,2.07,9
2026-08-05 02:56:00+00:00,222.45,222.48,222.37,222.37,9.62,15
2026-08-05 02:57:00+00:00,222.37,222.54,222.37,222.54,10.44,21
2026-08-05 02:58:00+00:00,222.48,222.48,222.35,222.42,13.18,12
2026-08-05 02:59:00+00:00,222.36,222.41,222.36,222.36,24.02,10
2026-08-05 03:00:00+00:00,222.36,222.45,222.32,222.4,0.31,4
2026-08-05 03:01:00+00:00,222.48,222.48,222.42,222.42,2.24,6
2026-08-05 03:02:00+00:00,222.42,222.42,222.42,222.42,0.0,0
2026-08-05 03:03:00+00:00,222.42,222.42,222.42,222.42,0.0,0
2026-08-05 03:04:00+00:00,222.53,222.53,222.52,222.52,3.78,2
2026-08-05 03:05:00+00:00,222.5,222.64,222.48,222.64,2.63,7
2026-08-05 03:06:00+00:00,222.55,222.55,222.51,222.51,0.44,6
2026-08-05 03:07:00+00:00,222.61,222.61,222.61,222.61,1.99,1
2026-08-05 03:08:00+00:00,222.75,222.81,222.75,222.81,5.0,5
2026-08-05 03:09:00+00:00,222.81,222.81,222.81,222.81,0.0,0
2026-08-05 03:10:00+00:00,222.81,222.81,222.81,222.81,0.0,0
2026-08-05 03:11:00+00:00,222.81,222.81,222.81,222.81,0.0,0
2026-08-05 03:12:00+00:00,222.79,222.79,222.79,222.79,0.06,1
2026-08-05 03:13:00+00:00,222.97,222.97,222.97,222.97,0.07,1
2026-08-05 03:14:00+00:00,222.96,222.96,222.96,222.96,4.43,1
2026-08-05 03:15:00+00:00,222.96,222.96,222.96,222.96,0.0,0
2026-08-05 03:16:00+00:00,222.96,222.96,222.96,222.96,0.0,0
2026-08-05 03:17:00+00:00,223.01,223.04,223.01,223.03,0.44,5
2026-08-05 03:18:00+00:00,222.87,222.87,222.75,222.77,6.82,13
2026-08-05 03:19:00+00:00,222.82,222.86,222.81,222.86,10.12,10
2026-08-05 03:20:00+00:00,222.95,222.95,222.81,222.81,1.14,4
2026-08-05 03:21:00+00:00,222.91,222.91,222.91,222.91,0.88,8
2026-08-05 03:22:00+00:00,222.92,222.92,222.92,222.92,2.39,4
2026-08-05 03:23:00+00:00,222.92,222.92,222.92,222.92,0.0,0
2026-08-05 03:24:00+00:00,222.92,222.92,222.92,222.92,0.0,0
2026-08-05 03:25:00+00:00,222.96,222.96,222.91,222.91,5.12,2
2026-08-05 03:26:00+00:00,222.91,222.91,222.91,222.91,0.0,0
2026-08-05 03:27:00+00:00,222.62,222.71,222.62,222.71,5.37,4
2026-08-05 03:28:00+00:00,222.71,222.71,222.71,222.71,0.0,0
2026-08-05 03:29:00+00:00,222.59,222.59,222.59,222.59,0.89,5
2026-08-05 03:30:00+00:00,222.59,222.59,222.59,222.59,0.0,0
2026-08-05 03:31:00+00:00,222.49,222.57,222.49,222.57,2.0,5
2026-08-05 03:32:00+00:00,222.54,222.56,222.5,222.51,0.7,9
2026-08-05 03:33:00+00:00,222.49,222.54,222.49,222.49,1.3,5
2026-08-05 03:34:00+00:00,222.51,222.52,222.51,222.52,0.44,2
2026-08-05 03:35:00+00:00,222.51,222.55,222.51,222.55,4.56,2
2026-08-05 03:36:00+00:00,222.68,222.68,222.65,222.65,5.22,3
2026-08-05 03:37:00+00:00,222.65,222.65,222.65,222.65,0.0,0
2026-08-05 03:38:00+00:00,222.82,222.82,222.82,222.82,2.67,1
2026-08-05 03:39:00+00:00,222.82,222.82,222.82,222.82,0.0,0
2026-08-05 03:40:00+00:00,222.99,222.99,222.98,222.98,0.14,2
2026-08-05 03:41:00+00:00,223.16,223.16,223.16,223.16,0.16,1
2026-08-05 03:42:00+00:00,223.16,223.16,223.16,223.16,0.65,1
2026-08-05 03:43:00+00:00,223.16,223.16,223.16,223.16,0.0,0
2026-08-05 03:44:00+00:00,223.19,223.19,223.11,223.11,0.55,5
2026-08-05 03:45:00+00:00,223.11,223.11,223.11,223.11,0.0,0
2026-08-05 03:46:00+00:00,223.19,223.19,223.19,223.19,0.22,2
2026-08-05 03:47:00+00:00,223.19,223.19,223.19,223.19,0.0,0
2026-08-05 03:48:00+00:00,223.19,223.19,223.19,223.19,0.88,5
2026-08-05 03:49:00+00:00,223.13,223.13,223.13,223.13,0.11,1
2026-08-05 03:50:00+00:00,223.13,223.13,223.13,223.13,0.0,0
2026-08-05 03:51:00+00:00,223.13,223.13,223.13,223.13,0.0,0
2026-08-05 03:52:00+00:00,223.15,223.15,223.15,223.15,0.93,1
2026-08-05 03:53:00+00:00,223.15,223.15,223.15,223.15,0.0,0
2026-08-05 03:54:00+00:00,223.15,223.15,223.15,223.15,0.0,0
2026-08-05 03:55:00+00:00,223.15,223.15,223.15,223.15,0.0,0
2026-08-05 03:56:00+00:00,223.15,223.15,223.15,223.15,0.0,0
2026-08-05 03:57:00+00:00,223.41,223.41,223.41,223.41,8.95,1
2026-08-05 03:58:00+00:00,223.41,223.55,223.41,223.55,1.98,5
2026-08-05 03:59:00+00:00,223.57,223.57,223.57,223.57,0.06,1
2026-08-05 04:00:00+00:00,223.57,223.59,223.57,223.59,0.18,2
2026-08-05 04:01:00+00:00,223.62,223.62,223.51,223.51,0.12,2
2026-08-05 04:02:00+00:00,223.58,223.58,223.58,223.58,0.06,1
2026-08-05 04:03:00+00:00,223.53,223.53,223.53,223.53,0.06,1
2026-08-05 04:04:00+00:00,223.41,223.47,223.4,223.47,0.21,4
2026-08-05 04:05:00+00:00,223.5,223.5,223.46,223.46,0.5,5
2026-08-05 04:06:00+00:00,223.47,223.47,223.47,223.47,0.06,1
2026-08-05 04:07:00+00:00,223.51,223.59,223.51,223.59,0.12,2
2026-08-05 04:08:00+00:00,223.73,223.73,223.73,223.73,0.06,1
2026-08-05 04:09:00+00:00,223.73,223.73,223.73,223.73,0.06,1
2026-08-05 04:10:00+00:00,223.72,223.73,223.72,223.73,54.06,2
2026-08-05 04:11:00+00:00,223.73,223.73,223.72,223.73,19.0,19
2026-08-05 04:12:00+00:00,223.73,223.89,223.73,223.83,12.53,10
2026-08-05 04:13:00+00:00,223.91,223.91,223.78,223.78,0.17,3
2026-08-05 04:14:00+00:00,223.79,223.79,223.76,223.76,0.12,2
2026-08-05 04:15:00+00:00,223.77,223.77,223.77,223.77,0.06,1
2026-08-05 04:16:00+00:00,223.78,223.78,223.78,223.78,0.06,1
2026-08-05 04:17:00+00:00,223.71,223.71,223.61,223.61,0.72,5
2026-08-05 04:18:00+00:00,223.58,223.58,223.55,223.55,0.12,2
2026-08-05 04:19:00+00:00,223.52,223.52,223.52,223.52,0.06,1
2026-08-05 04:20:00+00:00,223.53,223.53,223.53,223.53,0.06,1
2026-08-05 04:21:00+00:00,223.51,223.51,223.37,223.37,3.28,8
2026-08-05 04:22:00+00:00,223.37,223.41,223.36,223.41,23.24,7
2026-08-05 04:23:00+00:00,223.65,223.65,223.59,223.59,7.11,4
2026-08-05 04:24:00+00:00,223.62,223.72,223.62,223.7,22.46,11
2026-08-05 04:25:00+00:00,223.74,223.81,223.74,223.81,0.28,3
2026-08-05 04:26:00+00:00,223.75,223.75,223.7,223.7,0.19,3
2026-08-05 04:27:00+00:00,223.76,223.81,223.74,223.81,0.26,4
2026-08-05 04:28:00+00:00,223.83,223.86,223.83,223.83,1.01,3
2026-08-05 04:29:00+00:00,223.72,223.86,223.7,223.86,1.28,7
2026-08-05 04:30:00+00:00,223.84,223.84,223.84,223.84,0.06,1
2026-08-05 04:31:00+00:00,223.85,223.89,223.85,223.89,0.12,2
2026-08-05 04:32:00+00:00,223.95,224.07,223.95,224.07,0.91,12
2026-08-05 04:33:00+00:00,224.07,224.27,224.05,224.27,23.3,10
2026-08-05 04:34:00+00:00,224.25,224.25,224.25,224.25,0.06,1
2026-08-05 04:35:00+00:00,224.25,224.37,224.25,224.37,0.23,3
2026-08-05 04:36:00+00:00,224.33,224.33,224.28,224.28,0.95,3
2026-08-05 04:37:00+00:00,224.28,224.31,224.28,224.31,8.69,11
2026-08-05 04:38:00+00:00,224.42,224.42,224.39,224.39,0.56,3
2026-08-05 04:39:00+00:00,224.37,224.37,224.37,224.37,0.06,1
2026-08-05 04:40:00+00:00,224.47,224.53,224.42,224.53,0.74,7
2026-08-05 04:41:00+00:00,224.52,224.53,224.49,224.53,3.79,15
2026-08-05 04:42:00+00:00,224.55,224.75,224.55,224.75,5.66,10
2026-08-05 04:43:00+00:00,224.74,224.82,224.74,224.75,5.21,17
2026-08-05 04:44:00+00:00,224.82,224.91,224.74,224.74,4.66,10
2026-08-05 04:45:00+00:00,224.78,224.93,224.78,224.93,4.56,7
2026-08-05 04:46:00+00:00,224.95,224.96,224.86,224.86,4.44,4
2026-08-05 04:47:00+00:00,224.84,224.9,224.83,224.9,4.67,9
2026-08-05 04:48:00+00:00,224.84,224.89,224.81,224.81,4.78,9
2026-08-05 04:49:00+00:00,224.85,224.97,224.85,224.94,5.11,15
2026-08-05 04:50:00+00:00,224.92,224.97,224.87,224.89,7.53,19
2026-08-05 04:51:00+00:00,224.92,224.92,224.53,224.53,4.57,10
2026-08-05 04:52:00+00:00,224.53,224.53,224.45,224.53,5.11,12
2026-08-05 04:53:00+00:00,224.71,224.75,224.71,224.74,4.99,12
2026-08-05 04:54:00+00:00,224.74,224.93,224.73,224.93,5.39,24
2026-08-05 04:55:00+00:00,224.93,225.1,224.93,225.1,6.73,20
2026-08-05 04:56:00+00:00,225.24,225.41,225.24,225.37,45.47,29
2026-08-05 04:57:00+00:00,225.4,225.41,225.37,225.41,16.43,34
2026-08-05 04:58:00+00:00,225.5,225.53,225.43,225.43,4.83,9
2026-08-05 04:59:00+00:00,225.42,225.43,225.19,225.2,5.32,14
2026-08-05 05:00:00+00:00,225.22,225.8,225.02,225.8,57.96,55
2026-08-05 05:01:00+00:00,225.74,225.99,225.74,225.95,104.74,68
2026-08-05 05:02:00+00:00,225.95,225.99,225.79,225.83,6.58,23
2026-08-05 05:03:00+00:00,225.86,225.88,225.69,225.69,51.39,31
2026-08-05 05:04:00+00:00,225.69,225.7,225.54,225.65,53.35,42
2026-08-05 05:05:00+00:00,225.55,225.65,225.55,225.65,6.83,16
2026-08-05 05:06:00+00:00,225.72,226.07,225.72,226.05,31.91,32
2026-08-05 05:07:00+00:00,226.14,226.14,225.89,225.94,13.29,25
2026-08-05 05:08:00+00:00,225.94,225.99,225.94,225.98,10.64,19
2026-08-05 05:09:00+00:00,226.01,226.11,226.01,226.06,4.8,8
2026-08-05 05:10:00+00:00,226.11,226.33,226.11,226.32,54.37,32
2026-08-05 05:11:00+00:00,226.32,226.5,226.32,226.5,36.3,38
2026-08-05 05:12:00+00:00,226.59,226.59,226.51,226.51,1.77,13
2026-08-05 05:13:00+00:00,226.46,226.62,226.39,226.62,6.66,11
2026-08-05 05:14:00+00:00,226.59,226.59,226.51,226.51,6.64,13
2026-08-05 05:15:00+00:00,226.49,226.49,226.49,226.49,1.06,2
2026-08-05 05:16:00+00:00,226.59,226.69,226.56,226.65,3.6,22
2026-08-05 05:17:00+00:00,226.57,226.57,226.39,226.39,0.21,2
2026-08-05 05:18:00+00:00,226.3,226.3,226.3,226.3,0.06,1
2026-08-05 05:19:00+00:00,226.03,226.14,226.03,226.14,0.12,2
2026-08-05 05:20:00+00:00,226.06,226.06,226.06,226.06,0.06,1
2026-08-05 05:21:00+00:00,226.2,226.2,226.2,226.2,0.06,1
2026-08-05 05:22:00+00:00,226.04,226.07,226.04,226.07,0.12,2
2026-08-05 05:23:00+00:00,226.06,226.38,226.06,226.38,165.94,60
2026-08-05 05:24:00+00:00,226.38,226.39,226.25,226.25,6.29,8
2026-08-05 05:25:00+00:00,226.26,226.34,226.26,226.34,0.46,5
2026-08-05 05:26:00+00:00,226.3,226.39,226.27,226.39,7.08,22
2026-08-05 05:27:00+00:00,226.39,226.4,226.36,226.4,6.19,10
2026-08-05 05:28:00+00:00,226.4,226.4,226.34,226.34,1.08,7
2026-08-05 05:29:00+00:00,226.32,226.51,226.32,226.51,0.12,2
2026-08-05 05:30:00+00:00,226.56,226.56,226.33,226.33,12.97,19
2026-08-05 05:31:00+00:00,226.25,226.25,226.25,226.25,0.06,1
2026-08-05 05:32:00+00:00,226.22,226.22,226.05,226.05,0.86,6
2026-08-05 05:33:00+00:00,226.06,226.14,226.06,226.14,0.12,2
2026-08-05 05:34:00+00:00,226.36,226.36,226.36,226.36,0.06,1
2026-08-05 05:35:00+00:00,226.1,226.1,226.0,226.08,0.59,5
2026-08-05 05:36:00+00:00,226.15,226.15,225.94,226.06,0.46,4
2026-08-05 05:37:00+00:00,226.18,226.26,226.18,226.26,0.31,3
2026-08-05 05:38:00+00:00,225.98,225.98,225.98,225.98,0.06,1
2026-08-05 05:39:00+00:00,225.98,225.98,225.91,225.92,11.15,13
2026-08-05 05:40:00+00:00,225.95,225.95,225.95,225.95,0.06,1
2026-08-05 05:41:00+00:00,225.86,225.94,225.86,225.93,0.27,3
2026-08-05 05:42:00+00:00,225.93,225.93,225.91,225.91,4.19,2
2026-08-05 05:43:00+00:00,225.94,225.97,225.81,225.81,47.82,12
2026-08-05 05:44:00+00:00,225.88,225.88,225.83,225.83,0.21,2
2026-08-05 05:45:00+00:00,225.91,225.91,225.82,225.82,0.51,4
2026-08-05 05:46:00+00:00,225.88,225.88,225.79,225.79,0.12,2
2026-08-05 05:47:00+00:00,225.81,225.81,225.81,225.81,0.06,1
2026-08-05 05:48:00+00:00,225.92,225.92,225.92,225.92,0.06,1
2026-08-05 05:49:00+00:00,225.98,225.99,225.95,225.96,4.9,5
2026-08-05 05:50:00+00:00,225.99,226.04,225.99,226.04,39.11,11
2026-08-05 05:51:00+00:00,226.06,226.38,226.06,226.38,18.21,6
2026-08-05 05:52:00+00:00,226.36,226.36,226.36,226.36,0.06,1
2026-08-05 05:53:00+00:00,226.42,226.42,226.23,226.23,7.5,18
2026-08-05 05:54:00+00:00,226.19,226.24,226.19,226.22,7.44,22
2026-08-05 05:55:00+00:00,226.23,226.23,226.21,226.23,6.09,13
2026-08-05 05:56:00+00:00,226.37,226.39,226.18,226.18,23.41,20
2026-08-05 05:57:00+00:00,226.19,226.34,226.19,226.34,23.62,9
2026-08-05 05:58:00+00:00,226.53,226.54,226.43,226.43,10.71,11
2026-08-05 05:59:00+00:00,226.51,226.51,226.51,226.51,0.06,1
2026-08-05 06:00:00+00:00,226.44,226.44,226.28,226.28,0.12,2
2026-08-05 06:01:00+00:00,226.37,226.37,226.34,226.34,0.51,4
2026-08-05 06:02:00+00:00,226.26,226.3,226.26,226.3,0.36,3
2026-08-05 06:03:00+00:00,226.17,226.25,226.02,226.02,18.94,16
2026-08-05 06:04:00+00:00,226.16,226.18,226.16,226.18,0.12,2
2026-08-05 06:05:00+00:00,226.26,226.37,226.26,226.37,5.54,11
2026-08-05 06:06:00+00:00,226.27,226.34,226.2,226.2,5.74,15
2026-08-05 06:07:00+00:00,226.29,226.29,226.22,226.24,1.02,8
2026-08-05 06:08:00+00:00,226.24,226.37,226.24,226.37,1.62,8
2026-08-05 06:09:00+00:00,226.37,226.44,226.34,226.37,18.73,26
2026-08-05 06:10:00+00:00,226.37,226.52,226.32,226.52,22.36,53
2026-08-05 06:11:00+00:00,226.48,226.49,226.39,226.47,10.09,36
2026-08-05 06:12:00+00:00,226.4,226.45,226.34,226.34,7.03,16
2026-08-05 06:13:00+00:00,226.52,226.56,226.39,226.42,6.1,24
2026-08-05 06:14:00+00:00,226.42,226.43,226.33,226.33,2.63,10
2026-08-05 06:15:00+00:00,226.27,226.27,226.27,226.27,0.06,1
2026-08-05 06:16:00+00:00,226.14,226.18,226.02,226.02,0.7,7
2026-08-05 06:17:00+00:00,226.01,226.17,226.01,226.13,2.58,7
2026-08-05 06:18:00+00:00,226.14,226.18,226.09,226.1,11.75,22
2026-08-05 06:19:00+00:00,226.08,226.08,226.04,226.04,4.81,5
2026-08-05 06:20:00+00:00,226.25,226.3,226.0,226.05,44.77,30
2026-08-05 06:21:00+00:00,226.0,226.0,225.54,225.55,152.32,62
2026-08-05 06:22:00+00:00,225.6,225.6,225.56,225.56,25.99,12
2026-08-05 06:23:00+00:00,225.83,225.86,225.77,225.78,33.92,29
2026-08-05 06:24:00+00:00,225.8,225.8,225.56,225.65,0.55,5
2026-08-05 06:25:00+00:00,225.76,225.76,225.76,225.76,0.06,1
2026-08-05 06:26:00+00:00,225.81,225.81,225.81,225.81,0.48,3
2026-08-05 06:27:00+00:00,225.72,225.84,225.51,225.78,18.7,16
2026-08-05 06:28:00+00:00,225.86,225.93,225.86,225.93,4.9,4
2026-08-05 06:29:00+00:00,225.83,225.92,225.83,225.87,0.8,6
2026-08-05 06:30:00+00:00,225.75,225.95,225.75,225.84,19.27,14
2026-08-05 06:31:00+00:00,225.94,226.06,225.93,226.02,26.12,25
2026-08-05 06:32:00+00:00,226.0,226.2,225.98,225.98,21.22,29
2026-08-05 06:33:00+00:00,226.11,226.19,226.02,226.19,18.88,31
2026-08-05 06:34:00+00:00,226.23,226.26,226.15,226.15,14.57,8
2026-08-05 06:35:00+00:00,226.28,226.3,226.25,226.27,15.11,16
2026-08-05 06:36:00+00:00,226.15,226.28,226.15,226.28,5.47,8
2026-08-05 06:37:00+00:00,226.28,226.28,226.09,226.28,63.17,31
2026-08-05 06:38:00+00:00,226.22,226.26,226.09,226.09,14.6,6
2026-08-05 06:39:00+00:00,226.07,226.11,226.07,226.11,4.48,2
2026-08-05 06:40:00+00:00,226.16,226.16,226.15,226.16,8.9,4
2026-08-05 06:41:00+00:00,226.02,226.23,225.96,225.96,1.46,5
2026-08-05 06:42:00+00:00,226.07,226.07,226.07,226.07,0.06,1
2026-08-05 06:43:00+00:00,226.03,226.03,226.03,226.03,0.06,1
2026-08-05 06:44:00+00:00,225.67,225.78,225.55,225.78,8.14,11
2026-08-05 06:45:00+00:00,225.93,226.0,225.93,225.98,8.06,14
2026-08-05 06:46:00+00:00,226.0,226.06,225.92,226.05,20.42,10
2026-08-05 06:47:00+00:00,226.0,226.06,225.95,226.06,9.2,11
2026-08-05 06:48:00+00:00,226.06,226.06,226.01,226.01,0.12,2
2026-08-05 06:49:00+00:00,226.34,226.34,226.34,226.34,0.06,1
2026-08-05 06:50:00+00:00,226.24,226.3,226.17,226.3,11.5,15
2026-08-05 06:51:00+00:00,226.45,226.52,226.26,226.38,15.86,14
2026-08-05 06:52:00+00:00,226.39,226.39,226.24,226.39,9.15,18
2026-08-05 06:53:00+00:00,226.14,226.23,226.1,226.12,10.69,16
2026-08-05 06:54:00+00:00,226.12,226.12,226.03,226.1,9.7,12
2026-08-05 06:55:00+00:00,226.28,226.32,226.28,226.32,0.18,2
2026-08-05 06:56:00+00:00,226.2,226.23,226.16,226.16,4.6,3
2026-08-05 06:57:00+00:00,226.19,226.21,226.13,226.13,11.33,7
2026-08-05 06:58:00+00:00,226.22,226.22,226.09,226.09,0.81,6
2026-08-05 06:59:00+00:00,226.03,226.22,226.02,226.22,7.69,11
2026-08-05 07:00:00+00:00,226.14,226.32,226.1,226.14,11.47,15
2026-08-05 07:01:00+00:00,226.26,226.26,225.94,226.01,35.77,54
2026-08-05 07:02:00+00:00,226.0,226.01,225.96,226.01,66.36,32
2026-08-05 07:03:00+00:00,226.01,226.01,225.93,225.95,13.5,19
2026-08-05 07:04:00+00:00,225.96,225.96,225.78,225.78,188.3,35
2026-08-05 07:05:00+00:00,225.83,225.84,225.77,225.77,20.58,24
2026-08-05 07:06:00+00:00,225.66,225.84,225.66,225.77,23.14,20
2026-08-05 07:07:00+00:00,225.84,225.84,225.78,225.83,38.79,32
2026-08-05 07:08:00+00:00,225.82,225.84,225.79,225.83,32.61,53
2026-08-05 07:09:00+00:00,225.84,225.84,225.71,225.71,2.66,4
2026-08-05 07:10:00+00:00,225.65,225.67,225.44,225.46,47.89,21
2026-08-05 07:11:00+00:00,225.53,225.53,225.45,225.46,86.13,29
2026-08-05 07:12:00+00:00,225.55,225.55,225.46,225.46,20.4,17
2026-08-05 07:13:00+00:00,225.44,225.55,225.4,225.5,43.02,27
2026-08-05 07:14:00+00:00,225.54,225.61,225.54,225.59,4.48,3
2026-08-05 07:15:00+00:00,225.55,225.6,225.44,225.54,15.02,13
2026-08-05 07:16:00+00:00,225.31,225.31,225.01,225.19,10.23,12
2026-08-05 07:17:00+00:00,225.14,225.19,225.04,225.07,10.1,10
2026-08-05 07:18:00+00:00,225.04,225.04,224.96,224.96,8.99,4
2026-08-05 07:19:00+00:00,225.0,225.01,224.91,225.01,76.19,14
2026-08-05 07:20:00+00:00,225.14,225.16,225.11,225.11,10.03,6
2026-08-05 07:21:00+00:00,225.2,225.3,225.2,225.23,17.64,17
2026-08-05 07:22:00+00:00,225.26,225.34,225.16,225.34,20.19,10
2026-08-05 07:23:00+00:00,225.24,225.27,225.21,225.21,1.04,7
2026-08-05 07:24:00+00:00,225.31,225.32,225.12,225.12,5.86,9
2026-08-05 07:25:00+00:00,224.96,224.96,224.76,224.76,14.33,10
2026-08-05 07:26:00+00:00,224.71,224.76,224.57,224.76,47.5,22
2026-08-05 07:27:00+00:00,224.7,224.71,224.64,224.64,0.56,3
2026-08-05 07:28:00+00:00,224.6,224.61,224.47,224.52,2.82,16
2026-08-05 07:29:00+00:00,224.04,224.16,223.94,224.09,13.13,16
2026-08-05 07:30:00+00:00,224.1,224.1,223.82,223.88,63.76,48
2026-08-05 07:31:00+00:00,223.94,224.32,223.94,224.26,90.04,62
2026-08-05 07:32:00+00:00,224.45,224.62,224.45,224.62,0.68,4
2026-08-05 07:33:00+00:00,224.62,224.62,224.59,224.59,0.52,3
2026-08-05 07:34:00+00:00,224.68,224.68,224.66,224.66,0.29,2
2026-08-05 07:35:00+00:00,224.31,224.4,224.1,224.1,0.35,3
2026-08-05 07:36:00+00:00,224.29,224.51,224.29,224.38,2.36,22
2026-08-05 07:37:00+00:00,224.33,224.33,224.33,224.33,0.06,1
2026-08-05 07:38:00+00:00,224.4,224.6,224.4,224.6,0.4,3
2026-08-05 07:39:00+00:00,224.56,224.6,224.56,224.6,0.12,2
2026-08-05 07:40:00+00:00,224.42,224.42,224.36,224.36,0.41,3
2026-08-05 07:41:00+00:00,224.21,224.21,224.21,224.21,0.06,1
2026-08-05 07:42:00+00:00,224.21,224.22,223.67,223.67,84.13,26
2026-08-05 07:43:00+00:00,223.83,223.99,223.83,223.95,4.49,16
2026-08-05 07:44:00+00:00,223.95,223.96,223.86,223.88,4.36,9
2026-08-05 07:45:00+00:00,223.93,224.04,223.93,224.04,0.77,7
2026-08-05 07:46:00+00:00,224.16,224.42,224.16,224.42,0.54,5
2026-08-05 07:47:00+00:00,224.5,224.51,224.38,224.38,0.7,5
2026-08-05 07:48:00+00:00,224.35,224.35,224.35,224.35,0.06,1
2026-08-05 07:49:00+00:00,224.2,224.23,224.2,224.23,0.22,3
2026-08-05 07:50:00+00:00,224.26,224.51,224.26,224.35,124.55,52
2026-08-05 07:51:00+00:00,224.23,224.24,224.16,224.24,6.11,17
2026-08-05 07:52:00+00:00,224.3,224.37,224.3,224.31,0.54,4
2026-08-05 07:53:00+00:00,224.45,224.45,224.41,224.43,0.21,3
2026-08-05 07:54:00+00:00,224.39,224.39,224.33,224.33,0.19,2
2026-08-05 07:55:00+00:00,224.37,224.39,224.32,224.36,0.49,4
2026-08-05 07:56:00+00:00,224.41,224.6,224.41,224.6,2.79,10
2026-08-05 07:57:00+00:00,224.78,224.79,224.78,224.79,0.27,3
2026-08-05 07:58:00+00:00,224.76,224.76,224.76,224.76,0.21,1
2026-08-05 07:59:00+00:00,224.68,224.68,224.6,224.61,1.05,5
2026-08-05 08:00:00+00:00,224.48,225.43,224.48,225.21,80.75,90
2026-08-05 08:01:00+00:00,224.87,225.43,224.8,225.43,44.37,51
2026-08-05 08:02:00+00:00,225.31,225.71,225.12,225.7,10.79,33
2026-08-05 08:03:00+00:00,225.64,226.15,225.55,225.73,416.81,261
2026-08-05 08:04:00+00:00,225.97,226.15,225.91,225.95,32.37,34
2026-08-05 08:05:00+00:00,225.97,226.0,225.83,225.83,2.23,9
2026-08-05 08:06:00+00:00,225.95,226.25,225.95,225.99,85.68,22
2026-08-05 08:07:00+00:00,225.62,225.66,225.44,225.5,169.98,97
2026-08-05 08:08:00+00:00,225.38,225.49,225.29,225.29,5.93,15
2026-08-05 08:09:00+00:00,225.24,225.57,225.22,225.43,17.51,34
2026-08-05 08:10:00+00:00,225.14,225.15,224.21,224.44,6.81,31
2026-08-05 08:11:00+00:00,224.37,224.37,224.01,224.15,13.34,47
2026-08-05 08:12:00+00:00,224.1,224.1,223.97,224.02,85.95,95
2026-08-05 08:13:00+00:00,224.04,224.31,223.98,224.09,62.21,89
2026-08-05 08:14:00+00:00,223.98,223.98,223.61,223.66,79.17,98
2026-08-05 08:15:00+00:00,223.64,223.69,223.51,223.66,106.77,146
2026-08-05 08:16:00+00:00,223.66,223.91,223.5,223.88,105.46,114
2026-08-05 08:17:00+00:00,223.89,224.08,223.8,223.9,16.29,51
2026-08-05 08:18:00+00:00,223.51,223.51,223.01,223.02,22.19,69
2026-08-05 08:19:00+00:00,223.07,223.35,222.96,223.13,17.33,53
2026-08-05 08:20:00+00:00,223.12,223.16,222.84,223.05,31.82,69
2026-08-05 08:21:00+00:00,223.07,223.25,222.86,222.93,19.7,51
2026-08-05 08:22:00+00:00,222.93,223.05,222.38,222.38,71.19,98
2026-08-05 08:23:00+00:00,222.43,222.65,221.97,222.16,85.54,119
2026-08-05 08:24:00+00:00,222.16,222.21,220.98,221.08,136.88,211
2026-08-05 08:25:00+00:00,220.99,221.08,220.61,220.81,107.08,182
2026-08-05 08:26:00+00:00,220.8,221.68,220.66,221.68,340.97,191
2026-08-05 08:27:00+00:00,221.68,221.69,220.83,221.29,132.65,124
2026-08-05 08:28:00+00:00,221.29,221.69,221.1,221.66,33.43,85
2026-08-05 08:29:00+00:00,221.64,221.85,221.3,221.85,17.28,60
2026-08-05 08:30:00+00:00,221.8,221.8,220.76,221.07,25.65,57
2026-08-05 08:31:00+00:00,221.07,221.28,220.94,221.09,79.63,72
2026-08-05 08:32:00+00:00,221.04,221.22,221.04,221.22,63.66,91
2026-08-05 08:33:00+00:00,221.26,221.93,221.26,221.93,25.0,51
2026-08-05 08:34:00+00:00,221.91,221.93,221.48,221.49,40.37,39
2026-08-05 08:35:00+00:00,221.67,222.01,221.53,222.01,81.0,77
2026-08-05 08:36:00+00:00,221.99,222.31,221.97,222.3,196.04,100
2026-08-05 08:37:00+00:00,222.0,222.14,221.77,221.83,40.73,32
2026-08-05 08:38:00+00:00,221.83,221.83,221.04,221.04,403.52,122
2026-08-05 08:39:00+00:00,221.32,221.39,221.2,221.39,11.06,30
2026-08-05 08:40:00+00:00,221.22,221.23,220.53,220.85,238.91,87
2026-08-05 08:41:00+00:00,221.11,221.24,220.77,221.19,24.43,20
2026-08-05 08:42:00+00:00,221.23,221.23,221.23,221.23,0.65,3
2026-08-05 08:43:00+00:00,221.11,221.11,220.73,220.73,8.17,13
2026-08-05 08:44:00+00:00,220.83,221.16,220.83,221.12,12.89,14
2026-08-05 08:45:00+00:00,221.39,221.39,220.58,220.58,121.15,58
2026-08-05 08:46:00+00:00,220.65,221.48,220.64,221.33,19.58,36
2026-08-05 08:47:00+00:00,221.46,221.68,221.46,221.68,30.23,29
2026-08-05 08:48:00+00:00,221.68,221.68,221.56,221.56,0.73,3
2026-08-05 08:49:00+00:00,221.56,221.56,221.56,221.56,0.0,0
2026-08-05 08:50:00+00:00,221.69,221.84,221.69,221.84,1.38,5
2026-08-05 08:51:00+00:00,221.91,221.98,221.91,221.92,1.08,6
2026-08-05 08:52:00+00:00,221.91,221.93,221.72,221.72,21.7,19
2026-08-05 08:53:00+00:00,221.81,221.81,221.71,221.71,3.62,13
2026-08-05 08:54:00+00:00,221.6,221.69,221.56,221.69,9.44,6
2026-08-05 08:55:00+00:00,222.07,222.46,222.04,222.38,186.78,43
2026-08-05 08:56:00+00:00,222.38,222.55,222.38,222.54,5.75,14
2026-08-05 08:57:00+00:00,222.49,222.49,222.48,222.48,0.34,2
2026-08-05 08:58:00+00:00,222.48,222.48,222.48,222.48,0.0,0
2026-08-05 08:59:00+00:00,222.21,222.53,222.21,222.5,54.62,35
2026-08-05 09:00:00+00:00,222.5,222.69,222.37,222.46,205.67,248
2026-08-05 09:01:00+00:00,222.54,222.54,221.72,221.72,17.23,78
2026-08-05 09:02:00+00:00,221.93,222.34,221.88,222.3,13.3,47
2026-08-05 09:03:00+00:00,222.26,222.54,222.1,222.4,54.78,68
2026-08-05 09:04:00+00:00,222.46,222.46,222.31,222.31,21.78,12
2026-08-05 09:05:00+00:00,222.25,222.32,222.2,222.28,3.41,10
2026-08-05 09:06:00+00:00,222.28,222.47,222.2,222.46,5.48,12
2026-08-05 09:07:00+00:00,222.33,222.52,222.33,222.51,4.59,6
2026-08-05 09:08:00+00:00,222.36,222.36,222.35,222.35,1.59,5
2026-08-05 09:09:00+00:00,222.24,222.24,222.24,222.24,3.58,3
2026-08-05 09:10:00+00:00,221.91,222.07,221.91,222.07,6.39,9
2026-08-05 09:11:00+00:00,222.07,222.07,222.07,222.07,0.0,0
2026-08-05 09:12:00+00:00,221.82,222.2,221.81,222.2,6.52,12
2026-08-05 09:13:00+00:00,222.05,222.14,221.83,222.14,9.6,13
2026-08-05 09:14:00+00:00,221.94,221.94,221.94,221.94,0.49,1
2026-08-05 09:15:00+00:00,221.63,221.71,221.3,221.3,3.95,23
2026-08-05 09:16:00+00:00,221.3,221.45,221.27,221.27,5.08,13
2026-08-05 09:17:00+00:00,221.3,221.87,221.3,221.87,1.44,10
2026-08-05 09:18:00+00:00,221.77,221.77,221.45,221.45,1.11,6
2026-08-05 09:19:00+00:00,221.49,221.86,221.49,221.79,4.37,12
2026-08-05 09:20:00+00:00,221.86,221.86,221.84,221.84,1.18,6
2026-08-05 09:21:00+00:00,221.87,221.87,221.8,221.8,3.77,21
2026-08-05 09:22:00+00:00,221.76,221.76,221.76,221.76,2.45,6
2026-08-05 09:23:00+00:00,221.71,221.76,221.69,221.76,0.26,3
2026-08-05 09:24:00+00:00,221.93,221.93,221.8,221.8,0.26,2
2026-08-05 09:25:00+00:00,221.79,221.79,221.79,221.79,0.36,2
2026-08-05 09:26:00+00:00,222.1,222.63,222.1,222.63,1.53,11
2026-08-05 09:27:00+00:00,222.44,222.58,222.37,222.51,9.5,25
2026-08-05 09:28:00+00:00,222.53,222.79,222.53,222.66,7.62,18
2026-08-05 09:29:00+00:00,222.66,222.66,222.66,222.66,0.57,3
2026-08-05 09:30:00+00:00,222.61,223.01,222.39,222.94,27.97,53
2026-08-05 09:31:00+00:00,222.88,222.89,222.69,222.89,5.45,23
2026-08-05 09:32:00+00:00,222.91,223.11,222.8,222.97,39.29,33
2026-08-05 09:33:00+00:00,223.04,223.05,223.04,223.05,16.8,3
2026-08-05 09:34:00+00:00,223.04,223.14,223.04,223.14,0.43,3
2026-08-05 09:35:00+00:00,223.15,223.24,223.14,223.22,11.5,18
2026-08-05 09:36:00+00:00,223.33,223.37,223.32,223.34,1.22,5
2026-08-05 09:37:00+00:00,223.32,223.33,222.77,223.0,173.35,85
2026-08-05 09:38:00+00:00,223.07,223.19,223.06,223.06,26.46,39
2026-08-05 09:39:00+00:00,223.06,223.12,223.06,223.09,33.06,56
2026-08-05 09:40:00+00:00,223.11,223.15,222.9,222.96,49.62,72
2026-08-05 09:41:00+00:00,223.02,223.07,222.95,222.98,31.9,38
2026-08-05 09:42:00+00:00,222.98,223.19,222.98,223.14,19.49,38
2026-08-05 09:43:00+00:00,223.19,223.21,222.97,223.1,27.01,77
2026-08-05 09:44:00+00:00,223.08,223.23,223.02,223.18,44.59,55
2026-08-05 09:45:00+00:00,223.18,223.18,222.96,223.16,45.3,100
2026-08-05 09:46:00+00:00,223.08,223.1,222.92,222.98,15.7,46
2026-08-05 09:47:00+00:00,222.98,222.98,222.88,222.88,7.79,25
2026-08-05 09:48:00+00:00,222.9,222.95,222.78,222.78,5.3,11
2026-08-05 09:49:00+00:00,222.64,222.73,222.49,222.53,5.2,20
2026-08-05 09:50:00+00:00,222.52,222.9,222.52,222.9,9.24,29
2026-08-05 09:51:00+00:00,222.91,222.91,222.79,222.81,16.1,40
2026-08-05 09:52:00+00:00,222.81,222.93,222.73,222.84,4.28,23
2026-08-05 09:53:00+00:00,222.6,222.88,222.6,222.84,5.77,24
2026-08-05 09:54:00+00:00,222.85,222.95,222.83,222.88,4.7,25
2026-08-05 09:55:00+00:00,222.91,222.94,222.86,222.93,4.35,24
2026-08-05 09:56:00+00:00,222.93,223.02,222.93,222.99,12.89,34
2026-08-05 09:57:00+00:00,222.99,223.1,222.85,222.92,17.12,68
2026-08-05 09:58:00+00:00,222.93,222.99,222.73,222.77,7.78,33
2026-08-05 09:59:00+00:00,222.77,222.77,222.67,222.68,7.5,31
2026-08-05 10:00:00+00:00,222.67,223.01,222.67,222.98,3.85,16
2026-08-05 10:01:00+00:00,223.01,223.01,222.86,222.92,5.34,4
2026-08-05 10:02:00+00:00,222.86,222.86,222.55,222.59,87.03,42
2026-08-05 10:03:00+00:00,222.87,222.87,222.65,222.74,2.61,11
2026-08-05 10:04:00+00:00,222.77,222.77,222.68,222.68,0.46,2
2026-08-05 10:05:00+00:00,222.53,222.54,222.53,222.54,3.44,4
2026-08-05 10:06:00+00:00,222.53,222.53,222.45,222.49,1.15,6
2026-08-05 10:07:00+00:00,222.52,222.55,222.42,222.47,13.86,8
2026-08-05 10:08:00+00:00,222.5,222.55,222.5,222.54,9.76,12
2026-08-05 10:09:00+00:00,222.38,222.45,222.34,222.35,18.51,24
2026-08-05 10:10:00+00:00,222.4,222.4,221.6,221.9,113.03,47
2026-08-05 10:11:00+00:00,221.82,221.93,221.82,221.85,4.0,18
2026-08-05 10:12:00+00:00,221.94,222.19,221.94,222.19,19.26,28
2026-08-05 10:13:00+00:00,222.26,222.31,222.25,222.29,20.96,30
2026-08-05 10:14:00+00:00,222.28,222.31,222.1,222.2,32.48,27
2026-08-05 10:15:00+00:00,222.17,222.19,222.02,222.05,26.72,31
2026-08-05 10:16:00+00:00,222.14,222.44,222.11,222.29,33.53,47
2026-08-05 10:17:00+00:00,222.8,223.3,222.71,223.17,19.77,44
2026-08-05 10:18:00+00:00,223.19,223.3,222.83,222.84,41.82,41
2026-08-05 10:19:00+00:00,222.73,222.87,222.63,222.68,37.63,46
2026-08-05 10:20:00+00:00,222.65,222.69,222.33,222.38,37.21,33
2026-08-05 10:21:00+00:00,222.37,223.1,222.37,223.1,4.41,15
2026-08-05 10:22:00+00:00,222.91,223.19,222.87,223.0,22.28,21
2026-08-05 10:23:00+00:00,223.15,223.29,223.15,223.29,4.19,18
2026-08-05 10:24:00+00:00,223.28,223.29,223.18,223.21,3.94,17
2026-08-05 10:25:00+00:00,223.14,223.16,223.02,223.16,24.17,14
2026-08-05 10:26:00+00:00,223.31,223.31,223.3,223.3,7.61,4
2026-08-05 10:27:00+00:00,223.3,223.3,223.3,223.3,2.04,8
2026-08-05 10:28:00+00:00,223.24,223.24,223.11,223.11,0.51,3
2026-08-05 10:29:00+00:00,223.11,223.11,223.11,223.11,0.0,0
2026-08-05 10:30:00+00:00,222.88,222.88,222.88,222.88,0.68,4
2026-08-05 10:31:00+00:00,222.94,223.03,222.82,222.86,2.36,7
2026-08-05 10:32:00+00:00,223.13,223.2,223.09,223.18,1.19,8
2026-08-05 10:33:00+00:00,222.97,222.99,222.88,222.88,2.21,9
2026-08-05 10:34:00+00:00,222.9,222.91,222.82,222.91,20.78,26
2026-08-05 10:35:00+00:00,222.91,222.91,222.91,222.91,0.0,0
2026-08-05 10:36:00+00:00,222.94,223.01,222.56,222.7,43.6,26
2026-08-05 10:37:00+00:00,222.65,222.76,222.65,222.76,2.51,4
2026-08-05 10:38:00+00:00,222.76,222.76,222.75,222.75,0.7,5
2026-08-05 10:39:00+00:00,222.59,222.69,222.59,222.69,1.06,2
2026-08-05 10:40:00+00:00,222.62,222.62,222.62,222.62,0.43,1
2026-08-05 10:41:00+00:00,222.62,222.62,222.62,222.62,0.0,0
2026-08-05 10:42:00+00:00,222.63,222.63,222.41,222.46,21.09,31
2026-08-05 10:43:00+00:00,222.45,222.52,222.45,222.52,20.64,22
2026-08-05 10:44:00+00:00,222.76,222.86,222.75,222.85,7.05,8
2026-08-05 10:45:00+00:00,222.89,222.99,222.43,222.43,10.58,34
2026-08-05 10:46:00+00:00,222.46,222.54,222.44,222.54,25.25,60
2026-08-05 10:47:00+00:00,222.58,222.58,222.43,222.46,8.64,22
2026-08-05 10:48:00+00:00,222.46,222.52,222.43,222.52,35.59,34
2026-08-05 10:49:00+00:00,222.46,222.52,222.45,222.49,13.27,42
2026-08-05 10:50:00+00:00,222.55,222.62,222.49,222.55,8.12,22
2026-08-05 10:51:00+00:00,222.42,222.45,222.39,222.4,46.69,28
2026-08-05 10:52:00+00:00,222.42,222.52,222.4,222.52,8.44,18
2026-08-05 10:53:00+00:00,222.62,222.62,222.57,222.59,4.74,21
2026-08-05 10:54:00+00:00,222.59,222.61,222.41,222.51,21.18,52
2026-08-05 10:55:00+00:00,222.43,222.49,222.26,222.45,40.72,64
2026-08-05 10:56:00+00:00,222.42,222.44,222.2,222.23,42.21,47
2026-08-05 10:57:00+00:00,222.34,222.6,222.34,222.52,9.84,14
2026-08-05 10:58:00+00:00,222.52,222.52,222.38,222.44,4.67,17
2026-08-05 10:59:00+00:00,222.46,222.46,222.36,222.45,3.09,7
2026-08-05 11:00:00+00:00,222.44,222.75,222.37,222.65,5.69,32
2026-08-05 11:01:00+00:00,222.62,222.62,222.58,222.59,0.73,6
2026-08-05 11:02:00+00:00,222.52,222.71,222.52,222.7,7.61,9
2026-08-05 11:03:00+00:00,222.82,222.85,222.82,222.85,0.82,7
2026-08-05 11:04:00+00:00,222.84,222.88,222.72,222.81,6.49,37
2026-08-05 11:05:00+00:00,222.81,223.03,222.81,222.91,20.0,28
2026-08-05 11:06:00+00:00,222.79,223.11,222.79,222.89,297.51,46
2026-08-05 11:07:00+00:00,222.73,222.83,222.72,222.79,4.74,20
2026-08-05 11:08:00+00:00,222.7,223.12,222.7,223.12,7.0,8
2026-08-05 11:09:00+00:00,223.17,223.4,223.17,223.37,2.32,12
2026-08-05 11:10:00+00:00,223.31,223.39,222.97,222.97,160.75,63
2026-08-05 11:11:00+00:00,222.9,222.95,222.8,222.88,112.78,35
2026-08-05 11:12:00+00:00,222.77,222.77,222.77,222.77,0.89,1
2026-08-05 11:13:00+00:00,222.97,222.99,222.9,222.9,0.78,6
2026-08-05 11:14:00+00:00,222.9,222.91,222.65,222.83,4.47,9
2026-08-05 11:15:00+00:00,222.83,222.83,222.83,222.83,0.0,0
2026-08-05 11:16:00+00:00,222.83,222.83,222.83,222.83,0.0,0
2026-08-05 11:17:00+00:00,222.65,222.7,222.65,222.7,0.65,5
2026-08-05 11:18:00+00:00,222.53,222.9,222.53,222.9,7.05,16
2026-08-05 11:19:00+00:00,222.76,222.97,222.76,222.97,5.98,7
2026-08-05 11:20:00+00:00,222.93,222.93,222.93,222.93,0.26,2
2026-08-05 11:21:00+00:00,222.75,222.75,222.68,222.68,2.31,12
2026-08-05 11:22:00+00:00,222.55,222.56,222.53,222.54,4.88,18
2026-08-05 11:23:00+00:00,222.54,222.54,222.53,222.53,7.34,27
2026-08-05 11:24:00+00:00,222.53,222.61,222.53,222.61,7.85,20
2026-08-05 11:25:00+00:00,222.61,222.61,222.48,222.54,28.1,77
2026-08-05 11:26:00+00:00,222.51,222.53,222.37,222.53,89.8,50
2026-08-05 11:27:00+00:00,222.68,222.68,222.68,222.68,0.89,1
2026-08-05 11:28:00+00:00,222.64,223.01,222.64,222.82,4.2,6
2026-08-05 11:29:00+00:00,222.65,222.67,222.65,222.67,1.78,2
2026-08-05 11:30:00+00:00,222.43,222.5,222.43,222.5,11.21,43
2026-08-05 11:31:00+00:00,222.52,222.64,222.5,222.62,3.88,24
2026-08-05 11:32:00+00:00,222.71,222.76,222.71,222.76,9.21,25
2026-08-05 11:33:00+00:00,222.79,222.86,222.79,222.86,1.28,7
2026-08-05 11:34:00+00:00,222.87,222.99,222.85,222.99,30.63,7
2026-08-05 11:35:00+00:00,222.97,222.97,222.97,222.97,0.89,5
2026-08-05 11:36:00+00:00,222.82,223.19,222.78,222.78,35.7,21
2026-08-05 11:37:00+00:00,222.88,222.88,222.81,222.82,0.89,7
2026-08-05 11:38:00+00:00,222.82,222.82,222.82,222.82,0.0,0
2026-08-05 11:39:00+00:00,222.76,222.76,222.65,222.65,0.51,2
2026-08-05 11:40:00+00:00,222.73,222.73,222.71,222.71,0.65,5
2026-08-05 11:41:00+00:00,222.67,222.7,222.61,222.61,2.07,8
2026-08-05 11:42:00+00:00,222.67,222.67,222.67,222.67,0.26,2
2026-08-05 11:43:00+00:00,222.6,222.6,222.53,222.56,0.98,8
2026-08-05 11:44:00+00:00,222.63,222.63,222.46,222.46,4.41,18
2026-08-05 11:45:00+00:00,222.31,222.48,222.26,222.35,52.42,66
2026-08-05 11:46:00+00:00,222.4,222.53,222.28,222.51,6.43,23
2026-08-05 11:47:00+00:00,222.44,222.44,222.28,222.28,4.52,13
2026-08-05 11:48:00+00:00,222.31,222.33,222.24,222.29,65.04,109
2026-08-05 11:49:00+00:00,222.29,222.37,222.29,222.37,1.43,13
2026-08-05 11:50:00+00:00,222.57,222.75,222.57,222.69,1.21,11
2026-08-05 11:51:00+00:00,222.71,222.74,222.71,222.74,1.22,4
2026-08-05 11:52:00+00:00,222.7,222.7,222.3,222.3,3.79,21
2026-08-05 11:53:00+00:00,222.13,222.17,222.02,222.08,3.79,21
2026-08-05 11:54:00+00:00,222.03,222.08,221.74,222.08,4.17,17
2026-08-05 11:55:00+00:00,221.93,221.93,220.36,220.95,253.35,66
2026-08-05 11:56:00+00:00,221.02,221.06,220.63,220.89,69.26,58
2026-08-05 11:57:00+00:00,220.94,221.05,220.94,221.05,0.27,3
2026-08-05 11:58:00+00:00,220.86,221.44,220.86,221.36,98.17,31
2026-08-05 11:59:00+00:00,221.38,221.43,221.38,221.41,3.5,7
2026-08-05 12:00:00+00:00,221.38,221.64,221.37,221.58,26.26,38
2026-08-05 12:01:00+00:00,221.48,221.56,221.31,221.32,5.24,17
2026-08-05 12:02:00+00:00,221.47,221.47,221.39,221.39,5.42,28
2026-08-05 12:03:00+00:00,221.35,221.68,221.35,221.68,19.59,8
2026-08-05 12:04:00+00:00,221.59,221.59,220.8,220.83,100.06,25
2026-08-05 12:05:00+00:00,220.82,221.03,220.79,220.95,3.87,9
2026-08-05 12:06:00+00:00,220.98,221.39,220.96,221.29,49.3,34
2026-08-05 12:07:00+00:00,221.29,221.36,221.09,221.09,1.6,14
2026-08-05 12:08:00+00:00,221.19,221.39,221.19,221.29,1.75,9
2026-08-05 12:09:00+00:00,221.24,221.52,221.21,221.52,7.66,18
2026-08-05 12:10:00+00:00,221.39,221.4,220.94,221.12,60.43,44
2026-08-05 12:11:00+00:00,221.12,221.17,221.04,221.17,11.13,9
2026-08-05 12:12:00+00:00,221.17,221.17,221.17,221.17,0.0,0
2026-08-05 12:13:00+00:00,221.28,221.68,221.28,221.62,31.27,7
2026-08-05 12:14:00+00:00,221.5,221.5,221.4,221.4,20.24,15
2026-08-05 12:15:00+00:00,221.4,221.4,221.4,221.4,0.0,0
2026-08-05 12:16:00+00:00,221.26,221.44,221.26,221.44,1.36,4
2026-08-05 12:17:00+00:00,221.29,221.64,220.36,221.02,990.82,120
2026-08-05 12:18:00+00:00,220.83,220.84,220.7,220.71,150.85,142
2026-08-05 12:19:00+00:00,220.71,220.84,220.68,220.84,164.6,55
2026-08-05 12:20:00+00:00,220.76,220.88,220.74,220.87,17.43,37
2026-08-05 12:21:00+00:00,220.86,220.9,220.77,220.9,12.64,50
2026-08-05 12:22:00+00:00,220.98,221.44,220.9,220.95,70.49,71
2026-08-05 12:23:00+00:00,220.92,221.48,220.92,221.48,35.69,75
2026-08-05 12:24:00+00:00,221.48,221.57,221.41,221.57,17.62,46
2026-08-05 12:25:00+00:00,221.56,221.56,221.39,221.46,19.61,32
2026-08-05 12:26:00+00:00,221.47,221.66,221.38,221.38,32.22,40
2026-08-05 12:27:00+00:00,221.43,221.8,221.43,221.66,29.61,59
2026-08-05 12:28:00+00:00,221.68,221.68,221.37,221.43,26.39,27
2026-08-05 12:29:00+00:00,221.43,221.72,221.43,221.66,26.52,21
2026-08-05 12:30:00+00:00,221.62,221.62,221.41,221.49,49.26,42
2026-08-05 12:31:00+00:00,221.44,221.51,220.87,220.87,7.73,12
2026-08-05 12:32:00+00:00,220.84,220.91,220.7,220.83,1.19,9
2026-08-05 12:33:00+00:00,221.12,221.12,221.03,221.03,18.06,4
2026-08-05 12:34:00+00:00,221.2,221.33,221.13,221.33,5.51,13
2026-08-05 12:35:00+00:00,221.33,221.33,221.33,221.33,0.0,0
2026-08-05 12:36:00+00:00,221.53,221.56,221.46,221.48,1.78,9
2026-08-05 12:37:00+00:00,221.62,221.67,221.62,221.67,0.31,2
2026-08-05 12:38:00+00:00,221.7,221.73,221.62,221.62,3.94,9
2026-08-05 12:39:00+00:00,221.62,221.65,221.62,221.65,0.66,3
2026-08-05 12:40:00+00:00,221.6,221.6,221.6,221.6,0.15,1
2026-08-05 12:41:00+00:00,221.76,221.76,221.71,221.71,0.28,2
2026-08-05 12:42:00+00:00,221.69,222.11,221.65,221.88,17.39,23
2026-08-05 12:43:00+00:00,221.87,221.87,221.73,221.73,1.76,8
2026-08-05 12:44:00+00:00,221.73,221.73,221.73,221.73,0.0,0
2026-08-05 12:45:00+00:00,222.0,222.0,221.91,221.91,0.75,5
2026-08-05 12:46:00+00:00,221.91,221.91,221.91,221.91,0.07,1
2026-08-05 12:47:00+00:00,221.8,221.82,221.8,221.82,1.0,5
2026-08-05 12:48:00+00:00,221.83,221.83,221.83,221.83,0.49,2
2026-08-05 12:49:00+00:00,221.79,221.85,221.77,221.85,23.12,30
2026-08-05 12:50:00+00:00,221.85,221.85,221.74,221.78,6.44,13
2026-08-05 12:51:00+00:00,221.61,221.64,221.4,221.5,2.02,9
2026-08-05 12:52:00+00:00,221.54,221.61,221.51,221.54,1.16,8
2026-08-05 12:53:00+00:00,221.48,221.48,221.35,221.35,0.8,4
2026-08-05 12:54:00+00:00,221.28,221.28,221.14,221.15,41.0,11
2026-08-05 12:55:00+00:00,221.19,221.19,220.94,221.04,15.49,16
2026-08-05 12:56:00+00:00,220.99,221.0,220.99,221.0,1.1,5
2026-08-05 12:57:00+00:00,221.09,221.09,221.09,221.09,0.63,2
2026-08-05 12:58:00+00:00,220.94,221.36,220.89,221.36,109.16,31
2026-08-05 12:59:00+00:00,221.32,221.4,221.08,221.08,13.81,23
2026-08-05 13:00:00+00:00,221.21,221.21,221.11,221.11,0.22,2
2026-08-05 13:01:00+00:00,221.14,221.14,220.9,220.9,0.71,2
2026-08-05 13:02:00+00:00,220.88,220.88,220.56,220.56,3.23,6
2026-08-05 13:03:00+00:00,220.55,220.67,220.52,220.67,111.7,19
2026-08-05 13:04:00+00:00,220.42,220.42,219.89,219.95,152.96,56
2026-08-05 13:05:00+00:00,219.95,220.16,219.95,220.04,228.29,64
2026-08-05 13:06:00+00:00,220.05,220.05,219.78,219.85,15.48,19
2026-08-05 13:07:00+00:00,219.65,219.7,219.58,219.66,3.65,10
2026-08-05 13:08:00+00:00,219.74,219.79,219.57,219.77,56.5,82
2026-08-05 13:09:00+00:00,219.68,219.77,219.61,219.77,2.45,8
2026-08-05 13:10:00+00:00,219.68,219.77,219.67,219.68,2.48,9
2026-08-05 13:11:00+00:00,219.79,219.79,219.7,219.7,0.78,3
2026-08-05 13:12:00+00:00,219.78,219.78,219.7,219.7,2.05,5
2026-08-05 13:13:00+00:00,219.7,219.7,219.7,219.7,0.0,0
2026-08-05 13:14:00+00:00,219.58,219.58,219.3,219.45,1.92,10
2026-08-05 13:15:00+00:00,219.44,219.44,219.22,219.35,13.86,21
2026-08-05 13:16:00+00:00,219.35,219.4,219.1,219.1,26.39,36
2026-08-05 13:17:00+00:00,218.8,219.34,218.8,219.34,13.05,16
2026-08-05 13:18:00+00:00,219.28,219.28,218.89,218.89,17.36,20
2026-08-05 13:19:00+00:00,219.06,219.08,218.92,219.03,4.09,15
2026-08-05 13:20:00+00:00,219.03,219.07,218.97,219.07,0.59,3
2026-08-05 13:21:00+00:00,219.02,219.02,218.43,218.74,45.79,43
2026-08-05 13:22:00+00:00,218.8,219.02,218.53,219.02,56.13,62
2026-08-05 13:23:00+00:00,218.94,219.17,218.94,218.98,31.85,38
2026-08-05 13:24:00+00:00,218.95,218.95,218.37,218.69,23.55,26
2026-08-05 13:25:00+00:00,218.94,220.19,218.94,219.53,301.56,124
2026-08-05 13:26:00+00:00,219.5,219.72,219.23,219.29,184.31,36
2026-08-05 13:27:00+00:00,219.29,219.31,217.55,218.0,366.58,145
2026-08-05 13:28:00+00:00,217.96,218.88,217.74,218.86,243.46,59
2026-08-05 13:29:00+00:00,219.17,219.22,218.79,218.87,10.34,34
2026-08-05 13:30:00+00:00,219.03,220.86,217.78,217.94,992.05,283
2026-08-05 13:31:00+00:00,218.32,219.6,216.53,217.31,277.63,166
2026-08-05 13:32:00+00:00,217.47,217.54,213.12,214.6,1041.07,217
2026-08-05 13:33:00+00:00,214.55,217.58,214.54,217.58,217.8,117
2026-08-05 13:34:00+00:00,217.47,217.58,215.99,216.36,357.12,135
2026-08-05 13:35:00+00:00,216.38,216.51,215.04,216.26,266.32,108
2026-08-05 13:36:00+00:00,216.31,216.64,214.49,215.72,1231.76,176
2026-08-05 13:37:00+00:00,215.61,217.96,215.35,217.86,574.11,111
2026-08-05 13:38:00+00:00,217.86,219.72,217.86,218.95,360.75,169
2026-08-05 13:39:00+00:00,219.33,219.73,216.84,219.33,435.11,150
2026-08-05 13:40:00+00:00,218.87,219.79,217.92,218.97,1015.04,100
2026-08-05 13:41:00+00:00,218.87,219.09,218.3,218.88,481.53,99
2026-08-05 13:42:00+00:00,219.09,222.55,219.09,222.4,971.91,175
2026-08-05 13:43:00+00:00,222.77,223.96,222.77,223.69,100.37,63
2026-08-05 13:44:00+00:00,223.7,224.62,222.85,224.52,1581.75,187
2026-08-05 13:45:00+00:00,224.62,225.0,223.32,223.59,334.35,205
2026-08-05 13:46:00+00:00,223.43,223.43,221.55,221.78,121.6,138
2026-08-05 13:47:00+00:00,221.76,222.48,221.08,221.12,319.24,121
2026-08-05 13:48:00+00:00,221.23,222.35,221.23,221.96,227.35,85
2026-08-05 13:49:00+00:00,221.93,223.25,221.49,223.2,401.6,244
2026-08-05 13:50:00+00:00,223.17,223.22,220.48,221.41,1523.86,206
2026-08-05 13:51:00+00:00,220.98,222.27,220.0,220.72,116.73,111
2026-08-05 13:52:00+00:00,220.54,220.97,219.94,220.06,39.74,40
2026-08-05 13:53:00+00:00,219.98,221.41,219.5,221.41,101.26,91
2026-08-05 13:54:00+00:00,221.39,222.27,220.2,222.27,269.02,67
2026-08-05 13:55:00+00:00,222.29,222.96,221.73,222.72,57.92,55
2026-08-05 13:56:00+00:00,222.72,223.14,221.65,223.02,121.18,98
2026-08-05 13:57:00+00:00,222.61,224.16,222.61,223.37,132.9,93
2026-08-05 13:58:00+00:00,223.59,225.48,223.59,225.23,448.95,130
2026-08-05 13:59:00+00:00,225.23,225.35,224.13,224.65,188.9,71
2026-08-05 14:00:00+00:00,224.47,224.47,221.52,221.58,1406.38,281
2026-08-05 14:01:00+00:00,221.79,221.9,220.93,220.93,470.49,150
2026-08-05 14:02:00+00:00,221.21,221.95,220.82,221.74,187.64,98
2026-08-05 14:03:00+00:00,222.11,222.47,220.92,221.01,99.54,65
2026-08-05 14:04:00+00:00,221.09,221.79,220.62,221.23,38.53,56
2026-08-05 14:05:00+00:00,221.69,224.01,221.69,223.08,100.12,68
2026-08-05 14:06:00+00:00,223.12,223.95,222.9,223.85,21.39,58
2026-08-05 14:07:00+00:00,223.77,224.88,223.73,224.14,76.85,89
2026-08-05 14:08:00+00:00,224.34,226.29,224.34,225.16,339.28,141
2026-08-05 14:09:00+00:00,225.26,226.34,225.15,225.67,61.14,74
2026-08-05 14:10:00+00:00,225.84,226.18,224.4,225.78,298.67,88
2026-08-05 14:11:00+00:00,225.79,225.91,225.2,225.41,488.78,137
2026-08-05 14:12:00+00:00,225.29,226.57,225.28,225.31,71.92,57
2026-08-05 14:13:00+00:00,225.42,225.47,224.48,224.48,22.88,28
2026-08-05 14:14:00+00:00,224.73,225.39,224.57,224.57,45.18,24
2026-08-05 14:15:00+00:00,224.47,225.28,224.47,224.87,37.23,26
2026-08-05 14:16:00+00:00,224.89,225.54,224.49,225.14,93.2,78
2026-08-05 14:17:00+00:00,225.2,225.36,224.77,224.9,194.68,71
2026-08-05 14:18:00+00:00,224.9,225.16,224.7,224.73,315.09,36
2026-08-05 14:19:00+00:00,225.19,225.19,223.88,223.95,56.81,29
2026-08-05 14:20:00+00:00,223.9,224.57,223.28,223.84,65.91,56
2026-08-05 14:21:00+00:00,223.88,224.9,223.38,223.78,86.88,85
2026-08-05 14:22:00+00:00,223.72,223.9,223.12,223.67,58.5,65
2026-08-05 14:23:00+00:00,223.64,223.88,222.96,223.84,318.47,110
2026-08-05 14:24:00+00:00,223.6,224.99,223.6,224.86,76.88,67
2026-08-05 14:25:00+00:00,224.94,226.31,224.57,225.08,57.18,61
2026-08-05 14:26:00+00:00,225.15,226.19,224.51,225.43,25.14,33
2026-08-05 14:27:00+00:00,225.61,226.42,225.61,226.42,35.36,23
2026-08-05 14:28:00+00:00,226.37,226.39,225.5,225.53,63.3,52
2026-08-05 14:29:00+00:00,225.6,225.7,224.4,224.45,24.34,40
2026-08-05 14:30:00+00:00,224.5,224.86,221.96,222.44,95.99,102
2026-08-05 14:31:00+00:00,222.49,222.95,221.72,222.65,123.48,75
2026-08-05 14:32:00+00:00,222.4,223.2,222.4,223.2,41.39,36
2026-08-05 14:33:00+00:00,223.25,224.06,222.95,223.88,38.88,56
2026-08-05 14:34:00+00:00,223.85,224.41,223.68,223.76,25.8,42
2026-08-05 14:35:00+00:00,223.55,223.98,223.44,223.51,37.02,45
2026-08-05 14:36:00+00:00,223.32,223.32,221.15,221.15,28.58,29
2026-08-05 14:37:00+00:00,222.24,222.24,220.4,220.93,456.0,86
2026-08-05 14:38:00+00:00,220.76,220.86,219.32,219.4,241.54,54
2026-08-05 14:39:00+00:00,219.59,219.69,218.94,218.96,21.67,30
2026-08-05 14:40:00+00:00,218.87,219.18,218.26,218.32,14.83,28
2026-08-05 14:41:00+00:00,218.42,218.73,218.0,218.48,27.78,37
2026-08-05 14:42:00+00:00,218.59,218.9,218.38,218.84,160.34,20
2026-08-05 14:43:00+00:00,218.63,218.8,218.33,218.67,188.79,61
2026-08-05 14:44:00+00:00,218.86,219.02,218.25,218.66,52.58,28
2026-08-05 14:45:00+00:00,218.3,218.32,218.0,218.0,23.85,22
2026-08-05 14:46:00+00:00,218.0,218.72,218.0,218.26,273.34,71
2026-08-05 14:47:00+00:00,218.32,219.21,218.25,219.15,148.6,44
2026-08-05 14:48:00+00:00,218.92,218.92,218.74,218.74,8.69,11
2026-08-05 14:49:00+00:00,219.29,219.47,219.29,219.41,14.92,7
2026-08-05 14:50:00+00:00,219.05,219.05,218.31,218.53,46.96,22
2026-08-05 14:51:00+00:00,218.1,218.14,217.65,218.0,830.04,90
2026-08-05 14:52:00+00:00,217.9,218.12,216.89,217.21,41.88,51
2026-08-05 14:53:00+00:00,217.32,217.34,215.89,216.09,125.97,73
2026-08-05 14:54:00+00:00,216.11,217.25,216.1,217.11,61.17,65
2026-08-05 14:55:00+00:00,217.21,217.21,216.7,216.7,87.2,56
2026-08-05 14:56:00+00:00,216.71,217.09,216.66,217.01,44.03,23
2026-08-05 14:57:00+00:00,217.16,218.06,217.16,218.06,365.13,56
2026-08-05 14:58:00+00:00,217.66,217.66,217.21,217.21,63.13,24
2026-08-05 14:59:00+00:00,217.35,217.51,217.32,217.36,482.71,66
2026-08-05 15:00:00+00:00,217.31,217.31,216.76,216.86,46.35,56
2026-08-05 15:01:00+00:00,216.79,217.07,216.39,216.81,76.72,38
2026-08-05 15:02:00+00:00,216.85,217.62,216.81,217.46,67.93,51
2026-08-05 15:03:00+00:00,217.15,217.15,216.81,216.95,40.29,25
2026-08-05 15:04:00+00:00,216.84,217.04,216.35,216.53,40.08,27
2026-08-05 15:05:00+00:00,216.58,216.58,216.26,216.31,407.56,81
2026-08-05 15:06:00+00:00,216.35,217.5,216.35,217.32,69.15,38
2026-08-05 15:07:00+00:00,217.54,217.6,217.3,217.39,126.68,29
2026-08-05 15:08:00+00:00,217.3,218.38,217.28,217.76,47.88,32
2026-08-05 15:09:00+00:00,217.64,218.18,217.49,217.82,93.41,45
2026-08-05 15:10:00+00:00,217.61,218.17,217.45,218.17,97.92,35
2026-08-05 15:11:00+00:00,218.42,218.78,217.96,218.02,60.82,53
2026-08-05 15:12:00+00:00,218.13,218.41,218.0,218.07,34.06,23
2026-08-05 15:13:00+00:00,218.1,218.32,217.44,217.57,331.4,63
2026-08-05 15:14:00+00:00,217.37,217.52,217.37,217.45,20.66,6
2026-08-05 15:15:00+00:00,217.65,217.65,217.34,217.39,22.72,10
2026-08-05 15:16:00+00:00,217.16,217.42,216.96,217.42,58.24,23
2026-08-05 15:17:00+00:00,217.53,217.98,217.46,217.96,102.63,31
2026-08-05 15:18:00+00:00,217.5,217.52,216.78,217.52,300.98,108
2026-08-05 15:19:00+00:00,217.49,218.56,217.49,218.45,49.75,46
2026-08-05 15:20:00+00:00,218.74,218.98,218.58,218.62,155.34,50
2026-08-05 15:21:00+00:00,218.9,219.39,218.57,219.39,39.84,34
2026-08-05 15:22:00+00:00,219.21,219.26,219.04,219.09,117.51,35
2026-08-05 15:23:00+00:00,218.99,219.55,218.94,219.12,75.13,47
2026-08-05 15:24:00+00:00,218.65,219.18,218.56,218.72,35.58,40
2026-08-05 15:25:00+00:00,218.61,218.98,218.12,218.8,53.19,58
2026-08-05 15:26:00+00:00,218.69,219.1,218.58,219.06,74.84,42
2026-08-05 15:27:00+00:00,218.92,219.66,218.92,219.42,25.57,24
2026-08-05 15:28:00+00:00,219.29,219.31,218.76,218.76,210.37,25
2026-08-05 15:29:00+00:00,218.72,218.89,218.47,218.55,423.66,76
2026-08-05 15:30:00+00:00,218.73,219.07,218.65,219.07,40.2,21
2026-08-05 15:31:00+00:00,219.02,219.37,218.99,219.29,45.38,26
2026-08-05 15:32:00+00:00,219.42,219.55,219.3,219.41,31.17,39
2026-08-05 15:33:00+00:00,219.42,219.42,218.91,219.24,38.21,34
2026-08-05 15:34:00+00:00,218.86,218.94,218.59,218.64,28.48,19
2026-08-05 15:35:00+00:00,218.56,219.15,218.49,219.15,244.29,57
2026-08-05 15:36:00+00:00,218.95,218.95,218.36,218.44,279.66,66
2026-08-05 15:37:00+00:00,218.32,218.82,218.29,218.64,26.59,22
2026-08-05 15:38:00+00:00,218.56,218.76,218.43,218.43,20.89,10
2026-08-05 15:39:00+00:00,218.27,218.68,218.25,218.67,22.17,12
2026-08-05 15:40:00+00:00,218.92,219.0,218.67,218.94,77.74,35
2026-08-05 15:41:00+00:00,218.51,218.51,217.48,218.09,27.95,27
2026-08-05 15:42:00+00:00,218.08,218.47,218.08,218.47,56.43,17
2026-08-05 15:43:00+00:00,218.42,218.42,217.96,217.96,22.21,10
2026-08-05 15:44:00+00:00,217.99,217.99,217.64,217.83,37.97,32
2026-08-05 15:45:00+00:00,217.8,217.81,217.34,217.56,33.29,22
2026-08-05 15:46:00+00:00,217.77,217.77,217.5,217.69,22.1,6
2026-08-05 15:47:00+00:00,217.67,217.92,217.67,217.92,21.99,7
2026-08-05 15:48:00+00:00,218.24,218.5,218.05,218.5,40.39,8
2026-08-05 15:49:00+00:00,218.15,218.32,217.95,218.31,23.11,10
2026-08-05 15:50:00+00:00,218.47,219.03,218.47,219.03,26.06,14
2026-08-05 15:51:00+00:00,218.96,218.96,218.55,218.55,22.38,4
2026-08-05 15:52:00+00:00,218.47,218.59,218.22,218.22,39.55,5
2026-08-05 15:53:00+00:00,218.18,218.47,217.93,218.47,190.25,25
2026-08-05 15:54:00+00:00,218.26,218.47,218.26,218.47,27.15,7
2026-08-05 15:55:00+00:00,218.15,218.15,217.95,218.12,22.15,6
2026-08-05 15:56:00+00:00,218.2,218.34,218.13,218.29,56.46,7
2026-08-05 15:57:00+00:00,218.21,219.19,217.81,218.98,37.01,18
2026-08-05 15:58:00+00:00,218.88,219.95,218.88,219.62,25.42,16
2026-08-05 15:59:00+00:00,219.67,219.93,218.79,218.79,51.48,17
2026-08-05 16:00:00+00:00,218.74,219.24,218.64,219.24,29.66,23
2026-08-05 16:01:00+00:00,219.16,219.16,219.0,219.0,33.24,16
2026-08-05 16:02:00+00:00,218.89,218.98,218.48,218.97,64.55,30
2026-08-05 16:03:00+00:00,218.83,218.9,218.63,218.74,24.71,12
2026-08-05 16:04:00+00:00,218.92,219.21,218.79,219.19,61.72,21
2026-08-05 16:05:00+00:00,219.08,219.16,218.88,219.13,36.87,31
2026-08-05 16:06:00+00:00,219.1,219.83,219.1,219.77,35.76,38
2026-08-05 16:07:00+00:00,219.78,219.83,219.35,219.67,32.67,26
2026-08-05 16:08:00+00:00,219.71,219.73,219.31,219.44,26.95,18
2026-08-05 16:09:00+00:00,219.3,219.69,219.15,219.69,53.74,50
2026-08-05 16:10:00+00:00,219.68,219.96,219.68,219.87,28.5,24
2026-08-05 16:11:00+00:00,219.82,219.84,219.47,219.52,36.22,27
2026-08-05 16:12:00+00:00,219.42,219.51,219.28,219.51,37.15,24
2026-08-05 16:13:00+00:00,219.39,219.47,219.04,219.24,38.87,24
2026-08-05 16:14:00+00:00,219.7,219.76,219.48,219.72,54.16,24
2026-08-05 16:15:00+00:00,219.78,219.89,219.6,219.86,143.42,35
2026-08-05 16:16:00+00:00,219.87,220.93,219.86,220.72,385.34,107
2026-08-05 16:17:00+00:00,220.71,220.75,220.29,220.37,43.55,46
2026-08-05 16:18:00+00:00,220.36,220.62,220.36,220.6,38.46,16
2026-08-05 16:19:00+00:00,220.67,220.77,219.76,219.84,59.54,52
2026-08-05 16:20:00+00:00,220.32,220.35,220.09,220.35,25.64,16
2026-08-05 16:21:00+00:00,220.79,221.24,220.79,221.22,26.63,15
2026-08-05 16:22:00+00:00,220.96,221.4,220.86,221.37,33.71,7
2026-08-05 16:23:00+00:00,221.28,221.35,220.58,220.81,249.21,23
2026-08-05 16:24:00+00:00,220.67,221.07,220.56,220.82,148.49,14
2026-08-05 16:25:00+00:00,221.4,221.98,221.4,221.98,43.17,11
2026-08-05 16:26:00+00:00,221.97,222.13,221.97,222.13,13.3,6
2026-08-05 16:27:00+00:00,222.17,222.58,221.94,222.28,26.08,23
2026-08-05 16:28:00+00:00,222.26,222.35,222.01,222.35,12.86,8
2026-08-05 16:29:00+00:00,222.38,223.31,222.38,223.31,18.79,24
2026-08-05 16:30:00+00:00,223.43,223.43,222.54,222.54,37.13,29
2026-08-05 16:31:00+00:00,222.61,222.62,222.15,222.57,36.13,42
2026-08-05 16:32:00+00:00,222.57,222.72,222.46,222.56,21.48,15
2026-08-05 16:33:00+00:00,222.12,222.12,221.5,221.5,31.97,10
2026-08-05 16:34:00+00:00,221.44,221.6,221.3,221.6,18.43,12
2026-08-05 16:35:00+00:00,221.44,221.44,221.13,221.13,1.93,6
2026-08-05 16:36:00+00:00,221.16,221.53,221.14,221.53,3.1,6
2026-08-05 16:37:00+00:00,221.66,221.66,221.46,221.51,248.17,21
2026-08-05 16:38:00+00:00,221.91,221.91,221.71,221.89,2.18,5
2026-08-05 16:39:00+00:00,221.77,221.78,221.63,221.63,23.65,13
2026-08-05 16:40:00+00:00,221.65,221.65,221.65,221.65,2.69,1
2026-08-05 16:41:00+00:00,221.88,222.07,221.79,221.84,14.41,20
2026-08-05 16:42:00+00:00,222.16,222.16,221.62,221.68,34.88,19
2026-08-05 16:43:00+00:00,221.68,221.68,221.68,221.68,0.0,0
2026-08-05 16:44:00+00:00,221.71,221.75,221.39,221.39,7.16,17
2026-08-05 16:45:00+00:00,221.35,221.35,221.07,221.07,12.12,11
2026-08-05 16:46:00+00:00,221.07,221.07,221.07,221.07,0.0,0
2026-08-05 16:47:00+00:00,221.37,221.37,221.33,221.33,2.21,3
2026-08-05 16:48:00+00:00,221.4,221.58,221.36,221.58,4.36,8
2026-08-05 16:49:00+00:00,221.62,221.62,221.19,221.19,3.77,9
2026-08-05 16:50:00+00:00,221.33,221.96,221.27,221.8,31.68,19
2026-08-05 16:51:00+00:00,222.06,222.06,221.43,221.43,44.66,16
2026-08-05 16:52:00+00:00,221.66,221.66,221.5,221.5,17.51,20
2026-08-05 16:53:00+00:00,221.51,221.79,221.5,221.77,3.98,9
2026-08-05 16:54:00+00:00,222.11,222.11,221.65,221.7,4.39,6
2026-08-05 16:55:00+00:00,221.53,221.83,221.53,221.59,26.82,9
2026-08-05 16:56:00+00:00,221.78,221.82,221.73,221.82,9.11,15
2026-08-05 16:57:00+00:00,221.75,222.49,221.75,222.42,171.76,45
2026-08-05 16:58:00+00:00,222.41,222.48,221.62,221.62,65.03,39
2026-08-05 16:59:00+00:00,221.63,221.73,221.42,221.42,14.19,23
2026-08-05 17:00:00+00:00,221.51,221.6,221.32,221.6,4.62,11
2026-08-05 17:01:00+00:00,221.57,221.63,221.48,221.57,20.92,11
2026-08-05 17:02:00+00:00,221.31,221.31,221.25,221.25,4.94,4
2026-08-05 17:03:00+00:00,220.99,221.14,220.84,221.11,349.74,32
2026-08-05 17:04:00+00:00,220.99,220.99,220.56,220.56,3.72,9
2026-08-05 17:05:00+00:00,220.56,220.56,220.27,220.34,20.91,11
2026-08-05 17:06:00+00:00,220.5,220.52,219.86,219.89,3.63,11
2026-08-05 17:07:00+00:00,219.89,220.84,219.89,220.84,33.48,32
2026-08-05 17:08:00+00:00,220.54,220.64,220.46,220.61,63.99,30
2026-08-05 17:09:00+00:00,220.56,220.69,220.41,220.41,184.49,30
2026-08-05 17:10:00+00:00,220.22,220.22,219.89,219.89,9.21,13
2026-08-05 17:11:00+00:00,219.8,220.13,219.74,220.13,3.38,14
2026-08-05 17:12:00+00:00,220.08,220.12,219.99,220.06,8.02,15
2026-08-05 17:13:00+00:00,219.99,220.04,219.77,219.77,2.67,11
2026-08-05 17:14:00+00:00,219.76,219.82,219.76,219.8,1.23,5
2026-08-05 17:15:00+00:00,219.33,219.53,219.29,219.53,0.85,4
2026-08-05 17:16:00+00:00,219.46,219.46,219.46,219.46,1.72,4
2026-08-05 17:17:00+00:00,219.53,220.02,219.48,220.02,6.68,20
2026-08-05 17:18:00+00:00,220.05,220.05,219.86,219.86,1.61,5
2026-08-05 17:19:00+00:00,220.06,220.09,220.06,220.09,7.35,8
2026-08-05 17:20:00+00:00,219.76,219.84,219.64,219.84,4.03,10
2026-08-05 17:21:00+00:00,219.73,219.73,219.73,219.73,0.91,1
2026-08-05 17:22:00+00:00,219.39,219.79,219.39,219.66,2.23,7
2026-08-05 17:23:00+00:00,219.51,219.98,219.46,219.98,10.37,7
2026-08-05 17:24:00+00:00,219.92,219.97,219.77,219.97,10.19,3
2026-08-05 17:25:00+00:00,219.96,220.04,219.96,219.99,1.89,7
2026-08-05 17:26:00+00:00,220.19,220.22,220.04,220.07,54.25,21
2026-08-05 17:27:00+00:00,219.89,219.94,219.83,219.94,2.02,6
2026-08-05 17:28:00+00:00,220.02,220.1,220.02,220.1,0.45,2
2026-08-05 17:29:00+00:00,219.51,219.56,219.49,219.56,0.73,4
2026-08-05 17:30:00+00:00,219.39,219.4,219.23,219.4,1.63,7
2026-08-05 17:31:00+00:00,219.27,219.27,218.54,218.84,58.37,22
2026-08-05 17:32:00+00:00,218.71,218.71,218.1,218.56,24.08,10
2026-08-05 17:33:00+00:00,218.47,218.61,218.44,218.47,117.62,55
2026-08-05 17:34:00+00:00,218.39,218.39,218.39,218.39,0.78,3
2026-08-05 17:35:00+00:00,218.34,218.89,218.33,218.89,4.92,11
2026-08-05 17:36:00+00:00,218.69,218.69,218.54,218.6,6.67,18
2026-08-05 17:37:00+00:00,218.66,218.8,218.59,218.63,1.8,8
2026-08-05 17:38:00+00:00,218.56,218.56,218.37,218.37,1.2,7
2026-08-05 17:39:00+00:00,218.47,218.64,218.47,218.47,174.69,22
2026-08-05 17:40:00+00:00,218.61,218.92,218.34,218.46,41.88,16
2026-08-05 17:41:00+00:00,218.58,218.85,218.42,218.78,5.81,15
2026-08-05 17:42:00+00:00,218.87,218.89,218.75,218.87,1.2,5
2026-08-05 17:43:00+00:00,218.88,219.04,218.88,219.04,3.83,13
2026-08-05 17:44:00+00:00,218.62,218.62,218.53,218.53,46.61,4
2026-08-05 17:45:00+00:00,218.53,218.53,218.03,218.18,26.4,16
2026-08-05 17:46:00+00:00,218.19,218.43,218.16,218.43,12.69,11
2026-08-05 17:47:00+00:00,218.4,218.58,218.33,218.56,18.8,11
2026-08-05 17:48:00+00:00,218.68,218.68,218.5,218.5,1.42,3
2026-08-05 17:49:00+00:00,218.84,218.92,218.83,218.92,36.68,20
2026-08-05 17:50:00+00:00,218.7,219.03,218.7,218.96,3.43,10
2026-08-05 17:51:00+00:00,219.38,219.38,219.17,219.19,4.01,10
2026-08-05 17:52:00+00:00,219.3,219.3,218.98,219.05,29.84,14
2026-08-05 17:53:00+00:00,219.07,219.12,218.86,219.12,91.63,57
2026-08-05 17:54:00+00:00,219.02,219.11,219.02,219.02,32.28,30
2026-08-05 17:55:00+00:00,219.04,219.04,218.73,218.86,4.12,9
2026-08-05 17:56:00+00:00,219.02,219.32,219.02,219.32,2.71,6
2026-08-05 17:57:00+00:00,219.32,219.32,219.12,219.12,69.4,21
2026-08-05 17:58:00+00:00,219.43,219.43,219.43,219.43,0.38,1
2026-08-05 17:59:00+00:00,219.46,219.46,219.26,219.26,31.82,5
2026-08-05 18:00:00+00:00,219.28,219.57,219.25,219.39,18.68,13
2026-08-05 18:01:00+00:00,219.32,219.32,219.32,219.32,0.18,1
2026-08-05 18:02:00+00:00,219.62,219.62,219.59,219.59,0.75,3
2026-08-05 18:03:00+00:00,219.53,219.53,219.07,219.17,0.98,5
2026-08-05 18:04:00+00:00,219.22,219.35,219.17,219.28,23.85,23
2026-08-05 18:05:00+00:00,219.3,219.3,219.3,219.3,0.17,1
2026-08-05 18:06:00+00:00,218.75,218.84,218.72,218.81,1.3,7
2026-08-05 18:07:00+00:00,218.81,219.25,218.8,219.25,1.79,10
2026-08-05 18:08:00+00:00,218.9,219.12,218.88,219.1,43.62,19
2026-08-05 18:09:00+00:00,218.97,218.99,218.96,218.96,32.22,15
2026-08-05 18:10:00+00:00,219.01,219.03,218.96,218.96,30.32,26
2026-08-05 18:11:00+00:00,219.03,219.03,219.03,219.03,2.91,1
2026-08-05 18:12:00+00:00,219.31,219.4,219.3,219.37,11.66,12
2026-08-05 18:13:00+00:00,219.21,219.21,219.21,219.21,0.06,1
2026-08-05 18:14:00+00:00,219.01,219.01,218.56,218.57,6.32,9
2026-08-05 18:15:00+00:00,218.46,218.51,218.2,218.51,39.24,13
2026-08-05 18:16:00+00:00,218.53,218.66,218.53,218.66,30.74,8
2026-08-05 18:17:00+00:00,218.66,218.66,218.66,218.66,0.0,0
2026-08-05 18:18:00+00:00,218.44,218.44,218.44,218.44,4.07,4
2026-08-05 18:19:00+00:00,218.44,218.44,218.44,218.44,0.0,0
2026-08-05 18:20:00+00:00,218.62,218.62,218.62,218.62,0.32,1
2026-08-05 18:21:00+00:00,218.8,218.8,218.61,218.66,14.79,4
2026-08-05 18:22:00+00:00,218.36,218.36,218.36,218.36,0.32,1
2026-08-05 18:23:00+00:00,218.36,218.36,218.36,218.36,0.0,0
2026-08-05 18:24:00+00:00,218.36,218.36,218.36,218.36,0.0,0
2026-08-05 18:25:00+00:00,218.36,218.36,218.36,218.36,0.0,0
2026-08-05 18:26:00+00:00,218.37,218.44,218.37,218.44,2.74,5
2026-08-05 18:27:00+00:00,218.35,218.35,218.35,218.35,0.23,1
2026-08-05 18:28:00+00:00,218.35,218.35,218.35,218.35,0.0,0
2026-08-05 18:29:00+00:00,218.28,218.28,218.28,218.28,0.32,1
2026-08-05 18:30:00+00:00,218.17,218.17,217.96,217.96,1.92,7
2026-08-05 18:31:00+00:00,217.63,217.63,217.53,217.53,2.42,9
2026-08-05 18:32:00+00:00,217.55,217.55,217.39,217.52,3.67,4
2026-08-05 18:33:00+00:00,217.27,217.41,217.27,217.36,3.32,7
2026-08-05 18:34:00+00:00,217.36,217.36,217.36,217.36,0.0,0
2026-08-05 18:35:00+00:00,217.11,217.46,217.11,217.46,0.85,7
2026-08-05 18:36:00+00:00,217.53,217.59,217.4,217.4,69.44,22
2026-08-05 18:37:00+00:00,217.4,217.4,217.4,217.4,0.0,0
2026-08-05 18:38:00+00:00,217.66,217.66,217.66,217.66,0.01,1
2026-08-05 18:39:00+00:00,217.66,217.66,217.66,217.66,0.0,0
2026-08-05 18:40:00+00:00,217.12,217.12,217.12,217.12,0.3,1
2026-08-05 18:41:00+00:00,217.12,217.12,217.12,217.12,0.0,0
2026-08-05 18:42:00+00:00,217.26,217.42,217.24,217.42,2.96,10
2026-08-05 18:43:00+00:00,217.33,217.35,217.11,217.11,0.59,3
2026-08-05 18:44:00+00:00,217.09,217.09,217.09,217.09,0.14,1
2026-08-05 18:45:00+00:00,217.54,218.14,217.54,218.14,1.24,3
2026-08-05 18:46:00+00:00,218.17,218.18,217.9,218.03,2.13,7
2026-08-05 18:47:00+00:00,218.08,218.08,218.03,218.03,15.2,6
2026-08-05 18:48:00+00:00,217.99,217.99,217.9,217.9,0.51,3
2026-08-05 18:49:00+00:00,217.9,217.9,217.9,217.9,0.0,0
2026-08-05 18:50:00+00:00,217.64,217.72,217.64,217.72,0.6,3
2026-08-05 18:51:00+00:00,217.45,217.45,217.45,217.45,0.3,1
2026-08-05 18:52:00+00:00,217.47,217.53,217.39,217.39,85.4,16
2026-08-05 18:53:00+00:00,217.39,217.39,217.39,217.39,0.0,0
2026-08-05 18:54:00+00:00,217.33,217.33,217.33,217.33,0.6,2
2026-08-05 18:55:00+00:00,216.99,217.03,216.98,216.98,17.78,13
2026-08-05 18:56:00+00:00,217.04,217.06,216.83,216.83,14.3,6
2026-08-05 18:57:00+00:00,216.92,217.59,216.92,217.59,16.81,22
2026-08-05 18:58:00+00:00,217.59,217.59,217.59,217.59,0.0,0
2026-08-05 18:59:00+00:00,217.21,217.21,217.15,217.15,2.61,8
2026-08-05 19:00:00+00:00,217.06,217.43,217.06,217.43,0.62,3
2026-08-05 19:01:00+00:00,217.76,218.6,217.74,218.59,3.54,15
2026-08-05 19:02:00+00:00,218.17,218.22,218.17,218.22,0.84,5
2026-08-05 19:03:00+00:00,218.22,218.22,218.22,218.22,0.0,0
2026-08-05 19:04:00+00:00,218.2,218.2,218.2,218.2,1.55,1
2026-08-05 19:05:00+00:00,218.44,218.74,218.44,218.74,81.06,31
2026-08-05 19:06:00+00:00,218.74,218.74,218.74,218.74,0.0,0
2026-08-05 19:07:00+00:00,218.18,218.39,218.13,218.39,4.81,4
2026-08-05 19:08:00+00:00,218.66,218.66,218.45,218.53,5.64,5
2026-08-05 19:09:00+00:00,218.52,218.57,218.52,218.57,4.45,4
2026-08-05 19:10:00+00:00,218.39,218.6,218.28,218.53,19.94,21
2026-08-05 19:11:00+00:00,218.55,218.58,218.55,218.58,0.26,2
2026-08-05 19:12:00+00:00,218.7,218.72,218.67,218.68,6.92,9
2026-08-05 19:13:00+00:00,218.59,219.4,218.57,219.06,136.9,47
2026-08-05 19:14:00+00:00,218.71,219.51,218.64,219.46,54.05,47
2026-08-05 19:15:00+00:00,219.45,219.7,219.32,219.32,10.39,13
2026-08-05 19:16:00+00:00,219.25,219.35,218.92,219.18,21.46,22
2026-08-05 19:17:00+00:00,219.19,219.19,218.85,218.85,11.89,4
2026-08-05 19:18:00+00:00,219.08,219.21,219.08,219.21,2.52,8
2026-08-05 19:19:00+00:00,219.18,219.18,219.18,219.18,0.52,2
2026-08-05 19:20:00+00:00,219.02,219.1,219.02,219.1,0.31,2
2026-08-05 19:21:00+00:00,218.95,218.95,218.95,218.95,0.15,1
2026-08-05 19:22:00+00:00,218.75,218.75,218.51,218.51,0.91,4
2026-08-05 19:23:00+00:00,219.0,219.0,218.99,218.99,0.3,2
2026-08-05 19:24:00+00:00,218.64,218.64,218.57,218.57,0.85,5
2026-08-05 19:25:00+00:00,218.69,218.69,218.69,218.69,0.15,1
2026-08-05 19:26:00+00:00,218.69,218.83,218.61,218.83,0.79,4
2026-08-05 19:27:00+00:00,218.93,218.93,218.89,218.89,2.21,9
2026-08-05 19:28:00+00:00,218.82,218.86,218.82,218.85,1.29,3
2026-08-05 19:29:00+00:00,218.9,218.92,218.24,218.24,21.25,25
2026-08-05 19:30:00+00:00,217.81,217.85,217.62,217.77,85.44,19
2026-08-05 19:31:00+00:00,217.48,217.48,216.99,216.99,31.49,17
2026-08-05 19:32:00+00:00,217.11,217.15,217.11,217.15,1.44,6
2026-08-05 19:33:00+00:00,217.01,217.18,216.82,217.18,11.62,18
2026-08-05 19:34:00+00:00,217.15,217.18,217.05,217.05,1.3,7
2026-08-05 19:35:00+00:00,217.0,217.0,216.38,216.38,74.72,59
2026-08-05 19:36:00+00:00,216.38,216.7,216.37,216.64,43.11,9
2026-08-05 19:37:00+00:00,217.18,217.4,217.17,217.4,214.32,42
2026-08-05 19:38:00+00:00,217.41,217.74,217.41,217.74,221.43,35
2026-08-05 19:39:00+00:00,217.92,217.92,217.92,217.92,0.78,3
2026-08-05 19:40:00+00:00,217.86,217.86,217.83,217.84,15.54,9
2026-08-05 19:41:00+00:00,217.65,217.65,217.36,217.52,15.79,7
2026-08-05 19:42:00+00:00,217.63,218.08,217.5,217.51,3.99,9
2026-08-05 19:43:00+00:00,217.43,217.43,216.94,216.94,8.24,16
2026-08-05 19:44:00+00:00,216.71,216.71,216.07,216.26,49.18,43
2026-08-05 19:45:00+00:00,216.07,216.07,215.75,215.84,22.21,41
2026-08-05 19:46:00+00:00,215.49,215.49,215.11,215.32,14.01,22
2026-08-05 19:47:00+00:00,215.16,215.2,214.62,214.92,534.73,107
2026-08-05 19:48:00+00:00,215.04,215.07,214.69,214.73,7.84,17
2026-08-05 19:49:00+00:00,214.5,214.92,214.43,214.89,22.35,17
2026-08-05 19:50:00+00:00,214.93,215.92,214.93,215.82,223.48,41
2026-08-05 19:51:00+00:00,216.04,216.22,215.93,216.22,33.36,14
2026-08-05 19:52:00+00:00,216.04,216.11,215.82,216.11,5.48,10
2026-08-05 19:53:00+00:00,216.06,216.79,216.06,216.78,45.38,23
2026-08-05 19:54:00+00:00,216.76,216.9,216.0,216.0,76.77,25
2026-08-05 19:55:00+00:00,216.09,216.6,215.16,215.19,52.5,58
2026-08-05 19:56:00+00:00,214.93,215.04,214.48,214.55,41.91,35
2026-08-05 19:57:00+00:00,214.56,214.58,214.26,214.37,2.68,16
2026-08-05 19:58:00+00:00,214.46,214.79,214.34,214.34,13.57,19
2026-08-05 19:59:00+00:00,214.06,214.53,213.79,214.02,24.62,59
2026-08-05 20:00:00+00:00,214.12,214.2,213.82,213.82,154.05,22
2026-08-05 20:01:00+00:00,213.84,213.97,213.46,213.57,336.94,76
2026-08-05 20:02:00+00:00,213.5,213.69,213.3,213.57,367.96,49
2026-08-05 20:03:00+00:00,213.69,213.69,212.96,213.22,53.94,25
2026-08-05 20:04:00+00:00,213.28,213.67,212.74,212.84,244.32,66
2026-08-05 20:05:00+00:00,212.81,213.64,212.44,213.39,224.59,83
2026-08-05 20:06:00+00:00,213.51,213.51,212.74,212.74,38.07,25
2026-08-05 20:07:00+00:00,212.82,213.03,212.82,213.0,105.89,39
2026-08-05 20:08:00+00:00,213.0,213.12,212.85,213.12,92.8,22
2026-08-05 20:09:00+00:00,213.41,213.46,213.08,213.44,42.35,10
2026-08-05 20:10:00+00:00,213.49,213.72,213.39,213.67,122.53,16
2026-08-05 20:11:00+00:00,213.63,213.79,213.58,213.68,213.41,28
2026-08-05 20:12:00+00:00,213.55,213.82,213.48,213.82,1.22,8
2026-08-05 20:13:00+00:00,214.03,214.18,213.98,214.18,253.54,104
2026-08-05 20:14:00+00:00,214.16,214.33,213.9,213.9,14.24,34
2026-08-05 20:15:00+00:00,213.76,214.03,213.76,214.0,10.39,38
2026-08-05 20:16:00+00:00,214.06,214.07,214.06,214.06,1.26,7
2026-08-05 20:17:00+00:00,213.86,214.06,213.66,213.89,126.89,37
2026-08-05 20:18:00+00:00,213.83,213.83,213.83,213.83,1.25,1
2026-08-05 20:19:00+00:00,213.85,213.85,213.77,213.81,3.45,12
2026-08-05 20:20:00+00:00,213.81,213.81,213.81,213.81,0.0,0
2026-08-05 20:21:00+00:00,214.02,214.04,213.81,213.92,14.53,9
2026-08-05 20:22:00+00:00,213.84,213.93,213.84,213.92,2.46,10
2026-08-05 20:23:00+00:00,213.76,213.8,213.53,213.53,14.63,26
2026-08-05 20:24:00+00:00,213.52,213.72,213.5,213.72,15.23,22
2026-08-05 20:25:00+00:00,213.72,213.87,213.72,213.87,8.22,13
2026-08-05 20:26:00+00:00,213.85,213.85,213.55,213.71,33.72,29
2026-08-05 20:27:00+00:00,213.81,213.82,213.47,213.67,96.49,47
2026-08-05 20:28:00+00:00,213.82,213.87,213.82,213.85,8.27,10
2026-08-05 20:29:00+00:00,213.84,213.84,213.84,213.84,0.6,3
2026-08-05 20:30:00+00:00,213.84,213.84,213.83,213.83,6.47,10
2026-08-05 20:31:00+00:00,213.85,213.85,213.7,213.8,1.58,9
2026-08-05 20:32:00+00:00,213.85,213.88,213.85,213.86,6.9,4
2026-08-05 20:33:00+00:00,213.86,213.9,213.82,213.82,5.27,4
2026-08-05 20:34:00+00:00,213.8,213.98,213.8,213.94,12.25,11
2026-08-05 20:35:00+00:00,213.94,214.0,213.91,213.91,3.13,5
2026-08-05 20:36:00+00:00,213.91,213.91,213.91,213.91,0.0,0
2026-08-05 20:37:00+00:00,213.89,213.89,213.8,213.8,2.45,6
2026-08-05 20:38:00+00:00,213.79,213.9,213.69,213.69,28.08,22
2026-08-05 20:39:00+00:00,213.77,213.77,213.58,213.58,1.91,7
2026-08-05 20:40:00+00:00,213.8,213.93,213.8,213.91,0.82,5
2026-08-05 20:41:00+00:00,213.91,213.91,213.91,213.91,0.0,0
2026-08-05 20:42:00+00:00,213.91,213.91,213.91,213.91,0.0,0
2026-08-05 20:43:00+00:00,213.91,213.95,213.91,213.95,0.44,3
2026-08-05 20:44:00+00:00,213.89,213.89,213.89,213.89,0.08,1
2026-08-05 20:45:00+00:00,213.95,213.95,213.95,213.95,0.18,1
2026-08-05 20:46:00+00:00,213.78,213.78,213.78,213.78,0.07,1
2026-08-05 20:47:00+00:00,213.57,213.57,213.56,213.56,1.86,9
2026-08-05 20:48:00+00:00,213.57,213.61,213.54,213.54,2.47,13
2026-08-05 20:49:00+00:00,213.75,213.79,213.71,213.71,1.75,8
2026-08-05 20:50:00+00:00,213.57,213.57,213.42,213.42,0.78,4
2026-08-05 20:51:00+00:00,213.34,213.54,213.33,213.54,2.55,5
2026-08-05 20:52:00+00:00,213.54,213.59,213.54,213.59,1.4,4
2026-08-05 20:53:00+00:00,213.57,213.72,213.57,213.65,5.37,9
2026-08-05 20:54:00+00:00,213.82,213.82,213.82,213.82,2.05,7
2026-08-05 20:55:00+00:00,213.79,213.89,213.79,213.86,2.2,11
2026-08-05 20:56:00+00:00,213.87,213.91,213.87,213.89,5.66,6
2026-08-05 20:57:00+00:00,213.82,213.93,213.82,213.87,12.99,19
2026-08-05 20:58:00+00:00,213.77,213.96,213.75,213.93,13.98,13
2026-08-05 20:59:00+00:00,213.88,214.26,213.69,213.98,66.48,46
2026-08-05 21:00:00+00:00,213.93,214.28,213.9,214.27,14.92,9
2026-08-05 21:01:00+00:00,214.27,214.53,214.27,214.52,11.92,20
2026-08-05 21:02:00+00:00,214.39,214.41,214.39,214.41,1.16,6
2026-08-05 21:03:00+00:00,214.51,214.59,214.36,214.37,18.09,25
2026-08-05 21:04:00+00:00,214.33,214.33,214.24,214.24,2.64,8
2026-08-05 21:05:00+00:00,214.27,214.27,214.27,214.27,0.88,5
2026-08-05 21:06:00+00:00,214.28,214.28,214.24,214.24,15.81,14
2026-08-05 21:07:00+00:00,214.37,214.37,214.36,214.36,6.0,7
2026-08-05 21:08:00+00:00,214.26,214.53,214.26,214.53,46.17,36
2026-08-05 21:09:00+00:00,214.43,214.53,214.43,214.53,2.84,9
2026-08-05 21:10:00+00:00,214.49,214.54,214.49,214.54,2.0,9
2026-08-05 21:11:00+00:00,214.71,214.75,214.71,214.74,6.05,10
2026-08-05 21:12:00+00:00,214.73,214.78,214.64,214.64,18.61,11
2026-08-05 21:13:00+00:00,214.63,214.63,214.46,214.49,5.57,8
2026-08-05 21:14:00+00:00,214.49,214.49,214.49,214.49,0.0,0
2026-08-05 21:15:00+00:00,214.71,214.72,214.49,214.49,18.74,18
2026-08-05 21:16:00+00:00,214.33,214.33,214.32,214.32,1.96,6
2026-08-05 21:17:00+00:00,214.32,214.32,214.32,214.32,0.0,0
2026-08-05 21:18:00+00:00,214.32,214.32,214.32,214.32,0.0,0
2026-08-05 21:19:00+00:00,214.32,214.32,214.32,214.32,0.0,0
2026-08-05 21:20:00+00:00,214.13,214.13,214.13,214.13,0.22,1
2026-08-05 21:21:00+00:00,213.93,213.93,213.93,213.93,0.13,1
2026-08-05 21:22:00+00:00,213.9,214.04,213.9,214.04,0.47,4
2026-08-05 21:23:00+00:00,214.1,214.1,214.1,214.1,0.28,1
2026-08-05 21:24:00+00:00,213.92,213.95,213.63,213.63,1.63,7
2026-08-05 21:25:00+00:00,213.73,213.73,213.73,213.73,0.13,1
2026-08-05 21:26:00+00:00,213.73,213.73,213.73,213.73,0.0,0
2026-08-05 21:27:00+00:00,213.73,213.73,213.73,213.73,0.0,0
2026-08-05 21:28:00+00:00,213.83,213.87,213.83,213.87,1.7,5
2026-08-05 21:29:00+00:00,214.05,214.05,214.05,214.05,1.36,2
2026-08-05 21:30:00+00:00,214.25,214.29,213.96,213.96,12.84,15
2026-08-05 21:31:00+00:00,214.05,214.05,214.05,214.05,0.66,3
2026-08-05 21:32:00+00:00,214.03,214.03,213.82,213.85,10.34,7
2026-08-05 21:33:00+00:00,213.85,213.85,213.85,213.85,0.0,0
2026-08-05 21:34:00+00:00,213.98,213.98,213.98,213.98,0.66,3
2026-08-05 21:35:00+00:00,213.92,213.92,213.76,213.76,3.69,9
2026-08-05 21:36:00+00:00,213.79,213.8,213.79,213.8,1.32,6
2026-08-05 21:37:00+00:00,213.76,213.86,213.76,213.86,0.81,4
2026-08-05 21:38:00+00:00,213.83,213.83,213.82,213.82,14.74,5
2026-08-05 21:39:00+00:00,213.72,213.93,213.64,213.64,9.43,12
2026-08-05 21:40:00+00:00,213.76,213.83,213.76,213.82,2.11,4
2026-08-05 21:41:00+00:00,213.93,213.99,213.77,213.84,23.81,14
2026-08-05 21:42:00+00:00,213.81,213.81,213.74,213.8,1.31,8
2026-08-05 21:43:00+00:00,213.44,213.44,212.86,212.86,20.9,44
2026-08-05 21:44:00+00:00,212.88,213.42,212.86,213.23,97.09,52
2026-08-05 21:45:00+00:00,213.08,213.55,212.92,213.52,29.83,33
2026-08-05 21:46:00+00:00,213.29,213.29,213.26,213.26,0.96,4
2026-08-05 21:47:00+00:00,213.26,213.31,213.19,213.19,21.53,9
2026-08-05 21:48:00+00:00,213.51,213.51,213.51,213.51,0.87,4
2026-08-05 21:49:00+00:00,213.52,213.52,213.32,213.32,26.87,11
2026-08-05 21:50:00+00:00,213.15,213.15,213.15,213.15,0.89,2
2026-08-05 21:51:00+00:00,213.19,213.35,213.16,213.34,45.53,25
2026-08-05 21:52:00+00:00,213.14,213.36,213.14,213.32,27.9,11
2026-08-05 21:53:00+00:00,213.3,213.43,213.12,213.25,28.68,30
2026-08-05 21:54:00+00:00,213.29,213.42,213.24,213.41,1.66,10
2026-08-05 21:55:00+00:00,213.45,213.46,213.37,213.37,1.24,8
2026-08-05 21:56:00+00:00,213.43,213.43,213.1,213.1,1.12,3
2026-08-05 21:57:00+00:00,212.99,213.47,212.88,213.4,27.81,20
2026-08-05 21:58:00+00:00,213.51,213.58,213.31,213.31,5.66,14
2026-08-05 21:59:00+00:00,213.34,213.35,213.28,213.32,2.18,7
2026-08-05 22:00:00+00:00,213.55,213.6,213.45,213.51,4.68,10
2026-08-05 22:01:00+00:00,213.51,213.51,213.43,213.47,4.48,7
2026-08-05 22:02:00+00:00,213.48,213.48,213.47,213.48,3.65,6
2026-08-05 22:03:00+00:00,213.25,213.25,213.25,213.25,2.8,1
2026-08-05 22:04:00+00:00,213.25,213.25,213.25,213.25,0.0,0
2026-08-05 22:05:00+00:00,213.25,213.25,213.25,213.25,0.0,0
2026-08-05 22:06:00+00:00,213.56,213.56,213.56,213.56,0.22,1
2026-08-05 22:07:00+00:00,213.62,213.63,213.49,213.49,5.07,14
2026-08-05 22:08:00+00:00,213.58,213.61,213.54,213.58,4.5,17
2026-08-05 22:09:00+00:00,213.54,213.6,213.51,213.6,4.32,8
2026-08-05 22:10:00+00:00,213.59,213.59,213.47,213.53,6.57,19
2026-08-05 22:11:00+00:00,213.56,213.58,213.44,213.44,3.16,7
2026-08-05 22:12:00+00:00,213.52,213.52,213.37,213.38,2.88,9
2026-08-05 22:13:00+00:00,213.22,213.25,213.18,213.18,2.89,13
2026-08-05 22:14:00+00:00,213.2,213.34,213.2,213.31,3.82,16
2026-08-05 22:15:00+00:00,213.26,213.47,213.25,213.47,4.38,11
2026-08-05 22:16:00+00:00,213.54,213.54,213.48,213.5,9.56,14
2026-08-05 22:17:00+00:00,213.49,213.55,213.44,213.49,4.8,19
2026-08-05 22:18:00+00:00,213.57,213.73,213.52,213.73,9.54,22
2026-08-05 22:19:00+00:00,213.71,213.71,213.63,213.68,21.77,25
2026-08-05 22:20:00+00:00,213.84,213.89,213.81,213.89,4.74,8
2026-08-05 22:21:00+00:00,213.91,214.06,213.91,214.04,5.89,17
2026-08-05 22:22:00+00:00,214.05,214.1,214.02,214.07,34.14,39
2026-08-05 22:23:00+00:00,214.07,214.15,214.05,214.08,22.23,43
2026-08-05 22:24:00+00:00,214.07,214.09,214.02,214.06,11.28,20
2026-08-05 22:25:00+00:00,213.96,214.03,213.96,214.03,2.11,4
2026-08-05 22:26:00+00:00,214.03,214.03,214.03,214.03,0.47,1
2026-08-05 22:27:00+00:00,214.03,214.03,214.03,214.03,0.0,0
2026-08-05 22:28:00+00:00,214.03,214.03,214.03,214.03,0.0,0
2026-08-05 22:29:00+00:00,214.03,214.03,214.03,214.03,0.0,0
2026-08-05 22:30:00+00:00,214.03,214.03,214.03,214.03,0.0,0
2026-08-05 22:31:00+00:00,214.2,214.21,214.19,214.19,2.96,5
2026-08-05 22:32:00+00:00,214.21,214.43,214.21,214.43,40.93,17
2026-08-05 22:33:00+00:00,214.45,214.45,213.99,214.26,64.58,28
2026-08-05 22:34:00+00:00,214.31,214.31,214.29,214.29,2.42,11
2026-08-05 22:35:00+00:00,214.26,214.27,214.26,214.27,5.13,2
2026-08-05 22:36:00+00:00,214.2,214.21,214.2,214.21,8.0,15
2026-08-05 22:37:00+00:00,214.29,214.35,214.29,214.35,2.12,6
2026-08-05 22:38:00+00:00,214.34,214.34,214.18,214.19,30.64,12
2026-08-05 22:39:00+00:00,214.2,214.2,213.96,214.04,83.68,27
2026-08-05 22:40:00+00:00,213.97,214.11,213.95,214.06,85.2,28
2026-08-05 22:41:00+00:00,213.99,214.32,213.97,214.32,30.0,12
2026-08-05 22:42:00+00:00,214.22,214.22,213.96,214.0,76.38,27
2026-08-05 22:43:00+00:00,214.0,214.0,214.0,214.0,0.0,0
2026-08-05 22:44:00+00:00,214.06,214.06,214.06,214.06,0.12,1
2026-08-05 22:45:00+00:00,214.06,214.06,214.06,214.06,0.0,0
2026-08-05 22:46:00+00:00,214.22,214.31,214.22,214.27,9.38,10
2026-08-05 22:47:00+00:00,214.33,214.37,214.33,214.36,1.82,4
2026-08-05 22:48:00+00:00,214.52,214.52,214.41,214.41,6.45,2
2026-08-05 22:49:00+00:00,214.34,214.34,214.22,214.27,5.83,12
2026-08-05 22:50:00+00:00,214.22,214.24,214.2,214.2,2.2,3
2026-08-05 22:51:00+00:00,214.2,214.2,214.2,214.2,0.0,0
2026-08-05 22:52:00+00:00,214.2,214.25,214.2,214.23,3.87,6
2026-08-05 22:53:00+00:00,214.19,214.2,214.18,214.18,3.02,7
2026-08-05 22:54:00+00:00,214.16,214.16,214.16,214.16,0.89,2
2026-08-05 22:55:00+00:00,214.05,214.08,214.05,214.05,0.57,3
2026-08-05 22:56:00+00:00,214.04,214.04,214.04,214.04,4.68,3
2026-08-05 22:57:00+00:00,214.04,214.04,214.04,214.04,0.0,0
2026-08-05 22:58:00+00:00,213.97,213.97,213.97,213.97,0.11,1
2026-08-05 22:59:00+00:00,214.03,214.03,214.03,214.03,0.22,1
2026-08-05 23:00:00+00:00,213.98,213.98,213.88,213.88,1.29,9
2026-08-05 23:01:00+00:00,214.06,214.08,214.0,214.08,0.42,5
2026-08-05 23:02:00+00:00,213.94,214.2,213.94,214.2,3.81,17
2026-08-05 23:03:00+00:00,214.16,214.16,214.1,214.1,0.44,3
2026-08-05 23:04:00+00:00,214.1,214.1,214.06,214.06,3.14,7
2026-08-05 23:05:00+00:00,214.07,214.08,214.06,214.08,0.34,3
2026-08-05 23:06:00+00:00,214.08,214.15,214.08,214.15,0.23,2
2026-08-05 23:07:00+00:00,214.18,214.18,214.18,214.18,0.12,1
2026-08-05 23:08:00+00:00,214.18,214.26,214.18,214.26,1.32,3
2026-08-05 23:09:00+00:00,214.32,214.35,214.31,214.32,1.34,9
2026-08-05 23:10:00+00:00,214.32,214.32,214.32,214.32,0.12,1
2026-08-05 23:11:00+00:00,214.32,214.32,214.32,214.32,0.0,0
2026-08-05 23:12:00+00:00,214.0,214.0,214.0,214.0,0.2,1
2026-08-05 23:13:00+00:00,214.01,214.01,213.92,213.98,17.07,8
2026-08-05 23:14:00+00:00,214.07,214.17,214.06,214.17,0.7,6
2026-08-05 23:15:00+00:00,214.09,214.12,214.09,214.12,0.26,3
2026-08-05 23:16:00+00:00,214.12,214.12,214.12,214.12,0.0,0
2026-08-05 23:17:00+00:00,214.07,214.13,214.07,214.1,0.32,3
2026-08-05 23:18:00+00:00,214.1,214.14,214.1,214.14,0.33,3
2026-08-05 23:19:00+00:00,214.0,214.09,213.98,214.09,5.54,10
2026-08-05 23:20:00+00:00,214.03,214.08,213.98,214.08,4.59,12
2026-08-05 23:21:00+00:00,214.07,214.07,213.98,214.07,4.33,13
2026-08-05 23:22:00+00:00,214.07,214.07,214.07,214.07,0.0,0
2026-08-05 23:23:00+00:00,214.13,214.13,213.98,213.98,3.93,6
2026-08-05 23:24:00+00:00,214.04,214.07,213.98,214.01,1.51,9
2026-08-05 23:25:00+00:00,214.04,214.05,213.93,213.93,1.63,9
2026-08-05 23:26:00+00:00,213.89,214.0,213.87,214.0,3.18,8
2026-08-05 23:27:00+00:00,213.89,213.93,213.86,213.93,1.43,6
2026-08-05 23:28:00+00:00,213.93,213.93,213.93,213.93,0.0,0
2026-08-05 23:29:00+00:00,214.03,214.03,214.03,214.03,0.08,1
2026-08-05 23:30:00+00:00,214.08,214.08,214.08,214.08,0.1,1
2026-08-05 23:31:00+00:00,214.06,214.08,213.91,213.92,42.64,24
2026-08-05 23:32:00+00:00,213.75,213.75,213.69,213.69,5.23,4
2026-08-05 23:33:00+00:00,213.74,213.74,213.74,213.74,0.11,1
2026-08-05 23:34:00+00:00,213.74,213.74,213.74,213.74,0.0,0
2026-08-05 23:35:00+00:00,213.71,213.79,213.64,213.79,24.35,16
2026-08-05 23:36:00+00:00,213.79,213.79,213.79,213.79,0.0,0
2026-08-05 23:37:00+00:00,213.66,213.66,213.62,213.63,11.31,23
2026-08-05 23:38:00+00:00,213.63,213.63,213.63,213.63,0.0,0
2026-08-05 23:39:00+00:00,213.71,213.76,213.71,213.75,1.38,6
2026-08-05 23:40:00+00:00,213.71,213.73,213.59,213.59,3.25,12
2026-08-05 23:41:00+00:00,213.59,213.59,213.59,213.59,0.0,0
2026-08-05 23:42:00+00:00,213.59,213.59,213.59,213.59,0.0,0
2026-08-05 23:43:00+00:00,213.59,213.59,213.55,213.55,0.17,2
2026-08-05 23:44:00+00:00,213.57,213.57,213.56,213.56,0.47,3
2026-08-05 23:45:00+00:00,213.31,213.32,213.21,213.21,1.11,8
2026-08-05 23:46:00+00:00,213.16,213.16,213.09,213.1,73.8,36
2026-08-05 23:47:00+00:00,213.09,213.23,213.09,213.16,47.1,22
2026-08-05 23:48:00+00:00,213.18,213.18,213.18,213.18,0.54,3
2026-08-05 23:49:00+00:00,213.24,213.24,213.05,213.08,3.86,10
2026-08-05 23:50:00+00:00,213.12,213.2,213.12,213.2,6.32,14
2026-08-05 23:51:00+00:00,213.21,213.21,213.21,213.21,0.35,3
2026-08-05 23:52:00+00:00,213.46,213.49,213.45,213.49,1.57,9
2026-08-05 23:53:00+00:00,213.51,213.51,213.49,213.49,0.26,3
2026-08-05 23:54:00+00:00,213.49,213.49,213.49,213.49,0.0,0
2026-08-05 23:55:00+00:00,213.39,213.39,213.3,213.3,1.33,5
2026-08-05 23:56:00+00:00,213.3,213.3,213.3,213.3,0.0,0
2026-08-05 23:57:00+00:00,213.45,213.47,213.44,213.46,15.02,8
2026-08-05 23:58:00+00:00,213.46,213.46,213.46,213.46,0.0,0
2026-08-05 23:59:00+00:00,213.39,213.42,213.39,213.4,12.25,6
2026-08-06 00:00:00+00:00,213.68,213.93,213.53,213.62,1.38,4
2026-08-06 00:01:00+00:00,213.47,213.47,213.32,213.32,3.99,8
2026-08-06 00:02:00+00:00,213.61,213.61,213.55,213.55,2.33,7
2026-08-06 00:03:00+00:00,213.49,213.49,213.42,213.42,0.62,2
2026-08-06 00:04:00+00:00,213.92,214.32,213.92,214.12,6.0,14
2026-08-06 00:05:00+00:00,214.18,214.18,214.16,214.16,1.22,4
2026-08-06 00:06:00+00:00,214.14,214.14,213.64,213.64,9.7,14
2026-08-06 00:07:00+00:00,213.78,213.86,213.77,213.85,2.51,18
2026-08-06 00:08:00+00:00,214.32,214.39,214.32,214.39,2.74,2
2026-08-06 00:09:00+00:00,214.23,214.32,214.19,214.19,2.08,13
2026-08-06 00:10:00+00:00,214.16,214.16,214.16,214.16,0.48,3
2026-08-06 00:11:00+00:00,213.72,213.72,213.72,213.72,0.32,2
2026-08-06 00:12:00+00:00,213.74,213.74,213.74,213.74,0.06,1
2026-08-06 00:13:00+00:00,213.8,213.9,213.8,213.9,0.48,3
2026-08-06 00:14:00+00:00,213.9,213.9,213.9,213.9,0.0,0
2026-08-06 00:15:00+00:00,213.8,213.8,213.61,213.63,0.34,3
2026-08-06 00:16:00+00:00,213.63,213.68,213.63,213.68,1.53,5
2026-08-06 00:17:00+00:00,213.69,213.69,213.57,213.58,1.11,3
2026-08-06 00:18:00+00:00,213.58,213.58,213.58,213.58,0.0,0
2026-08-06 00:19:00+00:00,213.61,213.62,213.61,213.62,0.73,6
2026-08-06 00:20:00+00:00,213.68,213.68,213.66,213.67,1.03,8
2026-08-06 00:21:00+00:00,213.69,213.76,213.65,213.65,0.5,5
2026-08-06 00:22:00+00:00,213.71,213.89,213.71,213.89,1.09,2
2026-08-06 00:23:00+00:00,213.87,213.91,213.86,213.86,0.5,4
2026-08-06 00:24:00+00:00,213.96,213.96,213.96,213.96,0.93,5
2026-08-06 00:25:00+00:00,214.06,214.06,214.06,214.06,0.08,1
2026-08-06 00:26:00+00:00,214.14,214.14,213.65,213.66,0.49,6
2026-08-06 00:27:00+00:00,213.41,213.41,213.23,213.23,2.53,7
2026-08-06 00:28:00+00:00,213.09,213.16,213.09,213.13,103.24,41
2026-08-06 00:29:00+00:00,213.11,213.24,213.08,213.24,1.95,7
2026-08-06 00:30:00+00:00,213.2,213.23,213.08,213.14,3.14,13
2026-08-06 00:31:00+00:00,213.1,213.1,212.87,212.87,16.93,37
2026-08-06 00:32:00+00:00,212.87,212.95,212.87,212.91,4.32,18
2026-08-06 00:33:00+00:00,213.02,213.1,213.02,213.03,0.37,5
2026-08-06 00:34:00+00:00,213.14,213.15,212.87,212.87,6.65,14
2026-08-06 00:35:00+00:00,212.79,212.85,212.79,212.84,0.24,3
2026-08-06 00:36:00+00:00,212.96,212.96,212.89,212.93,3.1,6
2026-08-06 00:37:00+00:00,212.99,212.99,212.99,212.99,0.07,1
2026-08-06 00:38:00+00:00,212.68,212.69,212.61,212.61,1.36,11
2026-08-06 00:39:00+00:00,212.6,212.63,212.49,212.52,4.37,14
2026-08-06 00:40:00+00:00,212.64,212.92,212.64,212.92,2.33,7
2026-08-06 00:41:00+00:00,212.92,212.92,212.92,212.92,0.0,0
2026-08-06 00:42:00+00:00,213.14,213.19,213.01,213.19,2.19,11
2026-08-06 00:43:00+00:00,212.97,213.03,212.97,212.97,0.44,5
2026-08-06 00:44:00+00:00,212.88,212.88,212.74,212.74,2.37,13
2026-08-06 00:45:00+00:00,212.75,212.87,212.69,212.87,2.05,9
2026-08-06 00:46:00+00:00,212.87,212.92,212.8,212.8,1.43,4
2026-08-06 00:47:00+00:00,212.6,212.6,212.49,212.49,6.24,8
2026-08-06 00:48:00+00:00,212.93,212.93,212.93,212.93,0.36,3
2026-08-06 00:49:00+00:00,213.01,213.01,212.96,212.96,0.47,4
2026-08-06 00:50:00+00:00,212.71,212.71,212.57,212.57,0.35,4
2026-08-06 00:51:00+00:00,212.73,212.73,212.56,212.56,0.98,3
2026-08-06 00:52:00+00:00,212.43,212.57,212.42,212.57,2.89,5
2026-08-06 00:53:00+00:00,212.69,212.69,212.61,212.61,0.12,2
2026-08-06 00:54:00+00:00,212.55,212.61,212.52,212.61,2.46,9
2026-08-06 00:55:00+00:00,212.55,212.73,212.55,212.72,0.35,4
2026-08-06 00:56:00+00:00,212.55,212.56,212.55,212.56,0.77,6
2026-08-06 00:57:00+00:00,212.61,212.61,212.51,212.51,0.22,2
2026-08-06 00:58:00+00:00,212.52,212.52,212.52,212.52,0.36,3
2026-08-06 00:59:00+00:00,212.42,212.43,212.42,212.43,1.66,8
2026-08-06 01:00:00+00:00,212.42,212.44,212.35,212.35,6.88,15
2026-08-06 01:01:00+00:00,212.33,212.33,212.13,212.13,21.67,19
2026-08-06 01:02:00+00:00,212.24,212.28,212.05,212.28,20.0,35
2026-08-06 01:03:00+00:00,212.31,212.31,211.95,211.95,10.81,15
2026-08-06 01:04:00+00:00,211.94,211.99,211.94,211.99,1.99,4
2026-08-06 01:05:00+00:00,211.95,212.03,211.95,212.03,0.64,10
2026-08-06 01:06:00+00:00,211.95,212.15,211.95,212.1,3.94,5
2026-08-06 01:07:00+00:00,212.15,212.38,212.13,212.38,12.0,8
2026-08-06 01:08:00+00:00,212.43,212.44,212.42,212.42,1.87,14
2026-08-06 01:09:00+00:00,212.51,212.61,212.38,212.38,0.56,4
2026-08-06 01:10:00+00:00,212.63,212.65,212.63,212.65,0.12,2
2026-08-06 01:11:00+00:00,212.66,212.66,212.48,212.48,0.23,2
2026-08-06 01:12:00+00:00,212.27,212.27,212.27,212.27,0.6,5
2026-08-06 01:13:00+00:00,212.42,212.42,212.42,212.42,0.12,1
2026-08-06 01:14:00+00:00,212.41,212.41,212.41,212.41,3.64,8
2026-08-06 01:15:00+00:00,212.24,212.31,212.24,212.24,0.41,3
2026-08-06 01:16:00+00:00,212.2,212.2,212.12,212.13,2.51,8
2026-08-06 01:17:00+00:00,212.14,212.27,212.14,212.27,1.41,8
2026-08-06 01:18:00+00:00,212.2,212.24,212.2,212.22,4.16,14
2026-08-06 01:19:00+00:00,212.19,212.19,212.17,212.17,0.33,4
2026-08-06 01:20:00+00:00,212.02,212.03,211.86,211.86,10.16,18
2026-08-06 01:21:00+00:00,211.83,211.88,211.83,211.88,1.19,6
2026-08-06 01:22:00+00:00,211.64,211.64,211.56,211.57,5.6,9
2026-08-06 01:23:00+00:00,211.46,211.54,211.46,211.54,7.75,22
2026-08-06 01:24:00+00:00,211.46,211.67,211.46,211.67,1.01,6
2026-08-06 01:25:00+00:00,211.6,211.61,211.44,211.44,44.18,32
2026-08-06 01:26:00+00:00,211.12,211.12,210.98,211.04,11.85,19
2026-08-06 01:27:00+00:00,211.08,211.13,210.98,211.13,42.58,12
2026-08-06 01:28:00+00:00,211.02,211.02,211.02,211.02,1.31,4
2026-08-06 01:29:00+00:00,211.03,211.26,210.91,211.24,5.3,8
2026-08-06 01:30:00+00:00,211.13,211.33,211.13,211.33,5.72,20
2026-08-06 01:31:00+00:00,211.51,211.51,211.5,211.5,1.24,2
2026-08-06 01:32:00+00:00,211.45,211.45,211.45,211.45,0.12,1
2026-08-06 01:33:00+00:00,211.72,211.72,211.64,211.64,0.44,4
2026-08-06 01:34:00+00:00,211.52,211.6,211.52,211.56,0.52,6
2026-08-06 01:35:00+00:00,211.57,211.59,211.46,211.54,0.45,5
2026-08-06 01:36:00+00:00,211.77,211.77,211.77,211.77,0.07,1
2026-08-06 01:37:00+00:00,211.91,211.91,211.88,211.88,0.54,5
2026-08-06 01:38:00+00:00,211.63,211.83,211.63,211.83,1.04,7
2026-08-06 01:39:00+00:00,212.04,212.04,211.92,211.94,3.07,9
2026-08-06 01:40:00+00:00,212.07,212.1,211.98,212.1,7.34,6
2026-08-06 01:41:00+00:00,212.1,212.1,212.1,212.1,0.0,0
2026-08-06 01:42:00+00:00,211.98,212.21,211.94,212.21,0.64,7
2026-08-06 01:43:00+00:00,212.22,212.22,211.99,211.99,1.3,6
2026-08-06 01:44:00+00:00,211.99,211.99,211.94,211.94,0.28,4
2026-08-06 01:45:00+00:00,211.93,211.95,211.93,211.95,0.1,2
2026-08-06 01:46:00+00:00,212.06,212.16,212.04,212.15,0.66,4
2026-08-06 01:47:00+00:00,212.38,212.47,212.31,212.31,3.33,11
2026-08-06 01:48:00+00:00,212.22,212.31,212.22,212.3,0.34,5
2026-08-06 01:49:00+00:00,212.5,212.62,212.35,212.62,2.09,20
2026-08-06 01:50:00+00:00,212.62,212.72,212.61,212.68,0.74,7
2026-08-06 01:51:00+00:00,212.48,212.48,212.39,212.39,1.25,4
2026-08-06 01:52:00+00:00,212.39,212.43,212.3,212.4,1.46,13
2026-08-06 01:53:00+00:00,212.33,212.51,212.33,212.51,0.14,2
2026-08-06 01:54:00+00:00,212.52,212.65,212.51,212.65,0.5,6
2026-08-06 01:55:00+00:00,212.65,212.72,212.63,212.72,0.22,3
2026-08-06 01:56:00+00:00,212.72,212.72,212.72,212.72,0.0,0
2026-08-06 01:57:00+00:00,212.62,212.67,212.54,212.61,5.65,17
2026-08-06 01:58:00+00:00,212.41,212.41,212.38,212.4,0.4,6
2026-08-06 01:59:00+00:00,212.4,212.4,212.4,212.4,0.0,0
2026-08-06 02:00:00+00:00,212.31,212.37,212.31,212.37,23.58,15
2026-08-06 02:01:00+00:00,212.44,212.44,212.21,212.21,1.87,14
2026-08-06 02:02:00+00:00,212.19,212.19,212.17,212.19,0.37,5
2026-08-06 02:03:00+00:00,212.15,212.15,212.1,212.11,2.55,8
2026-08-06 02:04:00+00:00,211.99,212.13,211.99,212.13,3.84,5
2026-08-06 02:05:00+00:00,212.19,212.19,212.19,212.19,0.08,1
2026-08-06 02:06:00+00:00,212.22,212.27,212.22,212.27,8.92,6
2026-08-06 02:07:00+00:00,212.22,212.22,212.22,212.22,0.08,1
2026-08-06 02:08:00+00:00,212.67,212.69,212.61,212.61,7.33,22
2026-08-06 02:09:00+00:00,212.5,212.57,212.45,212.46,3.55,11
2026-08-06 02:10:00+00:00,212.59,212.59,212.59,212.59,0.08,1
2026-08-06 02:11:00+00:00,212.68,212.72,212.68,212.72,0.28,2
2026-08-06 02:12:00+00:00,212.95,212.97,212.63,212.63,1.21,9
2026-08-06 02:13:00+00:00,212.63,212.63,212.52,212.54,1.0,8
2026-08-06 02:14:00+00:00,212.41,212.48,212.4,212.4,25.22,15
2026-08-06 02:15:00+00:00,212.46,212.51,212.36,212.36,1.02,10
2026-08-06 02:16:00+00:00,212.44,212.49,212.37,212.43,1.92,15
2026-08-06 02:17:00+00:00,212.44,212.52,212.36,212.52,7.15,28
2026-08-06 02:18:00+00:00,212.55,212.63,212.53,212.53,2.03,10
2026-08-06 02:19:00+00:00,212.53,212.53,212.53,212.53,0.0,0
2026-08-06 02:20:00+00:00,212.39,213.05,212.35,213.02,2.6,9
2026-08-06 02:21:00+00:00,212.84,213.0,212.84,213.0,2.66,9
2026-08-06 02:22:00+00:00,213.0,213.0,213.0,213.0,0.0,0
2026-08-06 02:23:00+00:00,213.0,213.0,213.0,213.0,0.0,0
2026-08-06 02:24:00+00:00,213.18,213.18,213.18,213.18,1.41,1
2026-08-06 02:25:00+00:00,213.04,213.04,213.0,213.0,0.66,6
2026-08-06 02:26:00+00:00,212.82,212.82,212.82,212.82,0.24,2
2026-08-06 02:27:00+00:00,212.82,212.82,212.82,212.82,0.0,0
2026-08-06 02:28:00+00:00,212.82,212.82,212.82,212.82,0.0,0
2026-08-06 02:29:00+00:00,212.82,212.82,212.82,212.82,0.0,0
2026-08-06 02:30:00+00:00,212.55,212.55,212.55,212.55,0.07,1
2026-08-06 02:31:00+00:00,213.23,213.23,213.23,213.23,0.19,2
2026-08-06 02:32:00+00:00,213.04,213.04,213.04,213.04,0.07,1
2026-08-06 02:33:00+00:00,213.44,213.44,213.44,213.44,11.7,2
2026-08-06 02:34:00+00:00,213.43,213.43,213.32,213.32,13.94,10
2026-08-06 02:35:00+00:00,213.32,213.32,213.32,213.32,0.0,0
2026-08-06 02:36:00+00:00,213.52,213.52,213.52,213.52,0.06,1
2026-08-06 02:37:00+00:00,213.53,213.53,213.46,213.46,0.48,4
2026-08-06 02:38:00+00:00,213.59,213.59,213.55,213.55,1.2,5
2026-08-06 02:39:00+00:00,213.56,213.63,213.55,213.63,4.35,16
2026-08-06 02:40:00+00:00,213.59,213.63,213.39,213.5,21.2,49
2026-08-06 02:41:00+00:00,213.41,213.61,213.34,213.53,8.03,23
2026-08-06 02:42:00+00:00,213.58,213.68,213.57,213.61,8.13,18
2026-08-06 02:43:00+00:00,213.58,213.58,213.58,213.58,0.07,1
2026-08-06 02:44:00+00:00,213.72,213.86,213.69,213.86,2.22,10
2026-08-06 02:45:00+00:00,213.86,213.86,213.8,213.8,1.92,14
2026-08-06 02:46:00+00:00,213.68,213.69,213.64,213.69,1.44,13
2026-08-06 02:47:00+00:00,213.53,213.62,213.47,213.62,3.5,19
2026-08-06 02:48:00+00:00,213.52,213.6,213.51,213.51,0.6,8
2026-08-06 02:49:00+00:00,213.43,213.54,213.43,213.54,0.55,6
2026-08-06 02:50:00+00:00,213.69,213.69,213.47,213.54,0.55,4
2026-08-06 02:51:00+00:00,213.61,213.65,213.49,213.53,0.69,10
2026-08-06 02:52:00+00:00,213.63,213.65,213.56,213.56,0.62,7
2026-08-06 02:53:00+00:00,213.53,213.59,213.53,213.59,0.48,5
2026-08-06 02:54:00+00:00,213.49,213.74,213.49,213.74,0.54,5
2026-08-06 02:55:00+00:00,213.76,213.78,213.6,213.7,0.67,10
2026-08-06 02:56:00+00:00,213.64,213.64,213.62,213.62,1.32,10
2026-08-06 02:57:00+00:00,213.62,213.62,213.52,213.52,0.72,4
2026-08-06 02:58:00+00:00,213.52,213.52,213.47,213.48,1.08,7
2026-08-06 02:59:00+00:00,213.64,213.68,213.57,213.68,0.6,8
2026-08-06 03:00:00+00:00,213.71,213.75,213.59,213.62,0.48,5
2026-08-06 03:01:00+00:00,213.7,213.77,213.7,213.77,0.48,5
2026-08-06 03:02:00+00:00,213.75,213.92,213.75,213.9,1.2,10
2026-08-06 03:03:00+00:00,213.92,213.95,213.9,213.94,18.78,9
2026-08-06 03:04:00+00:00,213.93,213.94,213.93,213.93,5.07,21
2026-08-06 03:05:00+00:00,213.93,213.93,213.91,213.92,0.56,3
2026-08-06 03:06:00+00:00,213.85,213.85,213.7,213.72,0.48,4
2026-08-06 03:07:00+00:00,213.68,213.68,213.64,213.64,1.11,4
2026-08-06 03:08:00+00:00,213.56,213.67,213.56,213.65,0.84,7
2026-08-06 03:09:00+00:00,213.62,213.62,213.43,213.44,3.56,16
2026-08-06 03:10:00+00:00,213.44,213.64,213.43,213.48,11.6,28
2026-08-06 03:11:00+00:00,213.48,213.48,213.24,213.24,4.74,12
2026-08-06 03:12:00+00:00,213.56,213.6,213.53,213.57,1.48,6
2026-08-06 03:13:00+00:00,213.63,213.63,213.46,213.58,35.9,35
2026-08-06 03:14:00+00:00,213.7,213.75,213.61,213.61,0.67,9
2026-08-06 03:15:00+00:00,213.66,213.9,213.66,213.9,1.21,8
2026-08-06 03:16:00+00:00,213.75,213.8,213.72,213.8,0.72,6
2026-08-06 03:17:00+00:00,213.71,213.74,213.37,213.37,1.29,7
2026-08-06 03:18:00+00:00,213.39,213.42,213.31,213.37,2.47,18
2026-08-06 03:19:00+00:00,213.37,213.37,213.34,213.37,0.47,4
2026-08-06 03:20:00+00:00,213.2,213.2,213.1,213.14,2.31,9
2026-08-06 03:21:00+00:00,213.16,213.37,213.16,213.37,1.76,10
2026-08-06 03:22:00+00:00,213.37,213.37,213.37,213.37,0.12,1
2026-08-06 03:23:00+00:00,213.29,213.29,213.28,213.28,0.36,3
2026-08-06 03:24:00+00:00,213.13,213.16,213.12,213.16,0.6,5
2026-08-06 03:25:00+00:00,213.12,213.16,213.1,213.1,10.0,23
2026-08-06 03:26:00+00:00,213.11,213.16,213.11,213.14,20.0,21
2026-08-06 03:27:00+00:00,213.16,213.19,213.16,213.19,1.24,3
2026-08-06 03:28:00+00:00,213.09,213.13,213.01,213.08,6.88,23
2026-08-06 03:29:00+00:00,213.05,213.19,213.05,213.14,4.31,10
2026-08-06 03:30:00+00:00,213.24,213.37,213.22,213.37,4.5,14
2026-08-06 03:31:00+00:00,213.43,213.43,213.3,213.3,2.5,6
2026-08-06 03:32:00+00:00,213.16,213.16,213.15,213.15,0.87,4
2026-08-06 03:33:00+00:00,213.15,213.15,213.15,213.15,0.0,0
2026-08-06 03:34:00+00:00,213.25,213.25,213.25,213.25,0.12,1
2026-08-06 03:35:00+00:00,213.25,213.25,213.25,213.25,0.12,1
2026-08-06 03:36:00+00:00,213.36,213.37,213.25,213.37,7.0,16
2026-08-06 03:37:00+00:00,213.33,213.44,213.21,213.36,13.75,24
2026-08-06 03:38:00+00:00,213.34,213.43,213.32,213.37,6.41,20
2026-08-06 03:39:00+00:00,213.31,213.31,213.22,213.28,6.49,10
2026-08-06 03:40:00+00:00,213.27,213.34,213.21,213.25,5.0,7
2026-08-06 03:41:00+00:00,213.17,213.17,213.17,213.17,1.2,10
2026-08-06 03:42:00+00:00,213.17,213.17,213.17,213.17,0.0,0
2026-08-06 03:43:00+00:00,213.17,213.17,213.17,213.17,0.0,0
2026-08-06 03:44:00+00:00,212.96,213.0,212.96,213.0,1.09,4
2026-08-06 03:45:00+00:00,213.0,213.02,213.0,213.02,0.18,3
2026-08-06 03:46:00+00:00,213.02,213.02,213.02,213.02,0.0,0
2026-08-06 03:47:00+00:00,213.02,213.02,213.02,213.02,0.0,0
2026-08-06 03:48:00+00:00,212.98,213.04,212.98,213.04,0.32,4
2026-08-06 03:49:00+00:00,213.07,213.09,213.05,213.09,6.73,8
2026-08-06 03:50:00+00:00,213.15,213.15,213.01,213.01,2.78,2
2026-08-06 03:51:00+00:00,213.05,213.12,212.98,212.98,6.0,17
2026-08-06 03:52:00+00:00,213.05,213.09,212.93,213.01,13.0,18
2026-08-06 03:53:00+00:00,213.0,213.0,212.94,213.0,3.41,8
2026-08-06 03:54:00+00:00,212.98,213.1,212.98,213.1,5.0,14
2026-08-06 03:55:00+00:00,213.04,213.12,212.97,213.08,10.79,35
2026-08-06 03:56:00+00:00,212.99,212.99,212.99,212.99,0.06,1
2026-08-06 03:57:00+00:00,213.14,213.14,213.14,213.14,0.68,6
2026-08-06 03:58:00+00:00,213.36,213.36,213.36,213.36,0.07,1
2026-08-06 03:59:00+00:00,213.32,213.32,213.32,213.32,0.06,1
2026-08-06 04:00:00+00:00,213.6,213.6,213.35,213.35,0.24,3
2026-08-06 04:01:00+00:00,213.11,213.12,213.09,213.1,0.94,6
2026-08-06 04:02:00+00:00,213.1,213.12,212.95,212.99,29.01,36
2026-08-06 04:03:00+00:00,212.95,212.96,212.84,212.92,48.3,34
2026-08-06 04:04:00+00:00,212.88,213.02,212.79,212.86,35.76,47
2026-08-06 04:05:00+00:00,212.86,212.86,212.86,212.86,1.32,11
2026-08-06 04:06:00+00:00,212.86,212.86,212.86,212.86,0.0,0
2026-08-06 04:07:00+00:00,212.86,212.86,212.86,212.86,0.0,0
2026-08-06 04:08:00+00:00,212.86,212.86,212.86,212.86,0.0,0
2026-08-06 04:09:00+00:00,212.86,212.86,212.86,212.86,0.0,0
2026-08-06 04:10:00+00:00,212.86,212.86,212.86,212.86,0.0,0
2026-08-06 04:11:00+00:00,212.86,212.86,212.86,212.86,0.0,0
2026-08-06 04:12:00+00:00,212.86,212.86,212.86,212.86,0.0,0
2026-08-06 04:13:00+00:00,212.86,212.86,212.86,212.86,0.0,0
2026-08-06 04:14:00+00:00,213.23,213.27,213.23,213.27,0.45,6
2026-08-06 04:15:00+00:00,213.18,213.18,213.18,213.18,0.12,2
2026-08-06 04:16:00+00:00,213.3,213.41,213.3,213.41,0.24,2
2026-08-06 04:17:00+00:00,213.41,213.41,213.41,213.41,0.0,0
2026-08-06 04:18:00+00:00,213.41,213.41,213.41,213.41,0.0,0
2026-08-06 04:19:00+00:00,213.41,213.41,213.41,213.41,0.0,0
2026-08-06 04:20:00+00:00,213.41,213.41,213.41,213.41,0.0,0
2026-08-06 04:21:00+00:00,213.46,213.46,213.46,213.46,0.12,1
2026-08-06 04:22:00+00:00,213.46,213.46,213.46,213.46,0.81,5
2026-08-06 04:23:00+00:00,213.63,213.67,213.62,213.62,0.42,3
2026-08-06 04:24:00+00:00,213.62,213.62,213.62,213.62,0.0,0
2026-08-06 04:25:00+00:00,213.85,213.97,213.83,213.97,2.66,10
2026-08-06 04:26:00+00:00,213.97,213.97,213.97,213.97,0.0,0
2026-08-06 04:27:00+00:00,214.0,214.0,214.0,214.0,0.72,6
2026-08-06 04:28:00+00:00,214.15,214.15,214.04,214.12,6.52,10
2026-08-06 04:29:00+00:00,214.12,214.12,214.12,214.12,0.0,0
2026-08-06 04:30:00+00:00,214.26,214.3,214.26,214.3,12.87,8
2026-08-06 04:31:00+00:00,214.3,214.3,214.3,214.3,16.77,3
2026-08-06 04:32:00+00:00,214.3,214.3,214.3,214.3,0.0,0
2026-08-06 04:33:00+00:00,214.04,214.04,214.01,214.01,6.08,3
2026-08-06 04:34:00+00:00,214.03,214.03,213.97,213.97,0.59,3
2026-08-06 04:35:00+00:00,213.95,214.01,213.95,214.01,4.22,4
2026-08-06 04:36:00+00:00,213.85,213.94,213.85,213.94,1.54,5
2026-08-06 04:37:00+00:00,213.85,213.85,213.82,213.82,0.12,2
2026-08-06 04:38:00+00:00,213.61,213.61,213.61,213.61,0.13,2
2026-08-06 04:39:00+00:00,213.61,213.61,213.61,213.61,0.0,0
2026-08-06 04:40:00+00:00,213.4,213.4,213.4,213.4,0.07,1
2026-08-06 04:41:00+00:00,213.31,213.31,213.01,213.25,406.36,60
2026-08-06 04:42:00+00:00,213.06,213.12,212.97,213.12,89.35,45
2026-08-06 04:43:00+00:00,213.14,213.16,212.93,212.96,16.0,19
2026-08-06 04:44:00+00:00,212.92,212.96,212.78,212.88,26.4,29
2026-08-06 04:45:00+00:00,212.9,212.94,212.89,212.89,6.0,6
2026-08-06 04:46:00+00:00,212.89,212.89,212.89,212.89,0.0,0
2026-08-06 04:47:00+00:00,212.89,212.89,212.89,212.89,0.0,0
2026-08-06 04:48:00+00:00,213.13,213.2,213.13,213.2,5.01,8
2026-08-06 04:49:00+00:00,213.2,213.2,213.2,213.2,0.0,0
2026-08-06 04:50:00+00:00,213.2,213.2,213.2,213.2,0.0,0
2026-08-06 04:51:00+00:00,213.2,213.2,213.2,213.2,0.0,0
2026-08-06 04:52:00+00:00,213.28,213.41,213.28,213.36,4.24,15
2026-08-06 04:53:00+00:00,213.4,213.4,213.16,213.22,13.06,28
2026-08-06 04:54:00+00:00,213.17,213.17,213.17,213.17,0.8,3
2026-08-06 04:55:00+00:00,213.31,213.32,213.29,213.32,1.39,13
2026-08-06 04:56:00+00:00,213.36,213.36,213.36,213.36,0.36,3
2026-08-06 04:57:00+00:00,213.46,213.46,213.46,213.46,4.46,8
2026-08-06 04:58:00+00:00,213.31,213.4,213.31,213.4,1.06,2
2026-08-06 04:59:00+00:00,213.35,213.48,213.35,213.48,0.13,2
2026-08-06 05:00:00+00:00,213.52,213.52,213.13,213.13,9.16,17
2026-08-06 05:01:00+00:00,213.15,213.33,213.15,213.32,2.13,5
2026-08-06 05:02:00+00:00,213.25,213.62,213.25,213.62,0.18,2
2026-08-06 05:03:00+00:00,213.81,213.81,213.65,213.65,0.15,2
2026-08-06 05:04:00+00:00,213.83,213.83,213.83,213.83,0.07,1
2026-08-06 05:05:00+00:00,213.7,213.72,213.7,213.71,2.0,5
2026-08-06 05:06:00+00:00,213.71,213.71,213.71,213.71,0.0,0
2026-08-06 05:07:00+00:00,214.03,214.03,214.03,214.03,0.18,2
2026-08-06 05:08:00+00:00,214.18,214.19,214.12,214.16,36.33,10
2026-08-06 05:09:00+00:00,214.02,214.02,213.82,213.82,23.47,5
2026-08-06 05:10:00+00:00,213.61,213.61,213.53,213.53,5.68,6
2026-08-06 05:11:00+00:00,213.59,213.66,213.46,213.46,8.2,15
2026-08-06 05:12:00+00:00,213.44,213.52,213.39,213.39,14.06,23
2026-08-06 05:13:00+00:00,213.41,213.42,213.22,213.22,10.27,27
2026-08-06 05:14:00+00:00,213.3,213.37,213.29,213.3,1.58,12
2026-08-06 05:15:00+00:00,213.38,213.42,213.33,213.42,6.08,12
2026-08-06 05:16:00+00:00,213.53,213.59,213.5,213.59,3.76,10
2026-08-06 05:17:00+00:00,213.6,213.6,213.54,213.54,0.36,4
2026-08-06 05:18:00+00:00,213.56,213.56,213.37,213.39,5.07,6
2026-08-06 05:19:00+00:00,213.31,213.34,213.06,213.17,114.66,81
2026-08-06 05:20:00+00:00,213.18,213.21,212.95,213.18,88.94,84
2026-08-06 05:21:00+00:00,213.25,213.39,213.11,213.28,124.48,142
2026-08-06 05:22:00+00:00,213.29,213.59,213.18,213.59,52.67,78
2026-08-06 05:23:00+00:00,213.61,213.7,213.61,213.7,6.2,8
2026-08-06 05:24:00+00:00,213.7,213.7,213.7,213.7,0.0,0
2026-08-06 05:25:00+00:00,213.7,213.7,213.7,213.7,0.0,0
2026-08-06 05:26:00+00:00,213.7,213.74,213.69,213.69,0.39,5
2026-08-06 05:27:00+00:00,213.72,213.72,213.56,213.56,3.49,12
2026-08-06 05:28:00+00:00,213.47,213.47,213.45,213.45,0.64,5
2026-08-06 05:29:00+00:00,213.44,213.44,213.44,213.44,0.56,4
2026-08-06 05:30:00+00:00,213.46,213.51,213.16,213.16,8.08,25
2026-08-06 05:31:00+00:00,213.15,213.48,213.0,213.12,22.48,39
2026-08-06 05:32:00+00:00,213.19,213.2,213.14,213.19,8.33,18
2026-08-06 05:33:00+00:00,213.18,213.24,213.18,213.24,1.1,6
2026-08-06 05:34:00+00:00,213.09,213.25,213.09,213.25,4.36,17
2026-08-06 05:35:00+00:00,213.25,213.31,213.24,213.29,2.77,9
2026-08-06 05:36:00+00:00,213.29,213.29,213.29,213.29,0.28,2
2026-08-06 05:37:00+00:00,213.09,213.1,213.05,213.05,6.83,25
2026-08-06 05:38:00+00:00,213.03,213.03,213.02,213.02,0.34,3
2026-08-06 05:39:00+00:00,213.15,213.17,213.13,213.13,7.78,15
2026-08-06 05:40:00+00:00,213.13,213.13,213.13,213.13,0.0,0
2026-08-06 05:41:00+00:00,213.13,213.13,213.13,213.13,0.0,0
2026-08-06 05:42:00+00:00,213.13,213.13,213.13,213.13,0.0,0
2026-08-06 05:43:00+00:00,213.33,213.39,213.33,213.39,2.02,3
2026-08-06 05:44:00+00:00,213.45,213.76,213.45,213.76,9.9,25
2026-08-06 05:45:00+00:00,213.68,213.75,213.45,213.53,9.84,16
2026-08-06 05:46:00+00:00,213.61,213.61,213.43,213.43,1.78,9
2026-08-06 05:47:00+00:00,213.33,213.33,213.32,213.32,0.49,4
2026-08-06 05:48:00+00:00,213.23,213.23,213.23,213.23,0.42,3
2026-08-06 05:49:00+00:00,213.1,213.1,213.1,213.1,0.07,1
2026-08-06 05:50:00+00:00,213.1,213.1,213.1,213.1,0.14,1
2026-08-06 05:51:00+00:00,213.18,213.18,213.18,213.18,0.18,2
2026-08-06 05:52:00+00:00,213.05,213.15,213.04,213.15,0.25,4
2026-08-06 05:53:00+00:00,213.24,213.25,213.24,213.25,0.36,3
2026-08-06 05:54:00+00:00,213.25,213.25,213.25,213.25,0.0,0
2026-08-06 05:55:00+00:00,213.25,213.25,213.25,213.25,0.0,0
2026-08-06 05:56:00+00:00,213.31,213.31,213.31,213.31,0.28,2
2026-08-06 05:57:00+00:00,213.31,213.31,213.31,213.31,0.0,0
2026-08-06 05:58:00+00:00,213.31,213.31,213.31,213.31,0.0,0
2026-08-06 05:59:00+00:00,213.31,213.31,213.31,213.31,0.0,0
2026-08-06 06:00:00+00:00,213.18,213.18,213.0,213.0,2.24,7
2026-08-06 06:01:00+00:00,213.03,213.18,213.03,213.18,2.0,4
2026-08-06 06:02:00+00:00,213.29,213.37,213.24,213.24,5.07,8
2026-08-06 06:03:00+00:00,213.34,213.39,213.32,213.39,2.36,9
2026-08-06 06:04:00+00:00,213.38,213.48,213.38,213.48,11.18,8
2026-08-06 06:05:00+00:00,213.37,213.37,213.11,213.16,9.7,22
2026-08-06 06:06:00+00:00,213.15,213.19,212.97,213.08,16.7,42
2026-08-06 06:07:00+00:00,213.15,213.36,213.08,213.36,49.91,110
2026-08-06 06:08:00+00:00,213.29,213.37,213.15,213.26,26.07,67
2026-08-06 06:09:00+00:00,213.27,213.54,213.21,213.54,14.96,33
2026-08-06 06:10:00+00:00,213.52,213.52,213.5,213.5,3.53,3
2026-08-06 06:11:00+00:00,213.47,213.47,213.47,213.47,0.94,1
2026-08-06 06:12:00+00:00,213.47,213.47,213.47,213.47,0.0,0
2026-08-06 06:13:00+00:00,213.21,213.21,213.21,213.21,0.54,1
2026-08-06 06:14:00+00:00,213.05,213.05,213.04,213.04,1.19,3
2026-08-06 06:15:00+00:00,212.86,212.91,212.81,212.91,0.88,6
2026-08-06 06:16:00+00:00,212.83,212.91,212.8,212.82,50.9,27
2026-08-06 06:17:00+00:00,212.82,212.82,212.82,212.82,0.0,0
2026-08-06 06:18:00+00:00,212.77,212.78,212.71,212.71,1.25,5
2026-08-06 06:19:00+00:00,212.77,212.77,212.7,212.7,0.42,3
2026-08-06 06:20:00+00:00,212.73,212.73,212.7,212.7,0.32,2
2026-08-06 06:21:00+00:00,212.68,212.72,212.57,212.72,3.21,4
2026-08-06 06:22:00+00:00,212.73,212.73,212.73,212.73,0.16,1
2026-08-06 06:23:00+00:00,212.9,212.93,212.88,212.93,0.64,5
2026-08-06 06:24:00+00:00,212.94,213.12,212.92,212.95,46.94,31
2026-08-06 06:25:00+00:00,213.09,213.19,213.09,213.11,2.31,9
2026-08-06 06:26:00+00:00,213.07,213.07,213.07,213.07,0.16,1
2026-08-06 06:27:00+00:00,213.12,213.2,213.05,213.07,28.44,36
2026-08-06 06:28:00+00:00,213.05,213.23,212.95,212.98,39.15,45
2026-08-06 06:29:00+00:00,213.06,213.12,213.06,213.06,14.38,17
2026-08-06 06:30:00+00:00,213.06,213.13,212.97,212.98,26.34,32
2026-08-06 06:31:00+00:00,212.98,213.08,212.96,213.08,62.9,69
2026-08-06 06:32:00+00:00,213.02,213.2,212.79,212.79,82.67,87
2026-08-06 06:33:00+00:00,212.85,213.13,212.79,213.11,41.72,53
2026-08-06 06:34:00+00:00,213.14,213.23,213.04,213.23,31.6,53
2026-08-06 06:35:00+00:00,213.27,213.27,213.13,213.15,13.88,28
2026-08-06 06:36:00+00:00,213.2,213.2,213.03,213.11,39.8,64
2026-08-06 06:37:00+00:00,213.11,213.16,213.06,213.1,22.07,42
2026-08-06 06:38:00+00:00,213.07,213.15,213.06,213.06,33.7,67
2026-08-06 06:39:00+00:00,212.91,212.98,212.9,212.98,15.61,28
2026-08-06 06:40:00+00:00,212.96,213.02,212.8,212.83,7.51,17
2026-08-06 06:41:00+00:00,212.84,213.02,212.8,212.99,8.74,22
2026-08-06 06:42:00+00:00,212.99,213.02,212.92,212.92,11.54,28
2026-08-06 06:43:00+00:00,212.87,212.88,212.84,212.88,10.58,20
2026-08-06 06:44:00+00:00,212.88,212.93,212.83,212.9,8.8,17
2026-08-06 06:45:00+00:00,212.92,213.07,212.87,213.07,23.1,32
2026-08-06 06:46:00+00:00,213.11,213.13,213.05,213.09,28.98,40
2026-08-06 06:47:00+00:00,213.09,213.09,212.72,212.92,18.35,20
2026-08-06 06:48:00+00:00,212.86,212.87,212.8,212.86,12.86,27
2026-08-06 06:49:00+00:00,212.86,212.94,212.82,212.92,6.8,15
2026-08-06 06:50:00+00:00,212.88,212.92,212.76,212.92,9.81,16
2026-08-06 06:51:00+00:00,212.85,212.86,212.83,212.86,1.95,7
2026-08-06 06:52:00+00:00,212.84,212.84,212.84,212.84,0.12,1
2026-08-06 06:53:00+00:00,212.84,212.85,212.81,212.85,4.22,11
2026-08-06 06:54:00+00:00,212.91,212.96,212.91,212.96,1.79,7
2026-08-06 06:55:00+00:00,212.96,212.96,212.96,212.96,0.0,0
2026-08-06 06:56:00+00:00,212.93,212.95,212.93,212.95,1.68,6
2026-08-06 06:57:00+00:00,212.97,213.04,212.97,213.03,7.48,12
2026-08-06 06:58:00+00:00,213.03,213.13,213.03,213.1,7.22,12
2026-08-06 06:59:00+00:00,213.11,213.14,213.09,213.14,7.44,15
2026-08-06 07:00:00+00:00,213.14,213.14,213.09,213.09,7.58,19
2026-08-06 07:01:00+00:00,213.15,213.15,213.0,213.05,19.13,29
2026-08-06 07:02:00+00:00,212.9,213.11,212.86,213.11,16.71,28
2026-08-06 07:03:00+00:00,213.07,213.1,213.07,213.1,1.53,6
2026-08-06 07:04:00+00:00,213.1,213.1,213.1,213.1,0.0,0
2026-08-06 07:05:00+00:00,213.15,213.18,213.02,213.13,12.15,24
2026-08-06 07:06:00+00:00,213.23,213.67,213.21,213.67,26.81,22
2026-08-06 07:07:00+00:00,213.69,213.69,213.58,213.63,13.37,26
2026-08-06 07:08:00+00:00,213.71,213.72,213.54,213.56,10.27,9
2026-08-06 07:09:00+00:00,213.57,213.58,213.54,213.58,11.13,24
2026-08-06 07:10:00+00:00,213.69,213.74,213.68,213.71,6.44,16
2026-08-06 07:11:00+00:00,213.73,213.73,213.69,213.69,18.08,27
2026-08-06 07:12:00+00:00,213.68,213.7,213.62,213.69,9.74,21
2026-08-06 07:13:00+00:00,213.78,213.94,213.74,213.93,9.0,17
2026-08-06 07:14:00+00:00,213.84,213.9,213.81,213.89,19.38,31
2026-08-06 07:15:00+00:00,213.87,213.9,213.72,213.79,18.51,27
2026-08-06 07:16:00+00:00,213.83,213.91,213.83,213.91,3.49,10
2026-08-06 07:17:00+00:00,213.98,213.98,213.8,213.8,15.79,20
2026-08-06 07:18:00+00:00,213.84,213.87,213.82,213.87,10.25,21
2026-08-06 07:19:00+00:00,213.93,213.94,213.8,213.8,9.48,15
2026-08-06 07:20:00+00:00,213.61,213.61,213.61,213.61,0.11,1
2026-08-06 07:21:00+00:00,213.65,213.77,213.65,213.77,24.57,12
2026-08-06 07:22:00+00:00,213.77,213.77,213.77,213.77,0.0,0
2026-08-06 07:23:00+00:00,213.77,213.77,213.77,213.77,0.0,0
2026-08-06 07:24:00+00:00,213.77,213.77,213.77,213.77,0.0,0
2026-08-06 07:25:00+00:00,213.6,213.68,213.6,213.68,23.19,12
2026-08-06 07:26:00+00:00,213.68,213.68,213.68,213.68,0.0,0
2026-08-06 07:27:00+00:00,213.79,213.83,213.79,213.83,2.71,8
2026-08-06 07:28:00+00:00,213.66,213.66,213.66,213.66,13.39,1
2026-08-06 07:29:00+00:00,213.66,213.66,213.66,213.66,0.0,0
2026-08-06 07:30:00+00:00,213.52,213.67,213.51,213.52,4.56,7
2026-08-06 07:31:00+00:00,213.58,213.58,213.58,213.58,0.81,3
2026-08-06 07:32:00+00:00,213.58,213.58,213.58,213.58,0.0,0
2026-08-06 07:33:00+00:00,213.58,213.58,213.58,213.58,0.0,0
2026-08-06 07:34:00+00:00,213.58,213.58,213.58,213.58,0.0,0
2026-08-06 07:35:00+00:00,213.58,213.58,213.58,213.58,0.0,0
2026-08-06 07:36:00+00:00,213.51,213.51,213.51,213.51,1.86,2
2026-08-06 07:37:00+00:00,213.34,213.34,213.34,213.34,0.14,1
2026-08-06 07:38:00+00:00,213.17,213.17,213.17,213.17,1.69,1
2026-08-06 07:39:00+00:00,213.25,213.25,213.25,213.25,0.14,1
2026-08-06 07:40:00+00:00,213.23,213.23,213.23,213.23,0.19,1
2026-08-06 07:41:00+00:00,213.28,213.28,213.28,213.28,0.31,2
2026-08-06 07:42:00+00:00,213.26,213.26,213.26,213.26,0.07,1
2026-08-06 07:43:00+00:00,213.13,213.16,212.95,212.95,52.04,20
2026-08-06 07:44:00+00:00,212.95,212.95,212.95,212.95,0.0,0
2026-08-06 07:45:00+00:00,213.03,213.04,213.0,213.0,1.61,7
2026-08-06 07:46:00+00:00,213.0,213.06,213.0,213.01,6.17,15
2026-08-06 07:47:00+00:00,213.15,213.15,213.15,213.15,0.06,1
2026-08-06 07:48:00+00:00,213.15,213.15,213.15,213.15,0.0,0
2026-08-06 07:49:00+00:00,213.15,213.15,213.15,213.15,0.0,0
2026-08-06 07:50:00+00:00,213.11,213.24,213.11,213.22,3.31,9
2026-08-06 07:51:00+00:00,213.15,213.22,213.15,213.22,2.39,6
2026-08-06 07:52:00+00:00,213.07,213.13,213.05,213.08,1.71,10
2026-08-06 07:53:00+00:00,213.13,213.15,213.01,213.11,5.69,12
2026-08-06 07:54:00+00:00,213.16,213.16,213.16,213.16,0.25,1
2026-08-06 07:55:00+00:00,213.14,213.14,213.14,213.14,0.21,2
2026-08-06 07:56:00+00:00,213.08,213.08,213.08,213.08,0.15,1
2026-08-06 07:57:00+00:00,213.16,213.17,213.08,213.09,1.03,6
2026-08-06 07:58:00+00:00,213.09,213.09,213.09,213.09,0.0,0
2026-08-06 07:59:00+00:00,213.09,213.09,213.09,213.09,0.0,0
2026-08-06 08:00:00+00:00,213.01,213.53,213.0,213.32,448.25,70
2026-08-06 08:01:00+00:00,213.35,213.35,213.31,213.31,1.15,3
2026-08-06 08:02:00+00:00,213.3,213.38,211.9,212.47,273.42,144
2026-08-06 08:03:00+00:00,212.52,212.6,212.32,212.57,82.89,52
2026-08-06 08:04:00+00:00,212.37,212.71,212.2,212.71,6.44,17
2026-08-06 08:05:00+00:00,212.54,212.76,212.33,212.76,22.24,30
2026-08-06 08:06:00+00:00,212.76,213.07,212.76,212.93,3.25,9
2026-08-06 08:07:00+00:00,212.86,213.17,212.86,213.01,12.75,27
2026-08-06 08:08:00+00:00,213.13,213.2,212.97,212.97,20.57,23
2026-08-06 08:09:00+00:00,212.77,212.77,212.08,212.22,16.01,32
2026-08-06 08:10:00+00:00,212.14,212.14,211.97,212.02,3.98,21
2026-08-06 08:11:00+00:00,212.1,212.14,211.85,211.88,37.79,34
2026-08-06 08:12:00+00:00,211.95,212.08,211.9,212.08,10.99,22
2026-08-06 08:13:00+00:00,212.02,212.08,211.44,211.52,28.86,24
2026-08-06 08:14:00+00:00,211.43,211.91,211.42,211.8,60.99,31
2026-08-06 08:15:00+00:00,211.57,211.67,211.57,211.67,0.45,2
2026-08-06 08:16:00+00:00,211.84,211.87,211.84,211.87,0.96,3
2026-08-06 08:17:00+00:00,212.14,212.17,211.93,211.93,7.68,5
2026-08-06 08:18:00+00:00,212.13,212.13,211.69,211.69,49.28,27
2026-08-06 08:19:00+00:00,211.77,211.77,211.57,211.64,9.54,13
2026-08-06 08:20:00+00:00,211.81,211.92,211.77,211.88,34.14,7
2026-08-06 08:21:00+00:00,212.0,212.41,212.0,212.36,16.27,7
2026-08-06 08:22:00+00:00,212.34,212.34,212.34,212.34,0.22,1
2026-08-06 08:23:00+00:00,212.24,212.24,212.24,212.24,1.31,1
2026-08-06 08:24:00+00:00,212.2,212.2,212.2,212.2,0.68,2
2026-08-06 08:25:00+00:00,212.48,212.52,212.42,212.46,13.43,17
2026-08-06 08:26:00+00:00,212.46,212.49,212.45,212.49,8.05,14
2026-08-06 08:27:00+00:00,212.49,212.49,212.48,212.49,11.43,15
2026-08-06 08:28:00+00:00,212.49,212.6,212.48,212.6,15.53,28
2026-08-06 08:29:00+00:00,212.6,212.63,212.6,212.62,2.73,7
2026-08-06 08:30:00+00:00,212.66,212.8,212.62,212.8,7.68,9
2026-08-06 08:31:00+00:00,212.71,212.79,212.64,212.79,8.67,11
2026-08-06 08:32:00+00:00,212.89,212.89,212.89,212.89,0.84,3
2026-08-06 08:33:00+00:00,212.69,212.69,212.69,212.69,3.12,10
2026-08-06 08:34:00+00:00,212.69,213.0,212.69,212.99,33.36,34
2026-08-06 08:35:00+00:00,212.91,213.12,212.85,213.07,68.65,36
2026-08-06 08:36:00+00:00,213.0,213.15,213.0,213.15,0.84,3
2026-08-06 08:37:00+00:00,213.22,213.23,213.22,213.23,0.34,3
2026-08-06 08:38:00+00:00,213.41,213.54,213.41,213.48,36.69,20
2026-08-06 08:39:00+00:00,213.18,213.28,213.18,213.26,1.15,4
2026-08-06 08:40:00+00:00,213.26,213.3,213.22,213.24,10.03,18
2026-08-06 08:41:00+00:00,213.28,213.33,213.28,213.3,2.05,5
2026-08-06 08:42:00+00:00,213.3,213.3,213.28,213.28,19.63,17
2026-08-06 08:43:00+00:00,213.16,213.16,213.15,213.15,0.94,3
2026-08-06 08:44:00+00:00,213.18,213.18,213.16,213.16,0.3,2
2026-08-06 08:45:00+00:00,213.17,213.32,213.14,213.28,10.64,21
2026-08-06 08:46:00+00:00,213.28,213.28,213.12,213.15,5.58,7
2026-08-06 08:47:00+00:00,213.08,213.16,213.0,213.13,25.43,42
2026-08-06 08:48:00+00:00,213.16,213.29,213.16,213.29,3.38,8
2026-08-06 08:49:00+00:00,213.16,213.26,213.16,213.26,5.7,5
2026-08-06 08:50:00+00:00,213.3,213.4,213.24,213.3,1.83,5
2026-08-06 08:51:00+00:00,213.3,213.3,213.3,213.3,0.0,0
2026-08-06 08:52:00+00:00,213.18,213.44,213.16,213.42,10.19,23
2026-08-06 08:53:00+00:00,213.51,213.56,213.51,213.56,1.32,6
2026-08-06 08:54:00+00:00,213.5,213.66,213.49,213.66,3.19,9
2026-08-06 08:55:00+00:00,213.64,213.64,213.52,213.53,1.53,8
2026-08-06 08:56:00+00:00,213.51,213.57,213.51,213.55,1.32,6
2026-08-06 08:57:00+00:00,213.63,213.63,213.63,213.63,0.13,1
2026-08-06 08:58:00+00:00,213.67,213.87,213.53,213.57,117.66,25
2026-08-06 08:59:00+00:00,213.65,213.81,213.65,213.81,1.27,3
2026-08-06 09:00:00+00:00,213.71,213.71,213.58,213.58,1.89,6
2026-08-06 09:01:00+00:00,213.08,213.08,213.08,213.08,12.26,1
2026-08-06 09:02:00+00:00,213.08,213.08,213.08,213.08,0.27,1
2026-08-06 09:03:00+00:00,213.1,213.1,213.04,213.04,0.84,5
2026-08-06 09:04:00+00:00,212.95,213.08,212.94,213.06,9.78,22
2026-08-06 09:05:00+00:00,213.07,213.16,213.06,213.16,20.82,39
2026-08-06 09:06:00+00:00,213.19,213.19,213.0,213.0,7.8,18
2026-08-06 09:07:00+00:00,212.89,212.93,212.89,212.93,0.76,2
2026-08-06 09:08:00+00:00,212.81,212.94,212.58,212.58,133.13,47
2026-08-06 09:09:00+00:00,212.65,212.72,212.64,212.72,5.4,4
2026-08-06 09:10:00+00:00,212.72,212.72,212.72,212.72,0.0,0
2026-08-06 09:11:00+00:00,212.72,212.72,212.72,212.72,0.0,0
2026-08-06 09:12:00+00:00,212.94,212.99,212.88,212.88,34.78,17
2026-08-06 09:13:00+00:00,212.9,212.92,212.83,212.83,4.76,8
2026-08-06 09:14:00+00:00,212.73,212.77,212.73,212.77,0.71,2
2026-08-06 09:15:00+00:00,212.93,213.04,212.93,212.98,105.04,19
2026-08-06 09:16:00+00:00,212.97,213.0,212.94,213.0,10.52,6
2026-08-06 09:17:00+00:00,212.95,213.05,212.94,213.03,111.37,15
2026-08-06 09:18:00+00:00,212.98,213.01,212.97,212.97,16.24,11
2026-08-06 09:19:00+00:00,212.86,213.02,212.61,213.02,222.41,37
2026-08-06 09:20:00+00:00,213.02,213.03,213.0,213.0,25.79,23
2026-08-06 09:21:00+00:00,213.01,213.01,212.93,212.93,27.13,24
2026-08-06 09:22:00+00:00,212.91,212.91,212.83,212.83,3.27,7
2026-08-06 09:23:00+00:00,212.81,212.81,212.81,212.81,2.29,2
2026-08-06 09:24:00+00:00,212.96,212.96,212.91,212.91,0.2,2
2026-08-06 09:25:00+00:00,212.9,212.9,212.9,212.9,0.08,1
2026-08-06 09:26:00+00:00,212.89,213.05,212.89,213.04,33.64,19
2026-08-06 09:27:00+00:00,213.04,213.07,212.99,213.06,54.1,16
2026-08-06 09:28:00+00:00,213.06,213.06,213.06,213.06,0.0,0
2026-08-06 09:29:00+00:00,213.06,213.06,213.06,213.06,0.0,0
2026-08-06 09:30:00+00:00,212.92,212.93,212.89,212.93,6.58,5
2026-08-06 09:31:00+00:00,212.93,212.93,212.93,212.93,0.0,0
2026-08-06 09:32:00+00:00,212.79,212.79,212.79,212.79,0.6,2
2026-08-06 09:33:00+00:00,212.92,212.92,212.88,212.88,1.52,2
2026-08-06 09:34:00+00:00,212.74,212.79,212.74,212.79,16.26,7
2026-08-06 09:35:00+00:00,212.89,212.89,212.89,212.89,1.52,2
2026-08-06 09:36:00+00:00,212.89,212.89,212.89,212.89,0.0,0
2026-08-06 09:37:00+00:00,212.89,212.89,212.89,212.89,0.0,0
2026-08-06 09:38:00+00:00,212.89,212.89,212.89,212.89,0.32,1
2026-08-06 09:39:00+00:00,212.89,212.89,212.89,212.89,0.0,0
2026-08-06 09:40:00+00:00,212.88,213.01,212.88,212.99,12.69,10
2026-08-06 09:41:00+00:00,212.99,212.99,212.89,212.91,22.71,18
2026-08-06 09:42:00+00:00,213.06,213.16,213.06,213.16,46.66,16
2026-08-06 09:43:00+00:00,213.16,213.16,213.16,213.16,0.0,0
2026-08-06 09:44:00+00:00,212.9,212.99,212.9,212.99,23.8,10
2026-08-06 09:45:00+00:00,212.95,212.96,212.91,212.91,1.93,3
2026-08-06 09:46:00+00:00,212.89,213.0,212.89,213.0,6.12,8
2026-08-06 09:47:00+00:00,213.13,213.2,213.13,213.2,5.64,6
2026-08-06 09:48:00+00:00,213.23,213.23,213.17,213.17,3.76,7
2026-08-06 09:49:00+00:00,213.19,213.26,213.18,213.18,25.41,15
2026-08-06 09:50:00+00:00,213.2,213.2,213.2,213.2,0.66,1
2026-08-06 09:51:00+00:00,213.01,213.01,213.01,213.01,0.06,1
2026-08-06 09:52:00+00:00,213.07,213.07,213.07,213.07,0.16,2
2026-08-06 09:53:00+00:00,213.07,213.07,213.07,213.07,0.0,0
2026-08-06 09:54:00+00:00,213.03,213.11,213.02,213.11,1.38,4
2026-08-06 09:55:00+00:00,213.11,213.19,213.11,213.19,0.95,3
2026-08-06 09:56:00+00:00,213.2,213.2,213.2,213.2,0.39,1
2026-08-06 09:57:00+00:00,213.25,213.39,213.25,213.35,43.52,21
2026-08-06 09:58:00+00:00,213.36,213.36,213.28,213.28,46.76,14
2026-08-06 09:59:00+00:00,213.27,213.3,213.27,213.3,2.78,5
2026-08-06 10:00:00+00:00,213.22,213.22,213.08,213.08,4.28,6
2026-08-06 10:01:00+00:00,213.03,213.06,213.03,213.06,14.71,10
2026-08-06 10:02:00+00:00,213.34,213.34,213.29,213.29,30.57,11
2026-08-06 10:03:00+00:00,213.35,213.37,213.24,213.24,68.47,27
2026-08-06 10:04:00+00:00,213.21,213.22,213.09,213.09,10.19,7
2026-08-06 10:05:00+00:00,213.07,213.07,213.07,213.07,1.41,1
2026-08-06 10:06:00+00:00,212.94,213.04,212.94,213.04,10.3,5
2026-08-06 10:07:00+00:00,212.99,212.99,212.98,212.98,0.82,5
2026-08-06 10:08:00+00:00,212.91,212.91,212.89,212.89,3.65,6
2026-08-06 10:09:00+00:00,212.89,212.89,212.89,212.89,0.0,0
2026-08-06 10:10:00+00:00,212.89,212.89,212.89,212.89,0.0,0
2026-08-06 10:11:00+00:00,212.89,212.89,212.89,212.89,0.0,0
2026-08-06 10:12:00+00:00,212.68,212.68,212.66,212.66,1.69,3
2026-08-06 10:13:00+00:00,212.61,212.64,212.61,212.64,7.37,4
2026-08-06 10:14:00+00:00,212.64,212.64,212.64,212.64,0.0,0
2026-08-06 10:15:00+00:00,212.66,212.95,212.66,212.95,38.48,10
2026-08-06 10:16:00+00:00,212.95,212.95,212.95,212.95,0.0,0
2026-08-06 10:17:00+00:00,212.82,212.82,212.81,212.81,8.22,6
2026-08-06 10:18:00+00:00,212.81,212.83,212.74,212.83,26.27,15
2026-08-06 10:19:00+00:00,212.86,212.86,212.86,212.86,3.22,2
2026-08-06 10:20:00+00:00,212.86,212.86,212.86,212.86,0.0,0
2026-08-06 10:21:00+00:00,212.9,212.9,212.9,212.9,0.77,1
2026-08-06 10:22:00+00:00,213.07,213.07,213.07,213.07,0.34,1
2026-08-06 10:23:00+00:00,213.07,213.07,213.07,213.07,0.0,0
2026-08-06 10:24:00+00:00,212.94,213.01,212.94,213.01,0.85,3
2026-08-06 10:25:00+00:00,213.01,213.01,213.01,213.01,0.0,0
2026-08-06 10:26:00+00:00,213.04,213.04,213.04,213.04,0.18,1
2026-08-06 10:27:00+00:00,213.05,213.07,213.05,213.07,0.88,2
2026-08-06 10:28:00+00:00,213.04,213.08,213.04,213.08,0.4,2
2026-08-06 10:29:00+00:00,213.04,213.04,213.04,213.04,1.28,1
2026-08-06 10:30:00+00:00,213.05,213.05,213.05,213.05,0.32,1
2026-08-06 10:31:00+00:00,212.92,212.92,212.92,212.92,0.81,2
2026-08-06 10:32:00+00:00,212.89,212.93,212.88,212.92,3.88,7
2026-08-06 10:33:00+00:00,212.96,212.96,212.95,212.95,2.34,3
2026-08-06 10:34:00+00:00,212.97,212.98,212.97,212.98,0.51,3
2026-08-06 10:35:00+00:00,213.04,213.08,212.88,212.88,15.67,10
2026-08-06 10:36:00+00:00,212.88,212.88,212.55,212.62,32.69,17
2026-08-06 10:37:00+00:00,212.51,212.51,212.51,212.51,3.51,1
2026-08-06 10:38:00+00:00,212.55,212.58,212.5,212.5,3.04,5
2026-08-06 10:39:00+00:00,212.34,212.34,212.26,212.32,55.94,16
2026-08-06 10:40:00+00:00,212.36,212.37,212.31,212.31,11.89,11
2026-08-06 10:41:00+00:00,212.31,212.34,212.18,212.27,16.9,14
2026-08-06 10:42:00+00:00,212.22,212.32,212.22,212.23,11.14,9
2026-08-06 10:43:00+00:00,212.17,212.17,212.17,212.17,2.37,1
2026-08-06 10:44:00+00:00,212.21,212.25,212.17,212.18,2.55,7
2026-08-06 10:45:00+00:00,212.14,212.14,212.02,212.02,1.99,5
2026-08-06 10:46:00+00:00,212.07,212.07,212.04,212.04,10.69,2
2026-08-06 10:47:00+00:00,212.14,212.36,212.14,212.34,9.95,11
2026-08-06 10:48:00+00:00,212.32,212.37,212.32,212.37,0.99,3
2026-08-06 10:49:00+00:00,212.21,212.21,212.15,212.21,2.39,6
2026-08-06 10:50:00+00:00,212.22,212.34,212.09,212.14,29.95,21
2026-08-06 10:51:00+00:00,212.19,212.19,212.0,212.0,5.41,6
2026-08-06 10:52:00+00:00,212.04,212.08,212.01,212.01,2.59,7
2026-08-06 10:53:00+00:00,212.07,212.14,212.07,212.14,3.22,9
2026-08-06 10:54:00+00:00,212.08,212.13,212.07,212.08,1.62,4
2026-08-06 10:55:00+00:00,212.06,212.11,212.06,212.11,0.62,2
2026-08-06 10:56:00+00:00,212.11,212.11,212.11,212.11,0.0,0
2026-08-06 10:57:00+00:00,212.24,212.24,212.14,212.14,0.73,2
2026-08-06 10:58:00+00:00,212.16,212.16,212.16,212.16,0.38,1
2026-08-06 10:59:00+00:00,212.17,212.3,212.17,212.3,5.08,2
2026-08-06 11:00:00+00:00,212.12,212.15,211.37,211.55,69.65,39
2026-08-06 11:01:00+00:00,211.3,211.52,211.14,211.34,11.54,21
2026-08-06 11:02:00+00:00,211.47,211.47,211.4,211.46,11.36,20
2026-08-06 11:03:00+00:00,211.4,211.52,211.06,211.06,7.25,11
2026-08-06 11:04:00+00:00,211.14,211.14,210.98,211.14,18.11,17
2026-08-06 11:05:00+00:00,211.04,211.16,210.52,210.52,44.3,22
2026-08-06 11:06:00+00:00,210.64,210.65,209.77,209.88,83.94,68
2026-08-06 11:07:00+00:00,209.89,209.89,209.68,209.81,103.65,51
2026-08-06 11:08:00+00:00,209.93,210.22,209.85,210.22,153.99,32
2026-08-06 11:09:00+00:00,210.17,210.17,210.1,210.1,12.93,6
2026-08-06 11:10:00+00:00,210.19,210.67,210.19,210.63,19.43,14
2026-08-06 11:11:00+00:00,210.67,210.67,210.43,210.47,19.99,6
2026-08-06 11:12:00+00:00,210.51,210.51,210.32,210.32,6.13,7
2026-08-06 11:13:00+00:00,210.43,210.55,210.3,210.55,34.35,17
2026-08-06 11:14:00+00:00,210.45,210.47,210.39,210.47,4.01,5
2026-08-06 11:15:00+00:00,210.47,210.94,210.47,210.94,4.74,8
2026-08-06 11:16:00+00:00,210.94,210.94,210.94,210.94,0.0,0
2026-08-06 11:17:00+00:00,211.0,211.09,211.0,211.09,1.93,5
2026-08-06 11:18:00+00:00,211.17,211.17,211.13,211.17,2.81,6
2026-08-06 11:19:00+00:00,211.22,211.22,211.05,211.13,3.05,4
2026-08-06 11:20:00+00:00,211.13,211.13,211.1,211.12,1.89,3
2026-08-06 11:21:00+00:00,211.06,211.06,211.06,211.06,0.71,1
2026-08-06 11:22:00+00:00,211.02,211.07,211.0,211.07,16.44,18
2026-08-06 11:23:00+00:00,211.12,211.18,211.1,211.13,13.13,10
2026-08-06 11:24:00+00:00,211.19,211.3,211.19,211.3,45.54,29
2026-08-06 11:25:00+00:00,211.3,211.3,211.22,211.23,9.89,13
2026-08-06 11:26:00+00:00,211.46,211.46,211.42,211.42,2.69,6
2026-08-06 11:27:00+00:00,211.37,211.47,211.37,211.47,4.78,11
2026-08-06 11:28:00+00:00,211.46,211.46,211.45,211.45,0.94,2
2026-08-06 11:29:00+00:00,211.36,211.36,211.36,211.36,0.1,1
2026-08-06 11:30:00+00:00,211.52,211.91,211.52,211.91,11.56,13
2026-08-06 11:31:00+00:00,212.0,212.23,212.0,212.17,38.38,10
2026-08-06 11:32:00+00:00,212.2,212.21,212.06,212.1,74.73,13
2026-08-06 11:33:00+00:00,212.07,212.33,212.02,212.06,1.38,4
2026-08-06 11:34:00+00:00,212.05,212.05,211.97,211.97,11.17,9
2026-08-06 11:35:00+00:00,211.87,212.01,211.87,212.01,8.15,7
2026-08-06 11:36:00+00:00,212.07,212.07,211.94,212.03,40.88,41
2026-08-06 11:37:00+00:00,212.04,212.07,211.99,211.99,53.18,26
2026-08-06 11:38:00+00:00,212.07,212.1,212.02,212.07,40.96,29
2026-08-06 11:39:00+00:00,212.1,212.2,212.08,212.2,9.42,10
2026-08-06 11:40:00+00:00,212.22,212.22,212.19,212.19,1.27,2
2026-08-06 11:41:00+00:00,212.4,212.48,212.4,212.48,3.34,7
2026-08-06 11:42:00+00:00,212.37,212.37,212.03,212.07,26.83,24
2026-08-06 11:43:00+00:00,211.99,212.06,211.9,211.9,13.51,16
2026-08-06 11:44:00+00:00,211.97,212.04,211.97,212.0,4.81,6
2026-08-06 11:45:00+00:00,212.0,212.02,212.0,212.02,1.5,3
2026-08-06 11:46:00+00:00,211.93,212.13,211.84,212.13,3.63,8
2026-08-06 11:47:00+00:00,211.88,211.88,211.83,211.83,3.51,2
2026-08-06 11:48:00+00:00,211.65,211.69,211.43,211.48,9.33,13
2026-08-06 11:49:00+00:00,211.74,211.84,211.67,211.84,1.09,4
2026-08-06 11:50:00+00:00,211.77,211.83,211.77,211.79,4.95,6
2026-08-06 11:51:00+00:00,211.79,211.79,211.79,211.79,0.0,0
2026-08-06 11:52:00+00:00,211.79,211.79,211.79,211.79,0.0,0
2026-08-06 11:53:00+00:00,211.71,211.79,211.59,211.66,18.18,11
2026-08-06 11:54:00+00:00,211.68,211.91,211.68,211.87,4.22,7
2026-08-06 11:55:00+00:00,211.71,211.78,211.67,211.78,23.37,5
2026-08-06 11:56:00+00:00,211.82,211.86,211.7,211.7,4.46,6
2026-08-06 11:57:00+00:00,212.01,212.08,212.01,212.08,26.34,6
2026-08-06 11:58:00+00:00,212.17,212.17,212.06,212.06,2.64,4
2026-08-06 11:59:00+00:00,212.06,212.06,212.06,212.06,0.0,0
2026-08-06 12:00:00+00:00,212.1,212.1,212.1,212.1,10.0,8
2026-08-06 12:01:00+00:00,211.84,211.84,211.73,211.81,34.72,19
2026-08-06 12:02:00+00:00,211.72,211.72,211.58,211.58,2.63,4
2026-08-06 12:03:00+00:00,211.79,211.8,211.79,211.79,12.6,18
2026-08-06 12:04:00+00:00,211.79,211.81,211.73,211.81,5.94,11
2026-08-06 12:05:00+00:00,211.72,211.72,211.72,211.72,4.92,4
2026-08-06 12:06:00+00:00,211.62,211.62,211.62,211.62,0.15,1
2026-08-06 12:07:00+00:00,211.59,211.59,211.59,211.59,0.06,1
2026-08-06 12:08:00+00:00,211.55,211.55,211.11,211.11,47.22,16
2026-08-06 12:09:00+00:00,211.11,211.11,211.11,211.11,0.0,0
2026-08-06 12:10:00+00:00,211.32,211.32,211.15,211.16,38.19,28
2026-08-06 12:11:00+00:00,211.06,211.06,211.05,211.05,0.43,2
2026-08-06 12:12:00+00:00,210.91,210.91,210.91,210.91,0.53,1
2026-08-06 12:13:00+00:00,210.66,210.66,210.56,210.64,3.6,4
2026-08-06 12:14:00+00:00,210.64,210.64,210.64,210.64,0.0,0
2026-08-06 12:15:00+00:00,210.45,210.62,210.45,210.62,1.08,2
2026-08-06 12:16:00+00:00,210.59,210.62,210.59,210.62,0.66,2
2026-08-06 12:17:00+00:00,210.62,210.62,210.62,210.62,0.0,0
2026-08-06 12:18:00+00:00,210.61,210.67,210.42,210.42,6.91,8
2026-08-06 12:19:00+00:00,210.45,210.51,210.44,210.51,8.6,11
2026-08-06 12:20:00+00:00,210.6,210.67,210.51,210.67,24.45,4
2026-08-06 12:21:00+00:00,210.75,210.81,210.75,210.8,2.38,5
2026-08-06 12:22:00+00:00,210.8,210.89,210.8,210.85,1.09,3
2026-08-06 12:23:00+00:00,210.88,210.88,210.59,210.59,0.77,3
2026-08-06 12:24:00+00:00,210.57,210.62,210.53,210.62,0.92,4
2026-08-06 12:25:00+00:00,210.6,210.62,210.6,210.62,0.26,2
2026-08-06 12:26:00+00:00,210.62,210.62,210.6,210.6,1.23,2
2026-08-06 12:27:00+00:00,210.56,210.61,210.56,210.61,1.83,3
2026-08-06 12:28:00+00:00,210.73,210.73,210.69,210.69,0.9,3
2026-08-06 12:29:00+00:00,210.53,210.53,210.53,210.53,0.05,1
2026-08-06 12:30:00+00:00,210.32,210.51,210.18,210.51,8.69,11
2026-08-06 12:31:00+00:00,210.6,210.7,210.58,210.65,10.89,15
2026-08-06 12:32:00+00:00,210.77,210.77,210.75,210.75,2.52,4
2026-08-06 12:33:00+00:00,210.77,210.83,210.77,210.8,6.75,5
2026-08-06 12:34:00+00:00,210.79,210.8,210.77,210.78,16.58,11
2026-08-06 12:35:00+00:00,210.78,211.04,210.77,210.99,256.41,32
2026-08-06 12:36:00+00:00,211.07,211.3,210.99,211.08,7.92,10
2026-08-06 12:37:00+00:00,210.96,210.96,210.92,210.92,1.58,3
2026-08-06 12:38:00+00:00,211.0,211.0,211.0,211.0,0.19,1
2026-08-06 12:39:00+00:00,211.14,211.14,211.1,211.1,0.9,2
2026-08-06 12:40:00+00:00,210.96,210.96,210.74,210.74,7.14,8
2026-08-06 12:41:00+00:00,210.79,210.8,210.79,210.8,15.51,7
2026-08-06 12:42:00+00:00,210.8,210.8,210.8,210.8,0.0,0
2026-08-06 12:43:00+00:00,210.76,210.76,210.57,210.63,2.84,4
2026-08-06 12:44:00+00:00,210.29,210.37,210.29,210.37,2.72,3
2026-08-06 12:45:00+00:00,210.43,210.43,210.37,210.42,4.08,5
2026-08-06 12:46:00+00:00,210.28,210.28,210.26,210.26,0.73,2
2026-08-06 12:47:00+00:00,210.38,210.38,210.32,210.32,0.89,2
2026-08-06 12:48:00+00:00,210.48,210.65,210.45,210.64,164.05,28
2026-08-06 12:49:00+00:00,210.56,210.61,210.56,210.6,1.44,3
2026-08-06 12:50:00+00:00,210.6,210.6,210.6,210.6,0.05,1
2026-08-06 12:51:00+00:00,210.72,210.78,210.72,210.78,8.67,7
2026-08-06 12:52:00+00:00,210.2,210.2,210.2,210.2,0.32,1
2026-08-06 12:53:00+00:00,210.1,210.12,210.0,210.0,41.2,20
2026-08-06 12:54:00+00:00,209.98,210.02,209.84,210.02,69.23,37
2026-08-06 12:55:00+00:00,209.95,209.95,209.95,209.95,0.95,1
2026-08-06 12:56:00+00:00,209.68,209.68,209.28,209.28,34.6,15
2026-08-06 12:57:00+00:00,209.38,209.38,209.14,209.35,35.04,34
2026-08-06 12:58:00+00:00,209.23,209.65,209.13,209.58,257.98,48
2026-08-06 12:59:00+00:00,209.6,209.75,209.55,209.55,11.41,15
2026-08-06 13:00:00+00:00,209.45,209.48,209.01,209.01,233.57,50
2026-08-06 13:01:00+00:00,209.08,209.51,209.08,209.51,10.49,14
2026-08-06 13:02:00+00:00,209.64,209.67,209.61,209.67,24.99,17
2026-08-06 13:03:00+00:00,209.64,209.72,209.59,209.61,6.3,12
2026-08-06 13:04:00+00:00,209.46,209.48,209.28,209.38,34.63,31
2026-08-06 13:05:00+00:00,209.34,209.36,209.29,209.29,36.6,47
2026-08-06 13:06:00+00:00,209.32,209.34,209.28,209.32,10.09,19
2026-08-06 13:07:00+00:00,209.39,209.44,207.96,208.48,1450.29,121
2026-08-06 13:08:00+00:00,208.52,208.73,208.49,208.73,383.84,107
2026-08-06 13:09:00+00:00,208.58,209.47,208.18,208.54,890.66,123
2026-08-06 13:10:00+00:00,208.56,208.73,208.56,208.73,4.81,8
2026-08-06 13:11:00+00:00,208.72,208.76,208.7,208.74,16.76,11
2026-08-06 13:12:00+00:00,208.62,208.62,208.26,208.29,60.56,60
2026-08-06 13:13:00+00:00,208.34,208.44,208.2,208.34,132.04,99
2026-08-06 13:14:00+00:00,208.27,208.35,208.22,208.34,11.75,7
2026-08-06 13:15:00+00:00,208.37,208.38,208.02,208.04,37.01,23
2026-08-06 13:16:00+00:00,208.19,208.51,208.12,208.12,55.51,46
2026-08-06 13:17:00+00:00,208.14,208.46,208.14,208.25,68.89,81
2026-08-06 13:18:00+00:00,208.25,208.26,208.09,208.17,41.06,33
2026-08-06 13:19:00+00:00,208.16,208.19,207.93,208.04,72.66,76
2026-08-06 13:20:00+00:00,208.01,208.17,207.93,207.96,81.16,33
2026-08-06 13:21:00+00:00,208.07,208.39,208.04,208.28,349.75,177
2026-08-06 13:22:00+00:00,208.27,208.36,208.11,208.15,57.7,31
2026-08-06 13:23:00+00:00,208.17,208.4,208.17,208.27,36.86,17
2026-08-06 13:24:00+00:00,208.27,208.38,208.21,208.29,199.09,69
2026-08-06 13:25:00+00:00,208.29,208.29,207.1,207.1,426.65,63
2026-08-06 13:26:00+00:00,207.06,207.06,206.52,206.88,138.57,44
2026-08-06 13:27:00+00:00,206.84,206.87,206.18,206.31,72.39,31
2026-08-06 13:28:00+00:00,206.0,206.0,204.75,205.52,397.69,94
2026-08-06 13:29:00+00:00,205.52,206.05,205.29,205.29,851.94,129
2026-08-06 13:30:00+00:00,205.92,208.53,205.13,207.49,2813.32,489
2026-08-06 13:31:00+00:00,207.33,208.95,206.79,207.62,954.97,149
2026-08-06 13:32:00+00:00,207.38,209.36,206.93,208.95,856.86,118
2026-08-06 13:33:00+00:00,208.9,210.41,208.53,210.38,1232.58,113
2026-08-06 13:34:00+00:00,210.04,212.04,210.04,212.04,144.02,72
2026-08-06 13:35:00+00:00,212.34,212.93,210.77,212.13,164.9,104
2026-08-06 13:36:00+00:00,212.02,213.48,211.8,213.33,1086.54,128
2026-08-06 13:37:00+00:00,213.55,213.69,212.08,212.51,653.71,72
2026-08-06 13:38:00+00:00,212.63,214.14,212.49,212.49,580.88,85
2026-08-06 13:39:00+00:00,211.98,212.27,210.64,211.14,193.98,90
2026-08-06 13:40:00+00:00,210.73,213.14,210.68,212.56,80.92,39
2026-08-06 13:41:00+00:00,212.59,212.82,211.25,211.78,318.17,70
2026-08-06 13:42:00+00:00,211.27,211.27,209.12,209.17,597.18,131
2026-08-06 13:43:00+00:00,209.21,210.24,209.17,210.16,274.04,47
2026-08-06 13:44:00+00:00,210.04,210.28,209.48,209.88,447.76,54
2026-08-06 13:45:00+00:00,209.87,211.04,209.87,210.48,69.96,34
2026-08-06 13:46:00+00:00,210.66,211.24,210.0,211.07,57.25,33
2026-08-06 13:47:00+00:00,211.5,213.2,211.31,212.48,174.71,66
2026-08-06 13:48:00+00:00,212.44,212.44,211.13,211.16,99.87,38
2026-08-06 13:49:00+00:00,211.34,211.94,211.01,211.85,66.28,25
2026-08-06 13:50:00+00:00,212.05,212.75,212.05,212.75,65.41,30
2026-08-06 13:51:00+00:00,212.52,212.52,211.22,211.74,103.86,33
2026-08-06 13:52:00+00:00,211.78,212.06,210.99,211.1,73.19,14
2026-08-06 13:53:00+00:00,210.77,210.77,209.52,209.74,629.95,60
2026-08-06 13:54:00+00:00,209.97,210.32,209.61,209.8,149.38,15
2026-08-06 13:55:00+00:00,210.07,210.25,209.68,210.25,6.77,9
2026-08-06 13:56:00+00:00,210.09,211.55,210.05,210.31,103.73,51
2026-08-06 13:57:00+00:00,210.64,211.92,210.64,211.73,67.69,39
2026-08-06 13:58:00+00:00,211.66,212.02,211.24,212.02,233.6,32
2026-08-06 13:59:00+00:00,212.1,212.23,211.36,211.66,221.61,24
2026-08-06 14:00:00+00:00,211.81,212.43,211.07,211.66,205.89,90
2026-08-06 14:01:00+00:00,211.67,212.05,211.44,211.68,92.89,60
2026-08-06 14:02:00+00:00,211.49,211.7,211.4,211.46,12.89,12
2026-08-06 14:03:00+00:00,211.49,211.49,210.2,210.21,61.33,34
2026-08-06 14:04:00+00:00,210.14,211.2,210.14,211.19,105.79,44
2026-08-06 14:05:00+00:00,211.18,212.95,211.18,212.91,80.52,64
2026-08-06 14:06:00+00:00,212.66,213.74,212.45,213.74,14.81,18
2026-08-06 14:07:00+00:00,213.82,214.78,213.78,214.77,308.17,72
2026-08-06 14:08:00+00:00,214.82,215.77,214.76,215.77,722.88,124
2026-08-06 14:09:00+00:00,215.74,216.67,215.52,216.06,470.75,102
2026-08-06 14:10:00+00:00,215.83,216.01,214.72,214.76,77.8,44
2026-08-06 14:11:00+00:00,214.74,215.75,214.74,215.21,232.83,38
2026-08-06 14:12:00+00:00,214.83,214.86,214.69,214.72,40.26,17
2026-08-06 14:13:00+00:00,214.82,215.42,214.8,215.42,91.54,22
2026-08-06 14:14:00+00:00,215.33,215.33,214.52,214.52,8.52,6
2026-08-06 14:15:00+00:00,214.04,214.3,213.76,214.3,119.87,22
2026-08-06 14:16:00+00:00,214.37,214.66,213.82,214.36,114.92,41
2026-08-06 14:17:00+00:00,214.4,215.49,214.23,215.36,388.01,49
2026-08-06 14:18:00+00:00,214.99,215.24,214.43,214.87,47.79,21
2026-08-06 14:19:00+00:00,214.87,215.15,214.23,214.23,54.22,31
2026-08-06 14:20:00+00:00,214.3,215.15,214.3,214.65,52.58,30
2026-08-06 14:21:00+00:00,214.76,214.76,213.84,213.9,216.03,37
2026-08-06 14:22:00+00:00,213.97,215.5,213.91,215.41,160.67,43
2026-08-06 14:23:00+00:00,215.41,215.95,215.03,215.3,107.61,35
2026-08-06 14:24:00+00:00,215.26,215.73,214.58,214.88,139.77,62
2026-08-06 14:25:00+00:00,214.88,214.88,214.14,214.86,36.99,19
2026-08-06 14:26:00+00:00,215.32,215.32,214.5,214.88,121.69,34
2026-08-06 14:27:00+00:00,214.19,214.36,214.14,214.36,165.69,25
2026-08-06 14:28:00+00:00,214.38,215.18,214.35,215.17,32.61,18
2026-08-06 14:29:00+00:00,215.22,215.33,214.3,214.59,32.26,20
2026-08-06 14:30:00+00:00,214.49,215.12,214.49,214.91,23.41,17
2026-08-06 14:31:00+00:00,214.94,214.94,213.48,213.68,457.91,79
2026-08-06 14:32:00+00:00,213.7,215.05,213.7,215.01,38.33,26
2026-08-06 14:33:00+00:00,215.14,216.01,215.02,215.8,302.08,54
2026-08-06 14:34:00+00:00,216.24,216.24,215.13,215.18,42.61,20
2026-08-06 14:35:00+00:00,215.25,215.76,215.24,215.63,83.47,18
2026-08-06 14:36:00+00:00,215.79,215.9,215.3,215.3,11.8,8
2026-08-06 14:37:00+00:00,215.55,215.62,214.04,214.1,51.63,31
2026-08-06 14:38:00+00:00,214.07,214.07,212.81,212.81,42.69,31
2026-08-06 14:39:00+00:00,212.51,212.51,211.28,211.45,524.21,124
2026-08-06 14:40:00+00:00,211.41,212.14,211.4,212.01,220.56,70
2026-08-06 14:41:00+00:00,212.15,212.37,211.86,212.37,18.4,8
2026-08-06 14:42:00+00:00,212.65,212.68,212.0,212.28,29.7,22
2026-08-06 14:43:00+00:00,212.47,212.69,212.37,212.68,68.11,21
2026-08-06 14:44:00+00:00,212.59,212.65,211.86,211.99,135.0,47
2026-08-06 14:45:00+00:00,211.84,211.84,211.19,211.54,24.25,25
2026-08-06 14:46:00+00:00,211.45,211.45,210.15,210.25,63.49,39
2026-08-06 14:47:00+00:00,210.48,211.1,210.28,211.09,88.49,20
2026-08-06 14:48:00+00:00,211.51,211.51,211.0,211.0,3.79,5
2026-08-06 14:49:00+00:00,211.3,211.48,211.02,211.22,52.75,20
2026-08-06 14:50:00+00:00,211.15,211.51,211.15,211.2,85.3,15
2026-08-06 14:51:00+00:00,211.57,211.59,210.74,210.74,42.72,31
2026-08-06 14:52:00+00:00,210.69,211.86,210.68,211.84,60.28,35
2026-08-06 14:53:00+00:00,211.47,211.7,211.47,211.62,25.89,9
2026-08-06 14:54:00+00:00,211.24,212.19,211.21,212.19,34.75,13
2026-08-06 14:55:00+00:00,212.38,212.38,211.95,212.2,253.41,43
2026-08-06 14:56:00+00:00,212.09,212.95,211.87,212.86,181.26,32
2026-08-06 14:57:00+00:00,212.89,213.57,212.87,213.2,89.32,68
2026-08-06 14:58:00+00:00,213.38,213.38,212.89,213.08,19.12,18
2026-08-06 14:59:00+00:00,212.99,213.54,212.93,213.34,25.08,19
2026-08-06 15:00:00+00:00,213.58,214.48,213.42,213.99,74.9,51
2026-08-06 15:01:00+00:00,214.06,214.74,213.73,214.74,34.39,26
2026-08-06 15:02:00+00:00,214.65,215.14,214.65,215.14,18.48,15
2026-08-06 15:03:00+00:00,214.68,214.7,214.12,214.3,34.54,28
2026-08-06 15:04:00+00:00,214.39,214.6,214.26,214.26,19.08,14
2026-08-06 15:05:00+00:00,214.24,214.24,213.28,214.08,279.91,43
2026-08-06 15:06:00+00:00,214.28,214.74,213.98,214.74,115.38,24
2026-08-06 15:07:00+00:00,214.48,215.96,214.48,215.96,38.56,28
2026-08-06 15:08:00+00:00,215.77,215.97,215.51,215.51,11.02,16
2026-08-06 15:09:00+00:00,215.36,216.48,215.36,216.42,62.66,20
2026-08-06 15:10:00+00:00,216.33,218.08,216.33,217.51,1502.13,96
2026-08-06 15:11:00+00:00,217.57,218.88,217.41,217.81,836.54,122
2026-08-06 15:12:00+00:00,217.74,217.74,216.25,216.25,80.53,33
2026-08-06 15:13:00+00:00,216.2,216.36,215.72,216.32,62.62,36
2026-08-06 15:14:00+00:00,215.88,215.88,215.23,215.28,57.83,26
2026-08-06 15:15:00+00:00,215.42,216.21,215.4,216.17,338.62,81
2026-08-06 15:16:00+00:00,216.24,216.97,216.24,216.61,111.3,63
2026-08-06 15:17:00+00:00,216.92,216.92,216.43,216.55,20.33,19
2026-08-06 15:18:00+00:00,215.98,216.5,215.97,216.39,150.27,26
2026-08-06 15:19:00+00:00,216.46,216.77,214.68,214.92,54.4,26
2026-08-06 15:20:00+00:00,215.04,215.62,215.04,215.54,29.5,29
2026-08-06 15:21:00+00:00,215.52,215.65,215.17,215.65,24.54,12
2026-08-06 15:22:00+00:00,215.46,215.69,215.46,215.69,5.4,6
2026-08-06 15:23:00+00:00,215.59,215.59,215.24,215.54,52.42,13
2026-08-06 15:24:00+00:00,215.4,215.98,215.4,215.81,28.25,12
2026-08-06 15:25:00+00:00,215.86,216.35,215.72,216.28,32.18,13
2026-08-06 15:26:00+00:00,216.27,216.72,215.9,215.9,57.55,22
2026-08-06 15:27:00+00:00,215.95,216.19,215.63,215.63,35.25,21
2026-08-06 15:28:00+00:00,215.53,215.89,215.49,215.89,11.02,5
2026-08-06 15:29:00+00:00,216.0,216.03,215.84,215.88,7.34,10
2026-08-06 15:30:00+00:00,216.08,216.45,216.0,216.24,6.51,10
2026-08-06 15:31:00+00:00,216.3,216.3,216.01,216.04,6.23,8
2026-08-06 15:32:00+00:00,215.63,215.73,215.59,215.68,10.64,13
2026-08-06 15:33:00+00:00,215.63,215.69,215.15,215.43,132.9,28
2026-08-06 15:34:00+00:00,215.53,215.53,215.2,215.48,185.45,43
2026-08-06 15:35:00+00:00,214.99,215.26,214.99,215.26,49.27,14
2026-08-06 15:36:00+00:00,215.31,215.36,214.96,214.98,5.76,8
2026-08-06 15:37:00+00:00,214.59,214.79,214.22,214.79,152.29,37
2026-08-06 15:38:00+00:00,214.83,214.96,214.64,214.64,174.29,31
2026-08-06 15:39:00+00:00,214.64,214.64,214.64,214.64,0.0,0
2026-08-06 15:40:00+00:00,214.86,215.28,214.8,215.19,7.19,12
2026-08-06 15:41:00+00:00,215.15,215.16,214.89,214.89,25.17,16
2026-08-06 15:42:00+00:00,215.08,215.23,214.7,214.78,28.94,14
2026-08-06 15:43:00+00:00,214.6,214.73,214.12,214.26,47.93,15
2026-08-06 15:44:00+00:00,214.05,214.35,213.88,213.91,194.85,35
2026-08-06 15:45:00+00:00,214.25,214.35,214.25,214.26,1.89,3
2026-08-06 15:46:00+00:00,214.43,215.03,214.4,215.02,126.86,20
2026-08-06 15:47:00+00:00,215.15,215.52,215.15,215.48,22.82,25
2026-08-06 15:48:00+00:00,215.43,217.03,215.43,217.03,85.05,37
2026-08-06 15:49:00+00:00,216.94,217.21,216.89,216.94,64.49,19
2026-08-06 15:50:00+00:00,217.21,218.25,217.21,217.68,168.5,27
2026-08-06 15:51:00+00:00,217.65,217.71,216.99,217.09,85.39,27
2026-08-06 15:52:00+00:00,217.05,217.13,216.38,216.39,215.94,32
2026-08-06 15:53:00+00:00,216.48,216.67,215.85,215.85,18.92,17
2026-08-06 15:54:00+00:00,215.92,215.92,215.82,215.83,2.21,3
2026-08-06 15:55:00+00:00,215.67,215.86,215.61,215.84,66.95,16
2026-08-06 15:56:00+00:00,216.07,216.56,216.07,216.38,15.69,8
2026-08-06 15:57:00+00:00,216.26,216.37,216.17,216.37,3.38,5
2026-08-06 15:58:00+00:00,216.16,216.18,216.16,216.18,6.55,6
2026-08-06 15:59:00+00:00,215.67,215.67,214.98,214.98,39.88,11
2026-08-06 16:00:00+00:00,215.13,215.35,214.59,214.73,20.05,9
2026-08-06 16:01:00+00:00,214.05,214.16,213.76,213.77,51.92,23
2026-08-06 16:02:00+00:00,213.73,214.14,213.73,213.81,52.42,12
2026-08-06 16:03:00+00:00,213.6,213.92,213.57,213.64,18.11,15
2026-08-06 16:04:00+00:00,213.57,213.57,213.25,213.44,11.53,11
2026-08-06 16:05:00+00:00,213.6,214.18,213.6,214.07,107.24,43
2026-08-06 16:06:00+00:00,213.81,214.37,213.81,214.37,30.06,34
2026-08-06 16:07:00+00:00,214.32,215.14,214.32,215.14,201.42,37
2026-08-06 16:08:00+00:00,215.1,215.45,214.75,214.75,27.09,12
2026-08-06 16:09:00+00:00,214.64,214.7,214.37,214.7,96.78,18
2026-08-06 16:10:00+00:00,215.1,215.1,214.81,214.81,15.34,3
2026-08-06 16:11:00+00:00,214.7,214.7,214.24,214.3,7.56,6
2026-08-06 16:12:00+00:00,214.43,214.46,214.34,214.39,10.35,8
2026-08-06 16:13:00+00:00,214.18,214.24,213.45,213.54,306.3,39
2026-08-06 16:14:00+00:00,213.24,213.45,212.73,212.73,214.71,53
2026-08-06 16:15:00+00:00,212.73,212.89,212.51,212.89,169.99,22
2026-08-06 16:16:00+00:00,212.56,212.82,212.18,212.79,179.14,53
2026-08-06 16:17:00+00:00,212.79,212.79,212.79,212.79,0.0,0
2026-08-06 16:18:00+00:00,212.54,212.77,212.54,212.77,6.77,3
2026-08-06 16:19:00+00:00,212.68,212.84,212.54,212.54,39.69,13
2026-08-06 16:20:00+00:00,212.5,212.5,211.7,211.7,54.34,32
2026-08-06 16:21:00+00:00,212.02,212.33,212.02,212.31,420.39,40
2026-08-06 16:22:00+00:00,212.28,212.28,211.8,211.8,49.87,23
2026-08-06 16:23:00+00:00,211.77,211.86,211.62,211.64,81.76,20
2026-08-06 16:24:00+00:00,211.46,212.03,211.24,211.99,365.13,70
2026-08-06 16:25:00+00:00,212.17,212.8,212.16,212.78,315.3,73
2026-08-06 16:26:00+00:00,212.68,212.77,212.26,212.26,115.38,14
2026-08-06 16:27:00+00:00,212.42,212.43,212.19,212.43,21.94,9
2026-08-06 16:28:00+00:00,212.46,212.68,212.46,212.68,21.15,9
2026-08-06 16:29:00+00:00,212.53,212.53,212.14,212.29,4.49,4
2026-08-06 16:30:00+00:00,212.33,212.65,212.07,212.64,120.17,41
2026-08-06 16:31:00+00:00,212.67,212.73,212.46,212.46,81.03,26
2026-08-06 16:32:00+00:00,212.58,212.75,211.97,212.09,99.65,30
2026-08-06 16:33:00+00:00,212.09,212.09,211.55,211.63,40.83,25
2026-08-06 16:34:00+00:00,211.77,211.87,211.57,211.57,24.26,30
2026-08-06 16:35:00+00:00,211.59,211.93,211.44,211.45,39.77,19
2026-08-06 16:36:00+00:00,211.99,212.66,211.96,212.66,54.19,26
2026-08-06 16:37:00+00:00,212.96,212.98,212.96,212.98,0.49,3
2026-08-06 16:38:00+00:00,212.9,212.99,212.75,212.99,9.24,6
2026-08-06 16:39:00+00:00,213.02,213.55,213.02,213.5,297.68,29
2026-08-06 16:40:00+00:00,213.53,213.73,213.11,213.12,58.66,21
2026-08-06 16:41:00+00:00,212.83,213.1,212.78,213.1,13.42,6
2026-08-06 16:42:00+00:00,213.38,213.8,213.38,213.77,16.7,10
2026-08-06 16:43:00+00:00,213.54,213.54,213.36,213.37,18.99,10
2026-08-06 16:44:00+00:00,213.19,213.35,212.97,213.0,27.7,16
2026-08-06 16:45:00+00:00,213.0,213.0,213.0,213.0,0.0,0
2026-08-06 16:46:00+00:00,212.96,212.96,212.61,212.62,552.14,40
2026-08-06 16:47:00+00:00,212.62,213.09,212.62,213.09,6.99,4
2026-08-06 16:48:00+00:00,213.32,213.56,213.32,213.46,286.87,45
2026-08-06 16:49:00+00:00,213.8,213.95,213.72,213.74,99.46,13
2026-08-06 16:50:00+00:00,213.54,213.54,213.54,213.54,8.89,3
2026-08-06 16:51:00+00:00,213.54,213.54,213.54,213.54,0.0,0
2026-08-06 16:52:00+00:00,213.82,214.57,213.82,214.41,24.56,10
2026-08-06 16:53:00+00:00,214.45,214.53,213.75,213.75,55.77,23
2026-08-06 16:54:00+00:00,213.94,213.94,213.38,213.46,3.44,3
2026-08-06 16:55:00+00:00,214.01,214.03,214.01,214.03,4.69,3
2026-08-06 16:56:00+00:00,213.86,213.86,213.8,213.8,2.79,3
2026-08-06 16:57:00+00:00,213.75,213.94,213.75,213.94,2.79,3
2026-08-06 16:58:00+00:00,214.04,214.37,214.01,214.37,300.53,25
2026-08-06 16:59:00+00:00,214.44,214.45,214.41,214.41,12.74,7
2026-08-06 17:00:00+00:00,214.79,214.91,214.77,214.83,20.26,7
2026-08-06 17:01:00+00:00,214.91,214.96,214.84,214.84,13.99,11
2026-08-06 17:02:00+00:00,214.86,214.86,214.82,214.82,9.66,4
2026-08-06 17:03:00+00:00,214.82,214.82,214.82,214.82,0.0,0
2026-08-06 17:04:00+00:00,214.82,214.82,214.82,214.82,0.0,0
2026-08-06 17:05:00+00:00,214.79,215.1,214.79,215.1,85.69,20
2026-08-06 17:06:00+00:00,215.16,215.16,214.75,214.75,22.94,20
2026-08-06 17:07:00+00:00,215.14,215.14,214.77,214.77,9.8,4
2026-08-06 17:08:00+00:00,214.61,214.96,214.57,214.96,18.17,9
2026-08-06 17:09:00+00:00,214.96,215.3,214.96,215.04,9.33,10
2026-08-06 17:10:00+00:00,215.04,215.04,214.98,214.98,6.23,5
2026-08-06 17:11:00+00:00,215.03,215.03,214.48,214.48,10.34,12
2026-08-06 17:12:00+00:00,214.54,214.54,214.3,214.34,9.64,5
2026-08-06 17:13:00+00:00,214.41,214.57,214.04,214.04,16.52,17
2026-08-06 17:14:00+00:00,213.99,213.99,213.67,213.67,11.73,11
2026-08-06 17:15:00+00:00,213.47,213.47,213.03,213.03,17.42,13
2026-08-06 17:16:00+00:00,213.43,213.74,213.37,213.57,8.34,12
2026-08-06 17:17:00+00:00,213.57,213.57,213.57,213.57,0.0,0
2026-08-06 17:18:00+00:00,213.57,213.57,213.57,213.57,0.0,0
2026-08-06 17:19:00+00:00,214.1,214.2,213.92,213.92,8.03,5
2026-08-06 17:20:00+00:00,214.25,214.63,214.25,214.63,6.36,5
2026-08-06 17:21:00+00:00,214.31,214.35,214.31,214.35,2.61,2
2026-08-06 17:22:00+00:00,214.52,214.52,213.98,214.01,63.85,12
2026-08-06 17:23:00+00:00,214.05,214.05,214.05,214.05,0.93,1
2026-08-06 17:24:00+00:00,213.84,213.84,213.57,213.57,22.07,9
2026-08-06 17:25:00+00:00,213.9,214.21,213.82,214.21,12.62,8
2026-08-06 17:26:00+00:00,214.13,214.13,213.92,213.92,4.74,4
2026-08-06 17:27:00+00:00,213.97,213.97,213.97,213.97,0.7,1
2026-08-06 17:28:00+00:00,214.09,214.09,213.79,213.79,11.62,9
2026-08-06 17:29:00+00:00,213.72,213.98,213.72,213.74,37.47,16
2026-08-06 17:30:00+00:00,213.57,213.57,213.57,213.57,1.47,1
2026-08-06 17:31:00+00:00,213.92,213.92,213.92,213.92,1.29,1
2026-08-06 17:32:00+00:00,213.92,213.92,213.92,213.92,0.0,0
2026-08-06 17:33:00+00:00,213.84,213.84,213.65,213.75,6.12,5
2026-08-06 17:34:00+00:00,213.79,213.81,213.79,213.81,1.45,2
2026-08-06 17:35:00+00:00,213.66,213.68,213.66,213.68,2.32,2
2026-08-06 17:36:00+00:00,213.51,213.51,213.32,213.32,12.11,9
2026-08-06 17:37:00+00:00,213.35,213.54,213.3,213.39,27.33,18
2026-08-06 17:38:00+00:00,213.42,213.42,213.13,213.18,3.64,5
2026-08-06 17:39:00+00:00,213.22,213.22,213.17,213.21,9.33,6
2026-08-06 17:40:00+00:00,212.9,213.21,212.9,213.15,15.98,16
2026-08-06 17:41:00+00:00,212.73,212.73,212.46,212.65,271.92,37
2026-08-06 17:42:00+00:00,212.35,212.4,212.28,212.4,5.81,5
2026-08-06 17:43:00+00:00,212.31,212.31,212.31,212.31,1.38,1
2026-08-06 17:44:00+00:00,212.19,212.21,212.1,212.14,18.39,14
2026-08-06 17:45:00+00:00,212.14,212.17,212.14,212.17,3.24,3
2026-08-06 17:46:00+00:00,212.8,212.8,212.8,212.8,2.74,1
2026-08-06 17:47:00+00:00,212.73,212.85,212.28,212.46,321.5,55
2026-08-06 17:48:00+00:00,212.41,212.53,212.41,212.53,704.0,56
2026-08-06 17:49:00+00:00,212.53,212.53,212.53,212.53,0.0,0
2026-08-06 17:50:00+00:00,212.74,212.82,212.45,212.45,20.25,11
2026-08-06 17:51:00+00:00,212.52,213.22,212.52,213.22,9.43,9
2026-08-06 17:52:00+00:00,213.11,213.11,213.09,213.09,0.92,2
2026-08-06 17:53:00+00:00,213.18,213.18,212.98,212.98,2.25,4
2026-08-06 17:54:00+00:00,212.99,213.09,212.99,213.06,2.45,3
2026-08-06 17:55:00+00:00,213.02,213.38,213.02,213.29,17.01,16
2026-08-06 17:56:00+00:00,213.35,213.38,213.25,213.37,3.95,4
2026-08-06 17:57:00+00:00,213.11,213.5,213.11,213.5,2.79,3
2026-08-06 17:58:00+00:00,213.85,213.85,213.65,213.65,0.28,3
2026-08-06 17:59:00+00:00,213.62,213.72,213.62,213.72,1.85,3
2026-08-06 18:00:00+00:00,213.91,213.99,213.56,213.99,18.52,14
2026-08-06 18:01:00+00:00,213.62,213.62,213.45,213.45,2.79,3
2026-08-06 18:02:00+00:00,213.47,213.47,213.47,213.47,0.93,1
2026-08-06 18:03:00+00:00,213.18,213.18,212.96,213.1,42.75,11
2026-08-06 18:04:00+00:00,213.17,213.17,212.65,212.84,100.23,27
2026-08-06 18:05:00+00:00,212.84,212.84,212.84,212.84,0.0,0
2026-08-06 18:06:00+00:00,212.92,212.92,212.73,212.73,1.01,3
2026-08-06 18:07:00+00:00,212.59,212.95,212.59,212.95,16.42,14
2026-08-06 18:08:00+00:00,212.94,212.94,212.69,212.69,91.96,16
2026-08-06 18:09:00+00:00,212.74,212.95,212.55,212.95,1.75,4
2026-08-06 18:10:00+00:00,213.06,213.24,213.06,213.24,11.37,9
2026-08-06 18:11:00+00:00,213.03,213.03,213.03,213.03,0.93,1
2026-08-06 18:12:00+00:00,213.17,213.24,213.17,213.17,6.63,6
2026-08-06 18:13:00+00:00,213.03,213.11,213.03,213.11,2.28,2
2026-08-06 18:14:00+00:00,213.31,213.31,213.31,213.31,2.12,1
2026-08-06 18:15:00+00:00,213.26,213.26,213.26,213.26,1.27,1
2026-08-06 18:16:00+00:00,212.89,213.88,211.91,213.81,2179.37,180
2026-08-06 18:17:00+00:00,213.72,213.82,213.59,213.59,23.48,19
2026-08-06 18:18:00+00:00,213.65,214.25,213.65,214.25,4.45,5
2026-08-06 18:19:00+00:00,214.18,214.18,213.84,213.84,16.48,6
2026-08-06 18:20:00+00:00,213.81,213.81,213.81,213.81,0.46,1
2026-08-06 18:21:00+00:00,214.03,214.06,213.98,213.98,5.5,4
2026-08-06 18:22:00+00:00,213.96,213.96,213.96,213.96,0.46,1
2026-08-06 18:23:00+00:00,213.85,213.86,213.85,213.86,2.2,2
2026-08-06 18:24:00+00:00,213.74,213.8,213.68,213.68,24.13,6
2026-08-06 18:25:00+00:00,213.68,213.68,213.68,213.68,0.0,0
2026-08-06 18:26:00+00:00,213.32,213.37,212.85,212.85,6.84,6
2026-08-06 18:27:00+00:00,212.85,212.85,212.85,212.85,0.0,0
2026-08-06 18:28:00+00:00,212.81,212.81,212.81,212.81,1.75,1
2026-08-06 18:29:00+00:00,212.81,212.81,212.81,212.81,0.0,0
2026-08-06 18:30:00+00:00,212.81,212.81,212.81,212.81,0.0,0
2026-08-06 18:31:00+00:00,213.02,213.02,212.81,212.81,30.13,9
2026-08-06 18:32:00+00:00,212.6,212.6,212.55,212.55,3.2,2
2026-08-06 18:33:00+00:00,212.27,212.27,212.15,212.22,3.51,7
2026-08-06 18:34:00+00:00,212.2,212.2,211.61,211.75,16.7,10
2026-08-06 18:35:00+00:00,212.18,212.19,211.82,211.82,21.89,18
2026-08-06 18:36:00+00:00,212.03,212.03,212.03,212.03,0.94,1
2026-08-06 18:37:00+00:00,212.15,212.15,211.74,211.74,4.38,5
2026-08-06 18:38:00+00:00,211.82,211.94,211.82,211.94,14.19,5
2026-08-06 18:39:00+00:00,211.99,212.0,211.85,211.9,11.16,14
2026-08-06 18:40:00+00:00,211.88,211.93,211.88,211.93,0.3,2
2026-08-06 18:41:00+00:00,211.8,211.87,211.8,211.87,1.04,2
2026-08-06 18:42:00+00:00,211.64,211.71,211.44,211.54,60.72,23
2026-08-06 18:43:00+00:00,211.63,211.94,211.63,211.94,5.53,8
2026-08-06 18:44:00+00:00,211.9,211.9,211.9,211.9,0.11,1
2026-08-06 18:45:00+00:00,211.96,212.43,211.96,212.36,22.96,12
2026-08-06 18:46:00+00:00,212.45,212.54,212.45,212.54,6.64,6
2026-08-06 18:47:00+00:00,212.44,212.44,212.38,212.44,59.61,10
2026-08-06 18:48:00+00:00,212.55,212.57,212.34,212.34,0.97,4
2026-08-06 18:49:00+00:00,212.27,212.3,212.22,212.3,4.63,8
2026-08-06 18:50:00+00:00,212.36,212.57,212.07,212.57,948.28,60
2026-08-06 18:51:00+00:00,212.36,212.36,211.98,212.03,20.58,11
2026-08-06 18:52:00+00:00,212.11,212.11,212.11,212.11,0.94,1
2026-08-06 18:53:00+00:00,212.23,212.23,211.91,212.04,29.11,16
2026-08-06 18:54:00+00:00,212.12,212.29,212.08,212.29,2.69,5
2026-08-06 18:55:00+00:00,212.21,212.27,211.95,212.27,8.42,15
2026-08-06 18:56:00+00:00,212.27,212.39,212.19,212.19,6.66,15
2026-08-06 18:57:00+00:00,212.27,212.39,212.22,212.39,2.99,8
2026-08-06 18:58:00+00:00,212.47,212.47,212.35,212.35,0.67,3
2026-08-06 18:59:00+00:00,212.25,212.3,212.25,212.3,0.13,2
2026-08-06 19:00:00+00:00,212.3,212.9,212.3,212.7,310.25,51
2026-08-06 19:01:00+00:00,212.67,213.02,212.59,213.02,27.02,40
2026-08-06 19:02:00+00:00,213.17,213.35,213.16,213.16,44.39,29
2026-08-06 19:03:00+00:00,212.96,213.03,212.96,213.03,0.64,2
2026-08-06 19:04:00+00:00,213.21,213.38,212.81,212.81,6.61,9
2026-08-06 19:05:00+00:00,212.84,212.84,212.23,212.26,42.88,27
2026-08-06 19:06:00+00:00,212.39,212.41,212.33,212.33,11.01,10
2026-08-06 19:07:00+00:00,211.9,211.93,211.68,211.93,4.0,7
2026-08-06 19:08:00+00:00,212.57,213.24,212.5,212.96,5.64,12
2026-08-06 19:09:00+00:00,212.87,212.9,212.62,212.62,5.84,10
2026-08-06 19:10:00+00:00,212.88,212.88,212.7,212.7,2.09,5
2026-08-06 19:11:00+00:00,212.73,212.74,212.73,212.74,0.15,2
2026-08-06 19:12:00+00:00,212.74,212.74,212.74,212.74,0.0,0
2026-08-06 19:13:00+00:00,212.29,212.29,212.29,212.29,0.76,1
2026-08-06 19:14:00+00:00,212.17,212.17,211.75,211.75,0.4,3
2026-08-06 19:15:00+00:00,211.78,211.79,211.53,211.53,4.1,9
2026-08-06 19:16:00+00:00,211.46,211.47,211.46,211.47,4.11,3
2026-08-06 19:17:00+00:00,211.47,211.47,211.47,211.47,0.0,0
2026-08-06 19:18:00+00:00,211.58,211.58,211.39,211.39,1.15,4
2026-08-06 19:19:00+00:00,211.4,211.4,211.08,211.18,3.78,8
2026-08-06 19:20:00+00:00,211.39,211.87,211.39,211.87,9.75,11
2026-08-06 19:21:00+00:00,211.77,211.85,211.57,211.62,7.15,10
2026-08-06 19:22:00+00:00,211.58,211.58,211.5,211.5,2.51,3
2026-08-06 19:23:00+00:00,211.5,211.61,211.38,211.6,51.73,10
2026-08-06 19:24:00+00:00,211.64,211.64,211.27,211.41,10.33,5
2026-08-06 19:25:00+00:00,211.6,211.65,211.29,211.65,479.82,36
2026-08-06 19:26:00+00:00,211.67,211.69,211.09,211.51,41.07,21
2026-08-06 19:27:00+00:00,211.5,212.23,211.5,212.18,40.26,34
2026-08-06 19:28:00+00:00,212.18,212.18,212.18,212.18,0.0,0
2026-08-06 19:29:00+00:00,211.88,211.88,211.88,211.88,4.5,1
2026-08-06 19:30:00+00:00,211.64,211.64,211.63,211.63,1.44,2
2026-08-06 19:31:00+00:00,212.42,212.72,212.42,212.72,46.14,4
2026-08-06 19:32:00+00:00,212.77,212.92,212.64,212.64,3.97,5
2026-08-06 19:33:00+00:00,212.53,212.53,212.28,212.28,1.27,2
2026-08-06 19:34:00+00:00,212.15,212.8,212.15,212.76,22.64,18
2026-08-06 19:35:00+00:00,212.76,212.84,212.44,212.46,7.98,13
2026-08-06 19:36:00+00:00,212.14,212.17,211.81,211.93,25.75,18
2026-08-06 19:37:00+00:00,211.9,211.92,211.88,211.92,3.31,5
2026-08-06 19:38:00+00:00,211.84,211.84,211.7,211.76,20.14,14
2026-08-06 19:39:00+00:00,211.71,211.91,211.71,211.78,4.85,8
2026-08-06 19:40:00+00:00,211.67,211.67,211.42,211.59,7.94,12
2026-08-06 19:41:00+00:00,211.42,211.66,211.24,211.66,50.57,24
2026-08-06 19:42:00+00:00,211.39,211.39,211.18,211.18,4.83,3
2026-08-06 19:43:00+00:00,210.83,210.83,210.56,210.56,32.29,17
2026-08-06 19:44:00+00:00,210.68,210.75,210.68,210.75,1.66,2
2026-08-06 19:45:00+00:00,210.76,211.33,210.76,211.07,9.57,17
2026-08-06 19:46:00+00:00,211.03,211.03,210.52,210.56,4.6,10
2026-08-06 19:47:00+00:00,210.59,210.81,210.52,210.76,7.19,12
2026-08-06 19:48:00+00:00,210.65,210.72,210.51,210.51,3.97,6
2026-08-06 19:49:00+00:00,210.31,210.31,210.03,210.27,4.32,7
2026-08-06 19:50:00+00:00,210.55,210.82,210.5,210.81,23.49,20
2026-08-06 19:51:00+00:00,210.74,210.74,210.27,210.35,7.43,19
2026-08-06 19:52:00+00:00,210.44,210.44,209.25,209.32,250.4,97
2026-08-06 19:53:00+00:00,209.35,211.47,209.24,211.37,103.78,91
2026-08-06 19:54:00+00:00,211.17,212.18,211.17,211.41,33.32,38
2026-08-06 19:55:00+00:00,211.0,211.48,210.22,210.28,89.84,47
2026-08-06 19:56:00+00:00,210.36,211.02,210.36,210.88,24.8,30
2026-08-06 19:57:00+00:00,211.07,211.07,210.56,210.75,5.37,14
2026-08-06 19:58:00+00:00,210.75,210.98,210.71,210.71,9.43,21
2026-08-06 19:59:00+00:00,210.76,211.17,210.74,211.03,76.16,35
2026-08-06 20:00:00+00:00,211.02,211.05,210.36,211.02,315.23,53
2026-08-06 20:01:00+00:00,211.04,211.05,210.43,210.7,18.67,36
2026-08-06 20:02:00+00:00,210.42,210.62,210.42,210.6,18.14,5
2026-08-06 20:03:00+00:00,210.5,210.67,210.49,210.66,4.77,16
2026-08-06 20:04:00+00:00,210.87,210.96,210.44,210.49,114.24,25
2026-08-06 20:05:00+00:00,210.47,210.55,210.32,210.51,1.67,6
2026-08-06 20:06:00+00:00,210.48,210.63,210.47,210.63,6.11,11
2026-08-06 20:07:00+00:00,210.52,210.52,210.52,210.52,0.3,1
2026-08-06 20:08:00+00:00,210.52,210.52,210.52,210.52,0.0,0
2026-08-06 20:09:00+00:00,210.7,210.7,210.68,210.68,1.3,2
2026-08-06 20:10:00+00:00,210.64,210.98,210.41,210.98,169.85,116
2026-08-06 20:11:00+00:00,210.97,210.98,210.8,210.89,36.31,50
2026-08-06 20:12:00+00:00,210.97,211.02,210.84,210.84,56.02,56
2026-08-06 20:13:00+00:00,210.8,210.8,210.15,210.15,114.59,78
2026-08-06 20:14:00+00:00,210.27,210.53,210.27,210.53,4.18,9
2026-08-06 20:15:00+00:00,210.67,210.75,210.54,210.75,3.59,10
2026-08-06 20:16:00+00:00,210.78,210.78,210.68,210.69,6.15,8
2026-08-06 20:17:00+00:00,210.72,210.72,210.56,210.56,3.38,4
2026-08-06 20:18:00+00:00,210.49,210.49,210.36,210.42,4.48,14
2026-08-06 20:19:00+00:00,210.43,211.07,210.43,211.04,41.84,36
2026-08-06 20:20:00+00:00,210.95,210.95,210.87,210.88,2.02,4
2026-08-06 20:21:00+00:00,210.95,210.95,210.79,210.79,1.14,4
2026-08-06 20:22:00+00:00,210.74,210.74,210.69,210.69,1.98,4
2026-08-06 20:23:00+00:00,210.81,210.81,210.58,210.58,0.6,2
2026-08-06 20:24:00+00:00,210.67,210.8,210.67,210.75,0.58,4
2026-08-06 20:25:00+00:00,210.8,210.92,210.79,210.79,5.7,6
2026-08-06 20:26:00+00:00,210.59,210.79,210.59,210.79,1.33,3
2026-08-06 20:27:00+00:00,210.72,210.73,210.72,210.73,0.66,2
2026-08-06 20:28:00+00:00,210.73,210.73,210.73,210.73,0.0,0
2026-08-06 20:29:00+00:00,210.61,210.64,210.61,210.64,2.6,3
2026-08-06 20:30:00+00:00,210.64,210.64,210.64,210.64,0.0,0
2026-08-06 20:31:00+00:00,210.75,210.89,210.71,210.89,6.64,10
2026-08-06 20:32:00+00:00,210.9,211.05,210.9,211.01,22.26,29
2026-08-06 20:33:00+00:00,210.99,211.08,210.99,211.05,47.78,47
2026-08-06 20:34:00+00:00,211.05,211.08,211.02,211.08,25.03,33
2026-08-06 20:35:00+00:00,211.06,211.18,211.03,211.15,80.84,81
2026-08-06 20:36:00+00:00,211.13,211.23,211.11,211.14,26.72,57
2026-08-06 20:37:00+00:00,211.15,211.22,211.01,211.21,19.15,32
2026-08-06 20:38:00+00:00,211.21,211.21,211.21,211.21,0.0,0
2026-08-06 20:39:00+00:00,211.13,211.13,211.13,211.13,1.3,1
2026-08-06 20:40:00+00:00,211.13,211.13,211.13,211.13,0.0,0
2026-08-06 20:41:00+00:00,211.22,211.22,211.21,211.22,14.63,5
2026-08-06 20:42:00+00:00,211.25,211.34,211.23,211.28,62.37,34
2026-08-06 20:43:00+00:00,211.28,211.28,211.28,211.28,0.0,0
2026-08-06 20:44:00+00:00,211.23,211.3,211.23,211.25,26.67,9
2026-08-06 20:45:00+00:00,211.25,211.25,211.25,211.25,0.0,0
2026-08-06 20:46:00+00:00,211.25,211.25,211.25,211.25,0.0,0
2026-08-06 20:47:00+00:00,211.0,211.11,211.0,211.11,3.38,6
2026-08-06 20:48:00+00:00,211.02,211.02,211.02,211.02,0.25,1
2026-08-06 20:49:00+00:00,211.02,211.02,211.02,211.02,0.0,0
2026-08-06 20:50:00+00:00,211.02,211.02,211.02,211.02,0.0,0
2026-08-06 20:51:00+00:00,210.94,211.13,210.94,210.99,25.91,31
2026-08-06 20:52:00+00:00,210.99,210.99,210.99,210.99,0.94,2
2026-08-06 20:53:00+00:00,211.05,211.12,211.05,211.12,3.93,8
2026-08-06 20:54:00+00:00,211.05,211.05,210.74,210.77,2.69,5
2026-08-06 20:55:00+00:00,210.77,210.77,210.77,210.77,0.0,0
2026-08-06 20:56:00+00:00,210.77,210.77,210.77,210.77,0.0,0
2026-08-06 20:57:00+00:00,210.93,210.93,210.93,210.93,0.05,1
2026-08-06 20:58:00+00:00,210.93,210.93,210.93,210.93,0.0,0
2026-08-06 20:59:00+00:00,210.98,210.98,210.98,210.98,0.07,1
2026-08-06 21:00:00+00:00,211.04,211.06,211.02,211.02,1.1,4
2026-08-06 21:01:00+00:00,210.91,211.12,210.84,211.12,7.84,17
2026-08-06 21:02:00+00:00,211.08,211.08,211.08,211.08,0.86,2
2026-08-06 21:03:00+00:00,211.01,211.04,211.01,211.04,3.69,4
2026-08-06 21:04:00+00:00,211.27,211.34,211.23,211.24,90.78,28
2026-08-06 21:05:00+00:00,211.2,211.29,211.18,211.24,8.13,11
2026-08-06 21:06:00+00:00,211.23,211.25,210.99,210.99,5.01,9
2026-08-06 21:07:00+00:00,211.21,211.35,211.21,211.32,19.19,7
2026-08-06 21:08:00+00:00,211.73,211.73,211.53,211.63,32.47,24
2026-08-06 21:09:00+00:00,211.53,211.61,211.37,211.37,8.61,12
2026-08-06 21:10:00+00:00,211.42,211.56,211.42,211.45,40.43,22
2026-08-06 21:11:00+00:00,211.54,211.69,211.44,211.61,13.44,36
2026-08-06 21:12:00+00:00,211.7,211.7,211.7,211.7,0.94,1
2026-08-06 21:13:00+00:00,211.5,211.5,211.37,211.37,6.22,5
2026-08-06 21:14:00+00:00,211.36,211.43,211.36,211.43,2.82,5
2026-08-06 21:15:00+00:00,211.23,211.25,211.22,211.25,3.69,7
2026-08-06 21:16:00+00:00,211.25,211.25,211.25,211.25,0.0,0
2026-08-06 21:17:00+00:00,211.26,211.37,211.26,211.37,14.79,4
2026-08-06 21:18:00+00:00,211.36,211.36,211.36,211.36,0.41,1
2026-08-06 21:19:00+00:00,211.51,211.51,211.51,211.51,0.17,1
2026-08-06 21:20:00+00:00,211.55,211.66,211.54,211.66,5.51,15
2026-08-06 21:21:00+00:00,211.55,211.59,211.55,211.56,8.06,13
2026-08-06 21:22:00+00:00,211.56,211.56,211.56,211.56,0.0,0
2026-08-06 21:23:00+00:00,211.49,211.49,211.49,211.49,4.18,1
2026-08-06 21:24:00+00:00,211.51,211.51,211.51,211.51,0.5,2
2026-08-06 21:25:00+00:00,211.58,211.58,211.49,211.49,5.46,4
2026-08-06 21:26:00+00:00,211.49,211.49,211.49,211.49,9.77,6
2026-08-06 21:27:00+00:00,211.49,211.49,211.39,211.39,19.43,20
2026-08-06 21:28:00+00:00,211.44,211.44,211.44,211.44,4.04,2
2026-08-06 21:29:00+00:00,211.44,211.44,211.44,211.44,0.0,0
2026-08-06 21:30:00+00:00,211.44,211.44,211.44,211.44,0.0,0
2026-08-06 21:31:00+00:00,211.44,211.44,211.44,211.44,0.0,0
2026-08-06 21:32:00+00:00,211.44,211.44,211.44,211.44,0.0,0
2026-08-06 21:33:00+00:00,211.27,211.27,211.27,211.27,0.05,1
2026-08-06 21:34:00+00:00,211.27,211.33,211.27,211.33,0.26,2
2026-08-06 21:35:00+00:00,211.33,211.33,211.33,211.33,0.0,0
2026-08-06 21:36:00+00:00,211.25,211.25,211.25,211.25,1.2,2
2026-08-06 21:37:00+00:00,211.29,211.29,211.15,211.21,5.18,10
2026-08-06 21:38:00+00:00,211.27,211.27,211.23,211.23,1.63,4
2026-08-06 21:39:00+00:00,211.25,211.27,211.22,211.22,4.82,8
2026-08-06 21:40:00+00:00,211.32,211.32,211.13,211.13,1.13,2
2026-08-06 21:41:00+00:00,211.13,211.13,211.13,211.13,0.0,0
2026-08-06 21:42:00+00:00,211.12,211.12,210.85,210.93,2.68,10
2026-08-06 21:43:00+00:00,210.9,210.92,210.88,210.91,1.01,4
2026-08-06 21:44:00+00:00,210.91,210.95,210.91,210.95,2.31,5
2026-08-06 21:45:00+00:00,210.95,210.95,210.95,210.95,0.09,1
2026-08-06 21:46:00+00:00,211.01,211.02,211.01,211.02,0.3,2
2026-08-06 21:47:00+00:00,211.02,211.02,211.02,211.02,0.52,2
2026-08-06 21:48:00+00:00,211.02,211.02,211.02,211.02,0.0,0
2026-08-06 21:49:00+00:00,211.02,211.02,211.02,211.02,0.0,0
2026-08-06 21:50:00+00:00,211.15,211.2,211.15,211.2,0.2,2
2026-08-06 21:51:00+00:00,211.17,211.2,211.17,211.2,0.18,2
2026-08-06 21:52:00+00:00,211.2,211.2,211.2,211.2,0.0,0
2026-08-06 21:53:00+00:00,211.2,211.2,211.2,211.2,0.0,0
2026-08-06 21:54:00+00:00,211.16,211.16,211.14,211.14,1.8,5
2026-08-06 21:55:00+00:00,211.15,211.27,211.14,211.14,2.27,6
2026-08-06 21:56:00+00:00,211.14,211.18,211.14,211.15,14.42,17
2026-08-06 21:57:00+00:00,211.15,211.15,211.11,211.12,20.33,18
2026-08-06 21:58:00+00:00,211.12,211.12,211.12,211.12,8.6,7
2026-08-06 21:59:00+00:00,210.98,211.07,210.98,211.0,50.47,8
2026-08-06 22:00:00+00:00,211.08,211.13,211.04,211.04,19.88,10
2026-08-06 22:01:00+00:00,211.04,211.04,211.04,211.04,0.51,1
2026-08-06 22:02:00+00:00,211.07,211.07,211.01,211.04,132.69,6
2026-08-06 22:03:00+00:00,211.25,211.39,211.25,211.39,0.76,2
2026-08-06 22:04:00+00:00,211.4,211.4,211.39,211.39,0.84,2
2026-08-06 22:05:00+00:00,211.44,211.68,211.44,211.68,1.28,4
2026-08-06 22:06:00+00:00,211.67,211.67,211.67,211.67,0.3,1
2026-08-06 22:07:00+00:00,211.67,211.67,211.67,211.67,0.21,1
2026-08-06 22:08:00+00:00,211.82,211.91,211.82,211.91,74.28,11
2026-08-06 22:09:00+00:00,211.83,211.83,211.57,211.57,21.82,15
2026-08-06 22:10:00+00:00,211.45,211.47,211.3,211.36,7.86,15
2026-08-06 22:11:00+00:00,211.36,211.44,211.35,211.44,4.66,13
2026-08-06 22:12:00+00:00,211.57,211.57,211.57,211.57,0.07,1
2026-08-06 22:13:00+00:00,211.71,211.71,211.71,211.71,1.03,3
2026-08-06 22:14:00+00:00,211.85,211.85,211.85,211.85,0.11,1
2026-08-06 22:15:00+00:00,211.88,211.92,211.88,211.9,9.02,23
2026-08-06 22:16:00+00:00,211.86,211.86,211.7,211.7,10.56,21
2026-08-06 22:17:00+00:00,211.7,211.72,211.69,211.69,1.19,4
2026-08-06 22:18:00+00:00,211.69,211.83,211.69,211.74,0.39,3
2026-08-06 22:19:00+00:00,211.74,211.74,211.74,211.74,0.0,0
2026-08-06 22:20:00+00:00,211.67,211.67,211.67,211.67,0.41,1
2026-08-06 22:21:00+00:00,211.66,211.66,211.66,211.66,0.94,3
2026-08-06 22:22:00+00:00,211.66,211.66,211.66,211.66,0.0,0
2026-08-06 22:23:00+00:00,211.42,211.42,211.42,211.42,1.23,4
2026-08-06 22:24:00+00:00,211.47,211.47,211.47,211.47,0.78,2
2026-08-06 22:25:00+00:00,211.53,211.64,211.53,211.64,1.43,5
2026-08-06 22:26:00+00:00,211.64,211.64,211.64,211.64,0.0,0
2026-08-06 22:27:00+00:00,211.71,211.75,211.71,211.75,0.19,2
2026-08-06 22:28:00+00:00,211.62,211.62,211.62,211.62,0.94,3
2026-08-06 22:29:00+00:00,211.47,211.47,211.47,211.47,0.17,2
2026-08-06 22:30:00+00:00,211.47,211.59,211.29,211.29,5.76,10
2026-08-06 22:31:00+00:00,211.42,211.42,211.2,211.2,5.0,7
2026-08-06 22:32:00+00:00,211.14,211.14,210.98,210.98,4.94,10
2026-08-06 22:33:00+00:00,210.97,211.25,210.97,211.21,4.17,12
2026-08-06 22:34:00+00:00,211.25,211.25,211.24,211.24,1.35,4
2026-08-06 22:35:00+00:00,211.21,211.22,211.21,211.21,2.96,7
2026-08-06 22:36:00+00:00,211.15,211.17,211.15,211.17,1.94,7
2026-08-06 22:37:00+00:00,211.19,211.19,211.17,211.17,0.23,2
2026-08-06 22:38:00+00:00,211.15,211.29,211.15,211.19,2.17,8
2026-08-06 22:39:00+00:00,211.26,211.26,211.26,211.26,1.23,5
2026-08-06 22:40:00+00:00,211.18,211.18,211.18,211.18,0.14,1
2026-08-06 22:41:00+00:00,211.25,211.34,211.25,211.33,0.58,3
2026-08-06 22:42:00+00:00,211.25,211.25,211.14,211.14,1.45,2
2026-08-06 22:43:00+00:00,211.14,211.15,211.14,211.15,2.18,2
2026-08-06 22:44:00+00:00,211.16,211.23,211.16,211.23,0.8,4
2026-08-06 22:45:00+00:00,211.19,211.21,211.12,211.12,1.78,6
2026-08-06 22:46:00+00:00,211.07,211.08,210.88,211.05,15.06,20
2026-08-06 22:47:00+00:00,211.07,211.09,211.07,211.09,0.24,2
2026-08-06 22:48:00+00:00,211.14,211.14,211.14,211.14,0.4,1
2026-08-06 22:49:00+00:00,211.14,211.14,211.14,211.14,0.24,1
2026-08-06 22:50:00+00:00,211.13,211.21,211.13,211.2,2.06,7
2026-08-06 22:51:00+00:00,211.21,211.21,211.21,211.21,1.56,4
2026-08-06 22:52:00+00:00,211.25,211.25,211.25,211.25,0.94,3
2026-08-06 22:53:00+00:00,211.27,211.27,211.27,211.27,0.39,1
2026-08-06 22:54:00+00:00,211.28,211.28,211.27,211.27,1.48,4
2026-08-06 22:55:00+00:00,211.28,211.49,211.28,211.49,1.15,4
2026-08-06 22:56:00+00:00,211.53,211.53,211.53,211.53,0.23,1
2026-08-06 22:57:00+00:00,211.53,211.53,211.53,211.53,0.0,0
2026-08-06 22:58:00+00:00,211.53,211.53,211.53,211.53,0.0,0
2026-08-06 22:59:00+00:00,211.56,211.56,211.5,211.5,1.43,5
2026-08-06 23:00:00+00:00,211.49,211.49,211.43,211.43,0.62,3
2026-08-06 23:01:00+00:00,211.34,211.34,211.32,211.32,0.87,3
2026-08-06 23:02:00+00:00,211.27,211.27,211.27,211.27,0.72,2
2026-08-06 23:03:00+00:00,211.28,211.28,211.27,211.27,0.5,3
2026-08-06 23:04:00+00:00,211.28,211.28,211.28,211.28,0.36,1
2026-08-06 23:05:00+00:00,211.28,211.36,211.28,211.33,2.99,8
2026-08-06 23:06:00+00:00,211.24,211.31,211.24,211.27,2.47,3
2026-08-06 23:07:00+00:00,211.17,211.26,211.17,211.26,1.67,5
2026-08-06 23:08:00+00:00,211.31,211.44,211.31,211.44,0.96,3
2026-08-06 23:09:00+00:00,211.32,211.36,211.32,211.36,3.54,11
2026-08-06 23:10:00+00:00,211.17,211.23,211.17,211.21,1.72,9
2026-08-06 23:11:00+00:00,211.21,211.28,211.21,211.28,1.08,6
2026-08-06 23:12:00+00:00,211.28,211.28,211.28,211.28,0.0,0
2026-08-06 23:13:00+00:00,211.39,211.46,211.39,211.46,0.14,2
2026-08-06 23:14:00+00:00,211.46,211.46,211.46,211.46,0.0,0
2026-08-06 23:15:00+00:00,211.53,211.53,211.53,211.53,0.27,2
2026-08-06 23:16:00+00:00,211.53,211.53,211.53,211.53,0.0,0
2026-08-06 23:17:00+00:00,211.53,211.53,211.53,211.53,0.17,1
2026-08-06 23:18:00+00:00,211.64,211.64,211.64,211.64,1.22,4
2026-08-06 23:19:00+00:00,211.76,211.76,211.4,211.66,12.8,15
2026-08-06 23:20:00+00:00,211.75,211.75,211.75,211.75,0.29,1
2026-08-06 23:21:00+00:00,211.82,211.82,211.82,211.82,1.04,2
2026-08-06 23:22:00+00:00,211.7,211.7,211.7,211.7,0.16,1
2026-08-06 23:23:00+00:00,211.86,211.86,211.86,211.86,1.38,2
2026-08-06 23:24:00+00:00,211.86,211.86,211.86,211.86,0.0,0
2026-08-06 23:25:00+00:00,211.93,212.01,211.93,212.01,2.48,8
2026-08-06 23:26:00+00:00,212.01,212.01,212.01,212.01,0.0,0
2026-08-06 23:27:00+00:00,212.01,212.01,212.01,212.01,0.0,0
2026-08-06 23:28:00+00:00,211.7,211.75,211.7,211.73,2.55,10
2026-08-06 23:29:00+00:00,211.78,211.78,211.78,211.78,0.33,1
2026-08-06 23:30:00+00:00,211.75,211.75,211.72,211.72,0.22,2
2026-08-06 23:31:00+00:00,211.72,211.72,211.72,211.72,0.0,0
2026-08-06 23:32:00+00:00,211.7,211.72,211.7,211.72,10.2,5
2026-08-06 23:33:00+00:00,211.88,211.88,211.88,211.88,0.11,1
2026-08-06 23:34:00+00:00,211.98,212.01,211.95,212.01,0.46,3
2026-08-06 23:35:00+00:00,211.89,211.89,211.89,211.89,1.18,4
2026-08-06 23:36:00+00:00,211.89,211.89,211.89,211.89,0.0,0
2026-08-06 23:37:00+00:00,211.89,211.89,211.89,211.89,0.0,0
2026-08-06 23:38:00+00:00,211.79,211.79,211.79,211.79,0.2,1
2026-08-06 23:39:00+00:00,211.79,211.79,211.79,211.79,0.0,0
2026-08-06 23:40:00+00:00,211.79,211.79,211.79,211.79,0.0,0
2026-08-06 23:41:00+00:00,211.57,211.62,211.57,211.62,0.39,2
2026-08-06 23:42:00+00:00,211.62,211.62,211.62,211.62,0.0,0
2026-08-06 23:43:00+00:00,211.79,211.79,211.79,211.79,0.35,2
2026-08-06 23:44:00+00:00,211.79,211.79,211.79,211.79,0.0,0
2026-08-06 23:45:00+00:00,211.84,211.95,211.84,211.95,0.66,2
2026-08-06 23:46:00+00:00,211.95,211.95,211.95,211.95,0.0,0
2026-08-06 23:47:00+00:00,211.67,211.86,211.67,211.86,1.08,5
2026-08-06 23:48:00+00:00,211.91,211.91,211.91,211.91,0.66,2
2026-08-06 23:49:00+00:00,212.02,212.02,212.02,212.02,0.17,1
2026-08-06 23:50:00+00:00,212.09,212.09,212.09,212.09,0.19,1
2026-08-06 23:51:00+00:00,211.94,212.02,211.94,212.02,5.07,11
2026-08-06 23:52:00+00:00,212.02,212.02,212.02,212.02,0.0,0
2026-08-06 23:53:00+00:00,212.02,212.02,212.02,212.02,0.0,0
2026-08-06 23:54:00+00:00,211.95,211.95,211.95,211.95,0.66,2
2026-08-06 23:55:00+00:00,211.92,211.94,211.92,211.94,0.25,2
2026-08-06 23:56:00+00:00,211.85,211.95,211.85,211.95,0.66,2
2026-08-06 23:57:00+00:00,211.95,211.95,211.95,211.95,0.0,0
2026-08-06 23:58:00+00:00,212.0,212.13,212.0,212.13,3.58,5
2026-08-06 23:59:00+00:00,212.17,212.18,212.15,212.17,5.74,8
2026-08-07 00:00:00+00:00,212.33,212.4,211.78,211.85,83.36,95
2026-08-07 00:01:00+00:00,211.78,212.16,211.61,212.13,60.55,76
2026-08-07 00:02:00+00:00,212.23,212.84,212.23,212.82,18.73,50
2026-08-07 00:03:00+00:00,212.91,212.95,212.91,212.94,5.74,12
2026-08-07 00:04:00+00:00,212.94,213.08,212.89,212.89,1.31,5
2026-08-07 00:05:00+00:00,212.98,213.07,212.98,213.04,2.35,10
2026-08-07 00:06:00+00:00,212.71,212.71,212.71,212.71,0.58,2
2026-08-07 00:07:00+00:00,212.66,212.66,212.66,212.66,0.62,3
2026-08-07 00:08:00+00:00,212.89,212.89,212.89,212.89,0.93,1
2026-08-07 00:09:00+00:00,212.41,212.41,212.41,212.41,0.27,1
2026-08-07 00:10:00+00:00,212.1,212.28,212.08,212.28,1.33,7
2026-08-07 00:11:00+00:00,212.33,212.33,212.22,212.22,4.72,18
2026-08-07 00:12:00+00:00,212.25,212.25,212.22,212.22,0.15,2
2026-08-07 00:13:00+00:00,212.4,212.4,212.0,212.0,4.24,7
2026-08-07 00:14:00+00:00,212.0,212.0,212.0,212.0,1.41,2
2026-08-07 00:15:00+00:00,212.1,212.1,211.54,211.88,12.8,23
2026-08-07 00:16:00+00:00,211.94,211.99,211.76,211.82,11.08,19
2026-08-07 00:17:00+00:00,212.08,212.22,212.08,212.22,9.46,14
2026-08-07 00:18:00+00:00,212.0,212.08,212.0,212.02,2.59,9
2026-08-07 00:19:00+00:00,211.97,212.03,211.83,211.94,3.6,14
2026-08-07 00:20:00+00:00,211.88,211.88,211.36,211.4,4.43,14
2026-08-07 00:21:00+00:00,211.43,211.78,211.43,211.7,2.07,10
2026-08-07 00:22:00+00:00,211.65,211.66,211.53,211.53,3.21,11
2026-08-07 00:23:00+00:00,211.44,211.44,211.37,211.41,2.79,10
2026-08-07 00:24:00+00:00,211.41,211.41,211.4,211.4,0.5,2
2026-08-07 00:25:00+00:00,211.25,211.46,211.14,211.46,30.67,24
2026-08-07 00:26:00+00:00,211.5,211.51,211.48,211.48,2.37,9
2026-08-07 00:27:00+00:00,211.46,211.46,211.4,211.4,5.42,5
2026-08-07 00:28:00+00:00,211.4,211.57,211.38,211.38,9.81,28
2026-08-07 00:29:00+00:00,211.4,211.61,211.4,211.57,1.26,9
2026-08-07 00:30:00+00:00,211.69,211.72,211.39,211.39,6.33,19
2026-08-07 00:31:00+00:00,211.33,211.33,211.33,211.33,0.26,2
2026-08-07 00:32:00+00:00,211.25,211.8,211.25,211.8,29.73,16
2026-08-07 00:33:00+00:00,211.9,212.1,211.9,212.1,3.2,4
2026-08-07 00:34:00+00:00,212.18,212.62,212.18,212.54,1.42,8
2026-08-07 00:35:00+00:00,212.57,212.57,212.43,212.43,5.29,12
2026-08-07 00:36:00+00:00,212.08,212.09,211.94,211.94,1.02,6
2026-08-07 00:37:00+00:00,211.8,211.8,211.71,211.71,1.47,3
2026-08-07 00:38:00+00:00,211.19,211.19,211.19,211.19,0.08,1
2026-08-07 00:39:00+00:00,211.55,211.55,211.48,211.48,0.3,2
2026-08-07 00:40:00+00:00,211.52,211.52,211.33,211.33,1.23,5
2026-08-07 00:41:00+00:00,211.18,211.28,211.15,211.25,2.52,14
2026-08-07 00:42:00+00:00,211.39,211.7,211.39,211.7,1.92,9
2026-08-07 00:43:00+00:00,211.69,211.74,211.64,211.74,0.72,3
2026-08-07 00:44:00+00:00,211.73,211.99,211.73,211.99,0.2,2
2026-08-07 00:45:00+00:00,211.99,212.08,211.72,211.85,1.06,10
2026-08-07 00:46:00+00:00,211.85,211.85,211.85,211.85,0.0,0
2026-08-07 00:47:00+00:00,211.47,211.47,211.46,211.46,3.53,3
2026-08-07 00:48:00+00:00,211.4,211.51,211.4,211.51,2.15,9
2026-08-07 00:49:00+00:00,211.55,211.76,211.55,211.76,0.97,5
2026-08-07 00:50:00+00:00,211.55,211.6,211.54,211.58,1.89,12
2026-08-07 00:51:00+00:00,211.57,211.81,211.57,211.81,2.48,10
2026-08-07 00:52:00+00:00,211.99,212.07,211.97,212.07,3.28,5
2026-08-07 00:53:00+00:00,212.35,212.35,212.35,212.35,0.36,2
2026-08-07 00:54:00+00:00,212.24,212.41,212.24,212.41,0.41,3
2026-08-07 00:55:00+00:00,211.98,212.06,211.98,212.06,3.0,9
2026-08-07 00:56:00+00:00,212.17,212.4,212.12,212.4,0.95,5
2026-08-07 00:57:00+00:00,212.42,212.62,212.42,212.62,0.24,2
2026-08-07 00:58:00+00:00,212.58,212.58,212.58,212.58,0.2,2
2026-08-07 00:59:00+00:00,212.61,212.87,212.61,212.87,6.33,7
2026-08-07 01:00:00+00:00,212.85,213.14,212.85,213.11,65.07,65
2026-08-07 01:01:00+00:00,213.0,213.16,213.0,213.0,19.36,26
2026-08-07 01:02:00+00:00,212.95,213.11,212.95,213.11,2.39,9
2026-08-07 01:03:00+00:00,213.15,213.15,212.3,212.65,383.07,77
2026-08-07 01:04:00+00:00,212.64,212.78,212.5,212.56,9.98,17
2026-08-07 01:05:00+00:00,212.54,212.66,212.49,212.56,5.63,18
2026-08-07 01:06:00+00:00,212.42,212.42,212.42,212.42,0.52,2
2026-08-07 01:07:00+00:00,212.57,212.65,212.56,212.56,2.5,6
2026-08-07 01:08:00+00:00,212.49,212.58,212.49,212.55,2.08,10
2026-08-07 01:09:00+00:00,212.48,212.5,212.48,212.5,0.31,2
2026-08-07 01:10:00+00:00,212.35,212.35,211.92,212.07,122.28,31
2026-08-07 01:11:00+00:00,211.88,211.89,211.88,211.89,0.84,3
2026-08-07 01:12:00+00:00,211.82,211.85,211.72,211.85,3.95,14
2026-08-07 01:13:00+00:00,211.78,211.78,211.57,211.63,194.75,75
2026-08-07 01:14:00+00:00,211.64,211.78,211.64,211.78,13.47,10
2026-08-07 01:15:00+00:00,211.77,211.93,211.77,211.93,7.81,13
2026-08-07 01:16:00+00:00,211.75,211.86,211.75,211.77,2.43,8
2026-08-07 01:17:00+00:00,211.8,211.8,211.47,211.53,24.1,20
2026-08-07 01:18:00+00:00,211.58,211.58,211.49,211.49,0.36,2
2026-08-07 01:19:00+00:00,211.41,211.49,211.4,211.49,18.91,26
2026-08-07 01:20:00+00:00,211.4,211.4,211.19,211.19,10.85,13
2026-08-07 01:21:00+00:00,211.17,211.25,211.17,211.25,2.18,8
2026-08-07 01:22:00+00:00,211.07,211.15,211.07,211.15,1.18,4
2026-08-07 01:23:00+00:00,211.36,211.36,211.36,211.36,0.94,3
2026-08-07 01:24:00+00:00,211.35,211.35,211.35,211.35,0.18,1
2026-08-07 01:25:00+00:00,211.35,211.35,211.35,211.35,0.0,0
2026-08-07 01:26:00+00:00,211.24,211.34,211.24,211.32,1.68,7
2026-08-07 01:27:00+00:00,211.45,211.48,211.43,211.48,2.22,6
2026-08-07 01:28:00+00:00,211.48,211.48,211.48,211.48,0.0,0
2026-08-07 01:29:00+00:00,211.23,211.44,211.23,211.44,28.42,14
2026-08-07 01:30:00+00:00,211.6,211.61,211.6,211.61,2.37,9
2026-08-07 01:31:00+00:00,211.67,211.73,211.67,211.73,1.94,4
2026-08-07 01:32:00+00:00,212.03,212.09,212.03,212.09,2.26,3
2026-08-07 01:33:00+00:00,212.14,212.14,212.01,212.01,0.46,2
2026-08-07 01:34:00+00:00,211.89,211.89,211.68,211.68,0.87,3
2026-08-07 01:35:00+00:00,211.49,211.49,211.44,211.44,0.23,2
2026-08-07 01:36:00+00:00,211.26,211.26,211.26,211.26,0.58,2
2026-08-07 01:37:00+00:00,211.25,211.3,211.25,211.28,0.39,4
2026-08-07 01:38:00+00:00,211.33,211.33,210.84,210.84,4.85,12
2026-08-07 01:39:00+00:00,210.88,210.88,210.8,210.84,15.95,12
2026-08-07 01:40:00+00:00,210.74,210.76,210.69,210.74,3.42,14
2026-08-07 01:41:00+00:00,210.89,210.89,210.89,210.89,0.13,1
2026-08-07 01:42:00+00:00,210.8,210.8,210.76,210.76,4.8,3
2026-08-07 01:43:00+00:00,210.87,210.87,210.87,210.87,0.06,1
2026-08-07 01:44:00+00:00,211.15,211.16,211.15,211.16,0.88,2
2026-08-07 01:45:00+00:00,211.33,211.44,211.33,211.44,47.27,12
2026-08-07 01:46:00+00:00,211.44,211.44,211.44,211.44,0.0,0
2026-08-07 01:47:00+00:00,211.44,211.44,211.44,211.44,0.0,0
2026-08-07 01:48:00+00:00,211.44,211.44,211.44,211.44,0.0,0
2026-08-07 01:49:00+00:00,211.09,211.43,211.09,211.43,2.52,8
2026-08-07 01:50:00+00:00,211.4,211.4,211.12,211.12,3.55,7
2026-08-07 01:51:00+00:00,211.1,211.39,211.1,211.39,1.21,4
2026-08-07 01:52:00+00:00,211.1,211.11,211.1,211.1,10.09,15
2026-08-07 01:53:00+00:00,211.15,211.29,211.15,211.29,1.21,6
2026-08-07 01:54:00+00:00,211.22,211.3,211.22,211.3,0.53,2
2026-08-07 01:55:00+00:00,211.34,211.34,211.22,211.22,6.99,12
2026-08-07 01:56:00+00:00,211.22,211.24,211.11,211.24,4.89,12
2026-08-07 01:57:00+00:00,211.11,211.15,211.09,211.15,1.53,7
2026-08-07 01:58:00+00:00,211.22,211.3,211.22,211.3,0.51,3
2026-08-07 01:59:00+00:00,211.28,211.28,211.28,211.28,0.06,1
2026-08-07 02:00:00+00:00,211.23,211.3,211.23,211.26,4.44,13
2026-08-07 02:01:00+00:00,211.36,211.64,211.34,211.55,6.91,19
2026-08-07 02:02:00+00:00,211.48,211.6,211.4,211.54,11.9,24
2026-08-07 02:03:00+00:00,211.47,211.49,211.47,211.48,3.76,3
2026-08-07 02:04:00+00:00,211.47,211.47,211.47,211.47,0.27,1
2026-08-07 02:05:00+00:00,211.4,211.4,211.4,211.4,6.46,13
2026-08-07 02:06:00+00:00,211.4,211.47,211.29,211.45,1.92,10
2026-08-07 02:07:00+00:00,211.43,211.43,211.37,211.37,0.86,4
2026-08-07 02:08:00+00:00,211.33,211.33,211.14,211.14,5.25,6
2026-08-07 02:09:00+00:00,211.0,211.0,211.0,211.0,0.09,1
2026-08-07 02:10:00+00:00,210.92,210.92,210.69,210.77,11.61,6
2026-08-07 02:11:00+00:00,210.74,211.04,210.65,211.04,8.46,18
2026-08-07 02:12:00+00:00,211.04,211.04,211.04,211.04,0.0,0
2026-08-07 02:13:00+00:00,211.17,211.44,211.17,211.29,6.87,10
2026-08-07 02:14:00+00:00,211.32,211.32,211.26,211.26,2.14,8
2026-08-07 02:15:00+00:00,211.22,211.42,211.22,211.37,5.38,14
2026-08-07 02:16:00+00:00,211.42,211.51,211.42,211.5,17.63,18
2026-08-07 02:17:00+00:00,211.5,211.5,211.42,211.47,1.81,9
2026-08-07 02:18:00+00:00,211.47,211.47,211.33,211.33,1.17,10
2026-08-07 02:19:00+00:00,211.27,211.31,211.14,211.14,1.91,10
2026-08-07 02:20:00+00:00,211.26,211.29,211.21,211.21,4.24,12
2026-08-07 02:21:00+00:00,211.22,211.22,210.99,210.99,2.69,13
2026-08-07 02:22:00+00:00,210.95,211.0,210.93,211.0,0.69,8
2026-08-07 02:23:00+00:00,211.04,211.24,211.01,211.24,0.85,5
2026-08-07 02:24:00+00:00,211.4,211.4,211.4,211.4,0.22,1
2026-08-07 02:25:00+00:00,211.41,211.41,211.12,211.14,14.61,10
2026-08-07 02:26:00+00:00,211.1,211.18,211.1,211.15,1.93,10
2026-08-07 02:27:00+00:00,211.1,211.1,211.1,211.1,0.06,1
2026-08-07 02:28:00+00:00,211.13,211.13,211.13,211.13,0.09,1
2026-08-07 02:29:00+00:00,211.19,211.19,211.06,211.06,0.47,3
2026-08-07 02:30:00+00:00,211.14,211.27,211.05,211.05,3.69,16
2026-08-07 02:31:00+00:00,210.98,211.11,210.97,210.97,0.81,9
2026-08-07 02:32:00+00:00,210.99,211.15,210.96,211.15,17.79,39
2026-08-07 02:33:00+00:00,211.16,211.16,211.15,211.15,0.61,4
2026-08-07 02:34:00+00:00,211.13,211.37,211.08,211.08,33.46,40
2026-08-07 02:35:00+00:00,211.17,211.25,211.09,211.09,0.47,6
2026-08-07 02:36:00+00:00,211.15,211.15,211.08,211.09,1.84,10
2026-08-07 02:37:00+00:00,211.09,211.09,211.09,211.09,0.0,0
2026-08-07 02:38:00+00:00,211.01,211.1,211.01,211.1,0.54,2
2026-08-07 02:39:00+00:00,210.99,210.99,210.99,210.99,3.72,14
2026-08-07 02:40:00+00:00,210.99,210.99,210.99,210.99,0.0,0
2026-08-07 02:41:00+00:00,210.99,211.08,210.99,211.08,4.65,14
2026-08-07 02:42:00+00:00,211.14,211.14,211.14,211.14,0.27,1
2026-08-07 02:43:00+00:00,211.02,211.02,211.02,211.02,0.27,1
2026-08-07 02:44:00+00:00,211.02,211.02,211.02,211.02,0.0,0
2026-08-07 02:45:00+00:00,211.14,211.31,211.14,211.31,22.91,15
2026-08-07 02:46:00+00:00,211.2,211.25,211.2,211.25,1.4,6
2026-08-07 02:47:00+00:00,211.37,211.4,211.37,211.4,0.7,4
2026-08-07 02:48:00+00:00,211.42,211.47,211.42,211.47,1.72,8
2026-08-07 02:49:00+00:00,211.47,211.47,211.46,211.47,3.07,4
2026-08-07 02:50:00+00:00,211.47,211.58,211.47,211.58,1.27,4
2026-08-07 02:51:00+00:00,211.62,211.62,211.62,211.62,0.25,1
2026-08-07 02:52:00+00:00,211.62,211.62,211.62,211.62,0.0,0
2026-08-07 02:53:00+00:00,211.56,211.57,211.55,211.55,1.13,5
2026-08-07 02:54:00+00:00,211.56,211.56,211.56,211.56,0.25,1
2026-08-07 02:55:00+00:00,211.6,211.6,211.6,211.6,0.09,1
2026-08-07 02:56:00+00:00,211.63,211.64,211.63,211.63,1.19,6
2026-08-07 02:57:00+00:00,211.55,211.7,211.55,211.55,3.24,17
2026-08-07 02:58:00+00:00,211.55,211.55,211.55,211.55,0.0,0
2026-08-07 02:59:00+00:00,211.52,211.6,211.52,211.6,2.33,8
2026-08-07 03:00:00+00:00,211.57,211.57,211.56,211.56,2.22,10
2026-08-07 03:01:00+00:00,211.71,212.04,211.71,212.04,16.03,13
2026-08-07 03:02:00+00:00,212.04,212.04,212.04,212.04,0.0,0
2026-08-07 03:03:00+00:00,212.04,212.04,212.04,212.04,0.0,0
2026-08-07 03:04:00+00:00,211.86,211.86,211.86,211.86,0.5,2
2026-08-07 03:05:00+00:00,211.87,212.07,211.82,211.89,12.61,31
2026-08-07 03:06:00+00:00,211.89,211.89,211.89,211.89,0.0,0
2026-08-07 03:07:00+00:00,211.89,211.89,211.89,211.89,0.0,0
2026-08-07 03:08:00+00:00,211.81,211.81,211.81,211.81,5.9,4
2026-08-07 03:09:00+00:00,212.05,212.06,212.05,212.06,0.23,2
2026-08-07 03:10:00+00:00,212.06,212.06,212.06,212.06,0.0,0
2026-08-07 03:11:00+00:00,212.06,212.06,212.06,212.06,0.0,0
2026-08-07 03:12:00+00:00,211.97,211.97,211.97,211.97,0.07,1
2026-08-07 03:13:00+00:00,211.97,211.97,211.97,211.97,0.0,0
2026-08-07 03:14:00+00:00,211.97,211.97,211.97,211.97,0.0,0
2026-08-07 03:15:00+00:00,211.94,212.12,211.94,212.11,3.7,16
2026-08-07 03:16:00+00:00,212.11,212.11,212.07,212.07,0.89,4
2026-08-07 03:17:00+00:00,212.07,212.07,212.07,212.07,0.0,0
2026-08-07 03:18:00+00:00,211.92,211.92,211.92,211.92,0.54,2
2026-08-07 03:19:00+00:00,211.6,211.62,211.6,211.62,0.46,2
2026-08-07 03:20:00+00:00,211.56,211.56,211.56,211.56,0.55,3
2026-08-07 03:21:00+00:00,211.59,211.59,211.59,211.59,0.42,2
2026-08-07 03:22:00+00:00,211.59,211.59,211.59,211.59,0.0,0
2026-08-07 03:23:00+00:00,211.57,211.64,211.57,211.64,0.34,2
2026-08-07 03:24:00+00:00,211.61,211.61,211.61,211.61,0.31,1
2026-08-07 03:25:00+00:00,211.77,211.87,211.75,211.75,1.76,8
2026-08-07 03:26:00+00:00,211.69,211.69,211.69,211.69,0.08,1
2026-08-07 03:27:00+00:00,211.71,211.81,211.71,211.81,0.24,2
2026-08-07 03:28:00+00:00,211.78,211.78,211.78,211.78,0.27,1
2026-08-07 03:29:00+00:00,211.78,211.78,211.78,211.78,0.0,0
2026-08-07 03:30:00+00:00,211.74,211.77,211.74,211.77,0.19,2
2026-08-07 03:31:00+00:00,211.8,211.8,211.76,211.76,0.54,2
2026-08-07 03:32:00+00:00,211.76,211.76,211.76,211.76,0.0,0
2026-08-07 03:33:00+00:00,211.76,211.76,211.76,211.76,0.0,0
2026-08-07 03:34:00+00:00,211.76,211.76,211.76,211.76,0.0,0
2026-08-07 03:35:00+00:00,211.63,211.67,211.63,211.67,1.35,5
2026-08-07 03:36:00+00:00,211.66,211.88,211.66,211.88,15.45,6
2026-08-07 03:37:00+00:00,211.88,211.88,211.88,211.88,0.0,0
2026-08-07 03:38:00+00:00,211.88,211.88,211.88,211.88,0.0,0
2026-08-07 03:39:00+00:00,211.88,211.88,211.88,211.88,0.0,0
2026-08-07 03:40:00+00:00,211.88,211.88,211.88,211.88,0.0,0
2026-08-07 03:41:00+00:00,211.88,211.88,211.88,211.88,0.0,0
2026-08-07 03:42:00+00:00,211.67,211.67,211.67,211.67,23.61,3
2026-08-07 03:43:00+00:00,211.67,211.67,211.67,211.67,0.0,0
2026-08-07 03:44:00+00:00,211.46,211.52,211.46,211.51,0.81,5
2026-08-07 03:45:00+00:00,211.37,211.37,211.37,211.37,0.31,2
2026-08-07 03:46:00+00:00,211.29,211.29,211.09,211.14,0.42,3
2026-08-07 03:47:00+00:00,211.28,211.43,211.28,211.43,1.33,4
2026-08-07 03:48:00+00:00,211.44,211.46,211.44,211.46,0.3,2
2026-08-07 03:49:00+00:00,211.53,211.53,211.53,211.53,0.07,1
2026-08-07 03:50:00+00:00,211.56,211.64,211.56,211.64,0.61,6
2026-08-07 03:51:00+00:00,211.64,211.64,211.64,211.64,0.0,0
2026-08-07 03:52:00+00:00,211.31,211.34,211.31,211.34,4.68,6
2026-08-07 03:53:00+00:00,211.32,211.32,211.21,211.21,8.3,7
2026-08-07 03:54:00+00:00,211.15,211.3,211.15,211.27,3.12,11
2026-08-07 03:55:00+00:00,211.26,211.31,211.26,211.31,4.47,3
2026-08-07 03:56:00+00:00,211.31,211.31,211.31,211.31,0.0,0
2026-08-07 03:57:00+00:00,211.21,211.23,211.2,211.21,5.23,5
2026-08-07 03:58:00+00:00,211.1,211.14,211.1,211.11,6.83,4
2026-08-07 03:59:00+00:00,211.04,211.05,211.04,211.05,3.32,3
2026-08-07 04:00:00+00:00,210.99,211.08,210.99,211.0,1.65,8
2026-08-07 04:01:00+00:00,211.0,211.1,211.0,211.1,2.42,10
2026-08-07 04:02:00+00:00,211.04,211.04,210.97,210.97,0.64,3
2026-08-07 04:03:00+00:00,211.13,211.13,211.13,211.13,0.49,2
2026-08-07 04:04:00+00:00,211.13,211.13,211.13,211.13,0.0,0
2026-08-07 04:05:00+00:00,211.04,211.07,211.01,211.01,0.57,4
2026-08-07 04:06:00+00:00,211.01,211.01,211.01,211.01,0.0,0
2026-08-07 04:07:00+00:00,211.17,211.17,211.17,211.17,3.23,2
2026-08-07 04:08:00+00:00,211.27,211.27,211.2,211.23,4.64,3
2026-08-07 04:09:00+00:00,211.23,211.23,211.23,211.23,0.0,0
2026-08-07 04:10:00+00:00,211.18,211.18,211.12,211.12,5.92,2
2026-08-07 04:11:00+00:00,211.13,211.13,211.09,211.09,3.53,8
2026-08-07 04:12:00+00:00,211.09,211.09,211.09,211.09,0.0,0
2026-08-07 04:13:00+00:00,211.04,211.04,210.97,210.97,7.26,7
2026-08-07 04:14:00+00:00,210.77,210.84,210.72,210.84,15.21,6
2026-08-07 04:15:00+00:00,210.79,210.79,210.76,210.76,1.74,8
2026-08-07 04:16:00+00:00,210.48,210.48,210.48,210.48,0.29,1
2026-08-07 04:17:00+00:00,210.48,210.48,210.48,210.48,0.0,0
2026-08-07 04:18:00+00:00,210.59,210.59,210.24,210.44,488.4,45
2026-08-07 04:19:00+00:00,210.54,210.57,210.49,210.57,6.5,11
2026-08-07 04:20:00+00:00,210.79,210.79,210.78,210.78,4.84,2
2026-08-07 04:21:00+00:00,210.89,211.11,210.89,211.11,2.15,9
2026-08-07 04:22:00+00:00,211.2,211.25,211.2,211.24,2.65,8
2026-08-07 04:23:00+00:00,211.26,211.37,211.26,211.37,1.13,4
2026-08-07 04:24:00+00:00,211.34,211.34,211.34,211.34,0.14,1
2026-08-07 04:25:00+00:00,211.42,211.42,211.42,211.42,0.19,1
2026-08-07 04:26:00+00:00,211.42,211.42,211.42,211.42,0.0,0
2026-08-07 04:27:00+00:00,211.42,211.42,211.42,211.42,0.0,0
2026-08-07 04:28:00+00:00,211.23,211.23,210.99,210.99,11.31,13
2026-08-07 04:29:00+00:00,211.25,211.32,211.24,211.32,1.51,6
2026-08-07 04:30:00+00:00,211.32,211.32,211.32,211.32,0.0,0
2026-08-07 04:31:00+00:00,211.32,211.32,211.32,211.32,0.0,0
2026-08-07 04:32:00+00:00,211.32,211.32,211.32,211.32,0.0,0
2026-08-07 04:33:00+00:00,211.32,211.32,211.32,211.32,0.0,0
2026-08-07 04:34:00+00:00,211.32,211.32,211.32,211.32,0.0,0
2026-08-07 04:35:00+00:00,211.32,211.32,211.32,211.32,0.0,0
2026-08-07 04:36:00+00:00,211.32,211.32,211.32,211.32,0.0,0
2026-08-07 04:37:00+00:00,211.32,211.32,211.32,211.32,0.0,0
2026-08-07 04:38:00+00:00,211.2,211.2,211.18,211.18,1.19,6
2026-08-07 04:39:00+00:00,211.18,211.18,211.18,211.18,0.0,0
2026-08-07 04:40:00+00:00,211.18,211.18,211.18,211.18,0.0,0
2026-08-07 04:41:00+00:00,211.18,211.18,211.18,211.18,0.0,0
2026-08-07 04:42:00+00:00,211.18,211.18,211.18,211.18,0.0,0
2026-08-07 04:43:00+00:00,211.2,211.2,211.2,211.2,0.75,1
2026-08-07 04:44:00+00:00,211.2,211.2,211.2,211.2,0.0,0
2026-08-07 04:45:00+00:00,211.2,211.2,211.2,211.2,0.0,0
2026-08-07 04:46:00+00:00,211.2,211.2,211.2,211.2,0.0,0
2026-08-07 04:47:00+00:00,211.2,211.2,211.2,211.2,0.0,0
2026-08-07 04:48:00+00:00,211.2,211.2,211.2,211.2,0.0,0
2026-08-07 04:49:00+00:00,211.17,211.17,211.17,211.17,4.18,1
2026-08-07 04:50:00+00:00,211.17,211.17,211.17,211.17,0.0,0
2026-08-07 04:51:00+00:00,211.17,211.17,211.17,211.17,0.0,0
2026-08-07 04:52:00+00:00,211.17,211.17,211.17,211.17,0.0,0
2026-08-07 04:53:00+00:00,211.17,211.17,211.17,211.17,0.0,0
2026-08-07 04:54:00+00:00,210.83,210.83,210.83,210.83,4.18,1
2026-08-07 04:55:00+00:00,210.95,210.95,210.95,210.95,2.36,1
2026-08-07 04:56:00+00:00,210.95,210.95,210.95,210.95,0.0,0
2026-08-07 04:57:00+00:00,210.95,210.95,210.95,210.95,0.0,0
2026-08-07 04:58:00+00:00,211.2,211.2,211.2,211.2,4.18,1
2026-08-07 04:59:00+00:00,211.28,211.28,211.28,211.28,0.06,1
2026-08-07 05:00:00+00:00,211.24,211.28,211.24,211.26,3.59,6
2026-08-07 05:01:00+00:00,211.26,211.26,211.26,211.26,0.0,0
2026-08-07 05:02:00+00:00,211.55,211.55,211.55,211.55,22.62,3
2026-08-07 05:03:00+00:00,211.63,211.63,211.63,211.63,0.31,1
2026-08-07 05:04:00+00:00,211.78,211.79,211.78,211.79,0.46,2
2026-08-07 05:05:00+00:00,211.75,211.75,211.75,211.75,0.19,1
2026-08-07 05:06:00+00:00,211.75,211.75,211.75,211.75,0.0,0
2026-08-07 05:07:00+00:00,211.82,211.86,211.63,211.63,4.27,9
2026-08-07 05:08:00+00:00,211.7,212.2,211.7,212.2,2.91,6
2026-08-07 05:09:00+00:00,212.08,212.08,212.02,212.02,0.39,2
2026-08-07 05:10:00+00:00,212.02,212.02,212.02,212.02,0.0,0
2026-08-07 05:11:00+00:00,212.04,212.19,212.04,212.05,2.04,6
2026-08-07 05:12:00+00:00,212.09,212.09,212.09,212.09,0.34,1
2026-08-07 05:13:00+00:00,212.09,212.09,212.09,212.09,0.0,0
2026-08-07 05:14:00+00:00,212.09,212.09,212.09,212.09,0.0,0
2026-08-07 05:15:00+00:00,212.01,212.03,212.01,212.03,4.0,7
2026-08-07 05:16:00+00:00,212.02,212.09,212.02,212.09,1.63,5
2026-08-07 05:17:00+00:00,211.98,211.98,211.98,211.98,0.45,2
2026-08-07 05:18:00+00:00,212.01,212.17,212.01,212.11,2.21,9
2026-08-07 05:19:00+00:00,212.13,212.17,212.13,212.13,1.23,3
2026-08-07 05:20:00+00:00,212.12,212.12,212.12,212.12,0.08,1
2026-08-07 05:21:00+00:00,212.05,212.21,212.05,212.21,0.53,4
2026-08-07 05:22:00+00:00,212.09,212.27,212.09,212.25,1.34,6
2026-08-07 05:23:00+00:00,212.29,212.29,212.25,212.25,0.51,2
2026-08-07 05:24:00+00:00,212.25,212.25,212.25,212.25,0.0,0
2026-08-07 05:25:00+00:00,212.36,212.37,212.36,212.37,1.81,4
2026-08-07 05:26:00+00:00,212.34,212.34,212.34,212.34,0.21,1
2026-08-07 05:27:00+00:00,212.34,212.34,212.34,212.34,0.0,0
2026-08-07 05:28:00+00:00,212.34,212.34,212.34,212.34,0.0,0
2026-08-07 05:29:00+00:00,212.34,212.34,212.34,212.34,0.0,0
2026-08-07 05:30:00+00:00,212.33,212.33,212.25,212.25,10.32,8
2026-08-07 05:31:00+00:00,212.31,212.31,211.99,212.28,13.4,24
2026-08-07 05:32:00+00:00,212.28,212.28,212.28,212.28,20.0,1
2026-08-07 05:33:00+00:00,212.36,212.36,212.36,212.36,0.47,1
2026-08-07 05:34:00+00:00,212.36,212.36,212.36,212.36,0.0,0
2026-08-07 05:35:00+00:00,212.31,212.31,212.31,212.31,8.05,6
2026-08-07 05:36:00+00:00,212.31,212.31,212.31,212.31,0.0,0
2026-08-07 05:37:00+00:00,212.31,212.31,212.31,212.31,0.0,0
2026-08-07 05:38:00+00:00,212.39,212.39,212.39,212.39,0.09,1
2026-08-07 05:39:00+00:00,212.39,212.39,212.39,212.39,0.0,0
2026-08-07 05:40:00+00:00,212.25,212.25,212.25,212.25,1.43,3
2026-08-07 05:41:00+00:00,212.25,212.25,212.25,212.25,0.0,0
2026-08-07 05:42:00+00:00,212.25,212.25,212.25,212.25,0.0,0
2026-08-07 05:43:00+00:00,212.39,212.39,212.39,212.39,1.75,5
2026-08-07 05:44:00+00:00,212.39,212.39,212.39,212.39,3.8,1
2026-08-07 05:45:00+00:00,212.4,212.42,212.37,212.37,5.11,7
2026-08-07 05:46:00+00:00,212.38,212.38,212.36,212.36,0.9,3
2026-08-07 05:47:00+00:00,212.32,212.32,212.32,212.32,0.62,2
2026-08-07 05:48:00+00:00,212.32,212.32,212.32,212.32,0.0,0
2026-08-07 05:49:00+00:00,212.32,212.32,212.32,212.32,0.35,1
2026-08-07 05:50:00+00:00,212.32,212.4,212.32,212.4,0.74,3
2026-08-07 05:51:00+00:00,212.4,212.4,212.4,212.4,0.35,1
2026-08-07 05:52:00+00:00,212.35,212.35,212.35,212.35,0.15,1
2026-08-07 05:53:00+00:00,212.3,212.3,212.25,212.27,2.4,8
2026-08-07 05:54:00+00:00,212.27,212.27,212.27,212.27,0.0,0
2026-08-07 05:55:00+00:00,212.35,212.35,212.35,212.35,0.49,1
2026-08-07 05:56:00+00:00,212.37,212.37,212.28,212.28,4.77,10
2026-08-07 05:57:00+00:00,212.29,212.29,212.29,212.29,0.59,2
2026-08-07 05:58:00+00:00,212.28,212.28,212.25,212.26,2.09,4
2026-08-07 05:59:00+00:00,212.26,212.26,212.26,212.26,0.0,0
2026-08-07 06:00:00+00:00,212.12,212.12,212.12,212.12,0.45,2
2026-08-07 06:01:00+00:00,212.14,212.14,212.13,212.13,1.25,3
2026-08-07 06:02:00+00:00,212.09,212.13,212.09,212.13,0.26,2
2026-08-07 06:03:00+00:00,212.32,212.94,212.3,212.88,14.26,40
2026-08-07 06:04:00+00:00,212.82,213.02,212.8,213.02,3.56,16
2026-08-07 06:05:00+00:00,212.92,212.92,212.92,212.92,0.31,1
2026-08-07 06:06:00+00:00,212.82,212.88,212.82,212.88,1.09,5
2026-08-07 06:07:00+00:00,212.93,212.94,212.83,212.94,9.5,13
2026-08-07 06:08:00+00:00,212.93,212.93,212.89,212.89,0.42,2
2026-08-07 06:09:00+00:00,212.87,212.88,212.8,212.8,0.93,5
2026-08-07 06:10:00+00:00,212.83,212.83,212.79,212.79,0.79,4
2026-08-07 06:11:00+00:00,212.82,212.82,212.77,212.77,0.4,2
2026-08-07 06:12:00+00:00,212.83,212.87,212.83,212.87,0.13,2
2026-08-07 06:13:00+00:00,212.87,212.87,212.87,212.87,0.0,0
2026-08-07 06:14:00+00:00,212.8,212.82,212.8,212.82,0.43,3
2026-08-07 06:15:00+00:00,212.9,212.9,212.9,212.9,0.54,1
2026-08-07 06:16:00+00:00,212.9,212.9,212.9,212.9,0.0,0
2026-08-07 06:17:00+00:00,212.85,212.85,212.85,212.85,0.05,1
2026-08-07 06:18:00+00:00,212.85,212.85,212.85,212.85,0.0,0
2026-08-07 06:19:00+00:00,212.78,212.82,212.78,212.82,0.56,3
2026-08-07 06:20:00+00:00,212.82,212.82,212.82,212.82,0.0,0
2026-08-07 06:21:00+00:00,212.71,212.71,212.71,212.71,0.06,1
2026-08-07 06:22:00+00:00,212.71,212.71,212.71,212.71,0.0,0
2026-08-07 06:23:00+00:00,212.73,212.73,212.73,212.73,0.1,1
2026-08-07 06:24:00+00:00,212.83,212.83,212.83,212.83,0.85,2
2026-08-07 06:25:00+00:00,212.83,212.83,212.83,212.83,0.0,0
2026-08-07 06:26:00+00:00,212.83,212.83,212.83,212.83,0.0,0
2026-08-07 06:27:00+00:00,212.83,212.83,212.83,212.83,0.0,0
2026-08-07 06:28:00+00:00,212.83,212.83,212.83,212.83,0.0,0
2026-08-07 06:29:00+00:00,213.11,213.21,213.11,213.21,1.61,7
2026-08-07 06:30:00+00:00,213.21,213.21,213.21,213.21,0.0,0
2026-08-07 06:31:00+00:00,213.17,213.22,213.17,213.22,9.37,5
2026-08-07 06:32:00+00:00,213.12,213.14,213.12,213.14,0.32,2
2026-08-07 06:33:00+00:00,213.09,213.22,213.09,213.22,27.27,14
2026-08-07 06:34:00+00:00,213.22,213.22,213.22,213.22,0.0,0
2026-08-07 06:35:00+00:00,213.22,213.22,213.22,213.22,0.0,0
2026-08-07 06:36:00+00:00,213.22,213.22,213.22,213.22,0.0,0
2026-08-07 06:37:00+00:00,213.22,213.22,213.22,213.22,0.0,0
2026-08-07 06:38:00+00:00,213.17,213.17,213.17,213.17,0.73,1
2026-08-07 06:39:00+00:00,213.18,213.18,213.18,213.18,0.73,1
2026-08-07 06:40:00+00:00,213.18,213.18,213.18,213.18,0.0,0
2026-08-07 06:41:00+00:00,213.18,213.18,213.18,213.18,0.0,0
2026-08-07 06:42:00+00:00,212.87,212.87,212.87,212.87,0.21,1
2026-08-07 06:43:00+00:00,212.87,212.87,212.87,212.87,0.0,0
2026-08-07 06:44:00+00:00,212.87,212.87,212.87,212.87,0.0,0
2026-08-07 06:45:00+00:00,212.87,212.87,212.87,212.87,0.0,0
2026-08-07 06:46:00+00:00,212.87,212.87,212.87,212.87,0.0,0
2026-08-07 06:47:00+00:00,212.87,212.87,212.87,212.87,0.0,0
2026-08-07 06:48:00+00:00,213.08,213.19,213.08,213.11,2.3,10
2026-08-07 06:49:00+00:00,213.08,213.08,213.03,213.04,0.82,3
2026-08-07 06:50:00+00:00,212.98,212.98,212.98,212.98,0.38,2
2026-08-07 06:51:00+00:00,212.94,212.94,212.88,212.92,4.82,17
2026-08-07 06:52:00+00:00,212.92,212.92,212.92,212.92,0.0,0
2026-08-07 06:53:00+00:00,212.92,212.92,212.92,212.92,0.0,0
2026-08-07 06:54:00+00:00,212.92,212.92,212.92,212.92,0.0,0
2026-08-07 06:55:00+00:00,212.92,212.92,212.92,212.92,0.0,0
2026-08-07 06:56:00+00:00,212.94,212.94,212.94,212.94,4.27,6
2026-08-07 06:57:00+00:00,212.94,212.94,212.94,212.94,1.13,3
2026-08-07 06:58:00+00:00,213.24,213.24,213.15,213.15,1.56,4
2026-08-07 06:59:00+00:00,213.08,213.14,213.08,213.13,2.75,12
2026-08-07 07:00:00+00:00,213.13,213.13,213.03,213.03,0.92,3
2026-08-07 07:01:00+00:00,212.93,212.93,212.93,212.93,0.18,1
2026-08-07 07:02:00+00:00,212.97,212.97,212.97,212.97,0.37,1
2026-08-07 07:03:00+00:00,212.94,212.94,212.93,212.93,2.42,7
2026-08-07 07:04:00+00:00,212.94,213.02,212.94,213.02,5.31,6
2026-08-07 07:05:00+00:00,213.16,213.16,213.14,213.14,1.06,2
2026-08-07 07:06:00+00:00,213.29,213.36,213.29,213.34,11.0,26
2026-08-07 07:07:00+00:00,213.33,213.33,213.14,213.17,25.0,36
2026-08-07 07:08:00+00:00,213.19,213.26,213.13,213.24,22.17,29
2026-08-07 07:09:00+00:00,213.23,213.56,213.23,213.56,12.49,24
2026-08-07 07:10:00+00:00,213.54,213.54,213.35,213.42,22.7,32
2026-08-07 07:11:00+00:00,213.47,213.52,213.36,213.36,26.77,33
2026-08-07 07:12:00+00:00,213.36,213.44,213.35,213.43,10.0,10
2026-08-07 07:13:00+00:00,213.41,213.49,213.35,213.4,27.15,47
2026-08-07 07:14:00+00:00,213.36,213.44,213.36,213.44,5.77,8
2026-08-07 07:15:00+00:00,213.69,213.71,213.57,213.58,17.0,25
2026-08-07 07:16:00+00:00,213.58,213.58,213.54,213.54,5.0,8
2026-08-07 07:17:00+00:00,213.54,213.54,213.54,213.54,0.0,0
2026-08-07 07:18:00+00:00,213.69,213.72,213.68,213.72,1.63,3
2026-08-07 07:19:00+00:00,213.72,213.72,213.72,213.72,0.0,0
2026-08-07 07:20:00+00:00,213.72,213.72,213.72,213.72,0.0,0
2026-08-07 07:21:00+00:00,213.57,213.65,213.57,213.64,6.0,9
2026-08-07 07:22:00+00:00,213.7,213.7,213.56,213.56,18.0,29
2026-08-07 07:23:00+00:00,213.57,213.6,213.46,213.58,32.5,47
2026-08-07 07:24:00+00:00,213.59,213.62,213.45,213.49,9.24,22
2026-08-07 07:25:00+00:00,213.49,213.49,213.49,213.49,0.0,0
2026-08-07 07:26:00+00:00,213.61,213.69,213.61,213.62,0.49,3
2026-08-07 07:27:00+00:00,213.66,213.66,213.54,213.54,0.52,3
2026-08-07 07:28:00+00:00,213.63,213.63,213.61,213.61,0.38,2
2026-08-07 07:29:00+00:00,213.53,213.65,213.49,213.65,4.89,9
2026-08-07 07:30:00+00:00,213.66,213.72,213.55,213.59,14.54,29
2026-08-07 07:31:00+00:00,213.59,213.63,213.45,213.48,38.21,58
2026-08-07 07:32:00+00:00,213.48,213.52,213.3,213.42,42.96,60
2026-08-07 07:33:00+00:00,213.42,213.42,213.29,213.29,9.01,14
2026-08-07 07:34:00+00:00,213.34,213.56,213.29,213.56,43.47,118
2026-08-07 07:35:00+00:00,213.56,213.56,213.41,213.5,7.82,17
2026-08-07 07:36:00+00:00,213.53,213.53,213.53,213.53,0.15,1
2026-08-07 07:37:00+00:00,213.53,213.53,213.53,213.53,0.0,0
2026-08-07 07:38:00+00:00,213.53,213.53,213.53,213.53,0.0,0
2026-08-07 07:39:00+00:00,213.53,213.53,213.53,213.53,0.0,0
2026-08-07 07:40:00+00:00,213.61,213.61,213.61,213.61,0.31,1
2026-08-07 07:41:00+00:00,213.81,213.81,213.8,213.8,1.24,4
2026-08-07 07:42:00+00:00,213.8,213.8,213.8,213.8,0.0,0
2026-08-07 07:43:00+00:00,213.67,213.67,213.67,213.67,0.28,1
2026-08-07 07:44:00+00:00,213.67,213.67,213.67,213.67,0.0,0
2026-08-07 07:45:00+00:00,213.5,213.5,213.5,213.5,0.2,1
2026-08-07 07:46:00+00:00,213.5,213.5,213.5,213.5,0.0,0
2026-08-07 07:47:00+00:00,213.52,213.55,213.52,213.55,0.48,2
2026-08-07 07:48:00+00:00,213.55,213.55,213.55,213.55,0.0,0
2026-08-07 07:49:00+00:00,213.55,213.55,213.55,213.55,0.0,0
2026-08-07 07:50:00+00:00,213.5,213.5,213.48,213.48,0.38,3
2026-08-07 07:51:00+00:00,213.5,213.5,213.5,213.5,0.31,1
2026-08-07 07:52:00+00:00,213.5,213.5,213.5,213.5,0.0,0
2026-08-07 07:53:00+00:00,213.5,213.5,213.5,213.5,0.0,0
2026-08-07 07:54:00+00:00,213.5,213.52,213.5,213.51,1.05,4
2026-08-07 07:55:00+00:00,213.52,213.52,213.51,213.52,0.56,3
2026-08-07 07:56:00+00:00,213.46,213.49,213.46,213.49,0.96,4
2026-08-07 07:57:00+00:00,213.49,213.49,213.49,213.49,0.0,0
2026-08-07 07:58:00+00:00,213.49,213.49,213.49,213.49,0.0,0
2026-08-07 07:59:00+00:00,213.49,213.49,213.49,213.49,0.0,0
2026-08-07 08:00:00+00:00,213.53,213.62,213.46,213.6,4.34,18
2026-08-07 08:01:00+00:00,213.57,213.58,213.47,213.58,20.11,26
2026-08-07 08:02:00+00:00,213.65,214.15,213.65,214.15,150.65,83
2026-08-07 08:03:00+00:00,214.21,214.21,214.21,214.21,99.15,1
2026-08-07 08:04:00+00:00,214.07,214.07,213.78,213.82,8.77,19
2026-08-07 08:05:00+00:00,213.9,213.92,213.7,213.7,6.81,22
2026-08-07 08:06:00+00:00,213.83,213.83,213.65,213.65,1.25,4
2026-08-07 08:07:00+00:00,213.71,213.8,213.62,213.68,25.19,24
2026-08-07 08:08:00+00:00,213.68,213.89,213.68,213.89,4.13,8
2026-08-07 08:09:00+00:00,213.89,213.89,213.89,213.89,0.0,0
2026-08-07 08:10:00+00:00,214.03,214.03,214.03,214.03,0.1,1
2026-08-07 08:11:00+00:00,214.03,214.03,213.89,213.89,1.08,3
2026-08-07 08:12:00+00:00,214.12,214.12,214.12,214.12,0.18,1
2026-08-07 08:13:00+00:00,214.12,214.12,214.12,214.12,0.0,0
2026-08-07 08:14:00+00:00,214.12,214.16,214.12,214.16,0.44,2
2026-08-07 08:15:00+00:00,214.23,214.38,214.23,214.38,1.04,6
2026-08-07 08:16:00+00:00,214.31,214.39,214.31,214.39,0.51,2
2026-08-07 08:17:00+00:00,214.01,214.01,214.01,214.01,0.35,1
2026-08-07 08:18:00+00:00,214.01,214.01,214.01,214.01,0.0,0
2026-08-07 08:19:00+00:00,214.01,214.01,214.01,214.01,0.0,0
2026-08-07 08:20:00+00:00,214.01,214.01,214.01,214.01,0.0,0
2026-08-07 08:21:00+00:00,214.18,214.18,214.18,214.18,0.37,1
2026-08-07 08:22:00+00:00,214.18,214.18,214.18,214.18,0.0,0
2026-08-07 08:23:00+00:00,214.18,214.18,214.18,214.18,0.0,0
2026-08-07 08:24:00+00:00,214.32,214.35,214.24,214.24,5.69,16
2026-08-07 08:25:00+00:00,214.27,214.46,214.27,214.46,35.22,54
2026-08-07 08:26:00+00:00,214.45,214.75,214.42,214.74,82.01,59
2026-08-07 08:27:00+00:00,214.68,214.95,214.55,214.81,61.67,56
2026-08-07 08:28:00+00:00,214.74,214.79,214.72,214.73,9.0,11
2026-08-07 08:29:00+00:00,214.85,214.85,214.85,214.85,1.13,3
2026-08-07 08:30:00+00:00,214.85,214.85,214.85,214.85,0.0,0
2026-08-07 08:31:00+00:00,214.87,215.27,214.53,214.66,143.31,68
2026-08-07 08:32:00+00:00,214.74,215.53,214.7,215.48,247.29,69
2026-08-07 08:33:00+00:00,215.6,215.69,215.6,215.69,17.8,14
2026-08-07 08:34:00+00:00,215.73,215.82,215.73,215.82,38.54,12
2026-08-07 08:35:00+00:00,215.5,215.5,215.4,215.4,8.42,7
2026-08-07 08:36:00+00:00,215.41,215.41,215.07,215.12,39.85,27
2026-08-07 08:37:00+00:00,215.12,215.28,215.09,215.28,34.17,26
2026-08-07 08:38:00+00:00,215.21,215.26,214.96,215.26,41.32,24
2026-08-07 08:39:00+00:00,215.33,215.4,215.3,215.4,8.85,10
2026-08-07 08:40:00+00:00,215.3,215.3,215.2,215.2,2.56,6
2026-08-07 08:41:00+00:00,215.2,215.29,215.16,215.2,19.82,18
2026-08-07 08:42:00+00:00,215.25,215.25,215.22,215.22,0.94,2
2026-08-07 08:43:00+00:00,215.22,215.22,215.22,215.22,0.0,0
2026-08-07 08:44:00+00:00,215.08,215.08,215.08,215.08,0.94,2
2026-08-07 08:45:00+00:00,215.03,215.22,215.03,215.22,1.71,4
2026-08-07 08:46:00+00:00,215.25,215.26,215.25,215.26,1.61,6
2026-08-07 08:47:00+00:00,215.38,215.41,215.35,215.35,3.49,8
2026-08-07 08:48:00+00:00,215.15,215.23,215.15,215.23,41.42,17
2026-08-07 08:49:00+00:00,215.2,215.2,215.19,215.19,1.42,5
2026-08-07 08:50:00+00:00,215.21,215.21,215.21,215.21,0.47,1
2026-08-07 08:51:00+00:00,215.15,215.15,215.15,215.15,6.62,10
2026-08-07 08:52:00+00:00,215.2,215.2,215.2,215.2,0.29,1
2026-08-07 08:53:00+00:00,215.2,215.2,215.2,215.2,0.0,0
2026-08-07 08:54:00+00:00,215.15,215.15,215.15,215.15,0.12,1
2026-08-07 08:55:00+00:00,215.36,215.36,215.36,215.36,0.06,1
2026-08-07 08:56:00+00:00,215.32,215.32,215.25,215.25,0.77,3
2026-08-07 08:57:00+00:00,215.28,215.29,215.18,215.24,2.05,7
2026-08-07 08:58:00+00:00,215.12,215.28,215.12,215.28,0.75,3
2026-08-07 08:59:00+00:00,215.47,215.47,215.47,215.47,0.55,2
2026-08-07 09:00:00+00:00,215.29,215.29,215.29,215.29,0.07,1
2026-08-07 09:01:00+00:00,215.3,215.3,215.3,215.3,0.06,1
2026-08-07 09:02:00+00:00,215.3,215.3,215.3,215.3,0.0,0
2026-08-07 09:03:00+00:00,215.24,215.24,215.24,215.24,0.22,1
2026-08-07 09:04:00+00:00,215.11,215.11,215.11,215.11,0.33,2
2026-08-07 09:05:00+00:00,214.91,214.93,214.91,214.93,0.65,3
2026-08-07 09:06:00+00:00,215.0,215.31,215.0,215.31,1.45,6
2026-08-07 09:07:00+00:00,215.14,215.16,215.14,215.16,0.49,3
2026-08-07 09:08:00+00:00,215.08,215.16,215.08,215.16,1.17,4
2026-08-07 09:09:00+00:00,215.16,215.2,215.16,215.2,3.5,6
2026-08-07 09:10:00+00:00,215.22,215.22,215.22,215.22,0.45,1
2026-08-07 09:11:00+00:00,215.1,215.1,214.95,214.95,14.91,7
2026-08-07 09:12:00+00:00,214.92,214.92,214.81,214.87,4.6,14
2026-08-07 09:13:00+00:00,214.83,214.85,214.76,214.76,55.68,18
2026-08-07 09:14:00+00:00,214.66,214.66,214.59,214.59,23.72,22
2026-08-07 09:15:00+00:00,214.75,214.84,214.67,214.67,65.57,11
2026-08-07 09:16:00+00:00,214.79,214.81,214.79,214.81,0.89,2
2026-08-07 09:17:00+00:00,214.81,214.81,214.81,214.81,0.0,0
2026-08-07 09:18:00+00:00,214.8,214.8,214.8,214.8,0.2,1
2026-08-07 09:19:00+00:00,214.8,214.8,214.8,214.8,0.0,0
2026-08-07 09:20:00+00:00,214.64,214.64,214.64,214.64,1.75,3
2026-08-07 09:21:00+00:00,214.6,214.6,214.6,214.6,1.63,4
2026-08-07 09:22:00+00:00,214.63,214.82,214.63,214.82,3.83,10
2026-08-07 09:23:00+00:00,214.79,214.8,214.79,214.8,0.81,2
2026-08-07 09:24:00+00:00,214.9,214.9,214.7,214.7,73.14,9
2026-08-07 09:25:00+00:00,214.76,214.76,214.76,214.76,0.63,1
2026-08-07 09:26:00+00:00,214.72,214.72,214.72,214.72,0.74,2
2026-08-07 09:27:00+00:00,214.81,214.92,214.81,214.9,15.29,15
2026-08-07 09:28:00+00:00,214.89,215.0,214.79,214.79,98.3,18
2026-08-07 09:29:00+00:00,214.69,214.78,214.69,214.78,1.94,5
2026-08-07 09:30:00+00:00,214.78,214.78,214.78,214.78,0.0,0
2026-08-07 09:31:00+00:00,214.78,214.78,214.78,214.78,0.0,0
2026-08-07 09:32:00+00:00,214.9,214.9,214.9,214.9,0.47,1
2026-08-07 09:33:00+00:00,214.92,215.05,214.92,215.05,4.21,5
2026-08-07 09:34:00+00:00,215.01,215.01,215.0,215.01,5.21,3
2026-08-07 09:35:00+00:00,214.92,215.01,214.92,215.0,1.59,4
2026-08-07 09:36:00+00:00,214.97,214.98,214.97,214.98,1.98,4
2026-08-07 09:37:00+00:00,214.98,214.98,214.98,214.98,0.0,0
2026-08-07 09:38:00+00:00,214.82,214.86,214.81,214.86,0.55,3
2026-08-07 09:39:00+00:00,214.88,214.88,214.88,214.88,2.45,5
2026-08-07 09:40:00+00:00,214.64,214.64,214.64,214.64,0.98,2
2026-08-07 09:41:00+00:00,214.64,214.64,214.64,214.64,0.0,0
2026-08-07 09:42:00+00:00,214.64,214.64,214.64,214.64,0.0,0
2026-08-07 09:43:00+00:00,214.36,214.37,214.36,214.37,1.2,5
2026-08-07 09:44:00+00:00,214.47,214.47,214.47,214.47,0.1,1
2026-08-07 09:45:00+00:00,214.61,214.61,214.61,214.61,0.29,1
2026-08-07 09:46:00+00:00,214.82,214.82,214.82,214.82,0.98,2
2026-08-07 09:47:00+00:00,214.82,214.82,214.82,214.82,0.0,0
2026-08-07 09:48:00+00:00,214.61,214.61,214.61,214.61,8.58,2
2026-08-07 09:49:00+00:00,214.28,214.38,214.28,214.38,5.93,9
2026-08-07 09:50:00+00:00,214.38,214.38,214.38,214.38,0.0,0
2026-08-07 09:51:00+00:00,214.38,214.38,214.38,214.38,0.0,0
2026-08-07 09:52:00+00:00,214.5,214.5,214.5,214.5,0.69,1
2026-08-07 09:53:00+00:00,214.39,214.39,214.39,214.39,0.69,1
2026-08-07 09:54:00+00:00,214.37,214.49,214.37,214.49,1.76,6
2026-08-07 09:55:00+00:00,214.45,214.45,214.41,214.41,1.23,3
2026-08-07 09:56:00+00:00,214.38,214.4,214.36,214.36,3.65,5
2026-08-07 09:57:00+00:00,214.31,214.31,214.15,214.15,1.39,3
2026-08-07 09:58:00+00:00,214.15,214.25,214.15,214.25,1.57,5
2026-08-07 09:59:00+00:00,214.25,214.25,214.25,214.25,0.12,1
2026-08-07 10:00:00+00:00,214.25,214.25,214.25,214.25,0.0,0
2026-08-07 10:01:00+00:00,214.2,214.2,214.14,214.17,1.01,3
2026-08-07 10:02:00+00:00,214.07,214.26,214.07,214.22,4.04,11
2026-08-07 10:03:00+00:00,214.24,214.24,214.24,214.24,1.06,3
2026-08-07 10:04:00+00:00,214.27,214.27,214.27,214.27,0.69,2
2026-08-07 10:05:00+00:00,214.26,214.26,214.21,214.22,2.82,6
2026-08-07 10:06:00+00:00,214.22,214.22,214.08,214.12,1.26,5
2026-08-07 10:07:00+00:00,214.02,214.14,214.02,214.14,1.31,3
2026-08-07 10:08:00+00:00,214.11,214.11,214.02,214.02,6.51,7
2026-08-07 10:09:00+00:00,214.02,214.02,214.02,214.02,0.0,0
2026-08-07 10:10:00+00:00,214.12,214.13,214.12,214.13,2.63,7
2026-08-07 10:11:00+00:00,214.16,214.16,214.16,214.16,0.21,1
2026-08-07 10:12:00+00:00,214.16,214.16,214.16,214.16,0.11,1
2026-08-07 10:13:00+00:00,214.16,214.16,214.16,214.16,0.0,0
2026-08-07 10:14:00+00:00,214.02,214.02,214.0,214.0,1.25,3
2026-08-07 10:15:00+00:00,213.96,214.05,213.94,214.05,0.91,6
2026-08-07 10:16:00+00:00,213.99,214.0,213.9,213.9,0.59,7
2026-08-07 10:17:00+00:00,213.9,213.96,213.9,213.95,3.06,7
2026-08-07 10:18:00+00:00,213.95,213.95,213.95,213.95,0.0,0
2026-08-07 10:19:00+00:00,214.03,214.11,213.95,213.95,7.36,13
2026-08-07 10:20:00+00:00,213.8,213.8,213.59,213.59,16.11,8
2026-08-07 10:21:00+00:00,213.65,213.65,213.65,213.65,0.1,1
2026-08-07 10:22:00+00:00,213.54,213.54,213.54,213.54,0.11,1
2026-08-07 10:23:00+00:00,213.5,213.5,213.5,213.5,0.23,1
2026-08-07 10:24:00+00:00,213.5,213.5,213.5,213.5,0.0,0
2026-08-07 10:25:00+00:00,213.73,213.82,213.73,213.82,1.4,3
2026-08-07 10:26:00+00:00,213.87,213.87,213.87,213.87,0.46,1
2026-08-07 10:27:00+00:00,213.88,213.88,213.85,213.85,2.7,5
2026-08-07 10:28:00+00:00,213.83,213.83,213.83,213.83,0.16,1
2026-08-07 10:29:00+00:00,213.93,213.98,213.93,213.97,1.69,4
2026-08-07 10:30:00+00:00,213.98,213.98,213.86,213.92,44.12,24
2026-08-07 10:31:00+00:00,213.88,213.88,213.82,213.82,22.14,7
2026-08-07 10:32:00+00:00,213.75,213.75,213.75,213.75,4.13,3
2026-08-07 10:33:00+00:00,213.9,214.0,213.9,214.0,25.72,12
2026-08-07 10:34:00+00:00,213.86,213.9,213.86,213.9,0.8,4
2026-08-07 10:35:00+00:00,213.91,213.92,213.9,213.91,3.93,4
2026-08-07 10:36:00+00:00,213.91,213.91,213.91,213.91,2.32,1
2026-08-07 10:37:00+00:00,213.91,213.91,213.91,213.91,0.0,0
2026-08-07 10:38:00+00:00,213.97,213.99,213.97,213.97,4.62,4
2026-08-07 10:39:00+00:00,213.99,213.99,213.96,213.96,5.06,6
2026-08-07 10:40:00+00:00,213.97,213.98,213.97,213.98,3.83,7
2026-08-07 10:41:00+00:00,213.99,213.99,213.99,213.99,25.1,5
2026-08-07 10:42:00+00:00,213.97,213.99,213.96,213.97,2.52,7
2026-08-07 10:43:00+00:00,213.96,213.96,213.95,213.95,1.74,3
2026-08-07 10:44:00+00:00,213.95,213.95,213.95,213.95,0.0,0
2026-08-07 10:45:00+00:00,213.96,213.97,213.96,213.97,0.72,3
2026-08-07 10:46:00+00:00,213.96,213.98,213.86,213.86,14.6,5
2026-08-07 10:47:00+00:00,213.98,213.99,213.98,213.98,7.57,12
2026-08-07 10:48:00+00:00,213.81,213.96,213.81,213.96,3.32,9
2026-08-07 10:49:00+00:00,213.98,213.98,213.98,213.98,0.19,1
2026-08-07 10:50:00+00:00,213.92,213.92,213.92,213.92,0.07,1
2026-08-07 10:51:00+00:00,213.82,213.82,213.79,213.79,0.37,2
2026-08-07 10:52:00+00:00,213.89,213.91,213.81,213.81,1.5,4
2026-08-07 10:53:00+00:00,213.59,213.59,213.44,213.44,15.91,10
2026-08-07 10:54:00+00:00,213.44,213.44,213.44,213.44,0.0,0
2026-08-07 10:55:00+00:00,213.55,213.6,213.53,213.6,0.68,3
2026-08-07 10:56:00+00:00,213.61,213.67,213.59,213.67,14.72,13
2026-08-07 10:57:00+00:00,213.67,213.67,213.67,213.67,0.0,0
2026-08-07 10:58:00+00:00,213.72,213.73,213.67,213.69,17.86,16
2026-08-07 10:59:00+00:00,213.66,213.66,213.63,213.63,0.21,2
2026-08-07 11:00:00+00:00,213.74,214.08,213.74,214.08,157.76,42
2026-08-07 11:01:00+00:00,214.06,214.25,214.06,214.06,2.95,7
2026-08-07 11:02:00+00:00,213.86,213.86,213.86,213.86,0.36,1
2026-08-07 11:03:00+00:00,213.96,214.13,213.96,214.13,2.33,7
2026-08-07 11:04:00+00:00,214.2,214.24,214.2,214.24,4.92,7
2026-08-07 11:05:00+00:00,214.24,214.34,214.2,214.34,10.12,17
2026-08-07 11:06:00+00:00,214.29,214.3,214.24,214.3,17.11,8
2026-08-07 11:07:00+00:00,214.32,214.47,214.3,214.47,54.59,33
2026-08-07 11:08:00+00:00,214.47,214.47,214.47,214.47,0.0,0
2026-08-07 11:09:00+00:00,214.47,214.47,214.47,214.47,0.0,0
2026-08-07 11:10:00+00:00,214.14,214.26,214.14,214.23,26.78,13
2026-08-07 11:11:00+00:00,214.19,214.26,214.19,214.26,0.44,3
2026-08-07 11:12:00+00:00,214.33,214.33,214.27,214.27,2.4,5
2026-08-07 11:13:00+00:00,214.42,214.5,214.42,214.5,0.11,2
2026-08-07 11:14:00+00:00,214.5,214.5,214.5,214.5,0.0,0
2026-08-07 11:15:00+00:00,214.5,214.5,214.5,214.5,0.0,0
2026-08-07 11:16:00+00:00,214.5,214.5,214.5,214.5,0.0,0
2026-08-07 11:17:00+00:00,214.46,214.46,214.14,214.23,37.71,12
2026-08-07 11:18:00+00:00,214.23,214.29,214.19,214.29,34.08,11
2026-08-07 11:19:00+00:00,214.24,214.26,214.2,214.26,0.29,3
2026-08-07 11:20:00+00:00,214.35,214.38,214.21,214.32,24.8,21
2026-08-07 11:21:00+00:00,214.38,214.39,214.33,214.35,3.25,12
2026-08-07 11:22:00+00:00,214.4,214.68,214.4,214.54,22.23,12
2026-08-07 11:23:00+00:00,214.49,214.56,214.49,214.56,28.82,11
2026-08-07 11:24:00+00:00,214.46,214.56,214.43,214.56,61.39,22
2026-08-07 11:25:00+00:00,214.56,214.79,214.56,214.72,16.19,14
2026-08-07 11:26:00+00:00,214.72,214.73,214.71,214.73,1.57,4
2026-08-07 11:27:00+00:00,214.72,214.89,214.72,214.82,5.16,12
2026-08-07 11:28:00+00:00,214.83,214.83,214.79,214.79,8.38,3
2026-08-07 11:29:00+00:00,214.79,214.79,214.79,214.79,0.0,0
2026-08-07 11:30:00+00:00,214.79,214.79,214.79,214.79,0.0,0
2026-08-07 11:31:00+00:00,214.81,214.96,214.76,214.76,21.8,15
2026-08-07 11:32:00+00:00,214.8,214.81,214.8,214.81,4.64,2
2026-08-07 11:33:00+00:00,214.89,214.89,214.86,214.86,0.9,3
2026-08-07 11:34:00+00:00,214.86,214.86,214.86,214.86,0.0,0
2026-08-07 11:35:00+00:00,214.84,214.84,214.84,214.84,0.3,1
2026-08-07 11:36:00+00:00,214.84,214.84,214.84,214.84,0.0,0
2026-08-07 11:37:00+00:00,214.78,214.8,214.64,214.68,11.43,23
2026-08-07 11:38:00+00:00,214.52,214.52,214.52,214.52,1.28,2
2026-08-07 11:39:00+00:00,214.46,214.51,214.46,214.51,0.98,2
2026-08-07 11:40:00+00:00,214.5,214.5,214.5,214.5,1.28,2
2026-08-07 11:41:00+00:00,214.46,214.56,214.45,214.56,10.32,11
2026-08-07 11:42:00+00:00,214.54,214.54,214.45,214.45,1.66,3
2026-08-07 11:43:00+00:00,214.45,214.45,214.45,214.45,0.0,0
2026-08-07 11:44:00+00:00,214.45,214.45,214.45,214.45,0.0,0
2026-08-07 11:45:00+00:00,214.36,214.36,214.36,214.36,1.28,2
2026-08-07 11:46:00+00:00,214.4,214.4,214.39,214.39,1.77,2
2026-08-07 11:47:00+00:00,214.45,214.46,214.39,214.41,42.16,27
2026-08-07 11:48:00+00:00,214.41,214.41,214.41,214.41,0.0,0
2026-08-07 11:49:00+00:00,214.41,214.41,214.41,214.41,0.0,0
2026-08-07 11:50:00+00:00,214.15,214.15,214.15,214.15,1.33,1
2026-08-07 11:51:00+00:00,214.15,214.15,214.15,214.15,0.0,0
2026-08-07 11:52:00+00:00,214.13,214.14,213.96,213.96,5.42,16
2026-08-07 11:53:00+00:00,213.95,214.02,213.91,213.91,1.77,7
2026-08-07 11:54:00+00:00,213.91,213.91,213.91,213.91,0.27,1
2026-08-07 11:55:00+00:00,213.93,213.93,213.87,213.91,13.05,6
2026-08-07 11:56:00+00:00,213.9,213.9,213.9,213.9,0.12,1
2026-08-07 11:57:00+00:00,213.84,213.84,213.81,213.81,8.15,6
2026-08-07 11:58:00+00:00,213.79,213.79,213.79,213.79,1.2,2
2026-08-07 11:59:00+00:00,213.5,213.5,213.5,213.5,0.14,1
2026-08-07 12:00:00+00:00,213.49,213.81,213.49,213.81,20.04,15
2026-08-07 12:01:00+00:00,214.1,214.12,214.1,214.1,0.96,3
2026-08-07 12:02:00+00:00,214.09,214.09,214.09,214.09,2.32,4
2026-08-07 12:03:00+00:00,214.15,214.15,214.11,214.11,14.87,3
2026-08-07 12:04:00+00:00,214.11,214.11,214.11,214.11,0.0,0
2026-08-07 12:05:00+00:00,213.84,213.84,213.84,213.84,0.34,1
2026-08-07 12:06:00+00:00,213.84,213.84,213.84,213.84,0.0,0
2026-08-07 12:07:00+00:00,213.84,213.84,213.84,213.84,0.0,0
2026-08-07 12:08:00+00:00,213.96,213.96,213.87,213.89,15.15,7
2026-08-07 12:09:00+00:00,214.03,214.03,214.02,214.03,12.48,6
2026-08-07 12:10:00+00:00,214.1,214.1,214.1,214.1,0.07,1
2026-08-07 12:11:00+00:00,214.18,214.2,214.18,214.2,0.95,3
2026-08-07 12:12:00+00:00,214.25,214.25,214.13,214.13,0.88,3
2026-08-07 12:13:00+00:00,214.19,214.19,214.16,214.16,15.05,5
2026-08-07 12:14:00+00:00,214.16,214.16,214.16,214.16,0.0,0
2026-08-07 12:15:00+00:00,214.1,214.1,214.1,214.1,0.09,1
2026-08-07 12:16:00+00:00,214.26,214.28,214.17,214.17,33.12,17
2026-08-07 12:17:00+00:00,214.2,214.2,214.15,214.15,16.18,7
2026-08-07 12:18:00+00:00,214.15,214.15,214.15,214.15,0.0,0
2026-08-07 12:19:00+00:00,214.15,214.15,214.15,214.15,0.0,0
2026-08-07 12:20:00+00:00,214.02,214.02,214.02,214.02,1.24,1
2026-08-07 12:21:00+00:00,214.03,214.03,214.03,214.03,0.26,1
2026-08-07 12:22:00+00:00,214.01,214.01,213.9,213.9,0.8,2
2026-08-07 12:23:00+00:00,213.9,213.9,213.9,213.9,0.0,0
2026-08-07 12:24:00+00:00,213.9,213.9,213.9,213.9,0.0,0
2026-08-07 12:25:00+00:00,213.9,213.9,213.9,213.9,0.0,0
2026-08-07 12:26:00+00:00,214.17,214.19,214.17,214.19,0.45,2
2026-08-07 12:27:00+00:00,214.14,214.14,214.14,214.14,0.36,1
2026-08-07 12:28:00+00:00,214.14,214.14,214.14,214.14,0.0,0
2026-08-07 12:29:00+00:00,214.42,214.44,212.91,213.5,24.39,31
2026-08-07 12:30:00+00:00,213.56,215.49,213.55,214.29,961.51,97
2026-08-07 12:31:00+00:00,214.14,215.04,214.14,215.04,23.14,24
2026-08-07 12:32:00+00:00,215.24,215.4,214.8,214.8,23.9,12
2026-08-07 12:33:00+00:00,214.73,215.36,214.69,215.23,32.22,34
2026-08-07 12:34:00+00:00,215.12,215.19,215.09,215.17,5.59,10
2026-08-07 12:35:00+00:00,215.29,215.49,215.29,215.43,6.68,8
2026-08-07 12:36:00+00:00,215.22,215.41,215.22,215.37,37.08,15
2026-08-07 12:37:00+00:00,215.37,215.57,215.37,215.48,13.39,26
2026-08-07 12:38:00+00:00,215.37,216.28,215.31,216.05,70.9,28
2026-08-07 12:39:00+00:00,216.25,216.34,215.09,216.03,2057.2,126
2026-08-07 12:40:00+00:00,216.02,216.03,215.62,215.67,132.55,116
2026-08-07 12:41:00+00:00,215.67,215.79,215.52,215.76,479.36,143
2026-08-07 12:42:00+00:00,215.76,215.84,215.43,215.84,108.96,73
2026-08-07 12:43:00+00:00,215.82,215.94,215.49,215.59,65.88,64
2026-08-07 12:44:00+00:00,215.52,215.92,215.21,215.92,561.32,71
2026-08-07 12:45:00+00:00,215.97,216.17,215.97,216.06,28.59,22
2026-08-07 12:46:00+00:00,216.14,216.17,216.06,216.06,14.67,12
2026-08-07 12:47:00+00:00,216.03,216.1,215.99,216.08,6.86,10
2026-08-07 12:48:00+00:00,216.03,216.07,216.03,216.07,1.63,3
2026-08-07 12:49:00+00:00,216.07,216.07,216.07,216.07,0.0,0
2026-08-07 12:50:00+00:00,216.1,216.25,216.1,216.25,1.43,3
2026-08-07 12:51:00+00:00,216.21,216.28,216.17,216.25,17.99,17
2026-08-07 12:52:00+00:00,216.18,216.18,216.17,216.18,8.95,8
2026-08-07 12:53:00+00:00,216.18,216.18,216.18,216.18,0.0,0
2026-08-07 12:54:00+00:00,216.28,216.28,216.28,216.28,2.3,2
2026-08-07 12:55:00+00:00,216.05,216.05,215.95,215.95,3.7,5
2026-08-07 12:56:00+00:00,216.09,216.09,216.0,216.02,4.24,6
2026-08-07 12:57:00+00:00,216.07,216.07,215.96,215.96,20.35,12
2026-08-07 12:58:00+00:00,215.96,215.97,215.77,215.77,23.66,18
2026-08-07 12:59:00+00:00,215.8,215.8,215.49,215.49,49.33,14
2026-08-07 13:00:00+00:00,215.56,216.05,215.56,215.63,204.46,41
2026-08-07 13:01:00+00:00,215.62,215.62,215.06,215.06,24.84,15
2026-08-07 13:02:00+00:00,214.94,215.24,214.94,215.24,28.18,24
2026-08-07 13:03:00+00:00,215.2,215.2,215.09,215.14,34.29,12
2026-08-07 13:04:00+00:00,215.13,215.15,215.09,215.13,237.62,14
2026-08-07 13:05:00+00:00,215.18,215.18,215.18,215.18,0.67,1
2026-08-07 13:06:00+00:00,215.04,215.33,214.99,215.29,59.85,27
2026-08-07 13:07:00+00:00,215.09,215.32,214.6,214.85,176.04,31
2026-08-07 13:08:00+00:00,214.81,214.86,214.75,214.85,9.79,8
2026-08-07 13:09:00+00:00,214.91,214.93,214.86,214.93,6.73,6
2026-08-07 13:10:00+00:00,214.88,214.9,214.88,214.89,5.38,5
2026-08-07 13:11:00+00:00,214.9,215.27,214.84,215.27,39.19,32
2026-08-07 13:12:00+00:00,215.21,215.3,215.21,215.3,5.9,6
2026-08-07 13:13:00+00:00,214.87,214.87,214.87,214.87,1.53,1
2026-08-07 13:14:00+00:00,214.91,214.97,214.91,214.97,6.38,8
2026-08-07 13:15:00+00:00,214.91,215.15,214.88,215.0,28.44,24
2026-08-07 13:16:00+00:00,214.68,214.77,214.61,214.77,60.93,26
2026-08-07 13:17:00+00:00,214.77,215.04,214.77,215.04,29.84,8
2026-08-07 13:18:00+00:00,214.78,214.85,214.78,214.85,13.42,6
2026-08-07 13:19:00+00:00,214.8,215.06,214.75,214.98,19.63,7
2026-08-07 13:20:00+00:00,214.99,214.99,214.99,214.99,1.66,1
2026-08-07 13:21:00+00:00,214.82,214.82,214.82,214.82,1.0,1
2026-08-07 13:22:00+00:00,215.1,215.52,214.98,215.43,499.27,53
2026-08-07 13:23:00+00:00,215.34,215.34,215.29,215.29,6.75,4
2026-08-07 13:24:00+00:00,215.38,215.51,215.38,215.48,9.95,9
2026-08-07 13:25:00+00:00,215.8,216.52,215.8,216.07,148.9,71
2026-08-07 13:26:00+00:00,216.08,216.21,215.96,216.01,13.66,16
2026-08-07 13:27:00+00:00,216.15,216.84,216.15,216.76,69.15,31
2026-08-07 13:28:00+00:00,216.72,217.48,216.29,216.33,115.06,59
2026-08-07 13:29:00+00:00,216.49,217.58,216.49,217.58,202.57,71
2026-08-07 13:30:00+00:00,217.77,218.42,213.06,214.11,1061.81,274
2026-08-07 13:31:00+00:00,214.27,214.27,210.63,213.04,452.09,144
2026-08-07 13:32:00+00:00,213.03,216.66,212.99,216.21,822.9,224
2026-08-07 13:33:00+00:00,216.21,218.18,215.84,216.64,648.08,195
2026-08-07 13:34:00+00:00,216.57,216.71,214.99,215.79,360.77,157
2026-08-07 13:35:00+00:00,215.32,215.61,213.04,214.0,283.02,112
2026-08-07 13:36:00+00:00,214.15,214.15,211.11,211.35,304.64,87
2026-08-07 13:37:00+00:00,211.46,211.68,210.16,210.48,333.72,108
2026-08-07 13:38:00+00:00,210.78,213.43,210.7,213.43,213.79,93
2026-08-07 13:39:00+00:00,213.49,214.36,213.08,213.51,237.59,82
2026-08-07 13:40:00+00:00,213.86,213.86,212.23,213.2,427.38,83
2026-08-07 13:41:00+00:00,213.07,213.1,211.56,211.56,118.0,53
2026-08-07 13:42:00+00:00,212.04,212.22,211.41,212.0,116.25,47
2026-08-07 13:43:00+00:00,211.94,211.94,210.69,211.69,1184.42,199
2026-08-07 13:44:00+00:00,211.55,211.9,210.62,211.01,118.17,70
2026-08-07 13:45:00+00:00,210.49,210.95,208.94,209.03,1313.83,134
2026-08-07 13:46:00+00:00,208.9,209.05,207.55,207.55,964.66,134
2026-08-07 13:47:00+00:00,207.95,208.21,207.04,207.23,181.79,35
2026-08-07 13:48:00+00:00,207.79,207.91,206.73,206.89,1141.74,100
2026-08-07 13:49:00+00:00,206.86,207.41,206.09,207.41,1514.79,124
2026-08-07 13:50:00+00:00,207.37,207.99,206.29,207.98,143.85,92
2026-08-07 13:51:00+00:00,208.1,208.21,206.76,206.76,81.61,40
2026-08-07 13:52:00+00:00,207.26,208.04,207.26,208.0,42.73,35
2026-08-07 13:53:00+00:00,207.84,208.58,207.84,208.45,187.45,44
2026-08-07 13:54:00+00:00,208.82,208.86,208.21,208.21,144.72,26
2026-08-07 13:55:00+00:00,208.85,209.18,208.72,208.93,72.27,34
2026-08-07 13:56:00+00:00,208.46,208.99,207.47,207.47,199.44,41
2026-08-07 13:57:00+00:00,207.58,207.88,203.94,204.46,1659.53,198
2026-08-07 13:58:00+00:00,204.79,206.05,204.66,205.62,273.89,78
2026-08-07 13:59:00+00:00,205.64,206.2,205.49,205.8,875.25,87
2026-08-07 14:00:00+00:00,205.68,206.62,204.83,206.08,2065.48,204
2026-08-07 14:01:00+00:00,206.3,206.3,205.14,205.65,155.43,80
2026-08-07 14:02:00+00:00,205.44,206.98,205.15,206.98,169.28,38
2026-08-07 14:03:00+00:00,206.91,208.24,206.76,207.99,147.3,40
2026-08-07 14:04:00+00:00,207.91,208.1,206.98,207.08,104.54,36
2026-08-07 14:05:00+00:00,206.87,208.46,206.87,208.16,388.15,69
2026-08-07 14:06:00+00:00,208.43,209.48,207.82,209.48,371.66,89
2026-08-07 14:07:00+00:00,209.36,209.42,208.16,208.33,211.76,83
2026-08-07 14:08:00+00:00,208.37,209.0,207.92,208.33,107.32,39
2026-08-07 14:09:00+00:00,208.16,208.16,207.33,207.51,76.14,38
2026-08-07 14:10:00+00:00,207.46,207.91,207.21,207.9,408.75,62
2026-08-07 14:11:00+00:00,208.35,208.48,207.23,207.23,34.44,22
2026-08-07 14:12:00+00:00,206.63,206.63,205.06,206.35,98.77,52
2026-08-07 14:13:00+00:00,206.44,207.2,205.91,207.0,659.64,74
2026-08-07 14:14:00+00:00,206.95,207.32,206.68,206.76,495.11,82
2026-08-07 14:15:00+00:00,206.95,208.23,206.79,208.17,353.5,106
2026-08-07 14:16:00+00:00,208.34,208.74,208.16,208.74,70.68,42
2026-08-07 14:17:00+00:00,208.74,210.1,208.74,209.39,1680.48,152
2026-08-07 14:18:00+00:00,209.37,210.96,209.25,210.92,200.06,108
2026-08-07 14:19:00+00:00,210.92,211.7,210.22,211.58,3429.87,253
2026-08-07 14:20:00+00:00,211.88,211.88,210.91,211.31,80.81,61
2026-08-07 14:21:00+00:00,211.31,212.59,211.31,212.44,1116.39,133
2026-08-07 14:22:00+00:00,212.6,212.73,211.87,211.92,227.52,88
2026-08-07 14:23:00+00:00,211.92,213.16,211.46,213.15,155.73,69
2026-08-07 14:24:00+00:00,213.48,214.48,213.44,214.35,169.1,85
2026-08-07 14:25:00+00:00,214.75,216.5,214.75,216.19,1155.83,116
2026-08-07 14:26:00+00:00,216.13,216.24,215.75,216.1,379.22,80
2026-08-07 14:27:00+00:00,216.3,216.5,215.94,216.2,412.78,93
2026-08-07 14:28:00+00:00,215.95,216.31,215.72,216.11,46.86,19
2026-08-07 14:29:00+00:00,215.57,216.2,215.36,216.11,132.35,28
2026-08-07 14:30:00+00:00,216.11,216.47,214.36,214.49,271.19,94
2026-08-07 14:31:00+00:00,214.22,214.24,212.71,213.59,398.24,71
2026-08-07 14:32:00+00:00,213.4,213.48,212.66,212.88,49.6,33
2026-08-07 14:33:00+00:00,212.56,212.63,211.14,211.4,750.67,102
2026-08-07 14:34:00+00:00,211.44,211.55,211.15,211.43,218.54,60
2026-08-07 14:35:00+00:00,211.55,211.93,211.08,211.83,325.04,43
2026-08-07 14:36:00+00:00,212.26,212.37,211.4,211.4,47.2,20
2026-08-07 14:37:00+00:00,211.52,212.36,211.52,212.36,144.68,23
2026-08-07 14:38:00+00:00,212.34,213.12,212.29,212.81,83.69,23
2026-08-07 14:39:00+00:00,212.45,212.45,211.48,212.05,131.35,46
2026-08-07 14:40:00+00:00,212.11,214.17,212.04,213.88,376.28,108
2026-08-07 14:41:00+00:00,213.94,214.17,213.89,214.0,74.27,28
2026-08-07 14:42:00+00:00,214.51,215.0,214.24,214.7,54.5,48
2026-08-07 14:43:00+00:00,215.0,215.0,213.7,213.91,255.28,24
2026-08-07 14:44:00+00:00,213.97,214.31,213.55,214.31,126.66,35
2026-08-07 14:45:00+00:00,214.31,215.0,214.31,214.96,156.0,35
2026-08-07 14:46:00+00:00,214.78,215.07,214.51,214.54,57.98,21
2026-08-07 14:47:00+00:00,214.83,216.12,214.66,215.73,96.09,42
2026-08-07 14:48:00+00:00,215.93,216.06,215.74,215.74,60.8,21
2026-08-07 14:49:00+00:00,215.52,215.92,215.31,215.31,102.64,33
2026-08-07 14:50:00+00:00,215.32,215.54,215.07,215.54,102.48,25
2026-08-07 14:51:00+00:00,215.36,215.36,214.23,214.24,69.52,20
2026-08-07 14:52:00+00:00,214.2,214.2,213.53,214.16,460.23,69
2026-08-07 14:53:00+00:00,214.26,214.26,213.52,213.6,44.39,18
2026-08-07 14:54:00+00:00,213.59,213.65,213.41,213.41,27.81,6
2026-08-07 14:55:00+00:00,213.87,214.01,213.09,213.35,82.19,30
2026-08-07 14:56:00+00:00,213.94,213.96,212.73,212.73,59.92,25
2026-08-07 14:57:00+00:00,212.73,213.33,212.73,213.2,953.38,78
2026-08-07 14:58:00+00:00,212.86,213.31,212.85,213.31,17.24,12
2026-08-07 14:59:00+00:00,213.24,213.24,212.84,212.84,7.71,10
2026-08-07 15:00:00+00:00,212.82,212.9,212.48,212.65,30.36,21
2026-08-07 15:01:00+00:00,212.59,213.16,212.59,213.16,40.5,25
2026-08-07 15:02:00+00:00,212.86,212.92,212.79,212.79,38.0,13
2026-08-07 15:03:00+00:00,212.79,212.79,212.74,212.74,32.35,12
2026-08-07 15:04:00+00:00,213.02,213.23,212.89,212.89,12.96,11
2026-08-07 15:05:00+00:00,212.92,214.23,212.89,214.0,55.49,33
2026-08-07 15:06:00+00:00,214.23,214.48,214.23,214.32,10.79,8
2026-08-07 15:07:00+00:00,214.59,215.65,214.59,215.6,364.3,38
2026-08-07 15:08:00+00:00,215.51,215.81,215.25,215.81,105.28,20
2026-08-07 15:09:00+00:00,215.8,215.93,215.48,215.81,83.69,24
2026-08-07 15:10:00+00:00,215.85,215.94,215.67,215.67,112.51,42
2026-08-07 15:11:00+00:00,215.69,215.83,214.7,214.7,76.61,35
2026-08-07 15:12:00+00:00,214.87,215.38,214.79,215.08,43.18,27
2026-08-07 15:13:00+00:00,214.99,215.05,214.51,214.93,94.32,50
2026-08-07 15:14:00+00:00,214.95,215.65,214.88,215.49,47.79,24
2026-08-07 15:15:00+00:00,215.55,215.55,215.1,215.1,60.93,20
2026-08-07 15:16:00+00:00,215.03,215.07,214.77,215.05,63.03,16
2026-08-07 15:17:00+00:00,215.18,215.41,215.1,215.41,9.78,3
2026-08-07 15:18:00+00:00,215.17,215.91,215.17,215.7,126.15,34
2026-08-07 15:19:00+00:00,215.66,215.69,215.65,215.68,26.05,8
2026-08-07 15:20:00+00:00,215.52,217.84,215.52,217.84,96.96,39
2026-08-07 15:21:00+00:00,218.0,219.0,218.0,218.96,131.93,81
2026-08-07 15:22:00+00:00,219.1,220.2,219.04,219.27,273.15,68
2026-08-07 15:23:00+00:00,219.31,219.38,218.82,219.0,92.95,33
2026-08-07 15:24:00+00:00,219.0,220.72,219.0,220.55,139.45,48
2026-08-07 15:25:00+00:00,220.63,222.27,220.63,222.27,1134.87,73
2026-08-07 15:26:00+00:00,221.95,222.22,221.79,222.06,76.85,23
2026-08-07 15:27:00+00:00,222.19,224.1,222.16,223.66,509.62,89
2026-08-07 15:28:00+00:00,223.78,224.4,223.57,224.4,1475.27,125
2026-08-07 15:29:00+00:00,224.18,224.47,223.8,224.47,382.97,50
2026-08-07 15:30:00+00:00,224.61,225.32,224.61,225.22,108.67,45
2026-08-07 15:31:00+00:00,225.24,225.49,224.83,224.92,170.74,29
2026-08-07 15:32:00+00:00,224.99,225.24,224.54,224.74,395.26,49
2026-08-07 15:33:00+00:00,224.5,224.63,224.1,224.1,382.15,55
2026-08-07 15:34:00+00:00,224.54,225.47,224.54,225.47,588.6,90
2026-08-07 15:35:00+00:00,224.96,224.96,224.26,224.7,70.2,23
2026-08-07 15:36:00+00:00,224.52,224.53,224.02,224.06,174.74,39
2026-08-07 15:37:00+00:00,224.11,224.69,224.11,224.63,49.17,30
2026-08-07 15:38:00+00:00,224.64,224.64,224.08,224.08,72.25,24
2026-08-07 15:39:00+00:00,224.08,224.57,224.04,224.54,53.53,17
2026-08-07 15:40:00+00:00,224.61,225.05,224.61,224.64,67.98,22
2026-08-07 15:41:00+00:00,224.69,224.79,223.75,223.75,113.69,32
2026-08-07 15:42:00+00:00,223.75,224.28,223.7,223.8,53.81,26
2026-08-07 15:43:00+00:00,223.76,224.01,223.29,224.01,50.26,28
2026-08-07 15:44:00+00:00,224.11,224.68,224.11,224.49,19.59,15
2026-08-07 15:45:00+00:00,224.59,224.59,224.13,224.21,61.7,19
2026-08-07 15:46:00+00:00,224.02,224.47,223.99,224.47,14.64,9
2026-08-07 15:47:00+00:00,224.24,224.24,223.6,223.89,247.13,41
2026-08-07 15:48:00+00:00,223.93,224.22,223.75,223.75,278.51,71
2026-08-07 15:49:00+00:00,223.72,226.4,223.64,226.37,34.9,38
2026-08-07 15:50:00+00:00,226.32,227.8,225.92,227.72,453.38,75
2026-08-07 15:51:00+00:00,227.43,228.07,226.65,226.65,1192.37,105
2026-08-07 15:52:00+00:00,226.93,226.93,225.9,226.01,110.3,45
2026-08-07 15:53:00+00:00,226.01,226.03,225.15,225.15,122.51,46
2026-08-07 15:54:00+00:00,225.51,226.15,225.51,225.85,33.42,22
2026-08-07 15:55:00+00:00,226.01,226.99,225.96,226.85,335.17,46
2026-08-07 15:56:00+00:00,226.85,226.9,226.56,226.89,62.72,20
2026-08-07 15:57:00+00:00,226.67,227.02,226.59,227.01,14.5,10
2026-08-07 15:58:00+00:00,226.92,226.92,226.52,226.52,75.59,16
2026-08-07 15:59:00+00:00,226.3,226.6,226.3,226.6,9.55,3
2026-08-07 16:00:00+00:00,226.63,226.85,226.63,226.72,58.63,13
2026-08-07 16:01:00+00:00,226.82,227.2,226.53,227.2,6.22,11
2026-08-07 16:02:00+00:00,227.25,227.25,226.63,226.63,14.62,13
2026-08-07 16:03:00+00:00,226.38,226.7,226.38,226.7,4.91,5
2026-08-07 16:04:00+00:00,226.78,226.78,226.26,226.31,43.44,12
2026-08-07 16:05:00+00:00,226.67,227.31,226.67,227.3,43.01,14
2026-08-07 16:06:00+00:00,227.36,228.08,227.36,227.76,312.28,40
2026-08-07 16:07:00+00:00,227.73,228.09,227.73,228.02,6.43,4
2026-08-07 16:08:00+00:00,228.16,228.46,227.82,227.94,59.05,18
2026-08-07 16:09:00+00:00,227.57,227.66,227.16,227.66,224.81,25
2026-08-07 16:10:00+00:00,227.7,228.56,227.17,227.21,52.92,22
2026-08-07 16:11:00+00:00,227.12,227.25,226.81,227.09,48.56,17
2026-08-07 16:12:00+00:00,226.82,227.1,226.68,227.02,77.05,19
2026-08-07 16:13:00+00:00,227.16,227.51,227.15,227.15,57.15,14
2026-08-07 16:14:00+00:00,227.52,227.61,226.57,226.57,36.44,10
2026-08-07 16:15:00+00:00,226.55,226.65,226.55,226.61,3.22,4
2026-08-07 16:16:00+00:00,226.9,227.33,226.9,227.33,44.87,10
2026-08-07 16:17:00+00:00,226.96,227.18,226.95,227.1,95.2,23
2026-08-07 16:18:00+00:00,227.36,227.38,225.92,226.03,77.34,23
2026-08-07 16:19:00+00:00,225.93,225.94,225.45,225.71,153.22,41
2026-08-07 16:20:00+00:00,225.92,226.16,225.92,226.16,7.12,4
2026-08-07 16:21:00+00:00,226.78,226.93,225.97,226.02,159.61,40
2026-08-07 16:22:00+00:00,226.09,226.09,225.64,225.78,81.88,20
2026-08-07 16:23:00+00:00,225.98,226.02,224.92,224.92,228.53,66
2026-08-07 16:24:00+00:00,225.05,225.41,224.76,225.02,98.4,44
2026-08-07 16:25:00+00:00,224.98,225.45,224.85,225.34,42.69,29
2026-08-07 16:26:00+00:00,225.1,225.36,224.72,224.91,50.43,14
2026-08-07 16:27:00+00:00,224.91,224.91,223.97,224.52,179.34,47
2026-08-07 16:28:00+00:00,224.69,225.11,223.92,225.11,76.06,26
2026-08-07 16:29:00+00:00,225.04,225.04,224.03,224.38,27.05,10
2026-08-07 16:30:00+00:00,223.93,223.93,223.43,223.49,178.01,30
2026-08-07 16:31:00+00:00,223.44,223.44,222.48,222.51,139.36,42
2026-08-07 16:32:00+00:00,222.58,223.02,222.27,223.02,51.01,20
2026-08-07 16:33:00+00:00,222.97,222.97,222.82,222.83,8.33,3
2026-08-07 16:34:00+00:00,222.81,223.55,222.81,223.55,57.87,16
2026-08-07 16:35:00+00:00,223.39,223.39,223.22,223.22,3.44,2
2026-08-07 16:36:00+00:00,223.38,223.4,222.92,223.05,243.9,25
2026-08-07 16:37:00+00:00,223.59,223.68,223.39,223.39,14.07,8
2026-08-07 16:38:00+00:00,223.21,223.32,223.21,223.31,11.41,4
2026-08-07 16:39:00+00:00,223.52,223.52,223.13,223.15,15.12,5
2026-08-07 16:40:00+00:00,223.34,223.49,223.3,223.3,120.98,29
2026-08-07 16:41:00+00:00,223.45,223.5,223.38,223.44,30.28,12
2026-08-07 16:42:00+00:00,223.59,223.63,223.25,223.25,45.55,11
2026-08-07 16:43:00+00:00,223.28,223.46,223.19,223.19,36.12,11
2026-08-07 16:44:00+00:00,223.69,224.1,223.67,224.1,24.28,8
2026-08-07 16:45:00+00:00,223.78,223.94,223.78,223.89,37.13,10
2026-08-07 16:46:00+00:00,224.27,224.34,224.27,224.28,41.19,14
2026-08-07 16:47:00+00:00,224.09,224.11,224.05,224.11,20.77,7
2026-08-07 16:48:00+00:00,224.15,224.15,223.92,223.92,17.67,4
2026-08-07 16:49:00+00:00,223.92,223.92,223.92,223.92,0.0,0
2026-08-07 16:50:00+00:00,224.39,225.33,224.39,225.25,31.96,12
2026-08-07 16:51:00+00:00,224.99,225.07,224.59,224.59,10.46,7
2026-08-07 16:52:00+00:00,224.31,224.46,224.17,224.17,8.29,4
2026-08-07 16:53:00+00:00,224.1,224.1,223.73,223.84,43.61,15
2026-08-07 16:54:00+00:00,223.89,223.89,223.74,223.74,6.04,4
2026-08-07 16:55:00+00:00,223.74,223.86,223.74,223.86,4.55,2
2026-08-07 16:56:00+00:00,223.98,223.98,223.98,223.98,2.19,1
2026-08-07 16:57:00+00:00,224.18,224.18,223.77,223.84,19.77,8
2026-08-07 16:58:00+00:00,223.77,223.77,223.77,223.77,2.66,1
2026-08-07 16:59:00+00:00,223.39,223.56,223.37,223.55,13.72,7
2026-08-07 17:00:00+00:00,223.45,223.45,223.06,223.06,21.26,7
2026-08-07 17:01:00+00:00,222.98,223.21,222.98,223.18,27.21,21
2026-08-07 17:02:00+00:00,222.88,222.96,222.81,222.91,16.3,11
2026-08-07 17:03:00+00:00,222.96,223.27,222.89,222.93,116.57,57
2026-08-07 17:04:00+00:00,222.9,222.93,222.37,222.44,66.42,42
2026-08-07 17:05:00+00:00,222.9,223.63,222.9,223.62,20.9,9
2026-08-07 17:06:00+00:00,224.1,224.53,224.1,224.53,12.83,8
2026-08-07 17:07:00+00:00,224.34,224.42,224.34,224.42,18.52,6
2026-08-07 17:08:00+00:00,224.72,224.72,224.72,224.72,0.49,1
2026-08-07 17:09:00+00:00,224.16,224.26,224.14,224.2,61.21,8
2026-08-07 17:10:00+00:00,224.28,224.31,224.02,224.02,54.25,6
2026-08-07 17:11:00+00:00,223.92,223.92,223.89,223.89,4.83,3
2026-08-07 17:12:00+00:00,223.84,223.9,223.84,223.9,31.6,7
2026-08-07 17:13:00+00:00,223.73,223.73,223.58,223.58,7.46,3
2026-08-07 17:14:00+00:00,223.8,223.81,223.63,223.63,8.44,8
2026-08-07 17:15:00+00:00,223.35,223.35,223.32,223.32,2.63,2
2026-08-07 17:16:00+00:00,223.7,223.7,223.7,223.7,2.61,1
2026-08-07 17:17:00+00:00,223.7,223.7,223.7,223.7,0.0,0
2026-08-07 17:18:00+00:00,224.53,225.32,224.5,225.07,157.29,30
2026-08-07 17:19:00+00:00,224.96,225.47,224.76,225.47,18.06,13
2026-08-07 17:20:00+00:00,225.35,225.54,225.33,225.5,15.55,7
2026-08-07 17:21:00+00:00,225.51,225.52,225.28,225.52,29.51,11
2026-08-07 17:22:00+00:00,225.52,225.52,225.3,225.3,40.16,8
2026-08-07 17:23:00+00:00,225.3,225.3,224.96,224.96,16.19,6
2026-08-07 17:24:00+00:00,224.85,224.92,224.59,224.59,11.57,8
2026-08-07 17:25:00+00:00,224.59,224.59,224.32,224.34,35.11,16
2026-08-07 17:26:00+00:00,224.57,224.95,224.41,224.95,19.87,8
2026-08-07 17:27:00+00:00,224.89,224.89,224.75,224.78,26.01,10
2026-08-07 17:28:00+00:00,224.73,224.93,224.69,224.93,17.5,9
2026-08-07 17:29:00+00:00,224.77,225.36,224.73,225.26,32.35,15
2026-08-07 17:30:00+00:00,225.29,225.35,225.24,225.26,28.38,15
2026-08-07 17:31:00+00:00,225.34,225.36,225.25,225.25,151.44,24
2026-08-07 17:32:00+00:00,225.22,225.42,225.21,225.37,12.36,7
2026-08-07 17:33:00+00:00,225.1,225.1,224.42,224.5,13.36,5
2026-08-07 17:34:00+00:00,224.47,224.78,224.45,224.71,22.34,11
2026-08-07 17:35:00+00:00,224.64,224.71,224.62,224.7,29.39,12
2026-08-07 17:36:00+00:00,224.57,225.11,224.53,225.11,15.0,9
2026-08-07 17:37:00+00:00,225.11,225.45,225.07,225.22,40.73,16
2026-08-07 17:38:00+00:00,225.4,225.43,225.24,225.43,13.9,8
2026-08-07 17:39:00+00:00,225.4,226.04,225.25,226.04,110.37,33
2026-08-07 17:40:00+00:00,225.96,225.96,225.8,225.8,33.4,15
2026-08-07 17:41:00+00:00,225.86,225.86,225.57,225.65,161.38,24
2026-08-07 17:42:00+00:00,225.65,225.68,225.43,225.54,43.15,17
2026-08-07 17:43:00+00:00,225.57,226.17,225.51,226.12,40.04,16
2026-08-07 17:44:00+00:00,226.39,226.39,225.99,225.99,17.58,7
2026-08-07 17:45:00+00:00,225.88,226.65,225.88,226.54,60.68,28
2026-08-07 17:46:00+00:00,226.54,226.58,226.47,226.47,12.92,7
2026-08-07 17:47:00+00:00,226.47,226.47,225.93,225.93,10.58,5
2026-08-07 17:48:00+00:00,225.85,226.1,225.82,226.06,10.59,5
2026-08-07 17:49:00+00:00,225.92,225.94,225.68,225.83,12.32,12
2026-08-07 17:50:00+00:00,225.77,226.61,225.77,226.42,18.12,10
2026-08-07 17:51:00+00:00,226.15,226.15,225.56,225.56,153.4,25
2026-08-07 17:52:00+00:00,225.58,226.21,225.53,226.03,16.32,11
2026-08-07 17:53:00+00:00,226.13,226.47,226.12,226.38,73.35,22
2026-08-07 17:54:00+00:00,226.15,226.52,226.15,226.52,18.53,10
2026-08-07 17:55:00+00:00,226.52,226.6,226.09,226.13,56.15,17
2026-08-07 17:56:00+00:00,226.29,226.9,226.29,226.9,10.69,7
2026-08-07 17:57:00+00:00,226.69,226.88,226.69,226.88,13.4,5
2026-08-07 17:58:00+00:00,227.04,227.38,226.95,226.95,36.96,13
2026-08-07 17:59:00+00:00,226.89,226.96,226.88,226.92,49.85,17
2026-08-07 18:00:00+00:00,226.76,226.86,226.5,226.53,147.12,31
2026-08-07 18:01:00+00:00,226.64,226.65,226.61,226.61,10.59,7
2026-08-07 18:02:00+00:00,227.09,227.09,226.93,227.04,30.62,14
2026-08-07 18:03:00+00:00,226.89,226.89,226.61,226.61,14.69,9
2026-08-07 18:04:00+00:00,226.64,226.64,226.39,226.46,16.8,13
2026-08-07 18:05:00+00:00,226.37,226.37,226.19,226.19,10.58,3
2026-08-07 18:06:00+00:00,226.2,226.52,226.19,226.52,12.74,6
2026-08-07 18:07:00+00:00,226.45,226.45,226.41,226.41,13.5,7
2026-08-07 18:08:00+00:00,226.69,227.21,226.69,227.15,11.88,7
2026-08-07 18:09:00+00:00,226.89,226.89,226.66,226.66,34.1,6
2026-08-07 18:10:00+00:00,226.77,226.78,226.75,226.75,11.17,6
2026-08-07 18:11:00+00:00,226.59,226.77,226.54,226.54,222.38,43
2026-08-07 18:12:00+00:00,226.52,226.52,226.31,226.31,10.67,10
2026-08-07 18:13:00+00:00,226.39,226.39,226.28,226.28,10.74,7
2026-08-07 18:14:00+00:00,226.3,226.3,225.98,226.0,31.76,18
2026-08-07 18:15:00+00:00,226.1,226.11,225.99,225.99,16.7,10
2026-08-07 18:16:00+00:00,225.98,226.5,225.87,226.44,17.68,12
2026-08-07 18:17:00+00:00,226.38,226.38,226.38,226.38,10.58,2
2026-08-07 18:18:00+00:00,226.42,226.84,226.41,226.84,16.02,7
2026-08-07 18:19:00+00:00,226.75,226.75,226.51,226.56,32.88,18
2026-08-07 18:20:00+00:00,226.5,226.5,226.15,226.15,129.71,50
2026-08-07 18:21:00+00:00,226.27,226.32,226.25,226.3,12.83,8
2026-08-07 18:22:00+00:00,226.25,226.44,226.09,226.22,57.04,16
2026-08-07 18:23:00+00:00,226.23,226.23,225.78,225.85,14.64,8
2026-08-07 18:24:00+00:00,225.82,225.88,225.57,225.7,70.11,34
2026-08-07 18:25:00+00:00,225.73,225.82,225.69,225.81,10.58,7
2026-08-07 18:26:00+00:00,225.77,225.77,225.69,225.77,13.12,4
2026-08-07 18:27:00+00:00,225.71,225.9,225.66,225.87,11.39,7
2026-08-07 18:28:00+00:00,225.52,225.56,225.41,225.54,17.42,7
2026-08-07 18:29:00+00:00,225.49,225.71,225.09,225.09,154.42,46
2026-08-07 18:30:00+00:00,225.13,225.13,225.1,225.1,20.26,10
2026-08-07 18:31:00+00:00,225.13,225.43,225.12,225.42,10.59,5
2026-08-07 18:32:00+00:00,225.46,225.46,225.39,225.39,10.58,3
2026-08-07 18:33:00+00:00,225.49,225.81,225.39,225.81,23.16,11
2026-08-07 18:34:00+00:00,225.65,225.65,225.17,225.17,23.92,14
2026-08-07 18:35:00+00:00,224.74,225.02,224.7,224.76,45.01,13
2026-08-07 18:36:00+00:00,224.68,224.83,224.55,224.55,129.56,33
2026-08-07 18:37:00+00:00,224.45,224.7,224.41,224.69,15.18,7
2026-08-07 18:38:00+00:00,224.76,224.76,224.69,224.69,22.64,8
2026-08-07 18:39:00+00:00,224.65,224.65,224.22,224.51,142.23,30
2026-08-07 18:40:00+00:00,224.44,224.44,224.32,224.39,10.64,6
2026-08-07 18:41:00+00:00,224.37,224.81,224.35,224.8,14.19,8
2026-08-07 18:42:00+00:00,224.98,224.98,224.64,224.67,50.83,27
2026-08-07 18:43:00+00:00,224.76,224.76,224.29,224.29,31.65,18
2026-08-07 18:44:00+00:00,224.3,224.3,224.03,224.06,10.77,10
2026-08-07 18:45:00+00:00,224.23,224.69,224.17,224.69,12.74,9
2026-08-07 18:46:00+00:00,224.68,225.0,224.68,224.81,16.56,10
2026-08-07 18:47:00+00:00,224.47,224.63,224.4,224.63,13.66,9
2026-08-07 18:48:00+00:00,224.63,224.84,224.63,224.82,12.97,5
2026-08-07 18:49:00+00:00,224.62,224.89,224.6,224.89,33.2,13
2026-08-07 18:50:00+00:00,224.84,224.84,224.54,224.54,10.59,8
2026-08-07 18:51:00+00:00,224.74,224.74,224.44,224.44,13.28,8
2026-08-07 18:52:00+00:00,224.57,224.57,224.24,224.26,15.16,9
2026-08-07 18:53:00+00:00,224.23,224.28,224.07,224.28,37.18,20
2026-08-07 18:54:00+00:00,224.14,224.14,223.68,223.74,18.28,12
2026-08-07 18:55:00+00:00,223.4,223.75,222.42,222.44,509.87,119
2026-08-07 18:56:00+00:00,222.38,222.45,222.01,222.05,36.04,21
2026-08-07 18:57:00+00:00,222.01,222.34,222.0,222.34,21.62,13
2026-08-07 18:58:00+00:00,222.44,222.62,222.41,222.56,16.12,9
2026-08-07 18:59:00+00:00,222.39,222.5,222.39,222.5,22.34,4
2026-08-07 19:00:00+00:00,222.61,222.86,222.46,222.83,82.35,25
2026-08-07 19:01:00+00:00,222.74,223.31,222.72,223.28,15.03,13
2026-08-07 19:02:00+00:00,223.54,223.61,223.45,223.45,31.69,24
2026-08-07 19:03:00+00:00,223.47,223.6,223.38,223.38,52.1,25
2026-08-07 19:04:00+00:00,223.45,223.45,222.5,222.52,22.02,15
2026-08-07 19:05:00+00:00,222.25,222.86,222.16,222.52,244.4,46
2026-08-07 19:06:00+00:00,222.48,222.58,222.46,222.46,17.76,6
2026-08-07 19:07:00+00:00,222.42,223.04,222.23,222.93,51.07,18
2026-08-07 19:08:00+00:00,223.02,223.26,222.94,223.1,66.51,26
2026-08-07 19:09:00+00:00,222.8,223.17,222.73,223.17,17.82,10
2026-08-07 19:10:00+00:00,223.07,223.84,223.05,223.77,165.28,46
2026-08-07 19:11:00+00:00,223.66,223.66,223.53,223.54,11.18,10
2026-08-07 19:12:00+00:00,223.57,224.28,223.57,224.14,45.5,21
2026-08-07 19:13:00+00:00,224.14,224.16,223.92,223.92,100.64,22
2026-08-07 19:14:00+00:00,223.92,223.92,223.63,223.63,238.67,39
2026-08-07 19:15:00+00:00,223.46,223.75,223.44,223.75,10.67,8
2026-08-07 19:16:00+00:00,223.7,223.7,223.42,223.42,14.5,7
2026-08-07 19:17:00+00:00,223.51,223.51,223.34,223.39,32.07,12
2026-08-07 19:18:00+00:00,223.19,223.22,223.05,223.12,32.01,14
2026-08-07 19:19:00+00:00,223.25,223.25,222.79,222.79,23.01,11
2026-08-07 19:20:00+00:00,222.79,223.15,222.79,223.12,12.42,5
2026-08-07 19:21:00+00:00,223.35,223.98,223.35,223.96,15.21,6
2026-08-07 19:22:00+00:00,223.49,223.75,223.46,223.75,19.53,12
2026-08-07 19:23:00+00:00,223.7,223.81,223.48,223.81,16.72,12
2026-08-07 19:24:00+00:00,223.83,224.16,223.42,223.42,35.22,17
2026-08-07 19:25:00+00:00,223.01,223.14,222.99,223.14,10.58,4
2026-08-07 19:26:00+00:00,223.16,223.16,222.91,222.91,12.16,7
2026-08-07 19:27:00+00:00,222.98,222.98,222.66,222.76,37.94,16
2026-08-07 19:28:00+00:00,222.74,223.22,222.71,223.1,18.44,6
2026-08-07 19:29:00+00:00,223.1,223.1,222.7,222.7,30.04,10
2026-08-07 19:30:00+00:00,223.01,223.01,222.46,223.01,43.59,17
2026-08-07 19:31:00+00:00,222.84,223.64,222.82,223.47,24.47,13
2026-08-07 19:32:00+00:00,223.45,223.49,223.15,223.2,107.91,40
2026-08-07 19:33:00+00:00,223.25,223.47,222.99,223.47,33.86,11
2026-08-07 19:34:00+00:00,223.53,223.53,222.67,222.8,35.59,11
2026-08-07 19:35:00+00:00,222.88,223.0,222.86,222.94,15.83,7
2026-08-07 19:36:00+00:00,222.76,222.76,222.41,222.65,25.01,15
2026-08-07 19:37:00+00:00,222.6,223.24,222.6,223.24,49.72,17
2026-08-07 19:38:00+00:00,223.21,223.21,222.72,222.72,16.19,10
2026-08-07 19:39:00+00:00,222.74,222.74,222.68,222.68,10.58,5
2026-08-07 19:40:00+00:00,222.85,222.86,222.63,222.86,52.97,17
2026-08-07 19:41:00+00:00,222.86,223.72,222.85,223.25,43.37,15
2026-08-07 19:42:00+00:00,223.33,223.53,223.3,223.51,18.56,8
2026-08-07 19:43:00+00:00,223.63,223.83,223.61,223.67,20.22,8
2026-08-07 19:44:00+00:00,223.62,223.92,223.61,223.71,26.17,15
2026-08-07 19:45:00+00:00,223.68,224.16,223.63,224.14,63.2,25
2026-08-07 19:46:00+00:00,224.13,224.14,223.34,223.34,14.67,9
2026-08-07 19:47:00+00:00,223.39,224.08,223.07,224.08,14.76,11
2026-08-07 19:48:00+00:00,224.03,224.35,224.0,224.25,14.92,13
2026-08-07 19:49:00+00:00,224.1,224.17,223.69,223.77,32.85,21
2026-08-07 19:50:00+00:00,223.74,225.8,223.7,225.78,69.26,38
2026-08-07 19:51:00+00:00,225.78,226.04,225.69,225.69,324.76,40
2026-08-07 19:52:00+00:00,225.67,225.92,225.64,225.91,221.33,35
2026-08-07 19:53:00+00:00,225.92,226.38,225.84,226.26,36.05,21
2026-08-07 19:54:00+00:00,226.35,226.6,225.76,226.0,451.91,85
2026-08-07 19:55:00+00:00,226.01,226.01,225.35,225.35,42.21,16
2026-08-07 19:56:00+00:00,225.35,225.61,224.89,225.36,66.11,21
2026-08-07 19:57:00+00:00,225.0,226.02,224.93,225.8,39.45,21
2026-08-07 19:58:00+00:00,225.7,226.14,225.68,226.09,73.57,37
2026-08-07 19:59:00+00:00,226.06,226.82,225.98,226.71,84.7,55
2026-08-07 20:00:00+00:00,226.64,226.98,224.39,225.27,140.9,58
2026-08-07 20:01:00+00:00,225.22,226.38,225.16,225.94,507.85,91
2026-08-07 20:02:00+00:00,225.77,226.73,225.51,226.71,250.82,70
2026-08-07 20:03:00+00:00,226.76,227.96,226.69,227.96,62.09,48
2026-08-07 20:04:00+00:00,227.43,228.21,226.92,227.17,121.15,83
2026-08-07 20:05:00+00:00,227.11,227.28,226.88,226.94,75.63,55
2026-08-07 20:06:00+00:00,226.86,226.86,226.09,226.38,37.26,28
2026-08-07 20:07:00+00:00,226.25,226.32,226.11,226.26,17.51,16
2026-08-07 20:08:00+00:00,226.15,226.32,225.93,226.01,52.68,55
2026-08-07 20:09:00+00:00,225.88,225.88,225.72,225.72,18.2,14
2026-08-07 20:10:00+00:00,225.67,225.75,225.66,225.75,10.77,9
2026-08-07 20:11:00+00:00,225.72,226.69,225.68,226.22,429.36,77
2026-08-07 20:12:00+00:00,226.18,226.21,225.82,225.82,24.42,25
2026-08-07 20:13:00+00:00,225.86,225.9,225.63,225.74,44.72,35
2026-08-07 20:14:00+00:00,225.68,225.9,225.6,225.6,49.2,34
2026-08-07 20:15:00+00:00,225.52,225.81,225.47,225.81,13.04,9
2026-08-07 20:16:00+00:00,225.81,225.86,225.7,225.77,35.99,26
2026-08-07 20:17:00+00:00,225.68,226.17,225.65,226.04,75.58,29
2026-08-07 20:18:00+00:00,225.87,225.87,225.7,225.7,19.64,15
2026-08-07 20:19:00+00:00,225.82,225.82,225.72,225.72,10.58,5
2026-08-07 20:20:00+00:00,225.74,225.78,225.69,225.75,10.93,9
2026-08-07 20:21:00+00:00,225.73,225.91,225.38,225.91,138.62,58
2026-08-07 20:22:00+00:00,225.85,225.85,225.81,225.81,10.58,5
2026-08-07 20:23:00+00:00,225.87,226.04,225.86,226.04,25.65,12
2026-08-07 20:24:00+00:00,225.99,226.02,225.99,226.02,10.58,4
2026-08-07 20:25:00+00:00,226.04,226.04,225.77,225.77,10.58,4
2026-08-07 20:26:00+00:00,225.72,225.72,225.62,225.62,10.59,11
2026-08-07 20:27:00+00:00,225.64,225.84,225.6,225.84,11.62,9
2026-08-07 20:28:00+00:00,225.88,225.9,225.78,225.78,11.59,3
2026-08-07 20:29:00+00:00,225.8,225.88,225.8,225.88,10.64,3
2026-08-07 20:30:00+00:00,225.74,225.74,225.68,225.7,30.5,15
2026-08-07 20:31:00+00:00,225.79,226.34,225.78,226.27,89.75,51
2026-08-07 20:32:00+00:00,226.22,226.25,226.08,226.25,29.33,26
2026-08-07 20:33:00+00:00,226.19,226.32,226.17,226.3,11.35,13
2026-08-07 20:34:00+00:00,226.25,226.51,226.06,226.41,59.96,50
2026-08-07 20:35:00+00:00,226.42,226.74,226.38,226.38,37.77,27
2026-08-07 20:36:00+00:00,226.34,226.72,226.33,226.64,28.71,27
2026-08-07 20:37:00+00:00,226.62,226.62,226.19,226.19,22.38,28
2026-08-07 20:38:00+00:00,226.2,226.23,226.0,226.01,37.49,19
2026-08-07 20:39:00+00:00,225.94,226.16,225.89,226.16,16.29,19
2026-08-07 20:40:00+00:00,226.1,226.18,226.07,226.17,12.63,12
2026-08-07 20:41:00+00:00,226.11,226.19,225.75,225.82,26.78,18
2026-08-07 20:42:00+00:00,225.82,225.88,225.77,225.87,14.9,15
2026-08-07 20:43:00+00:00,225.83,225.87,225.7,225.87,11.82,15
2026-08-07 20:44:00+00:00,225.82,225.9,225.72,225.82,22.24,30
2026-08-07 20:45:00+00:00,225.77,225.98,225.77,225.95,22.41,25
2026-08-07 20:46:00+00:00,225.93,225.93,225.77,225.8,26.66,28
2026-08-07 20:47:00+00:00,225.78,225.97,225.77,225.88,20.71,23
2026-08-07 20:48:00+00:00,225.86,226.07,225.86,226.07,17.54,17
2026-08-07 20:49:00+00:00,226.08,226.14,226.08,226.09,16.1,12
2026-08-07 20:50:00+00:00,225.91,225.99,225.91,225.99,1.27,3
2026-08-07 20:51:00+00:00,225.94,225.94,225.9,225.91,1.21,3
2026-08-07 20:52:00+00:00,225.94,225.94,225.94,225.94,1.3,2
2026-08-07 20:53:00+00:00,225.94,225.94,225.86,225.86,1.36,2
2026-08-07 20:54:00+00:00,225.87,225.9,225.8,225.88,29.05,17
2026-08-07 20:55:00+00:00,225.81,225.98,225.7,225.95,48.08,8
2026-08-07 20:56:00+00:00,225.95,226.01,225.95,226.01,17.87,6
2026-08-07 20:57:00+00:00,226.03,226.03,226.01,226.01,1.24,2
2026-08-07 20:58:00+00:00,226.14,226.34,226.13,226.34,153.42,55
2026-08-07 20:59:00+00:00,226.31,226.37,226.31,226.37,2.18,3
2026-08-07 21:00:00+00:00,226.26,226.53,226.26,226.53,3.03,4
2026-08-07 21:01:00+00:00,226.53,226.53,226.44,226.5,12.42,13
2026-08-07 21:02:00+00:00,226.29,226.32,226.29,226.31,3.41,5
2026-08-07 21:03:00+00:00,226.29,226.34,226.29,226.34,10.92,8
2026-08-07 21:04:00+00:00,226.32,226.34,226.29,226.34,13.87,10
2026-08-07 21:05:00+00:00,226.31,226.37,226.31,226.37,3.3,5
2026-08-07 21:06:00+00:00,226.37,226.37,226.29,226.31,5.56,3
2026-08-07 21:07:00+00:00,226.34,226.34,226.29,226.31,7.91,5
2026-08-07 21:08:00+00:00,226.29,226.4,226.29,226.36,11.9,8
2026-08-07 21:09:00+00:00,226.36,226.36,226.34,226.34,1.32,2
2026-08-07 21:10:00+00:00,226.36,226.4,226.36,226.4,1.21,4
2026-08-07 21:11:00+00:00,226.38,226.38,226.36,226.36,1.5,2
2026-08-07 21:12:00+00:00,226.38,226.38,226.36,226.36,1.15,2
2026-08-07 21:13:00+00:00,226.36,226.36,226.29,226.31,38.56,19
2026-08-07 21:14:00+00:00,226.34,226.34,226.29,226.33,16.89,9
2026-08-07 21:15:00+00:00,226.31,226.32,226.29,226.3,5.66,5
2026-08-07 21:16:00+00:00,226.29,226.36,226.29,226.36,3.52,6
2026-08-07 21:17:00+00:00,226.36,226.51,226.29,226.51,57.83,34
2026-08-07 21:18:00+00:00,226.49,226.51,226.49,226.51,1.28,3
2026-08-07 21:19:00+00:00,226.48,226.57,226.29,226.44,86.98,33
2026-08-07 21:20:00+00:00,226.39,226.58,226.33,226.46,49.08,28
2026-08-07 21:21:00+00:00,226.4,226.53,226.4,226.51,2.07,3
2026-08-07 21:22:00+00:00,226.43,226.43,226.42,226.42,1.28,2
2026-08-07 21:23:00+00:00,226.4,226.41,226.4,226.4,1.32,3
2026-08-07 21:24:00+00:00,226.51,226.59,226.29,226.56,27.26,29
2026-08-07 21:25:00+00:00,226.57,226.78,226.57,226.78,14.24,7
2026-08-07 21:26:00+00:00,226.68,226.7,226.67,226.67,1.31,3
2026-08-07 21:27:00+00:00,226.65,226.66,226.65,226.66,1.33,2
2026-08-07 21:28:00+00:00,226.66,226.74,226.66,226.66,5.45,7
2026-08-07 21:29:00+00:00,226.63,226.68,226.63,226.68,1.2,2
2026-08-07 21:30:00+00:00,226.63,226.67,226.44,226.57,10.29,15
2026-08-07 21:31:00+00:00,226.62,226.62,226.59,226.59,1.27,2
2026-08-07 21:32:00+00:00,226.55,226.55,226.55,226.55,1.21,2
2026-08-07 21:33:00+00:00,226.55,226.55,226.55,226.55,0.0,0
2026-08-07 21:34:00+00:00,226.55,226.55,226.55,226.55,0.0,0
2026-08-07 21:35:00+00:00,226.55,226.55,226.55,226.55,0.16,2
2026-08-07 21:36:00+00:00,226.51,226.55,226.51,226.55,0.19,2
2026-08-07 21:37:00+00:00,226.55,226.55,226.53,226.53,0.16,2
2026-08-07 21:38:00+00:00,226.47,226.56,226.47,226.49,6.22,12
2026-08-07 21:39:00+00:00,226.49,226.73,226.49,226.73,9.3,14
2026-08-07 21:40:00+00:00,226.76,226.83,226.67,226.71,5.34,11
2026-08-07 21:41:00+00:00,226.79,226.79,226.75,226.75,0.18,2
2026-08-07 21:42:00+00:00,226.72,226.96,226.7,226.72,11.92,15
2026-08-07 21:43:00+00:00,226.63,226.63,226.55,226.55,12.5,11
2026-08-07 21:44:00+00:00,226.57,227.05,226.55,226.99,16.05,16
2026-08-07 21:45:00+00:00,226.97,226.97,226.91,226.91,0.18,2
2026-08-07 21:46:00+00:00,226.91,226.96,226.91,226.96,0.18,2
2026-08-07 21:47:00+00:00,226.93,226.94,226.93,226.94,0.15,2
2026-08-07 21:48:00+00:00,226.9,226.98,226.82,226.98,3.26,7
2026-08-07 21:49:00+00:00,227.01,227.35,227.01,227.34,5.46,9
2026-08-07 21:50:00+00:00,227.31,227.95,227.31,227.91,29.55,21
2026-08-07 21:51:00+00:00,227.86,227.94,227.86,227.9,6.65,8
2026-08-07 21:52:00+00:00,227.89,227.9,227.64,227.74,1.52,4
2026-08-07 21:53:00+00:00,227.58,227.58,227.54,227.54,0.17,2
2026-08-07 21:54:00+00:00,227.45,227.45,227.44,227.44,0.18,2
2026-08-07 21:55:00+00:00,227.42,227.48,227.42,227.48,0.18,2
2026-08-07 21:56:00+00:00,227.46,227.49,227.39,227.39,2.49,7
2026-08-07 21:57:00+00:00,227.42,227.48,227.42,227.43,2.31,5
2026-08-07 21:58:00+00:00,227.47,227.47,227.42,227.42,0.18,2
2026-08-07 21:59:00+00:00,227.4,227.4,227.18,227.21,0.97,3
2026-08-07 22:00:00+00:00,227.25,227.25,227.18,227.2,41.5,26
2026-08-07 22:01:00+00:00,227.24,227.71,227.24,227.44,49.0,24
2026-08-07 22:02:00+00:00,227.49,227.51,227.41,227.51,0.94,5
2026-08-07 22:03:00+00:00,227.55,227.7,227.55,227.66,4.11,8
2026-08-07 22:04:00+00:00,227.57,227.57,227.52,227.52,3.27,7
2026-08-07 22:05:00+00:00,227.5,227.5,227.42,227.42,14.32,13
2026-08-07 22:06:00+00:00,227.38,227.49,227.38,227.47,2.33,6
2026-08-07 22:07:00+00:00,227.47,227.47,227.28,227.29,3.16,9
2026-08-07 22:08:00+00:00,227.31,227.34,227.3,227.34,0.38,3
2026-08-07 22:09:00+00:00,227.32,227.41,227.32,227.38,4.58,5
2026-08-07 22:10:00+00:00,227.4,227.4,227.1,227.1,4.29,6
2026-08-07 22:11:00+00:00,227.23,227.23,227.15,227.17,2.34,6
2026-08-07 22:12:00+00:00,227.18,227.22,227.16,227.16,3.96,6
2026-08-07 22:13:00+00:00,227.09,227.18,227.09,227.18,0.6,3
2026-08-07 22:14:00+00:00,227.11,227.12,227.11,227.12,0.19,2
2026-08-07 22:15:00+00:00,227.18,227.21,227.18,227.21,0.19,2
2026-08-07 22:16:00+00:00,227.13,227.23,227.13,227.23,0.61,3
2026-08-07 22:17:00+00:00,227.25,227.27,227.25,227.25,2.36,6
2026-08-07 22:18:00+00:00,227.17,227.17,227.09,227.09,0.17,2
2026-08-07 22:19:00+00:00,227.12,227.15,227.12,227.15,0.2,3
2026-08-07 22:20:00+00:00,227.13,227.13,227.11,227.11,0.16,2
2026-08-07 22:21:00+00:00,227.15,227.33,227.15,227.33,2.34,4
2026-08-07 22:22:00+00:00,227.48,227.48,227.44,227.44,0.16,2
2026-08-07 22:23:00+00:00,227.47,227.47,227.4,227.4,2.39,5
2026-08-07 22:24:00+00:00,227.32,227.36,227.32,227.36,0.17,3
2026-08-07 22:25:00+00:00,227.35,227.39,227.31,227.35,3.18,7
2026-08-07 22:26:00+00:00,227.4,228.06,227.4,227.83,146.79,51
2026-08-07 22:27:00+00:00,227.9,227.93,227.73,227.76,13.67,22
2026-08-07 22:28:00+00:00,227.84,227.88,227.84,227.88,0.17,3
2026-08-07 22:29:00+00:00,227.87,228.01,227.83,227.86,28.59,39
2026-08-07 22:30:00+00:00,227.84,227.87,227.84,227.86,1.04,3
2026-08-07 22:31:00+00:00,227.97,227.98,227.71,227.87,1.79,6
2026-08-07 22:32:00+00:00,227.85,227.85,227.76,227.8,2.35,4
2026-08-07 22:33:00+00:00,227.8,227.9,227.8,227.9,0.17,3
2026-08-07 22:34:00+00:00,227.89,227.94,227.89,227.94,0.2,3
2026-08-07 22:35:00+00:00,227.94,227.95,227.94,227.95,0.15,2
2026-08-07 22:36:00+00:00,227.95,227.96,227.95,227.96,1.01,4
2026-08-07 22:37:00+00:00,227.97,227.98,227.53,227.68,5.88,10
2026-08-07 22:38:00+00:00,227.59,227.59,227.57,227.59,0.73,4
2026-08-07 22:39:00+00:00,227.47,227.55,227.47,227.49,1.85,6
2026-08-07 22:40:00+00:00,227.46,227.84,227.46,227.84,0.57,4
2026-08-07 22:41:00+00:00,227.78,227.78,227.71,227.71,0.16,2
2026-08-07 22:42:00+00:00,227.84,227.86,227.74,227.75,4.9,13
2026-08-07 22:43:00+00:00,227.72,227.76,227.47,227.62,29.89,19
2026-08-07 22:44:00+00:00,227.56,227.64,227.52,227.52,4.49,9
2026-08-07 22:45:00+00:00,227.6,227.6,227.54,227.55,0.18,3
2026-08-07 22:46:00+00:00,227.6,227.6,227.6,227.6,0.17,2
2026-08-07 22:47:00+00:00,227.65,227.73,227.65,227.73,0.17,3
2026-08-07 22:48:00+00:00,227.69,227.69,227.45,227.55,33.91,29
2026-08-07 22:49:00+00:00,227.58,227.58,227.57,227.57,0.17,2
2026-08-07 22:50:00+00:00,227.57,227.58,227.36,227.37,0.8,5
2026-08-07 22:51:00+00:00,227.3,227.38,227.3,227.38,2.24,5
2026-08-07 22:52:00+00:00,227.29,227.29,227.28,227.28,0.15,2
2026-08-07 22:53:00+00:00,227.27,228.02,227.27,227.57,35.27,19
2026-08-07 22:54:00+00:00,227.34,227.81,227.34,227.68,66.85,34
2026-08-07 22:55:00+00:00,227.8,227.8,227.78,227.79,0.16,3
2026-08-07 22:56:00+00:00,227.81,227.82,227.81,227.82,0.2,4
2026-08-07 22:57:00+00:00,227.92,227.95,227.54,227.54,14.34,21
2026-08-07 22:58:00+00:00,227.64,227.64,227.62,227.63,0.18,3
2026-08-07 22:59:00+00:00,227.52,227.54,227.52,227.54,0.15,2
2026-08-07 23:00:00+00:00,227.59,227.59,227.45,227.45,2.67,7
2026-08-07 23:01:00+00:00,227.39,227.39,227.33,227.37,1.96,6
2026-08-07 23:02:00+00:00,227.32,227.37,227.32,227.37,3.6,9
2026-08-07 23:03:00+00:00,227.37,227.37,227.36,227.37,1.26,5
2026-08-07 23:04:00+00:00,227.35,227.37,227.35,227.37,0.17,2
2026-08-07 23:05:00+00:00,227.33,227.33,227.26,227.27,0.17,3
2026-08-07 23:06:00+00:00,227.29,227.34,227.29,227.34,0.16,3
2026-08-07 23:07:00+00:00,227.32,227.33,227.32,227.33,0.2,2
2026-08-07 23:08:00+00:00,227.31,227.32,227.31,227.32,0.16,2
2026-08-07 23:09:00+00:00,227.34,227.35,227.27,227.27,0.16,3
2026-08-07 23:10:00+00:00,227.3,227.63,227.3,227.63,19.05,10
2026-08-07 23:11:00+00:00,227.66,227.67,227.56,227.64,5.24,12
2026-08-07 23:12:00+00:00,227.69,227.69,227.64,227.64,0.18,2
2026-08-07 23:13:00+00:00,227.64,227.87,227.64,227.78,7.61,11
2026-08-07 23:14:00+00:00,227.79,227.8,227.69,227.69,0.17,3
2026-08-07 23:15:00+00:00,227.8,227.98,227.67,227.67,17.58,11
2026-08-07 23:16:00+00:00,227.64,227.69,227.64,227.69,0.19,2
2026-08-07 23:17:00+00:00,227.75,227.75,227.74,227.75,0.16,3
2026-08-07 23:18:00+00:00,227.74,227.76,227.72,227.74,4.03,8
2026-08-07 23:19:00+00:00,227.74,227.76,227.74,227.75,0.25,4
2026-08-07 23:20:00+00:00,227.74,227.77,227.54,227.71,2.73,7
2026-08-07 23:21:00+00:00,227.77,227.94,227.77,227.87,11.24,14
2026-08-07 23:22:00+00:00,227.92,227.92,227.85,227.86,1.06,4
2026-08-07 23:23:00+00:00,227.88,227.88,227.78,227.78,3.5,9
2026-08-07 23:24:00+00:00,227.86,227.97,227.86,227.94,7.17,11
2026-08-07 23:25:00+00:00,228.0,228.0,227.8,227.8,1.49,4
2026-08-07 23:26:00+00:00,227.8,227.87,227.8,227.87,0.18,2
2026-08-07 23:27:00+00:00,227.9,228.02,227.9,228.02,1.89,5
2026-08-07 23:28:00+00:00,228.03,228.03,228.02,228.02,7.18,6
2026-08-07 23:29:00+00:00,228.02,228.02,227.94,227.94,0.63,3
2026-08-07 23:30:00+00:00,227.95,228.03,227.95,228.03,9.21,11
2026-08-07 23:31:00+00:00,228.22,228.23,228.22,228.23,0.15,2
2026-08-07 23:32:00+00:00,228.23,228.29,228.23,228.29,1.74,4
2026-08-07 23:33:00+00:00,228.26,228.35,228.26,228.35,2.26,6
2026-08-07 23:34:00+00:00,228.23,228.35,228.23,228.32,5.63,10
2026-08-07 23:35:00+00:00,228.3,228.35,228.23,228.23,3.11,8
2026-08-07 23:36:00+00:00,228.27,228.36,228.27,228.29,4.18,7
2026-08-07 23:37:00+00:00,228.33,228.37,228.26,228.26,0.42,6
2026-08-07 23:38:00+00:00,228.27,228.28,228.26,228.26,0.18,3
2026-08-07 23:39:00+00:00,228.29,228.3,228.18,228.18,0.68,4
2026-08-07 23:40:00+00:00,228.17,228.28,228.17,228.28,0.68,3
2026-08-07 23:41:00+00:00,228.3,228.31,228.29,228.29,0.17,3
2026-08-07 23:42:00+00:00,228.29,228.3,228.24,228.24,0.19,3
2026-08-07 23:43:00+00:00,228.24,228.28,228.24,228.28,0.17,2
2026-08-07 23:44:00+00:00,228.17,228.28,228.17,228.26,0.57,5
2026-08-07 23:45:00+00:00,228.27,228.35,228.21,228.35,1.08,5
2026-08-07 23:46:00+00:00,228.35,228.37,228.35,228.37,0.18,3
2026-08-07 23:47:00+00:00,228.43,228.44,228.42,228.42,1.03,4
2026-08-07 23:48:00+00:00,228.43,228.53,228.43,228.53,7.0,9
2026-08-07 23:49:00+00:00,228.46,228.82,228.46,228.75,190.13,48
2026-08-07 23:50:00+00:00,228.58,228.79,228.55,228.72,5.88,11
2026-08-07 23:51:00+00:00,228.67,228.71,228.64,228.71,5.0,11
2026-08-07 23:52:00+00:00,228.73,228.78,228.68,228.78,1.61,6
2026-08-07 23:53:00+00:00,228.7,228.74,228.7,228.74,0.16,2
2026-08-07 23:54:00+00:00,228.72,228.82,228.72,228.82,15.5,5
2026-08-07 23:55:00+00:00,228.65,228.77,228.65,228.71,17.11,17
2026-08-07 23:56:00+00:00,228.64,228.7,228.56,228.65,34.2,15
2026-08-07 23:57:00+00:00,228.68,228.68,228.67,228.68,0.52,4
2026-08-07 23:58:00+00:00,228.76,228.76,228.6,228.61,10.65,13
2026-08-07 23:59:00+00:00,228.52,228.52,228.51,228.51,0.16,2
2026-08-08 00:00:00+00:00,228.54,228.54,228.54,228.54,0.11,1
2026-08-08 00:01:00+00:00,228.54,228.54,228.54,228.54,0.0,0
2026-08-08 00:02:00+00:00,228.63,228.88,228.63,228.88,7.67,11
2026-08-08 00:03:00+00:00,228.88,229.11,228.88,229.11,26.74,18
2026-08-08 00:04:00+00:00,228.76,228.77,228.76,228.76,3.9,6
2026-08-08 00:05:00+00:00,228.75,228.75,228.75,228.75,0.72,1
2026-08-08 00:06:00+00:00,228.47,228.59,228.47,228.51,6.0,10
2026-08-08 00:07:00+00:00,228.51,228.51,228.51,228.51,0.0,0
2026-08-08 00:08:00+00:00,228.51,228.51,228.51,228.51,0.0,0
2026-08-08 00:09:00+00:00,228.51,228.51,228.51,228.51,0.0,0
2026-08-08 00:10:00+00:00,228.26,228.28,228.23,228.28,4.11,7
2026-08-08 00:11:00+00:00,228.37,228.39,228.26,228.28,7.87,9
2026-08-08 00:12:00+00:00,228.26,228.26,228.24,228.24,0.77,2
2026-08-08 00:13:00+00:00,228.24,228.24,228.24,228.24,0.0,0
2026-08-08 00:14:00+00:00,228.2,228.2,228.16,228.16,1.35,2
2026-08-08 00:15:00+00:00,228.16,228.16,228.16,228.16,0.0,0
2026-08-08 00:16:00+00:00,228.16,228.16,228.16,228.16,0.0,0
2026-08-08 00:17:00+00:00,228.16,228.16,228.16,228.16,0.0,0
2026-08-08 00:18:00+00:00,228.16,228.16,228.16,228.16,0.0,0
2026-08-08 00:19:00+00:00,228.16,228.16,228.16,228.16,0.0,0
2026-08-08 00:20:00+00:00,228.08,228.08,227.77,228.06,87.87,53
2026-08-08 00:21:00+00:00,227.95,227.95,227.92,227.92,1.09,3
2026-08-08 00:22:00+00:00,228.06,228.48,228.06,228.47,53.12,19
2026-08-08 00:23:00+00:00,228.46,228.83,228.46,228.82,92.34,33
2026-08-08 00:24:00+00:00,228.8,228.8,228.8,228.8,0.64,1
2026-08-08 00:25:00+00:00,228.83,228.83,228.83,228.83,0.69,1
2026-08-08 00:26:00+00:00,228.83,228.83,228.83,228.83,4.35,1
2026-08-08 00:27:00+00:00,228.96,228.98,228.95,228.95,7.07,7
2026-08-08 00:28:00+00:00,229.02,229.09,229.02,229.08,2.32,5
2026-08-08 00:29:00+00:00,229.14,229.14,229.12,229.14,9.82,13
2026-08-08 00:30:00+00:00,229.08,229.11,229.03,229.11,2.29,5
2026-08-08 00:31:00+00:00,229.11,229.11,229.11,229.11,0.0,0
2026-08-08 00:32:00+00:00,229.06,229.27,228.98,228.98,11.03,15
2026-08-08 00:33:00+00:00,228.98,228.98,228.98,228.98,0.0,0
2026-08-08 00:34:00+00:00,229.06,229.06,229.06,229.06,0.08,1
2026-08-08 00:35:00+00:00,229.06,229.06,229.04,229.06,19.7,16
2026-08-08 00:36:00+00:00,228.93,228.93,228.92,228.92,0.78,2
2026-08-08 00:37:00+00:00,228.92,228.92,228.92,228.92,0.0,0
2026-08-08 00:38:00+00:00,228.92,228.92,228.92,228.92,0.0,0
2026-08-08 00:39:00+00:00,228.92,228.92,228.92,228.92,0.0,0
2026-08-08 00:40:00+00:00,229.08,229.08,229.08,229.08,0.53,1
2026-08-08 00:41:00+00:00,229.08,229.08,229.08,229.08,0.0,0
2026-08-08 00:42:00+00:00,229.08,229.08,229.08,229.08,0.0,0
2026-08-08 00:43:00+00:00,229.08,229.08,229.08,229.08,0.0,0
2026-08-08 00:44:00+00:00,229.03,229.03,229.03,229.03,0.07,1
2026-08-08 00:45:00+00:00,229.03,229.03,229.03,229.03,0.0,0
2026-08-08 00:46:00+00:00,229.03,229.03,229.03,229.03,0.0,0
2026-08-08 00:47:00+00:00,229.03,229.03,229.03,229.03,0.0,0
2026-08-08 00:48:00+00:00,229.03,229.03,229.03,229.03,0.0,0
2026-08-08 00:49:00+00:00,228.88,228.94,228.86,228.94,25.89,5
2026-08-08 00:50:00+00:00,228.92,228.92,228.91,228.91,0.43,2
2026-08-08 00:51:00+00:00,228.91,228.91,228.88,228.88,0.43,2
2026-08-08 00:52:00+00:00,228.88,228.88,228.88,228.88,0.0,0
2026-08-08 00:53:00+00:00,228.88,228.88,228.88,228.88,0.0,0
2026-08-08 00:54:00+00:00,228.88,228.88,228.88,228.88,0.0,0
2026-08-08 00:55:00+00:00,228.91,228.91,228.91,228.91,1.09,1
2026-08-08 00:56:00+00:00,228.91,228.91,228.91,228.91,0.0,0
2026-08-08 00:57:00+00:00,228.91,228.91,228.91,228.91,0.0,0
2026-08-08 00:58:00+00:00,228.97,228.99,228.96,228.99,1.89,6
2026-08-08 00:59:00+00:00,229.0,229.0,229.0,229.0,0.7,1
2026-08-08 01:00:00+00:00,229.0,229.0,229.0,229.0,1.09,1
2026-08-08 01:01:00+00:00,228.94,229.0,228.94,228.97,0.33,4
2026-08-08 01:02:00+00:00,228.99,229.03,228.99,229.03,1.11,2
2026-08-08 01:03:00+00:00,229.09,229.12,229.08,229.08,13.72,10
2026-08-08 01:04:00+00:00,229.08,229.08,229.08,229.08,0.0,0
2026-08-08 01:05:00+00:00,229.08,229.08,229.08,229.08,0.0,0
2026-08-08 01:06:00+00:00,229.12,229.21,229.12,229.15,3.52,8
2026-08-08 01:07:00+00:00,229.15,229.15,229.15,229.15,0.0,0
2026-08-08 01:08:00+00:00,229.12,229.12,228.52,228.52,106.3,54
2026-08-08 01:09:00+00:00,228.49,228.54,228.49,228.54,0.48,2
2026-08-08 01:10:00+00:00,228.46,228.54,228.45,228.54,3.43,5
2026-08-08 01:11:00+00:00,228.56,228.76,228.56,228.76,3.35,8
2026-08-08 01:12:00+00:00,228.83,228.83,228.81,228.83,1.17,5
2026-08-08 01:13:00+00:00,228.84,228.84,228.84,228.84,0.26,1
2026-08-08 01:14:00+00:00,228.84,228.84,228.84,228.84,0.0,0
2026-08-08 01:15:00+00:00,228.84,228.84,228.84,228.84,0.0,0
2026-08-08 01:16:00+00:00,228.75,228.75,228.75,228.75,2.62,2
2026-08-08 01:17:00+00:00,228.75,228.75,228.75,228.75,0.0,0
2026-08-08 01:18:00+00:00,228.87,228.87,228.84,228.84,2.32,4
2026-08-08 01:19:00+00:00,228.84,228.84,228.84,228.84,0.0,0
2026-08-08 01:20:00+00:00,228.73,228.75,228.73,228.75,1.8,4
2026-08-08 01:21:00+00:00,228.8,228.95,228.8,228.93,2.29,5
2026-08-08 01:22:00+00:00,228.98,228.98,228.98,228.98,4.27,3
2026-08-08 01:23:00+00:00,229.0,229.0,229.0,229.0,0.07,1
2026-08-08 01:24:00+00:00,229.0,229.0,229.0,229.0,0.0,0
2026-08-08 01:25:00+00:00,229.0,229.0,229.0,229.0,0.0,0
2026-08-08 01:26:00+00:00,229.0,229.0,229.0,229.0,0.0,0
2026-08-08 01:27:00+00:00,229.0,229.0,229.0,229.0,0.0,0
2026-08-08 01:28:00+00:00,229.0,229.0,229.0,229.0,0.0,0
2026-08-08 01:29:00+00:00,229.0,229.0,229.0,229.0,0.0,0
2026-08-08 01:30:00+00:00,229.0,229.0,229.0,229.0,0.0,0
2026-08-08 01:31:00+00:00,229.0,229.0,229.0,229.0,0.0,0
2026-08-08 01:32:00+00:00,229.0,229.02,228.98,229.02,2.54,5
2026-08-08 01:33:00+00:00,228.98,228.98,228.98,228.98,1.26,2
2026-08-08 01:34:00+00:00,229.15,229.15,229.14,229.14,0.18,3
2026-08-08 01:35:00+00:00,229.13,229.13,229.13,229.13,1.89,3
2026-08-08 01:36:00+00:00,229.13,229.13,229.13,229.13,0.0,0
2026-08-08 01:37:00+00:00,229.16,229.16,229.16,229.16,0.87,2
2026-08-08 01:38:00+00:00,229.16,229.16,229.16,229.16,0.0,0
2026-08-08 01:39:00+00:00,229.16,229.16,229.16,229.16,0.0,0
2026-08-08 01:40:00+00:00,229.23,229.23,229.23,229.23,0.07,1
2026-08-08 01:41:00+00:00,229.23,229.23,229.23,229.23,0.0,0
2026-08-08 01:42:00+00:00,229.1,229.1,229.06,229.06,2.46,7
2026-08-08 01:43:00+00:00,229.06,229.06,229.06,229.06,0.0,0
2026-08-08 01:44:00+00:00,229.08,229.08,229.08,229.08,1.89,3
2026-08-08 01:45:00+00:00,229.08,229.08,229.08,229.08,0.0,0
2026-08-08 01:46:00+00:00,229.08,229.08,229.08,229.08,0.0,0
2026-08-08 01:47:00+00:00,228.98,229.19,228.98,229.19,1.84,5
2026-08-08 01:48:00+00:00,229.05,229.05,229.05,229.05,0.37,1
2026-08-08 01:49:00+00:00,228.95,228.97,228.95,228.97,0.18,3
2026-08-08 01:50:00+00:00,228.95,228.95,228.95,228.95,0.08,1
2026-08-08 01:51:00+00:00,228.8,228.8,228.8,228.8,0.06,1
2026-08-08 01:52:00+00:00,228.75,228.89,228.75,228.89,0.37,3
2026-08-08 01:53:00+00:00,228.95,228.97,228.95,228.97,0.37,2
2026-08-08 01:54:00+00:00,228.97,228.97,228.97,228.97,0.0,0
2026-08-08 01:55:00+00:00,229.03,229.03,229.03,229.03,0.07,1
2026-08-08 01:56:00+00:00,229.07,229.26,229.05,229.26,0.7,4
2026-08-08 01:57:00+00:00,229.25,229.29,229.22,229.29,1.76,4
2026-08-08 01:58:00+00:00,229.29,229.29,229.29,229.29,0.0,0
2026-08-08 01:59:00+00:00,229.17,229.17,229.12,229.12,0.97,3
2026-08-08 02:00:00+00:00,229.12,229.16,229.12,229.16,25.55,5
2026-08-08 02:01:00+00:00,229.21,229.21,229.2,229.2,0.42,2
2026-08-08 02:02:00+00:00,229.2,229.2,229.2,229.2,0.0,0
2026-08-08 02:03:00+00:00,229.18,229.18,229.09,229.09,2.53,7
2026-08-08 02:04:00+00:00,229.15,229.15,229.08,229.08,3.43,6
2026-08-08 02:05:00+00:00,229.14,229.15,229.08,229.08,0.66,5
2026-08-08 02:06:00+00:00,229.15,229.15,229.15,229.15,2.18,1
2026-08-08 02:07:00+00:00,229.08,229.08,229.08,229.08,0.24,1
2026-08-08 02:08:00+00:00,229.05,229.06,228.98,228.98,5.52,11
2026-08-08 02:09:00+00:00,229.08,229.23,229.06,229.06,0.8,6
2026-08-08 02:10:00+00:00,229.08,229.15,229.08,229.15,0.72,4
2026-08-08 02:11:00+00:00,229.11,229.11,229.09,229.09,0.1,2
2026-08-08 02:12:00+00:00,229.06,229.09,229.01,229.01,1.71,6
2026-08-08 02:13:00+00:00,229.01,229.01,229.01,229.01,0.0,0
2026-08-08 02:14:00+00:00,229.01,229.01,229.01,229.01,0.0,0
2026-08-08 02:15:00+00:00,229.01,229.35,229.01,229.35,0.41,2
2026-08-08 02:16:00+00:00,229.35,229.43,229.35,229.38,6.04,8
2026-08-08 02:17:00+00:00,229.44,229.52,229.39,229.39,10.67,14
2026-08-08 02:18:00+00:00,229.39,229.39,229.39,229.39,0.38,1
2026-08-08 02:19:00+00:00,229.37,229.43,229.31,229.39,14.12,19
2026-08-08 02:20:00+00:00,229.39,229.42,229.39,229.42,2.81,5
2026-08-08 02:21:00+00:00,229.48,229.48,229.42,229.42,10.66,12
2026-08-08 02:22:00+00:00,229.44,229.44,229.43,229.43,1.07,2
2026-08-08 02:23:00+00:00,229.43,229.43,229.38,229.38,7.15,3
2026-08-08 02:24:00+00:00,229.38,229.38,229.38,229.38,0.0,0
2026-08-08 02:25:00+00:00,229.38,229.38,229.38,229.38,0.0,0
2026-08-08 02:26:00+00:00,229.33,229.47,229.33,229.47,8.96,5
2026-08-08 02:27:00+00:00,229.47,229.47,229.47,229.47,0.0,0
2026-08-08 02:28:00+00:00,229.47,229.47,229.47,229.47,0.0,0
2026-08-08 02:29:00+00:00,229.29,229.29,229.29,229.29,0.67,1
2026-08-08 02:30:00+00:00,229.25,229.28,229.25,229.28,59.79,3
2026-08-08 02:31:00+00:00,229.32,229.41,229.32,229.41,1.42,5
2026-08-08 02:32:00+00:00,229.38,229.46,229.38,229.46,26.69,16
2026-08-08 02:33:00+00:00,229.47,229.47,229.47,229.47,0.11,2
2026-08-08 02:34:00+00:00,229.47,229.47,229.47,229.47,0.0,0
2026-08-08 02:35:00+00:00,229.47,229.47,229.47,229.47,0.0,0
2026-08-08 02:36:00+00:00,229.37,229.37,229.37,229.37,0.13,1
2026-08-08 02:37:00+00:00,229.4,229.4,229.4,229.4,0.23,3
2026-08-08 02:38:00+00:00,229.4,229.4,229.4,229.4,0.0,0
2026-08-08 02:39:00+00:00,229.4,229.4,229.4,229.4,0.0,0
2026-08-08 02:40:00+00:00,229.22,229.24,229.22,229.24,0.84,2
2026-08-08 02:41:00+00:00,229.24,229.24,229.24,229.24,0.13,2
2026-08-08 02:42:00+00:00,229.24,229.24,229.24,229.24,0.11,1
2026-08-08 02:43:00+00:00,229.24,229.34,229.24,229.34,0.43,4
2026-08-08 02:44:00+00:00,229.34,229.38,229.34,229.38,2.24,3
2026-08-08 02:45:00+00:00,229.26,229.29,229.26,229.27,1.31,5
2026-08-08 02:46:00+00:00,229.26,229.29,229.26,229.29,4.44,4
2026-08-08 02:47:00+00:00,229.29,229.29,229.29,229.29,0.0,0
2026-08-08 02:48:00+00:00,229.29,229.29,229.29,229.29,0.0,0
2026-08-08 02:49:00+00:00,229.25,229.25,229.25,229.25,1.7,3
2026-08-08 02:50:00+00:00,229.27,229.27,229.27,229.27,0.6,1
2026-08-08 02:51:00+00:00,229.1,229.12,229.1,229.12,1.13,2
2026-08-08 02:52:00+00:00,229.12,229.12,229.12,229.12,0.06,1
2026-08-08 02:53:00+00:00,229.12,229.12,229.12,229.12,0.1,2
2026-08-08 02:54:00+00:00,229.12,229.12,229.06,229.06,4.01,8
2026-08-08 02:55:00+00:00,229.06,229.06,229.06,229.06,0.0,0
2026-08-08 02:56:00+00:00,228.95,228.95,228.95,228.95,0.15,2
2026-08-08 02:57:00+00:00,228.95,228.97,228.95,228.96,8.37,8
2026-08-08 02:58:00+00:00,228.97,228.97,228.94,228.97,9.28,17
2026-08-08 02:59:00+00:00,228.97,228.97,228.97,228.97,2.78,5
2026-08-08 03:00:00+00:00,228.94,228.97,228.94,228.97,4.56,5
2026-08-08 03:01:00+00:00,228.97,228.97,228.96,228.97,6.71,11
2026-08-08 03:02:00+00:00,228.97,228.97,228.95,228.95,19.32,25
2026-08-08 03:03:00+00:00,228.96,228.96,228.96,228.96,0.07,1
2026-08-08 03:04:00+00:00,228.96,228.96,228.96,228.96,0.0,0
2026-08-08 03:05:00+00:00,228.97,228.97,228.94,228.94,2.76,2
2026-08-08 03:06:00+00:00,228.94,228.94,228.94,228.94,0.0,0
2026-08-08 03:07:00+00:00,228.94,228.94,228.94,228.94,0.0,0
2026-08-08 03:08:00+00:00,228.94,228.94,228.94,228.94,0.0,0
2026-08-08 03:09:00+00:00,228.94,228.94,228.94,228.94,0.0,0
2026-08-08 03:10:00+00:00,228.94,228.94,228.94,228.94,0.0,0
2026-08-08 03:11:00+00:00,228.94,228.94,228.94,228.94,0.0,0
2026-08-08 03:12:00+00:00,228.95,228.97,228.95,228.97,9.41,10
2026-08-08 03:13:00+00:00,228.9,228.9,228.88,228.88,0.41,2
2026-08-08 03:14:00+00:00,228.97,228.97,228.94,228.96,8.01,12
2026-08-08 03:15:00+00:00,228.96,228.96,228.96,228.96,0.96,3
2026-08-08 03:16:00+00:00,228.96,228.96,228.96,228.96,0.0,0
2026-08-08 03:17:00+00:00,228.96,228.96,228.96,228.96,0.17,1
2026-08-08 03:18:00+00:00,228.97,228.97,228.96,228.96,2.23,2
2026-08-08 03:19:00+00:00,228.97,228.97,228.91,228.91,3.44,3
2026-08-08 03:20:00+00:00,228.86,228.86,228.15,228.83,293.69,61
2026-08-08 03:21:00+00:00,228.83,228.83,228.83,228.83,0.0,0
2026-08-08 03:22:00+00:00,228.77,228.86,228.77,228.86,1.36,4
2026-08-08 03:23:00+00:00,228.86,228.86,228.86,228.86,0.0,0
2026-08-08 03:24:00+00:00,228.84,228.84,228.8,228.8,0.86,3
2026-08-08 03:25:00+00:00,228.69,228.69,228.69,228.69,2.18,1
2026-08-08 03:26:00+00:00,228.69,228.69,228.69,228.69,0.0,0
2026-08-08 03:27:00+00:00,228.67,228.67,228.67,228.67,0.28,1
2026-08-08 03:28:00+00:00,228.67,228.67,228.67,228.67,0.0,0
2026-08-08 03:29:00+00:00,228.67,228.67,228.67,228.67,0.0,0
2026-08-08 03:30:00+00:00,228.73,228.73,228.73,228.73,0.44,1
2026-08-08 03:31:00+00:00,228.67,228.68,228.67,228.68,0.72,2
2026-08-08 03:32:00+00:00,228.7,228.7,228.7,228.7,0.07,1
2026-08-08 03:33:00+00:00,228.7,228.7,228.7,228.7,0.0,0
2026-08-08 03:34:00+00:00,228.51,228.51,228.49,228.49,0.93,3
2026-08-08 03:35:00+00:00,228.49,228.49,228.49,228.49,0.36,1
2026-08-08 03:36:00+00:00,228.49,228.49,228.49,228.49,0.0,0
2026-08-08 03:37:00+00:00,228.49,228.49,228.49,228.49,0.0,0
2026-08-08 03:38:00+00:00,228.39,228.52,228.39,228.52,6.45,3
2026-08-08 03:39:00+00:00,228.59,228.59,228.58,228.58,0.43,2
2026-08-08 03:40:00+00:00,228.54,228.61,228.54,228.61,0.86,2
2026-08-08 03:41:00+00:00,228.67,228.67,228.67,228.67,0.27,1
2026-08-08 03:42:00+00:00,228.67,228.67,228.67,228.67,0.0,0
2026-08-08 03:43:00+00:00,228.47,228.47,228.43,228.45,0.62,3
2026-08-08 03:44:00+00:00,228.36,228.38,228.31,228.31,3.53,5
2026-08-08 03:45:00+00:00,228.35,228.36,228.25,228.25,0.55,4
2026-08-08 03:46:00+00:00,228.15,228.19,228.14,228.19,0.75,3
2026-08-08 03:47:00+00:00,228.18,228.18,228.18,228.18,1.38,3
2026-08-08 03:48:00+00:00,228.15,228.15,228.05,228.07,2.95,6
2026-08-08 03:49:00+00:00,228.05,228.07,228.03,228.03,0.48,4
2026-08-08 03:50:00+00:00,228.02,228.18,228.02,228.18,2.11,6
2026-08-08 03:51:00+00:00,228.26,228.26,228.13,228.13,0.9,5
2026-08-08 03:52:00+00:00,228.13,228.13,228.13,228.13,0.0,0
2026-08-08 03:53:00+00:00,228.07,228.07,228.06,228.06,0.21,2
2026-08-08 03:54:00+00:00,228.02,228.02,228.02,228.02,0.3,1
2026-08-08 03:55:00+00:00,227.99,228.04,227.98,228.04,0.44,3
2026-08-08 03:56:00+00:00,228.03,228.17,228.03,228.17,1.2,6
2026-08-08 03:57:00+00:00,228.27,228.32,228.27,228.32,0.69,2
2026-08-08 03:58:00+00:00,228.32,228.32,228.32,228.32,0.0,0
2026-08-08 03:59:00+00:00,228.32,228.32,228.32,228.32,0.0,0
2026-08-08 04:00:00+00:00,228.21,228.22,228.2,228.2,1.25,3
2026-08-08 04:01:00+00:00,228.08,228.08,228.08,228.08,0.32,1
2026-08-08 04:02:00+00:00,228.08,228.08,228.08,228.08,0.0,0
2026-08-08 04:03:00+00:00,228.07,228.07,228.04,228.07,0.43,4
2026-08-08 04:04:00+00:00,228.3,228.3,228.19,228.19,1.56,6
2026-08-08 04:05:00+00:00,228.19,228.19,228.19,228.19,0.0,0
2026-08-08 04:06:00+00:00,227.93,228.0,227.93,228.0,1.01,4
2026-08-08 04:07:00+00:00,228.0,228.0,228.0,228.0,0.0,0
2026-08-08 04:08:00+00:00,228.0,228.0,228.0,228.0,0.0,0
2026-08-08 04:09:00+00:00,227.9,227.9,227.9,227.9,0.1,1
2026-08-08 04:10:00+00:00,227.9,227.9,227.9,227.9,0.0,0
2026-08-08 04:11:00+00:00,227.9,227.9,227.9,227.9,0.0,0
2026-08-08 04:12:00+00:00,227.89,227.89,227.89,227.89,0.16,1
2026-08-08 04:13:00+00:00,227.89,227.89,227.89,227.89,0.0,0
2026-08-08 04:14:00+00:00,227.89,227.89,227.89,227.89,0.0,0
2026-08-08 04:15:00+00:00,228.07,228.07,228.07,228.07,2.18,1
2026-08-08 04:16:00+00:00,228.07,228.07,228.07,228.07,0.0,0
2026-08-08 04:17:00+00:00,228.05,228.05,228.05,228.05,0.07,1
2026-08-08 04:18:00+00:00,227.96,227.96,227.96,227.96,0.07,1
2026-08-08 04:19:00+00:00,227.96,227.96,227.96,227.96,0.0,0
2026-08-08 04:20:00+00:00,227.96,227.96,227.96,227.96,0.0,0
2026-08-08 04:21:00+00:00,227.96,227.96,227.96,227.96,0.0,0
2026-08-08 04:22:00+00:00,227.96,227.96,227.96,227.96,0.0,0
2026-08-08 04:23:00+00:00,227.85,227.85,227.85,227.85,0.25,1
2026-08-08 04:24:00+00:00,227.85,227.85,227.85,227.85,0.0,0
2026-08-08 04:25:00+00:00,227.85,227.85,227.85,227.85,0.0,0
2026-08-08 04:26:00+00:00,228.21,228.22,228.06,228.06,5.13,12
2026-08-08 04:27:00+00:00,228.21,228.22,228.21,228.22,9.57,8
2026-08-08 04:28:00+00:00,228.22,228.22,228.22,228.22,0.0,0
2026-08-08 04:29:00+00:00,228.17,228.17,228.17,228.17,0.05,1
2026-08-08 04:30:00+00:00,228.17,228.17,228.17,228.17,0.0,0
2026-08-08 04:31:00+00:00,228.17,228.17,228.17,228.17,0.0,0
2026-08-08 04:32:00+00:00,228.17,228.17,228.17,228.17,0.0,0
2026-08-08 04:33:00+00:00,228.17,228.22,228.17,228.22,2.24,5
2026-08-08 04:34:00+00:00,228.16,228.18,228.16,228.18,0.82,3
2026-08-08 04:35:00+00:00,228.18,228.18,228.18,228.18,0.0,0
2026-08-08 04:36:00+00:00,228.23,228.28,228.23,228.28,0.83,4
2026-08-08 04:37:00+00:00,228.15,228.15,228.15,228.15,0.54,1
2026-08-08 04:38:00+00:00,228.15,228.15,228.15,228.15,0.0,0
2026-08-08 04:39:00+00:00,228.15,228.15,228.15,228.15,0.0,0
2026-08-08 04:40:00+00:00,228.15,228.15,228.15,228.15,0.0,0
2026-08-08 04:41:00+00:00,228.15,228.15,228.15,228.15,0.0,0
2026-08-08 04:42:00+00:00,228.15,228.15,228.15,228.15,0.0,0
2026-08-08 04:43:00+00:00,228.15,228.15,228.15,228.15,0.0,0
2026-08-08 04:44:00+00:00,228.15,228.15,228.15,228.15,0.0,0
2026-08-08 04:45:00+00:00,228.15,228.15,228.15,228.15,0.0,0
2026-08-08 04:46:00+00:00,228.15,228.15,228.15,228.15,0.0,0
2026-08-08 04:47:00+00:00,228.15,228.15,228.15,228.15,0.0,0
2026-08-08 04:48:00+00:00,228.15,228.15,228.15,228.15,0.0,0
2026-08-08 04:49:00+00:00,228.15,228.15,228.15,228.15,0.0,0
2026-08-08 04:50:00+00:00,227.85,227.85,227.85,227.85,0.54,1
2026-08-08 04:51:00+00:00,227.85,227.85,227.85,227.85,0.0,0
2026-08-08 04:52:00+00:00,227.83,227.83,227.83,227.83,0.19,2
2026-08-08 04:53:00+00:00,227.76,227.76,227.72,227.72,10.33,8
2026-08-08 04:54:00+00:00,227.72,227.72,227.72,227.72,0.0,0
2026-08-08 04:55:00+00:00,227.68,227.72,227.68,227.72,0.71,3
2026-08-08 04:56:00+00:00,227.72,227.72,227.72,227.72,0.0,0
2026-08-08 04:57:00+00:00,227.72,227.72,227.72,227.72,0.0,0
2026-08-08 04:58:00+00:00,227.72,227.72,227.72,227.72,0.0,0
2026-08-08 04:59:00+00:00,227.77,227.77,227.77,227.77,0.5,1
2026-08-08 05:00:00+00:00,227.77,227.77,227.77,227.77,0.0,0
2026-08-08 05:01:00+00:00,227.77,227.77,227.77,227.77,0.0,0
2026-08-08 05:02:00+00:00,227.59,227.59,227.39,227.41,3.16,10
2026-08-08 05:03:00+00:00,227.36,227.39,227.36,227.36,4.72,11
2026-08-08 05:04:00+00:00,227.36,227.36,227.36,227.36,0.0,0
2026-08-08 05:05:00+00:00,227.43,227.43,227.43,227.43,2.46,1
2026-08-08 05:06:00+00:00,227.43,227.43,227.43,227.43,0.0,0
2026-08-08 05:07:00+00:00,227.36,227.36,227.36,227.36,17.08,9
2026-08-08 05:08:00+00:00,227.42,227.42,227.31,227.31,17.68,5
2026-08-08 05:09:00+00:00,227.29,227.29,227.28,227.29,6.16,6
2026-08-08 05:10:00+00:00,227.24,227.29,227.24,227.29,9.3,5
2026-08-08 05:11:00+00:00,227.23,227.25,227.23,227.23,7.8,7
2026-08-08 05:12:00+00:00,227.22,227.33,227.22,227.33,6.57,7
2026-08-08 05:13:00+00:00,227.31,227.37,227.31,227.37,19.71,15
2026-08-08 05:14:00+00:00,227.31,227.34,227.22,227.23,15.48,12
2026-08-08 05:15:00+00:00,227.33,227.38,227.3,227.33,15.33,13
2026-08-08 05:16:00+00:00,227.38,227.6,227.38,227.6,24.09,30
2026-08-08 05:17:00+00:00,227.47,227.65,227.33,227.41,16.07,21
2026-08-08 05:18:00+00:00,227.39,227.6,227.38,227.38,10.3,14
2026-08-08 05:19:00+00:00,227.4,227.58,227.4,227.58,10.33,15
2026-08-08 05:20:00+00:00,227.57,227.69,227.57,227.62,17.93,25
2026-08-08 05:21:00+00:00,227.6,227.75,227.53,227.54,12.38,21
2026-08-08 05:22:00+00:00,227.51,227.57,227.51,227.56,6.74,8
2026-08-08 05:23:00+00:00,227.51,227.75,227.5,227.75,22.47,24
2026-08-08 05:24:00+00:00,227.75,227.75,227.75,227.75,4.38,3
2026-08-08 05:25:00+00:00,227.47,227.52,227.47,227.52,13.14,13
2026-08-08 05:26:00+00:00,227.49,227.54,227.48,227.54,6.98,8
2026-08-08 05:27:00+00:00,227.67,227.71,227.67,227.71,2.84,6
2026-08-08 05:28:00+00:00,227.72,227.75,227.72,227.75,2.19,5
2026-08-08 05:29:00+00:00,227.57,227.57,227.57,227.57,2.94,3
2026-08-08 05:30:00+00:00,227.57,227.57,227.57,227.57,0.0,0
2026-08-08 05:31:00+00:00,227.56,227.56,227.56,227.56,0.06,1
2026-08-08 05:32:00+00:00,227.66,227.66,227.19,227.19,33.82,34
2026-08-08 05:33:00+00:00,227.19,227.19,227.19,227.19,0.0,0
2026-08-08 05:34:00+00:00,227.19,227.19,227.19,227.19,0.0,0
2026-08-08 05:35:00+00:00,227.6,227.6,227.57,227.57,4.08,10
2026-08-08 05:36:00+00:00,227.57,227.57,227.57,227.57,0.0,0
2026-08-08 05:37:00+00:00,227.57,227.57,227.57,227.57,0.0,0
2026-08-08 05:38:00+00:00,227.46,227.46,227.34,227.38,1.86,5
2026-08-08 05:39:00+00:00,227.38,227.38,227.38,227.38,0.0,0
2026-08-08 05:40:00+00:00,227.38,227.38,227.38,227.38,0.0,0
2026-08-08 05:41:00+00:00,227.77,227.77,227.72,227.72,4.89,4
2026-08-08 05:42:00+00:00,227.76,227.76,227.76,227.76,3.64,7
2026-08-08 05:43:00+00:00,227.67,227.69,227.65,227.66,4.08,7
2026-08-08 05:44:00+00:00,227.66,227.66,227.66,227.66,0.0,0
2026-08-08 05:45:00+00:00,227.54,227.54,227.54,227.54,0.26,1
2026-08-08 05:46:00+00:00,227.54,227.54,227.54,227.54,0.0,0
2026-08-08 05:47:00+00:00,227.68,227.68,227.68,227.68,2.0,1
2026-08-08 05:48:00+00:00,227.68,227.68,227.68,227.68,0.0,0
2026-08-08 05:49:00+00:00,227.6,227.6,227.48,227.48,5.08,8
2026-08-08 05:50:00+00:00,227.63,227.64,227.56,227.63,1.91,7
2026-08-08 05:51:00+00:00,227.63,227.63,227.63,227.63,0.0,0
2026-08-08 05:52:00+00:00,227.63,227.63,227.63,227.63,0.0,0
2026-08-08 05:53:00+00:00,227.43,227.43,227.43,227.43,0.3,1
2026-08-08 05:54:00+00:00,227.46,227.47,227.46,227.47,2.44,3
2026-08-08 05:55:00+00:00,227.47,227.47,227.47,227.47,0.0,0
2026-08-08 05:56:00+00:00,227.31,227.31,227.31,227.31,0.96,3
2026-08-08 05:57:00+00:00,227.31,227.31,227.31,227.31,0.0,0
2026-08-08 05:58:00+00:00,227.31,227.31,227.31,227.31,0.0,0
2026-08-08 05:59:00+00:00,227.31,227.31,227.31,227.31,0.0,0
2026-08-08 06:00:00+00:00,227.22,227.29,227.21,227.23,15.0,15
2026-08-08 06:01:00+00:00,227.23,227.23,227.23,227.23,0.0,0
2026-08-08 06:02:00+00:00,227.17,227.24,227.12,227.24,24.01,23
2026-08-08 06:03:00+00:00,227.16,227.16,226.83,227.1,10.23,21
2026-08-08 06:04:00+00:00,227.1,227.21,227.1,227.11,31.05,26
2026-08-08 06:05:00+00:00,227.06,227.14,227.06,227.14,5.0,8
2026-08-08 06:06:00+00:00,227.22,227.31,227.21,227.3,26.32,23
2026-08-08 06:07:00+00:00,227.24,227.24,227.23,227.23,0.59,2
2026-08-08 06:08:00+00:00,227.22,227.27,227.22,227.27,2.24,3
2026-08-08 06:09:00+00:00,227.26,227.32,227.26,227.32,5.0,7
2026-08-08 06:10:00+00:00,227.19,227.19,227.0,227.07,5.7,16
2026-08-08 06:11:00+00:00,227.07,227.07,227.07,227.07,0.0,0
2026-08-08 06:12:00+00:00,227.21,227.21,227.21,227.21,0.96,2
2026-08-08 06:13:00+00:00,227.21,227.21,227.21,227.21,0.0,0
2026-08-08 06:14:00+00:00,227.21,227.21,227.21,227.21,0.0,0
2026-08-08 06:15:00+00:00,227.21,227.21,227.21,227.21,0.0,0
2026-08-08 06:16:00+00:00,227.21,227.21,227.21,227.21,0.0,0
2026-08-08 06:17:00+00:00,227.18,227.39,227.18,227.39,22.6,17
2026-08-08 06:18:00+00:00,227.5,227.5,227.5,227.5,0.96,2
2026-08-08 06:19:00+00:00,227.5,227.5,227.5,227.5,0.0,0
2026-08-08 06:20:00+00:00,227.36,227.4,227.26,227.26,9.79,11
2026-08-08 06:21:00+00:00,226.79,226.8,226.64,226.8,17.82,12
2026-08-08 06:22:00+00:00,226.65,226.65,226.65,226.65,2.19,2
2026-08-08 06:23:00+00:00,226.74,226.74,226.57,226.57,8.11,11
2026-08-08 06:24:00+00:00,226.55,226.55,226.34,226.45,9.99,22
2026-08-08 06:25:00+00:00,226.44,226.56,226.44,226.56,9.53,9
2026-08-08 06:26:00+00:00,226.53,226.53,226.49,226.51,1.23,5
2026-08-08 06:27:00+00:00,226.51,226.51,226.5,226.5,0.92,4
2026-08-08 06:28:00+00:00,226.37,226.46,226.37,226.46,5.0,8
2026-08-08 06:29:00+00:00,226.38,226.38,226.36,226.36,1.38,3
2026-08-08 06:30:00+00:00,226.36,226.38,226.36,226.38,0.59,3
2026-08-08 06:31:00+00:00,226.38,226.41,226.38,226.41,22.38,3
2026-08-08 06:32:00+00:00,226.45,226.45,226.45,226.45,0.28,1
2026-08-08 06:33:00+00:00,226.45,226.45,226.45,226.45,0.0,0
2026-08-08 06:34:00+00:00,226.45,226.45,226.45,226.45,0.0,0
2026-08-08 06:35:00+00:00,226.75,226.76,226.74,226.75,1.55,6
2026-08-08 06:36:00+00:00,226.75,226.75,226.75,226.75,0.0,0
2026-08-08 06:37:00+00:00,226.6,226.69,226.6,226.69,5.0,6
2026-08-08 06:38:00+00:00,226.69,226.69,226.69,226.69,0.0,0
2026-08-08 06:39:00+00:00,226.68,226.68,226.68,226.68,0.29,1
2026-08-08 06:40:00+00:00,226.59,226.64,226.59,226.64,0.58,2
2026-08-08 06:41:00+00:00,226.63,226.68,226.58,226.68,2.87,7
2026-08-08 06:42:00+00:00,226.69,226.78,226.65,226.78,7.0,13
2026-08-08 06:43:00+00:00,226.78,226.78,226.78,226.78,0.0,0
2026-08-08 06:44:00+00:00,226.6,226.6,226.6,226.6,0.12,1
2026-08-08 06:45:00+00:00,226.6,226.6,226.6,226.6,0.0,0
2026-08-08 06:46:00+00:00,226.6,226.6,226.6,226.6,0.0,0
2026-08-08 06:47:00+00:00,226.67,226.76,226.67,226.76,5.0,9
2026-08-08 06:48:00+00:00,226.76,226.76,226.76,226.76,0.0,0
2026-08-08 06:49:00+00:00,226.76,226.76,226.76,226.76,0.0,0
2026-08-08 06:50:00+00:00,226.68,226.68,226.68,226.68,5.0,1
2026-08-08 06:51:00+00:00,226.68,226.68,226.68,226.68,0.0,0
2026-08-08 06:52:00+00:00,226.68,226.68,226.68,226.68,0.0,0
2026-08-08 06:53:00+00:00,226.68,226.68,226.68,226.68,0.0,0
2026-08-08 06:54:00+00:00,226.65,226.65,226.64,226.64,0.58,2
2026-08-08 06:55:00+00:00,226.64,226.64,226.64,226.64,0.0,0
2026-08-08 06:56:00+00:00,226.66,226.66,226.65,226.66,2.28,3
2026-08-08 06:57:00+00:00,226.66,226.66,226.66,226.66,0.0,0
2026-08-08 06:58:00+00:00,226.66,226.66,226.66,226.66,0.0,0
2026-08-08 06:59:00+00:00,226.64,226.71,226.61,226.71,15.0,12
2026-08-08 07:00:00+00:00,226.74,226.74,226.74,226.74,0.06,1
2026-08-08 07:01:00+00:00,226.9,227.07,226.9,226.98,25.0,25
2026-08-08 07:02:00+00:00,226.96,227.02,226.87,226.96,50.53,43
2026-08-08 07:03:00+00:00,226.82,227.09,226.82,227.04,15.94,15
2026-08-08 07:04:00+00:00,227.02,227.09,227.02,227.09,5.74,4
2026-08-08 07:05:00+00:00,227.02,227.15,226.95,227.12,22.7,17
2026-08-08 07:06:00+00:00,227.13,227.13,226.88,227.04,20.56,21
2026-08-08 07:07:00+00:00,226.81,226.94,226.81,226.9,24.72,25
2026-08-08 07:08:00+00:00,226.9,226.9,226.9,226.9,0.0,0
2026-08-08 07:09:00+00:00,226.9,226.9,226.9,226.9,0.0,0
2026-08-08 07:10:00+00:00,226.96,226.96,226.96,226.96,0.06,1
2026-08-08 07:11:00+00:00,226.99,226.99,226.98,226.98,1.21,2
2026-08-08 07:12:00+00:00,226.98,226.98,226.98,226.98,0.0,0
2026-08-08 07:13:00+00:00,226.98,226.98,226.98,226.98,0.0,0
2026-08-08 07:14:00+00:00,226.92,226.93,226.82,226.82,6.45,15
2026-08-08 07:15:00+00:00,226.82,226.82,226.82,226.82,0.0,0
2026-08-08 07:16:00+00:00,226.74,226.74,226.74,226.74,0.05,1
2026-08-08 07:17:00+00:00,226.73,226.73,226.73,226.73,0.31,1
2026-08-08 07:18:00+00:00,226.73,226.73,226.73,226.73,0.0,0
2026-08-08 07:19:00+00:00,226.76,226.79,226.76,226.79,1.28,3
2026-08-08 07:20:00+00:00,226.79,226.79,226.79,226.79,0.0,0
2026-08-08 07:21:00+00:00,226.79,226.79,226.79,226.79,0.0,0
2026-08-08 07:22:00+00:00,227.0,227.0,227.0,227.0,2.3,2
2026-08-08 07:23:00+00:00,227.0,227.0,227.0,227.0,0.0,0
2026-08-08 07:24:00+00:00,227.14,227.14,227.12,227.12,0.93,3
2026-08-08 07:25:00+00:00,227.12,227.12,227.12,227.12,0.0,0
2026-08-08 07:26:00+00:00,227.12,227.12,227.12,227.12,0.0,0
2026-08-08 07:27:00+00:00,227.24,227.24,227.24,227.24,3.18,6
2026-08-08 07:28:00+00:00,227.24,227.24,227.24,227.24,0.0,0
2026-08-08 07:29:00+00:00,227.24,227.24,227.24,227.24,0.0,0
2026-08-08 07:30:00+00:00,227.24,227.24,227.24,227.24,0.0,0
2026-08-08 07:31:00+00:00,227.24,227.24,227.24,227.24,0.0,0
2026-08-08 07:32:00+00:00,227.24,227.24,227.24,227.24,0.0,0
2026-08-08 07:33:00+00:00,227.24,227.24,227.24,227.24,0.0,0
2026-08-08 07:34:00+00:00,227.24,227.24,227.24,227.24,0.0,0
2026-08-08 07:35:00+00:00,227.24,227.24,227.24,227.24,0.0,0
2026-08-08 07:36:00+00:00,227.24,227.24,227.24,227.24,0.0,0
2026-08-08 07:37:00+00:00,227.24,227.24,227.24,227.24,0.0,0
2026-08-08 07:38:00+00:00,227.24,227.24,227.24,227.24,0.0,0
2026-08-08 07:39:00+00:00,227.24,227.24,227.24,227.24,0.0,0
2026-08-08 07:40:00+00:00,226.81,226.81,226.81,226.81,0.53,1
2026-08-08 07:41:00+00:00,226.96,226.98,226.96,226.98,2.73,5
2026-08-08 07:42:00+00:00,226.98,226.98,226.98,226.98,0.0,0
2026-08-08 07:43:00+00:00,226.98,226.98,226.98,226.98,0.0,0
2026-08-08 07:44:00+00:00,226.98,226.98,226.98,226.98,0.0,0
2026-08-08 07:45:00+00:00,226.98,226.98,226.98,226.98,0.0,0
2026-08-08 07:46:00+00:00,226.98,226.98,226.98,226.98,0.0,0
2026-08-08 07:47:00+00:00,226.98,226.98,226.98,226.98,0.0,0
2026-08-08 07:48:00+00:00,226.98,226.98,226.98,226.98,0.0,0
2026-08-08 07:49:00+00:00,226.99,226.99,226.99,226.99,0.32,1
2026-08-08 07:50:00+00:00,226.99,226.99,226.99,226.99,0.0,0
2026-08-08 07:51:00+00:00,226.96,226.98,226.95,226.95,1.22,4
2026-08-08 07:52:00+00:00,226.95,226.95,226.95,226.95,0.0,0
2026-08-08 07:53:00+00:00,226.95,226.95,226.95,226.95,0.0,0
2026-08-08 07:54:00+00:00,226.95,226.95,226.95,226.95,0.0,0
2026-08-08 07:55:00+00:00,226.95,226.95,226.95,226.95,0.0,0
2026-08-08 07:56:00+00:00,226.95,226.95,226.95,226.95,0.0,0
2026-08-08 07:57:00+00:00,227.06,227.06,227.06,227.06,0.1,1
2026-08-08 07:58:00+00:00,227.06,227.06,227.06,227.06,0.0,0
2026-08-08 07:59:00+00:00,227.06,227.06,227.06,227.06,0.0,0
2026-08-08 08:00:00+00:00,227.07,227.07,227.07,227.07,0.54,1
2026-08-08 08:01:00+00:00,226.98,226.98,226.91,226.97,5.46,5
2026-08-08 08:02:00+00:00,226.97,226.97,226.97,226.97,0.0,0
2026-08-08 08:03:00+00:00,226.97,226.97,226.97,226.97,0.0,0
2026-08-08 08:04:00+00:00,227.04,227.04,227.04,227.04,0.71,1
2026-08-08 08:05:00+00:00,227.04,227.04,227.04,227.04,0.0,0
2026-08-08 08:06:00+00:00,227.04,227.04,227.04,227.04,0.0,0
2026-08-08 08:07:00+00:00,227.0,227.0,226.84,226.84,1.05,4
2026-08-08 08:08:00+00:00,226.93,226.93,226.93,226.93,0.56,2
2026-08-08 08:09:00+00:00,226.93,226.93,226.93,226.93,0.0,0
2026-08-08 08:10:00+00:00,226.93,226.93,226.93,226.93,0.0,0
2026-08-08 08:11:00+00:00,226.94,226.94,226.94,226.94,0.05,1
2026-08-08 08:12:00+00:00,226.94,226.94,226.94,226.94,0.0,0
2026-08-08 08:13:00+00:00,226.94,226.94,226.94,226.94,0.0,0
2026-08-08 08:14:00+00:00,226.94,226.94,226.94,226.94,0.0,0
2026-08-08 08:15:00+00:00,226.94,226.94,226.94,226.94,0.0,0
2026-08-08 08:16:00+00:00,226.94,226.94,226.94,226.94,0.0,0
2026-08-08 08:17:00+00:00,226.96,226.96,226.96,226.96,0.08,1
2026-08-08 08:18:00+00:00,226.96,226.96,226.96,226.96,0.0,0
2026-08-08 08:19:00+00:00,226.96,226.96,226.96,226.96,0.0,0
2026-08-08 08:20:00+00:00,226.96,226.96,226.96,226.96,0.0,0
2026-08-08 08:21:00+00:00,226.96,226.96,226.96,226.96,0.0,0
2026-08-08 08:22:00+00:00,226.83,226.83,226.83,226.83,0.26,1
2026-08-08 08:23:00+00:00,227.01,227.01,227.01,227.01,1.56,3
2026-08-08 08:24:00+00:00,227.01,227.01,227.01,227.01,0.0,0
2026-08-08 08:25:00+00:00,227.01,227.01,227.01,227.01,0.0,0
2026-08-08 08:26:00+00:00,226.98,226.98,226.98,226.98,4.28,5
2026-08-08 08:27:00+00:00,226.98,226.98,226.98,226.98,0.0,0
2026-08-08 08:28:00+00:00,226.98,226.98,226.98,226.98,0.0,0
2026-08-08 08:29:00+00:00,226.98,226.98,226.98,226.98,0.0,0
2026-08-08 08:30:00+00:00,226.98,226.98,226.98,226.98,0.0,0
2026-08-08 08:31:00+00:00,226.98,226.98,226.98,226.98,0.0,0
2026-08-08 08:32:00+00:00,226.98,226.98,226.98,226.98,0.0,0
2026-08-08 08:33:00+00:00,226.92,227.01,226.92,227.01,6.34,7
2026-08-08 08:34:00+00:00,227.01,227.01,227.01,227.01,0.0,0
2026-08-08 08:35:00+00:00,227.01,227.01,227.01,227.01,0.0,0
2026-08-08 08:36:00+00:00,227.01,227.01,227.01,227.01,0.0,0
2026-08-08 08:37:00+00:00,227.01,227.01,227.01,227.01,0.0,0
2026-08-08 08:38:00+00:00,227.01,227.01,226.8,226.84,6.12,10
2026-08-08 08:39:00+00:00,226.84,226.84,226.84,226.84,0.0,0
2026-08-08 08:40:00+00:00,226.84,226.84,226.84,226.84,0.0,0
2026-08-08 08:41:00+00:00,226.84,226.84,226.84,226.84,0.0,0
2026-08-08 08:42:00+00:00,226.85,226.85,226.76,226.76,2.19,6
2026-08-08 08:43:00+00:00,226.76,226.76,226.76,226.76,0.0,0
2026-08-08 08:44:00+00:00,226.76,226.76,226.76,226.76,0.0,0
2026-08-08 08:45:00+00:00,226.76,226.76,226.76,226.76,0.0,0
2026-08-08 08:46:00+00:00,226.83,226.83,226.79,226.79,0.89,3
2026-08-08 08:47:00+00:00,226.86,226.86,226.76,226.76,1.62,6
2026-08-08 08:48:00+00:00,226.76,226.76,226.76,226.76,0.0,0
2026-08-08 08:49:00+00:00,226.76,226.76,226.76,226.76,0.0,0
2026-08-08 08:50:00+00:00,226.76,226.76,226.76,226.76,0.0,0
2026-08-08 08:51:00+00:00,226.76,226.76,226.76,226.76,0.0,0
2026-08-08 08:52:00+00:00,226.76,226.76,226.76,226.76,0.0,0
2026-08-08 08:53:00+00:00,226.76,226.76,226.76,226.76,0.0,0
2026-08-08 08:54:00+00:00,227.01,227.01,227.01,227.01,1.31,3
2026-08-08 08:55:00+00:00,227.01,227.01,227.01,227.01,0.0,0
2026-08-08 08:56:00+00:00,227.01,227.01,227.01,227.01,0.0,0
2026-08-08 08:57:00+00:00,227.01,227.01,227.01,227.01,0.0,0
2026-08-08 08:58:00+00:00,227.01,227.01,227.01,227.01,0.0,0
2026-08-08 08:59:00+00:00,227.01,227.01,227.01,227.01,0.0,0
2026-08-08 09:00:00+00:00,227.06,227.07,227.06,227.07,0.52,2
2026-08-08 09:01:00+00:00,227.07,227.07,227.07,227.07,0.0,0
2026-08-08 09:02:00+00:00,227.07,227.07,227.07,227.07,0.0,0
2026-08-08 09:03:00+00:00,227.0,227.0,226.97,226.97,17.78,3
2026-08-08 09:04:00+00:00,226.97,226.97,226.97,226.97,0.0,0
2026-08-08 09:05:00+00:00,227.08,227.08,227.08,227.08,1.04,2
2026-08-08 09:06:00+00:00,227.11,227.11,227.11,227.11,3.3,1
2026-08-08 09:07:00+00:00,227.11,227.11,227.11,227.11,0.0,0
2026-08-08 09:08:00+00:00,227.09,227.11,227.04,227.11,7.65,12
2026-08-08 09:09:00+00:00,227.11,227.11,227.08,227.08,4.1,6
2026-08-08 09:10:00+00:00,227.08,227.08,227.08,227.08,0.0,0
2026-08-08 09:11:00+00:00,227.08,227.08,227.08,227.08,0.0,0
2026-08-08 09:12:00+00:00,227.08,227.08,227.08,227.08,0.0,0
2026-08-08 09:13:00+00:00,227.08,227.08,227.08,227.08,0.0,0
2026-08-08 09:14:00+00:00,227.08,227.08,227.08,227.08,0.0,0
2026-08-08 09:15:00+00:00,227.08,227.08,227.08,227.08,0.21,1
2026-08-08 09:16:00+00:00,227.08,227.08,227.08,227.08,0.0,0
2026-08-08 09:17:00+00:00,227.08,227.08,227.08,227.08,0.0,0
2026-08-08 09:18:00+00:00,227.08,227.08,227.08,227.08,0.0,0
2026-08-08 09:19:00+00:00,227.08,227.08,227.08,227.08,0.0,0
2026-08-08 09:20:00+00:00,227.08,227.08,227.08,227.08,0.0,0
2026-08-08 09:21:00+00:00,227.08,227.08,227.08,227.08,0.0,0
2026-08-08 09:22:00+00:00,227.08,227.08,227.08,227.08,0.0,0
2026-08-08 09:23:00+00:00,227.08,227.08,227.08,227.08,0.0,0
2026-08-08 09:24:00+00:00,227.08,227.08,227.08,227.08,0.0,0
2026-08-08 09:25:00+00:00,227.08,227.08,227.08,227.08,0.0,0
2026-08-08 09:26:00+00:00,227.08,227.08,227.08,227.08,0.0,0
2026-08-08 09:27:00+00:00,227.08,227.08,227.08,227.08,0.0,0
2026-08-08 09:28:00+00:00,227.08,227.08,227.08,227.08,0.0,0
2026-08-08 09:29:00+00:00,227.03,227.03,227.01,227.01,1.19,4
2026-08-08 09:30:00+00:00,227.01,227.01,227.01,227.01,0.0,0
2026-08-08 09:31:00+00:00,227.01,227.01,227.01,227.01,0.0,0
2026-08-08 09:32:00+00:00,227.1,227.1,227.1,227.1,0.52,1
2026-08-08 09:33:00+00:00,227.1,227.1,227.1,227.1,0.0,0
2026-08-08 09:34:00+00:00,227.1,227.1,227.1,227.1,0.0,0
2026-08-08 09:35:00+00:00,227.1,227.1,227.1,227.1,0.0,0
2026-08-08 09:36:00+00:00,227.1,227.1,227.1,227.1,0.0,0
2026-08-08 09:37:00+00:00,227.1,227.1,227.1,227.1,0.0,0
2026-08-08 09:38:00+00:00,227.1,227.1,227.1,227.1,0.0,0
2026-08-08 09:39:00+00:00,227.1,227.1,227.1,227.1,0.0,0
2026-08-08 09:40:00+00:00,227.1,227.1,227.1,227.1,0.0,0
2026-08-08 09:41:00+00:00,227.1,227.1,227.1,227.1,0.0,0
2026-08-08 09:42:00+00:00,227.1,227.1,227.1,227.1,0.0,0
2026-08-08 09:43:00+00:00,227.1,227.1,227.1,227.1,0.0,0
2026-08-08 09:44:00+00:00,227.1,227.1,227.1,227.1,0.0,0
2026-08-08 09:45:00+00:00,227.1,227.1,227.1,227.1,0.0,0
2026-08-08 09:46:00+00:00,227.1,227.1,227.1,227.1,0.0,0
2026-08-08 09:47:00+00:00,227.1,227.1,227.1,227.1,0.0,0
2026-08-08 09:48:00+00:00,227.1,227.1,227.1,227.1,0.0,0
2026-08-08 09:49:00+00:00,227.1,227.1,227.1,227.1,0.0,0
2026-08-08 09:50:00+00:00,226.94,226.94,226.94,226.94,0.29,1
2026-08-08 09:51:00+00:00,226.94,226.94,226.94,226.94,0.0,0
2026-08-08 09:52:00+00:00,226.94,226.94,226.94,226.94,0.0,0
2026-08-08 09:53:00+00:00,226.94,226.94,226.94,226.94,0.0,0
2026-08-08 09:54:00+00:00,226.98,226.98,226.98,226.98,0.31,1
2026-08-08 09:55:00+00:00,227.0,227.0,226.97,226.97,2.17,7
2026-08-08 09:56:00+00:00,226.96,227.03,226.96,226.96,5.55,8
2026-08-08 09:57:00+00:00,226.96,226.96,226.96,226.96,0.0,0
2026-08-08 09:58:00+00:00,226.96,226.96,226.96,226.96,0.0,0
2026-08-08 09:59:00+00:00,226.96,226.96,226.96,226.96,0.0,0
2026-08-08 10:00:00+00:00,226.9,226.9,226.9,226.9,0.45,1
2026-08-08 10:01:00+00:00,226.9,226.9,226.9,226.9,0.0,0
2026-08-08 10:02:00+00:00,226.9,226.9,226.9,226.9,0.0,0
2026-08-08 10:03:00+00:00,226.9,226.9,226.9,226.9,0.0,0
2026-08-08 10:04:00+00:00,226.9,226.9,226.9,226.9,0.0,0
2026-08-08 10:05:00+00:00,227.1,227.11,227.1,227.11,7.9,9
2026-08-08 10:06:00+00:00,227.11,227.11,227.11,227.11,0.0,0
2026-08-08 10:07:00+00:00,227.11,227.11,227.11,227.11,0.0,0
2026-08-08 10:08:00+00:00,227.11,227.11,227.11,227.11,0.0,0
2026-08-08 10:09:00+00:00,227.11,227.11,227.11,227.11,0.0,0
2026-08-08 10:10:00+00:00,227.11,227.11,227.11,227.11,0.0,0
2026-08-08 10:11:00+00:00,227.11,227.11,227.11,227.11,0.0,0
2026-08-08 10:12:00+00:00,227.11,227.11,227.11,227.11,0.0,0
2026-08-08 10:13:00+00:00,227.11,227.11,227.11,227.11,0.0,0
2026-08-08 10:14:00+00:00,227.11,227.11,227.11,227.11,0.0,0
2026-08-08 10:15:00+00:00,227.11,227.11,227.11,227.11,0.0,0
2026-08-08 10:16:00+00:00,227.11,227.11,227.11,227.11,0.0,0
2026-08-08 10:17:00+00:00,227.11,227.11,227.11,227.11,0.0,0
2026-08-08 10:18:00+00:00,226.99,226.99,226.99,226.99,1.1,3
2026-08-08 10:19:00+00:00,226.99,226.99,226.99,226.99,0.0,0
2026-08-08 10:20:00+00:00,227.05,227.05,227.0,227.0,8.06,9
2026-08-08 10:21:00+00:00,227.0,227.0,227.0,227.0,0.0,0
2026-08-08 10:22:00+00:00,227.0,227.0,227.0,227.0,0.0,0
2026-08-08 10:23:00+00:00,227.0,227.0,227.0,227.0,0.0,0
2026-08-08 10:24:00+00:00,227.0,227.0,227.0,227.0,0.0,0
2026-08-08 10:25:00+00:00,227.04,227.04,227.04,227.04,0.01,1
2026-08-08 10:26:00+00:00,227.05,227.05,227.04,227.05,9.65,12
2026-08-08 10:27:00+00:00,227.15,227.49,227.15,227.49,17.42,23
2026-08-08 10:28:00+00:00,227.74,227.76,227.5,227.5,7.84,18
2026-08-08 10:29:00+00:00,227.42,227.42,227.19,227.19,9.79,20
2026-08-08 10:30:00+00:00,227.18,227.18,227.14,227.14,2.0,4
2026-08-08 10:31:00+00:00,227.14,227.14,227.14,227.14,0.0,0
2026-08-08 10:32:00+00:00,227.14,227.14,227.14,227.14,0.0,0
2026-08-08 10:33:00+00:00,227.29,227.29,227.2,227.2,8.0,5
2026-08-08 10:34:00+00:00,227.25,227.25,227.19,227.19,9.8,9
2026-08-08 10:35:00+00:00,227.33,227.33,227.33,227.33,2.2,1
2026-08-08 10:36:00+00:00,227.33,227.33,227.33,227.33,0.0,0
2026-08-08 10:37:00+00:00,227.33,227.33,227.33,227.33,0.0,0
2026-08-08 10:38:00+00:00,227.32,227.32,227.32,227.32,0.29,1
2026-08-08 10:39:00+00:00,227.31,227.31,227.29,227.29,0.95,3
2026-08-08 10:40:00+00:00,227.29,227.29,227.19,227.19,12.0,17
2026-08-08 10:41:00+00:00,227.16,227.16,227.16,227.16,1.62,3
2026-08-08 10:42:00+00:00,227.16,227.16,227.0,227.02,10.77,8
2026-08-08 10:43:00+00:00,227.02,227.02,227.02,227.02,0.0,0
2026-08-08 10:44:00+00:00,227.02,227.02,227.02,227.02,0.0,0
2026-08-08 10:45:00+00:00,227.02,227.02,227.02,227.02,0.0,0
2026-08-08 10:46:00+00:00,227.02,227.02,227.02,227.02,0.0,0
2026-08-08 10:47:00+00:00,227.2,227.2,227.17,227.2,11.46,9
2026-08-08 10:48:00+00:00,227.2,227.2,227.2,227.2,2.36,2
2026-08-08 10:49:00+00:00,227.2,227.2,227.2,227.2,0.0,0
2026-08-08 10:50:00+00:00,227.2,227.2,227.11,227.15,3.3,6
2026-08-08 10:51:00+00:00,227.18,227.18,227.18,227.18,0.1,1
2026-08-08 10:52:00+00:00,227.18,227.18,227.18,227.18,0.0,0
2026-08-08 10:53:00+00:00,227.18,227.18,227.18,227.18,0.0,0
2026-08-08 10:54:00+00:00,227.18,227.18,227.18,227.18,0.0,0
2026-08-08 10:55:00+00:00,227.18,227.18,227.18,227.18,0.0,0
2026-08-08 10:56:00+00:00,227.18,227.18,227.18,227.18,0.0,0
2026-08-08 10:57:00+00:00,227.18,227.18,227.18,227.18,0.0,0
2026-08-08 10:58:00+00:00,227.18,227.18,227.18,227.18,0.0,0
2026-08-08 10:59:00+00:00,227.18,227.18,227.18,227.18,0.0,0
2026-08-08 11:00:00+00:00,227.18,227.18,227.18,227.18,0.0,0
2026-08-08 11:01:00+00:00,227.18,227.18,227.18,227.18,0.0,0
2026-08-08 11:02:00+00:00,227.07,227.07,227.07,227.07,0.06,1
2026-08-08 11:03:00+00:00,227.26,227.26,227.22,227.22,0.9,3
2026-08-08 11:04:00+00:00,227.22,227.22,227.22,227.22,0.0,0
2026-08-08 11:05:00+00:00,227.22,227.22,227.22,227.22,0.0,0
2026-08-08 11:06:00+00:00,227.1,227.15,227.1,227.15,14.55,4
2026-08-08 11:07:00+00:00,227.15,227.15,227.15,227.15,0.0,0
2026-08-08 11:08:00+00:00,227.15,227.15,227.15,227.15,0.0,0
2026-08-08 11:09:00+00:00,227.15,227.15,227.15,227.15,0.0,0
2026-08-08 11:10:00+00:00,227.15,227.15,227.15,227.15,0.0,0
2026-08-08 11:11:00+00:00,227.64,227.66,227.64,227.66,0.43,2
2026-08-08 11:12:00+00:00,227.63,227.67,227.56,227.67,7.06,8
2026-08-08 11:13:00+00:00,227.54,227.56,227.53,227.54,1.28,4
2026-08-08 11:14:00+00:00,227.28,227.33,227.28,227.33,0.96,3
2026-08-08 11:15:00+00:00,227.33,227.33,227.33,227.33,0.0,0
2026-08-08 11:16:00+00:00,227.33,227.33,227.33,227.33,0.0,0
2026-08-08 11:17:00+00:00,227.33,227.33,227.33,227.33,0.0,0
2026-08-08 11:18:00+00:00,227.33,227.33,227.33,227.33,0.0,0
2026-08-08 11:19:00+00:00,227.33,227.33,227.33,227.33,0.0,0
2026-08-08 11:20:00+00:00,227.43,227.43,227.39,227.39,2.49,5
2026-08-08 11:21:00+00:00,227.39,227.39,227.39,227.39,0.0,0
2026-08-08 11:22:00+00:00,227.39,227.39,227.39,227.39,0.0,0
2026-08-08 11:23:00+00:00,227.39,227.39,227.39,227.39,0.0,0
2026-08-08 11:24:00+00:00,227.39,227.39,227.39,227.39,0.0,0
2026-08-08 11:25:00+00:00,227.56,227.56,227.54,227.54,1.08,2
2026-08-08 11:26:00+00:00,227.54,227.54,227.54,227.54,0.0,0
2026-08-08 11:27:00+00:00,227.59,227.59,227.57,227.57,1.62,5
2026-08-08 11:28:00+00:00,227.57,227.57,227.57,227.57,0.0,0
2026-08-08 11:29:00+00:00,227.57,227.57,227.57,227.57,0.0,0
2026-08-08 11:30:00+00:00,227.57,227.57,227.57,227.57,0.0,0
2026-08-08 11:31:00+00:00,227.57,227.57,227.57,227.57,0.0,0
2026-08-08 11:32:00+00:00,227.57,227.57,227.57,227.57,0.0,0
2026-08-08 11:33:00+00:00,227.57,227.57,227.57,227.57,0.0,0
2026-08-08 11:34:00+00:00,227.78,227.78,227.78,227.78,0.17,1
2026-08-08 11:35:00+00:00,227.78,227.78,227.78,227.78,0.0,0
2026-08-08 11:36:00+00:00,227.69,227.69,227.69,227.69,0.52,1
2026-08-08 11:37:00+00:00,227.69,227.69,227.69,227.69,0.0,0
2026-08-08 11:38:00+00:00,227.69,227.69,227.69,227.69,0.0,0
2026-08-08 11:39:00+00:00,227.69,227.69,227.69,227.69,0.0,0
2026-08-08 11:40:00+00:00,227.81,227.88,227.81,227.88,0.13,2
2026-08-08 11:41:00+00:00,227.71,227.71,227.65,227.65,8.65,6
2026-08-08 11:42:00+00:00,227.65,227.65,227.65,227.65,0.0,0
2026-08-08 11:43:00+00:00,227.44,227.44,227.36,227.36,3.06,7
2026-08-08 11:44:00+00:00,227.52,227.52,227.52,227.52,0.52,2
2026-08-08 11:45:00+00:00,227.52,227.52,227.52,227.52,0.0,0
2026-08-08 11:46:00+00:00,227.52,227.52,227.52,227.52,0.0,0
2026-08-08 11:47:00+00:00,227.52,227.52,227.52,227.52,0.0,0
2026-08-08 11:48:00+00:00,227.52,227.52,227.52,227.52,0.0,0
2026-08-08 11:49:00+00:00,227.52,227.52,227.52,227.52,0.0,0
2026-08-08 11:50:00+00:00,227.56,227.56,227.54,227.54,0.44,2
2026-08-08 11:51:00+00:00,227.54,227.54,227.54,227.54,0.0,0
2026-08-08 11:52:00+00:00,227.54,227.54,227.54,227.54,0.0,0
2026-08-08 11:53:00+00:00,227.54,227.54,227.54,227.54,0.0,0
2026-08-08 11:54:00+00:00,227.54,227.54,227.54,227.54,0.0,0
2026-08-08 11:55:00+00:00,227.41,227.41,227.41,227.41,0.07,1
2026-08-08 11:56:00+00:00,227.41,227.41,227.41,227.41,0.0,0
2026-08-08 11:57:00+00:00,227.41,227.41,227.41,227.41,0.0,0
2026-08-08 11:58:00+00:00,227.41,227.41,227.41,227.41,0.0,0
2026-08-08 11:59:00+00:00,227.41,227.46,227.41,227.46,2.3,5
2026-08-08 12:00:00+00:00,227.35,227.39,227.35,227.39,18.01,6
2026-08-08 12:01:00+00:00,227.42,227.44,227.42,227.44,2.14,5
2026-08-08 12:02:00+00:00,227.48,227.48,227.3,227.3,2.24,6
2026-08-08 12:03:00+00:00,227.3,227.3,227.3,227.3,0.0,0
2026-08-08 12:04:00+00:00,227.39,227.47,227.35,227.47,4.3,6
2026-08-08 12:05:00+00:00,227.47,227.47,227.47,227.47,0.0,0
2026-08-08 12:06:00+00:00,227.47,227.47,227.47,227.47,0.0,0
2026-08-08 12:07:00+00:00,227.47,227.47,227.47,227.47,0.0,0
2026-08-08 12:08:00+00:00,227.47,227.47,227.47,227.47,0.0,0
2026-08-08 12:09:00+00:00,227.47,227.47,227.47,227.47,0.0,0
2026-08-08 12:10:00+00:00,227.47,227.47,227.47,227.47,0.0,0
2026-08-08 12:11:00+00:00,227.47,227.47,227.47,227.47,0.0,0
2026-08-08 12:12:00+00:00,227.47,227.47,227.47,227.47,0.0,0
2026-08-08 12:13:00+00:00,227.36,227.36,227.36,227.36,0.06,1
2026-08-08 12:14:00+00:00,227.34,227.34,227.34,227.34,1.22,3
2026-08-08 12:15:00+00:00,227.42,227.42,227.42,227.42,0.08,1
2026-08-08 12:16:00+00:00,227.42,227.42,227.42,227.42,0.0,0
2026-08-08 12:17:00+00:00,227.41,227.41,227.39,227.39,2.18,4
2026-08-08 12:18:00+00:00,227.33,227.41,227.32,227.39,0.85,4
2026-08-08 12:19:00+00:00,227.42,227.5,227.41,227.5,5.28,4
2026-08-08 12:20:00+00:00,227.45,227.45,227.45,227.45,0.24,1
2026-08-08 12:21:00+00:00,227.45,227.45,227.45,227.45,0.0,0
2026-08-08 12:22:00+00:00,227.43,227.51,227.43,227.51,1.94,4
2026-08-08 12:23:00+00:00,227.51,227.51,227.51,227.51,0.0,0
2026-08-08 12:24:00+00:00,227.51,227.51,227.51,227.51,0.0,0
2026-08-08 12:25:00+00:00,227.51,227.51,227.51,227.51,0.0,0
2026-08-08 12:26:00+00:00,227.51,227.51,227.51,227.51,0.0,0
2026-08-08 12:27:00+00:00,227.51,227.51,227.51,227.51,0.0,0
2026-08-08 12:28:00+00:00,227.41,227.41,227.41,227.41,0.08,1
2026-08-08 12:29:00+00:00,227.41,227.41,227.41,227.41,0.0,0
2026-08-08 12:30:00+00:00,227.41,227.41,227.41,227.41,0.0,0
2026-08-08 12:31:00+00:00,227.41,227.41,227.41,227.41,0.0,0
2026-08-08 12:32:00+00:00,227.41,227.41,227.41,227.41,0.0,0
2026-08-08 12:33:00+00:00,227.41,227.41,227.41,227.41,0.0,0
2026-08-08 12:34:00+00:00,227.41,227.41,227.41,227.41,0.0,0
2026-08-08 12:35:00+00:00,227.41,227.41,227.41,227.41,0.0,0
2026-08-08 12:36:00+00:00,227.41,227.41,227.41,227.41,0.0,0
2026-08-08 12:37:00+00:00,227.41,227.41,227.41,227.41,0.0,0
2026-08-08 12:38:00+00:00,227.41,227.41,227.41,227.41,0.0,0
2026-08-08 12:39:00+00:00,227.22,227.22,227.2,227.2,1.9,2
2026-08-08 12:40:00+00:00,227.22,227.37,227.22,227.37,3.28,11
2026-08-08 12:41:00+00:00,227.37,227.37,227.37,227.37,0.0,0
2026-08-08 12:42:00+00:00,227.5,227.5,227.48,227.48,2.19,3
2026-08-08 12:43:00+00:00,227.48,227.48,227.48,227.48,0.0,0
2026-08-08 12:44:00+00:00,227.48,227.48,227.48,227.48,0.0,0
2026-08-08 12:45:00+00:00,227.48,227.48,227.48,227.48,0.0,0
2026-08-08 12:46:00+00:00,227.48,227.5,227.48,227.48,1.3,4
2026-08-08 12:47:00+00:00,227.48,227.48,227.48,227.48,0.0,0
2026-08-08 12:48:00+00:00,227.48,227.48,227.48,227.48,0.0,0
2026-08-08 12:49:00+00:00,227.48,227.48,227.43,227.43,1.37,5
2026-08-08 12:50:00+00:00,227.43,227.43,227.43,227.43,0.0,0
2026-08-08 12:51:00+00:00,227.43,227.43,227.43,227.43,0.0,0
2026-08-08 12:52:00+00:00,227.43,227.43,227.43,227.43,0.0,0
2026-08-08 12:53:00+00:00,227.43,227.43,227.43,227.43,0.0,0
2026-08-08 12:54:00+00:00,227.45,227.45,227.45,227.45,0.3,1
2026-08-08 12:55:00+00:00,227.45,227.45,227.45,227.45,0.0,0
2026-08-08 12:56:00+00:00,227.4,227.4,227.35,227.35,0.75,2
2026-08-08 12:57:00+00:00,227.35,227.35,227.35,227.35,0.0,0
2026-08-08 12:58:00+00:00,227.35,227.35,227.35,227.35,0.0,0
2026-08-08 12:59:00+00:00,227.35,227.35,227.35,227.35,0.0,0
2026-08-08 13:00:00+00:00,227.35,227.35,227.35,227.35,0.0,0
2026-08-08 13:01:00+00:00,227.35,227.35,227.35,227.35,0.0,0
2026-08-08 13:02:00+00:00,227.35,227.35,227.35,227.35,0.0,0
2026-08-08 13:03:00+00:00,227.35,227.35,227.35,227.35,0.0,0
2026-08-08 13:04:00+00:00,227.54,227.54,227.49,227.49,3.29,4
2026-08-08 13:05:00+00:00,227.49,227.49,227.43,227.43,2.62,7
2026-08-08 13:06:00+00:00,227.43,227.43,227.43,227.43,0.0,0
2026-08-08 13:07:00+00:00,227.39,227.39,227.34,227.34,0.73,3
2026-08-08 13:08:00+00:00,227.34,227.34,227.34,227.34,0.0,0
2026-08-08 13:09:00+00:00,227.45,227.45,227.45,227.45,0.55,2
2026-08-08 13:10:00+00:00,227.53,227.72,227.53,227.72,0.39,2
2026-08-08 13:11:00+00:00,227.71,227.71,227.71,227.71,0.08,1
2026-08-08 13:12:00+00:00,227.89,228.4,227.89,228.21,11.63,14
2026-08-08 13:13:00+00:00,227.81,227.81,227.8,227.8,0.93,3
2026-08-08 13:14:00+00:00,227.8,227.8,227.8,227.8,0.0,0
2026-08-08 13:15:00+00:00,227.8,227.8,227.8,227.8,0.0,0
2026-08-08 13:16:00+00:00,227.69,227.69,227.69,227.69,0.08,1
2026-08-08 13:17:00+00:00,227.52,227.52,227.52,227.52,0.3,1
2026-08-08 13:18:00+00:00,227.52,227.52,227.52,227.52,0.0,0
2026-08-08 13:19:00+00:00,227.52,227.52,227.52,227.52,0.0,0
2026-08-08 13:20:00+00:00,227.79,227.79,227.79,227.79,0.1,1
2026-08-08 13:21:00+00:00,227.78,227.78,227.78,227.78,0.1,1
2026-08-08 13:22:00+00:00,228.25,228.25,227.98,227.98,10.5,11
2026-08-08 13:23:00+00:00,227.98,227.98,227.98,227.98,0.0,0
2026-08-08 13:24:00+00:00,228.07,228.07,228.07,228.07,1.5,4
2026-08-08 13:25:00+00:00,228.07,228.07,228.07,228.07,0.0,0
2026-08-08 13:26:00+00:00,228.07,228.07,228.07,228.07,0.0,0
2026-08-08 13:27:00+00:00,228.07,228.07,228.07,228.07,0.0,0
2026-08-08 13:28:00+00:00,228.07,228.07,228.07,228.07,0.0,0
2026-08-08 13:29:00+00:00,227.7,227.7,227.7,227.7,0.43,1
2026-08-08 13:30:00+00:00,227.84,227.87,227.78,227.87,1.21,5
2026-08-08 13:31:00+00:00,227.75,227.75,227.7,227.7,3.84,6
2026-08-08 13:32:00+00:00,227.6,227.72,227.49,227.72,4.18,13
2026-08-08 13:33:00+00:00,227.62,227.78,227.62,227.78,4.2,8
2026-08-08 13:34:00+00:00,227.78,227.78,227.78,227.78,0.0,0
2026-08-08 13:35:00+00:00,227.78,227.78,227.78,227.78,0.0,0
2026-08-08 13:36:00+00:00,227.78,227.97,227.78,227.94,2.4,9
2026-08-08 13:37:00+00:00,227.73,227.73,227.73,227.73,0.26,1
2026-08-08 13:38:00+00:00,227.75,227.78,227.71,227.78,0.98,4
2026-08-08 13:39:00+00:00,227.78,227.78,227.78,227.78,0.0,0
2026-08-08 13:40:00+00:00,227.78,227.78,227.78,227.78,0.0,0
2026-08-08 13:41:00+00:00,227.78,227.78,227.78,227.78,0.0,0
2026-08-08 13:42:00+00:00,227.87,227.87,227.87,227.87,0.08,1
2026-08-08 13:43:00+00:00,227.85,227.88,227.85,227.88,1.82,4
2026-08-08 13:44:00+00:00,227.8,227.8,227.77,227.77,0.65,2
2026-08-08 13:45:00+00:00,227.77,227.77,227.77,227.77,0.0,0
2026-08-08 13:46:00+00:00,227.77,227.77,227.77,227.77,0.0,0
2026-08-08 13:47:00+00:00,227.77,227.77,227.77,227.77,0.0,0
2026-08-08 13:48:00+00:00,227.77,227.77,227.77,227.77,0.0,0
2026-08-08 13:49:00+00:00,227.78,227.78,227.78,227.78,0.06,1
2026-08-08 13:50:00+00:00,227.78,227.78,227.78,227.78,0.0,0
2026-08-08 13:51:00+00:00,227.78,227.78,227.78,227.78,0.0,0
2026-08-08 13:52:00+00:00,227.8,227.8,227.8,227.8,0.21,1
2026-08-08 13:53:00+00:00,227.73,227.73,227.7,227.7,3.18,6
2026-08-08 13:54:00+00:00,227.7,227.7,227.7,227.7,0.0,0
2026-08-08 13:55:00+00:00,227.7,227.7,227.7,227.7,0.0,0
2026-08-08 13:56:00+00:00,227.8,227.83,227.8,227.83,0.99,3
2026-08-08 13:57:00+00:00,227.83,227.83,227.83,227.83,0.0,0
2026-08-08 13:58:00+00:00,227.83,227.83,227.83,227.83,0.0,0
2026-08-08 13:59:00+00:00,227.65,227.7,227.65,227.7,2.47,7
2026-08-08 14:00:00+00:00,227.68,227.68,227.68,227.68,0.23,1
2026-08-08 14:01:00+00:00,227.68,227.68,227.68,227.68,0.0,0
2026-08-08 14:02:00+00:00,227.68,227.68,227.68,227.68,0.0,0
2026-08-08 14:03:00+00:00,227.68,227.68,227.68,227.68,0.0,0
2026-08-08 14:04:00+00:00,227.68,227.68,227.68,227.68,0.0,0
2026-08-08 14:05:00+00:00,227.74,227.74,227.74,227.74,0.26,2
2026-08-08 14:06:00+00:00,227.74,227.81,227.74,227.81,0.4,2
2026-08-08 14:07:00+00:00,227.61,227.66,227.48,227.48,8.92,17
2026-08-08 14:08:00+00:00,227.48,227.48,227.48,227.48,0.0,0
2026-08-08 14:09:00+00:00,227.56,227.56,227.53,227.56,3.34,9
2026-08-08 14:10:00+00:00,227.58,227.58,227.48,227.48,11.12,16
2026-08-08 14:11:00+00:00,227.58,227.58,227.57,227.57,5.95,9
2026-08-08 14:12:00+00:00,227.54,227.58,227.54,227.58,5.27,3
2026-08-08 14:13:00+00:00,227.58,227.58,227.56,227.58,7.21,7
2026-08-08 14:14:00+00:00,227.58,227.58,227.57,227.58,6.74,6
2026-08-08 14:15:00+00:00,227.58,227.58,227.58,227.58,0.0,0
2026-08-08 14:16:00+00:00,227.58,227.58,227.58,227.58,0.0,0
2026-08-08 14:17:00+00:00,227.58,227.58,227.58,227.58,0.0,0
2026-08-08 14:18:00+00:00,227.39,227.39,227.39,227.39,0.36,1
2026-08-08 14:19:00+00:00,227.39,227.39,227.39,227.39,0.0,0
2026-08-08 14:20:00+00:00,227.27,227.27,227.27,227.27,0.36,2
2026-08-08 14:21:00+00:00,227.27,227.27,227.27,227.27,0.0,0
2026-08-08 14:22:00+00:00,227.27,227.27,227.27,227.27,0.0,0
2026-08-08 14:23:00+00:00,227.34,227.34,227.32,227.34,19.61,8
2026-08-08 14:24:00+00:00,227.34,227.34,227.34,227.34,0.01,1
2026-08-08 14:25:00+00:00,227.33,227.33,227.33,227.33,0.01,1
2026-08-08 14:26:00+00:00,227.33,227.33,227.33,227.33,0.0,0
2026-08-08 14:27:00+00:00,227.27,227.34,227.2,227.34,6.34,5
2026-08-08 14:28:00+00:00,227.34,227.34,227.34,227.34,5.4,3
2026-08-08 14:29:00+00:00,227.34,227.34,227.34,227.34,0.0,0
2026-08-08 14:30:00+00:00,227.31,227.34,227.31,227.34,3.51,2
2026-08-08 14:31:00+00:00,227.34,227.34,227.34,227.34,0.0,0
2026-08-08 14:32:00+00:00,227.34,227.34,227.34,227.34,0.0,0
2026-08-08 14:33:00+00:00,227.34,227.34,227.33,227.34,10.65,8
2026-08-08 14:34:00+00:00,227.33,227.33,227.33,227.33,2.57,1
2026-08-08 14:35:00+00:00,227.33,227.33,227.33,227.33,0.0,0
2026-08-08 14:36:00+00:00,227.33,227.33,227.33,227.33,0.0,0
2026-08-08 14:37:00+00:00,227.33,227.33,227.33,227.33,0.0,0
2026-08-08 14:38:00+00:00,227.33,227.33,227.33,227.33,0.0,0
2026-08-08 14:39:00+00:00,227.26,227.26,227.26,227.26,2.44,1
2026-08-08 14:40:00+00:00,227.26,227.26,227.26,227.26,0.0,0
2026-08-08 14:41:00+00:00,227.12,227.12,227.07,227.07,3.01,5
2026-08-08 14:42:00+00:00,227.07,227.07,227.07,227.07,0.0,0
2026-08-08 14:43:00+00:00,227.07,227.07,227.07,227.07,0.0,0
2026-08-08 14:44:00+00:00,227.07,227.07,227.07,227.07,0.0,0
2026-08-08 14:45:00+00:00,227.21,227.21,227.21,227.21,7.23,3
2026-08-08 14:46:00+00:00,227.21,227.21,227.11,227.12,10.73,11
2026-08-08 14:47:00+00:00,227.12,227.13,227.12,227.13,0.08,5
2026-08-08 14:48:00+00:00,227.2,227.2,227.2,227.2,0.03,2
2026-08-08 14:49:00+00:00,227.2,227.21,227.14,227.14,2.98,5
2026-08-08 14:50:00+00:00,227.14,227.14,227.14,227.14,0.0,0
2026-08-08 14:51:00+00:00,227.14,227.14,227.14,227.14,0.0,0
2026-08-08 14:52:00+00:00,227.16,227.17,227.16,227.17,2.74,2
2026-08-08 14:53:00+00:00,227.18,227.19,227.18,227.19,3.16,2
2026-08-08 14:54:00+00:00,227.17,227.24,227.17,227.24,63.52,8
2026-08-08 14:55:00+00:00,227.24,227.24,227.24,227.24,0.0,0
2026-08-08 14:56:00+00:00,227.35,227.68,227.31,227.68,14.83,12
2026-08-08 14:57:00+00:00,227.68,227.68,227.68,227.68,0.0,0
2026-08-08 14:58:00+00:00,227.68,227.68,227.68,227.68,0.0,0
2026-08-08 14:59:00+00:00,227.55,227.59,227.55,227.57,24.68,6
2026-08-08 15:00:00+00:00,227.57,227.57,227.57,227.57,0.12,1
2026-08-08 15:01:00+00:00,227.55,227.9,227.55,227.9,75.2,24
2026-08-08 15:02:00+00:00,227.77,227.77,227.69,227.69,4.18,11
2026-08-08 15:03:00+00:00,227.71,227.71,227.7,227.71,4.38,3
2026-08-08 15:04:00+00:00,227.76,227.76,227.76,227.76,0.16,1
2026-08-08 15:05:00+00:00,227.88,227.93,227.88,227.93,2.2,4
2026-08-08 15:06:00+00:00,227.87,227.87,227.87,227.87,0.32,1
2026-08-08 15:07:00+00:00,227.77,227.77,227.75,227.75,0.6,2
2026-08-08 15:08:00+00:00,227.75,227.75,227.75,227.75,0.0,0
2026-08-08 15:09:00+00:00,227.86,227.86,227.84,227.86,5.44,5
2026-08-08 15:10:00+00:00,227.86,227.86,227.86,227.86,0.0,0
2026-08-08 15:11:00+00:00,228.5,228.69,228.5,228.69,4.19,10
2026-08-08 15:12:00+00:00,228.31,228.31,228.29,228.29,4.08,6
2026-08-08 15:13:00+00:00,228.15,228.15,228.14,228.14,0.48,2
2026-08-08 15:14:00+00:00,228.14,228.14,228.14,228.14,0.0,0
2026-08-08 15:15:00+00:00,228.1,228.17,228.1,228.17,2.59,9
2026-08-08 15:16:00+00:00,228.17,228.17,228.17,228.17,0.0,0
2026-08-08 15:17:00+00:00,228.16,228.32,228.16,228.27,0.85,4
2026-08-08 15:18:00+00:00,228.21,228.21,228.09,228.16,10.96,16
2026-08-08 15:19:00+00:00,228.16,228.16,228.16,228.16,0.0,0
2026-08-08 15:20:00+00:00,228.1,228.11,228.07,228.07,1.81,5
2026-08-08 15:21:00+00:00,228.07,228.07,228.07,228.07,0.0,0
2026-08-08 15:22:00+00:00,228.07,228.07,228.07,228.07,0.0,0
2026-08-08 15:23:00+00:00,228.07,228.11,228.07,228.11,3.33,4
2026-08-08 15:24:00+00:00,228.07,228.09,228.04,228.04,2.11,6
2026-08-08 15:25:00+00:00,228.04,228.04,228.04,228.04,0.0,0
2026-08-08 15:26:00+00:00,228.09,228.15,228.09,228.15,0.46,2
2026-08-08 15:27:00+00:00,228.15,228.15,228.15,228.15,0.0,0
2026-08-08 15:28:00+00:00,228.17,228.17,228.17,228.17,0.3,1
2026-08-08 15:29:00+00:00,228.13,228.17,228.11,228.11,1.77,6
2026-08-08 15:30:00+00:00,228.38,228.97,228.09,228.34,309.89,119
2026-08-08 15:31:00+00:00,228.67,228.71,228.5,228.5,3.21,7
2026-08-08 15:32:00+00:00,228.49,228.49,228.49,228.49,0.9,2
2026-08-08 15:33:00+00:00,228.49,228.49,228.13,228.13,2.63,5
2026-08-08 15:34:00+00:00,228.13,228.13,228.13,228.13,0.0,0
2026-08-08 15:35:00+00:00,228.14,228.14,228.14,228.14,2.02,2
2026-08-08 15:36:00+00:00,228.21,228.21,228.21,228.21,3.13,1
2026-08-08 15:37:00+00:00,228.19,228.19,228.19,228.19,1.35,4
2026-08-08 15:38:00+00:00,228.19,228.19,228.19,228.19,0.0,0
2026-08-08 15:39:00+00:00,228.19,228.19,228.19,228.19,0.0,0
2026-08-08 15:40:00+00:00,228.19,228.19,228.19,228.19,0.0,0
2026-08-08 15:41:00+00:00,228.19,228.19,228.19,228.19,0.0,0
2026-08-08 15:42:00+00:00,228.31,228.31,228.28,228.28,0.96,2
2026-08-08 15:43:00+00:00,228.28,228.28,228.28,228.28,0.0,0
2026-08-08 15:44:00+00:00,228.25,228.28,228.17,228.24,5.02,10
2026-08-08 15:45:00+00:00,228.54,228.55,228.52,228.55,1.78,5
2026-08-08 15:46:00+00:00,228.45,228.45,228.45,228.45,1.04,2
2026-08-08 15:47:00+00:00,228.61,228.61,228.5,228.55,4.24,8
2026-08-08 15:48:00+00:00,228.64,228.72,228.64,228.72,1.44,5
2026-08-08 15:49:00+00:00,228.73,228.73,228.73,228.73,0.52,1
2026-08-08 15:50:00+00:00,228.73,228.73,228.73,228.73,0.0,0
2026-08-08 15:51:00+00:00,228.73,228.73,228.73,228.73,0.0,0
2026-08-08 15:52:00+00:00,228.54,228.63,228.54,228.63,3.49,4
2026-08-08 15:53:00+00:00,228.63,228.63,228.63,228.63,0.0,0
2026-08-08 15:54:00+00:00,228.63,228.63,228.63,228.63,0.0,0
2026-08-08 15:55:00+00:00,228.63,228.63,228.63,228.63,0.0,0
2026-08-08 15:56:00+00:00,228.63,228.63,228.63,228.63,0.0,0
2026-08-08 15:57:00+00:00,228.63,228.63,228.63,228.63,0.0,0
2026-08-08 15:58:00+00:00,228.5,228.5,228.5,228.5,2.19,3
2026-08-08 15:59:00+00:00,228.42,228.46,228.42,228.46,2.78,6
2026-08-08 16:00:00+00:00,228.37,228.37,228.37,228.37,0.05,1
2026-08-08 16:01:00+00:00,228.37,228.37,228.37,228.37,0.0,0
2026-08-08 16:02:00+00:00,228.2,228.23,228.2,228.23,0.13,2
2026-08-08 16:03:00+00:00,228.24,228.24,228.24,228.24,0.17,1
2026-08-08 16:04:00+00:00,228.3,228.48,228.29,228.48,8.01,20
2026-08-08 16:05:00+00:00,228.47,228.65,228.47,228.65,2.44,5
2026-08-08 16:06:00+00:00,228.49,228.49,228.48,228.48,0.6,2
2026-08-08 16:07:00+00:00,228.56,228.62,228.56,228.62,4.54,8
2026-08-08 16:08:00+00:00,228.64,228.66,228.58,228.58,2.58,8
2026-08-08 16:09:00+00:00,228.41,228.52,228.41,228.52,0.8,2
2026-08-08 16:10:00+00:00,228.52,228.52,228.52,228.52,0.0,0
2026-08-08 16:11:00+00:00,228.52,228.52,228.52,228.52,0.0,0
2026-08-08 16:12:00+00:00,228.52,228.52,228.52,228.52,0.0,0
2026-08-08 16:13:00+00:00,228.52,228.52,228.52,228.52,0.0,0
2026-08-08 16:14:00+00:00,228.68,228.69,228.66,228.67,2.89,4
2026-08-08 16:15:00+00:00,228.67,228.67,228.67,228.67,0.0,0
2026-08-08 16:16:00+00:00,228.67,228.67,228.67,228.67,0.0,0
2026-08-08 16:17:00+00:00,228.89,228.91,228.89,228.91,1.07,4
2026-08-08 16:18:00+00:00,228.82,228.83,228.82,228.83,3.11,7
2026-08-08 16:19:00+00:00,228.83,228.83,228.83,228.83,0.0,0
2026-08-08 16:20:00+00:00,228.83,228.83,228.83,228.83,0.0,0
2026-08-08 16:21:00+00:00,228.83,228.83,228.83,228.83,0.0,0
2026-08-08 16:22:00+00:00,228.7,228.7,228.7,228.7,1.5,3
2026-08-08 16:23:00+00:00,228.49,228.52,228.49,228.52,2.92,4
2026-08-08 16:24:00+00:00,228.57,228.57,228.47,228.47,3.44,9
2026-08-08 16:25:00+00:00,228.51,228.51,228.51,228.51,1.44,4
2026-08-08 16:26:00+00:00,228.51,228.51,228.51,228.51,0.0,0
2026-08-08 16:27:00+00:00,228.51,228.51,228.51,228.51,0.0,0
2026-08-08 16:28:00+00:00,228.67,228.67,228.67,228.67,3.21,1
2026-08-08 16:29:00+00:00,228.67,228.67,228.67,228.67,0.0,0
2026-08-08 16:30:00+00:00,228.64,228.66,228.64,228.64,1.08,4
2026-08-08 16:31:00+00:00,228.57,228.57,228.55,228.55,1.1,2
2026-08-08 16:32:00+00:00,228.55,228.55,228.55,228.55,0.0,0
2026-08-08 16:33:00+00:00,228.55,228.55,228.55,228.55,0.0,0
2026-08-08 16:34:00+00:00,228.56,228.56,228.55,228.55,0.42,2
2026-08-08 16:35:00+00:00,228.55,228.55,228.55,228.55,0.0,0
2026-08-08 16:36:00+00:00,228.51,228.51,228.5,228.5,0.43,2
2026-08-08 16:37:00+00:00,228.5,228.5,228.5,228.5,0.0,0
2026-08-08 16:38:00+00:00,228.51,228.51,228.5,228.5,3.57,2
2026-08-08 16:39:00+00:00,228.49,228.49,228.35,228.37,7.58,13
2026-08-08 16:40:00+00:00,228.37,228.37,228.37,228.37,0.0,0
2026-08-08 16:41:00+00:00,228.37,228.37,228.37,228.37,0.0,0
2026-08-08 16:42:00+00:00,228.37,228.37,228.37,228.37,0.0,0
2026-08-08 16:43:00+00:00,228.48,228.56,228.48,228.49,0.79,4
2026-08-08 16:44:00+00:00,228.44,228.44,228.33,228.33,1.64,5
2026-08-08 16:45:00+00:00,228.55,228.56,228.55,228.56,3.19,2
2026-08-08 16:46:00+00:00,228.56,228.56,228.56,228.56,0.0,0
2026-08-08 16:47:00+00:00,228.56,228.56,228.56,228.56,0.0,0
2026-08-08 16:48:00+00:00,228.56,228.56,228.56,228.56,0.0,0
2026-08-08 16:49:00+00:00,228.56,228.58,228.56,228.57,2.84,4
2026-08-08 16:50:00+00:00,228.57,228.57,228.57,228.57,0.0,0
2026-08-08 16:51:00+00:00,228.57,228.57,228.57,228.57,0.0,0
2026-08-08 16:52:00+00:00,228.57,228.57,228.57,228.57,0.0,0
2026-08-08 16:53:00+00:00,228.57,228.57,228.57,228.57,0.0,0
2026-08-08 16:54:00+00:00,228.57,228.57,228.57,228.57,0.0,0
2026-08-08 16:55:00+00:00,228.57,228.57,228.57,228.57,0.0,0
2026-08-08 16:56:00+00:00,228.57,228.57,228.57,228.57,0.0,0
2026-08-08 16:57:00+00:00,228.57,228.57,228.57,228.57,0.0,0
2026-08-08 16:58:00+00:00,228.57,228.57,228.57,228.57,0.0,0
2026-08-08 16:59:00+00:00,228.57,228.57,228.57,228.57,0.0,0
2026-08-08 17:00:00+00:00,228.57,228.59,228.57,228.58,5.44,5
2026-08-08 17:01:00+00:00,228.56,228.56,228.56,228.56,2.98,2
2026-08-08 17:02:00+00:00,228.64,228.77,228.64,228.77,6.64,5
2026-08-08 17:03:00+00:00,228.77,228.77,228.77,228.77,0.0,0
2026-08-08 17:04:00+00:00,228.77,228.77,228.77,228.77,0.0,0
2026-08-08 17:05:00+00:00,228.77,228.77,228.77,228.77,0.0,0
2026-08-08 17:06:00+00:00,228.77,228.77,228.77,228.77,0.0,0
2026-08-08 17:07:00+00:00,228.77,228.77,228.77,228.77,0.0,0
2026-08-08 17:08:00+00:00,228.74,228.83,228.74,228.75,2.06,7
2026-08-08 17:09:00+00:00,228.75,228.75,228.75,228.75,0.0,0
2026-08-08 17:10:00+00:00,228.76,228.8,228.76,228.8,1.85,5
2026-08-08 17:11:00+00:00,228.8,228.8,228.8,228.8,0.0,0
2026-08-08 17:12:00+00:00,228.8,228.8,228.8,228.8,0.0,0
2026-08-08 17:13:00+00:00,228.8,228.8,228.8,228.8,0.0,0
2026-08-08 17:14:00+00:00,228.57,228.57,228.57,228.57,3.26,1
2026-08-08 17:15:00+00:00,228.6,228.65,228.6,228.65,1.01,4
2026-08-08 17:16:00+00:00,228.65,228.65,228.65,228.65,0.0,0
2026-08-08 17:17:00+00:00,228.65,228.65,228.65,228.65,0.0,0
2026-08-08 17:18:00+00:00,228.65,228.65,228.65,228.65,0.0,0
2026-08-08 17:19:00+00:00,228.65,228.65,228.65,228.65,0.0,0
2026-08-08 17:20:00+00:00,228.65,228.65,228.65,228.65,0.0,0
2026-08-08 17:21:00+00:00,228.65,228.65,228.65,228.65,0.0,0
2026-08-08 17:22:00+00:00,228.65,228.65,228.65,228.65,0.0,0
2026-08-08 17:23:00+00:00,228.57,228.58,228.57,228.58,3.35,2
2026-08-08 17:24:00+00:00,228.6,228.6,228.6,228.6,0.72,3
2026-08-08 17:25:00+00:00,228.6,228.6,228.6,228.6,0.0,0
2026-08-08 17:26:00+00:00,228.6,228.6,228.6,228.6,0.0,0
2026-08-08 17:27:00+00:00,228.6,228.6,228.6,228.6,0.0,0
2026-08-08 17:28:00+00:00,228.6,228.6,228.6,228.6,0.0,0
2026-08-08 17:29:00+00:00,228.6,228.6,228.6,228.6,0.0,0
2026-08-08 17:30:00+00:00,228.6,228.6,228.6,228.6,0.0,0
2026-08-08 17:31:00+00:00,228.6,228.6,228.6,228.6,0.0,0
2026-08-08 17:32:00+00:00,228.57,228.57,228.57,228.57,0.29,1
2026-08-08 17:33:00+00:00,228.57,228.57,228.57,228.57,0.0,0
2026-08-08 17:34:00+00:00,228.56,228.59,228.56,228.59,3.17,2
2026-08-08 17:35:00+00:00,228.97,229.08,228.94,229.07,61.6,56
2026-08-08 17:36:00+00:00,229.01,229.08,228.9,228.9,5.65,9
2026-08-08 17:37:00+00:00,228.9,228.9,228.9,228.9,0.0,0
2026-08-08 17:38:00+00:00,229.04,229.06,229.03,229.03,0.41,3
2026-08-08 17:39:00+00:00,228.87,228.87,228.77,228.87,4.78,14
2026-08-08 17:40:00+00:00,228.88,228.99,228.85,228.99,8.4,9
2026-08-08 17:41:00+00:00,228.99,228.99,228.99,228.99,0.0,0
2026-08-08 17:42:00+00:00,228.99,228.99,228.99,228.99,0.0,0
2026-08-08 17:43:00+00:00,228.92,229.07,228.92,229.07,3.73,8
2026-08-08 17:44:00+00:00,229.07,229.08,228.92,228.93,5.62,14
2026-08-08 17:45:00+00:00,228.93,228.93,228.93,228.93,0.0,0
2026-08-08 17:46:00+00:00,228.93,229.08,228.93,229.07,21.89,14
2026-08-08 17:47:00+00:00,229.07,229.07,229.07,229.07,0.0,0
2026-08-08 17:48:00+00:00,229.07,229.07,229.07,229.07,0.0,0
2026-08-08 17:49:00+00:00,229.07,229.07,228.97,228.97,13.68,10
2026-08-08 17:50:00+00:00,229.02,229.02,229.02,229.02,3.33,2
2026-08-08 17:51:00+00:00,229.13,229.15,229.11,229.15,1.12,6
2026-08-08 17:52:00+00:00,229.07,229.07,229.07,229.07,0.88,2
2026-08-08 17:53:00+00:00,229.01,229.01,229.01,229.01,0.63,1
2026-08-08 17:54:00+00:00,229.01,229.01,229.01,229.01,0.0,0
2026-08-08 17:55:00+00:00,229.01,229.01,229.01,229.01,0.0,0
2026-08-08 17:56:00+00:00,229.06,229.1,229.06,229.1,1.0,5
2026-08-08 17:57:00+00:00,229.1,229.1,229.1,229.1,0.0,0
2026-08-08 17:58:00+00:00,229.1,229.1,229.1,229.1,0.0,0
2026-08-08 17:59:00+00:00,229.16,229.26,229.16,229.25,21.57,10
2026-08-08 18:00:00+00:00,229.25,229.25,229.25,229.25,0.0,0
2026-08-08 18:01:00+00:00,228.87,228.87,228.86,228.86,0.38,2
2026-08-08 18:02:00+00:00,228.86,228.86,228.86,228.86,0.0,0
2026-08-08 18:03:00+00:00,228.86,228.86,228.86,228.86,0.0,0
2026-08-08 18:04:00+00:00,228.86,228.86,228.86,228.86,0.0,0
2026-08-08 18:05:00+00:00,228.97,228.97,228.94,228.94,2.44,5
2026-08-08 18:06:00+00:00,228.99,228.99,228.99,228.99,0.35,2
2026-08-08 18:07:00+00:00,228.97,228.97,228.97,228.97,0.06,1
2026-08-08 18:08:00+00:00,228.97,228.97,228.97,228.97,0.0,0
2026-08-08 18:09:00+00:00,228.94,228.94,228.94,228.94,1.32,4
2026-08-08 18:10:00+00:00,228.94,228.94,228.94,228.94,0.0,0
2026-08-08 18:11:00+00:00,228.94,228.94,228.94,228.94,0.0,0
2026-08-08 18:12:00+00:00,228.94,228.94,228.94,228.94,0.0,0
2026-08-08 18:13:00+00:00,229.01,229.01,229.01,229.01,0.34,3
2026-08-08 18:14:00+00:00,229.01,229.01,229.01,229.01,0.0,0
2026-08-08 18:15:00+00:00,229.01,229.01,229.01,229.01,0.0,0
2026-08-08 18:16:00+00:00,228.86,228.89,228.83,228.89,0.86,4
2026-08-08 18:17:00+00:00,228.89,228.89,228.89,228.89,0.1,1
2026-08-08 18:18:00+00:00,229.52,229.74,229.52,229.56,15.76,26
2026-08-08 18:19:00+00:00,229.56,229.56,229.56,229.56,0.0,0
2026-08-08 18:20:00+00:00,229.56,229.56,229.56,229.56,0.0,0
2026-08-08 18:21:00+00:00,229.56,229.56,229.56,229.56,0.0,0
2026-08-08 18:22:00+00:00,229.22,229.22,229.22,229.22,0.38,1
2026-08-08 18:23:00+00:00,229.22,229.22,229.22,229.22,0.0,0
2026-08-08 18:24:00+00:00,229.22,229.22,229.22,229.22,0.0,0
2026-08-08 18:25:00+00:00,229.22,229.22,229.22,229.22,0.0,0
2026-08-08 18:26:00+00:00,229.22,229.22,229.22,229.22,0.0,0
2026-08-08 18:27:00+00:00,229.22,229.22,229.22,229.22,0.0,0
2026-08-08 18:28:00+00:00,228.38,228.38,228.38,228.38,0.73,2
2026-08-08 18:29:00+00:00,228.38,228.38,228.38,228.38,0.0,0
2026-08-08 18:30:00+00:00,228.38,228.38,228.38,228.38,0.0,0
2026-08-08 18:31:00+00:00,228.38,228.38,228.38,228.38,0.0,0
2026-08-08 18:32:00+00:00,228.38,228.38,228.38,228.38,0.0,0
2026-08-08 18:33:00+00:00,228.38,228.38,228.38,228.38,0.0,0
2026-08-08 18:34:00+00:00,228.38,228.38,228.38,228.38,0.0,0
2026-08-08 18:35:00+00:00,228.3,228.45,228.3,228.45,2.18,5
2026-08-08 18:36:00+00:00,228.42,228.44,228.42,228.44,2.1,5
2026-08-08 18:37:00+00:00,228.44,228.44,228.44,228.44,0.0,0
2026-08-08 18:38:00+00:00,228.48,228.49,228.47,228.47,1.19,5
2026-08-08 18:39:00+00:00,228.47,228.47,228.47,228.47,0.0,0
2026-08-08 18:40:00+00:00,228.47,228.47,228.47,228.47,0.0,0
2026-08-08 18:41:00+00:00,228.47,228.47,228.47,228.47,0.0,0
2026-08-08 18:42:00+00:00,228.48,228.52,228.48,228.52,4.07,7
2026-08-08 18:43:00+00:00,228.42,228.42,228.29,228.36,3.28,13
2026-08-08 18:44:00+00:00,228.38,228.38,228.38,228.38,0.06,1
2026-08-08 18:45:00+00:00,228.38,228.38,228.38,228.38,0.0,0
2026-08-08 18:46:00+00:00,228.38,228.38,228.38,228.38,0.0,0
2026-08-08 18:47:00+00:00,228.36,228.37,228.32,228.32,1.0,4
2026-08-08 18:48:00+00:00,228.24,228.24,228.21,228.21,0.85,5
2026-08-08 18:49:00+00:00,228.21,228.21,228.21,228.21,0.0,0
2026-08-08 18:50:00+00:00,228.21,228.21,228.21,228.21,0.0,0
2026-08-08 18:51:00+00:00,228.19,228.19,228.19,228.19,0.26,1
2026-08-08 18:52:00+00:00,228.16,228.19,228.13,228.19,1.05,5
2026-08-08 18:53:00+00:00,228.19,228.19,228.19,228.19,0.0,0
2026-08-08 18:54:00+00:00,228.19,228.21,228.17,228.19,0.93,6
2026-08-08 18:55:00+00:00,228.19,228.19,228.19,228.19,0.13,1
2026-08-08 18:56:00+00:00,228.3,228.43,228.3,228.43,4.46,2
2026-08-08 18:57:00+00:00,228.33,228.33,228.33,228.33,0.87,2
2026-08-08 18:58:00+00:00,228.33,228.33,228.33,228.33,0.0,0
2026-08-08 18:59:00+00:00,228.33,228.33,228.33,228.33,0.0,0
2026-08-08 19:00:00+00:00,228.41,228.44,228.41,228.43,0.91,3
2026-08-08 19:01:00+00:00,228.45,228.47,228.36,228.42,3.47,10
2026-08-08 19:02:00+00:00,228.44,228.44,228.42,228.44,0.98,5
2026-08-08 19:03:00+00:00,228.38,228.4,228.38,228.4,0.64,2
2026-08-08 19:04:00+00:00,228.47,228.48,228.47,228.48,0.18,2
2026-08-08 19:05:00+00:00,228.48,228.48,228.48,228.48,0.0,0
2026-08-08 19:06:00+00:00,228.44,228.44,228.44,228.44,0.09,1
2026-08-08 19:07:00+00:00,228.44,228.44,228.44,228.44,0.0,0
2026-08-08 19:08:00+00:00,228.44,228.44,228.44,228.44,0.0,0
2026-08-08 19:09:00+00:00,228.91,229.0,228.83,228.83,12.21,10
2026-08-08 19:10:00+00:00,229.12,229.12,229.12,229.12,0.44,1
2026-08-08 19:11:00+00:00,229.12,229.12,229.12,229.12,0.0,0
2026-08-08 19:12:00+00:00,229.12,229.12,229.12,229.12,0.0,0
2026-08-08 19:13:00+00:00,229.12,229.12,229.12,229.12,0.0,0
2026-08-08 19:14:00+00:00,229.12,229.12,229.12,229.12,0.0,0
2026-08-08 19:15:00+00:00,229.12,229.12,229.12,229.12,0.0,0
2026-08-08 19:16:00+00:00,229.12,229.12,229.12,229.12,0.0,0
2026-08-08 19:17:00+00:00,229.19,229.19,229.08,229.08,4.02,10
2026-08-08 19:18:00+00:00,229.08,229.08,229.08,229.08,0.0,0
2026-08-08 19:19:00+00:00,229.08,229.08,229.08,229.08,0.0,0
2026-08-08 19:20:00+00:00,229.13,229.15,229.13,229.15,0.52,2
2026-08-08 19:21:00+00:00,229.15,229.15,229.15,229.15,0.0,0
2026-08-08 19:22:00+00:00,229.15,229.15,229.15,229.15,0.0,0
2026-08-08 19:23:00+00:00,229.15,229.15,229.15,229.15,0.0,0
2026-08-08 19:24:00+00:00,229.15,229.15,229.15,229.15,0.0,0
2026-08-08 19:25:00+00:00,229.15,229.15,229.15,229.15,0.0,0
2026-08-08 19:26:00+00:00,229.15,229.15,229.15,229.15,0.0,0
2026-08-08 19:27:00+00:00,229.15,229.15,229.15,229.15,0.0,0
2026-08-08 19:28:00+00:00,229.15,229.15,229.15,229.15,0.0,0
2026-08-08 19:29:00+00:00,229.15,229.15,229.15,229.15,0.0,0
2026-08-08 19:30:00+00:00,229.2,229.29,229.2,229.29,15.6,7
2026-08-08 19:31:00+00:00,229.29,229.29,229.29,229.29,0.0,0
2026-08-08 19:32:00+00:00,229.32,229.32,229.32,229.32,0.22,1
2026-08-08 19:33:00+00:00,229.32,229.32,229.32,229.32,0.0,0
2026-08-08 19:34:00+00:00,229.32,229.32,229.32,229.32,0.0,0
2026-08-08 19:35:00+00:00,229.32,229.32,229.32,229.32,0.0,0
2026-08-08 19:36:00+00:00,229.32,229.32,229.32,229.32,0.0,0
2026-08-08 19:37:00+00:00,229.7,229.75,229.55,229.63,3.66,11
2026-08-08 19:38:00+00:00,229.74,229.74,229.68,229.74,1.94,5
2026-08-08 19:39:00+00:00,229.73,229.74,229.62,229.62,0.46,3
2026-08-08 19:40:00+00:00,229.62,229.62,229.62,229.62,0.0,0
2026-08-08 19:41:00+00:00,229.61,229.61,229.61,229.61,0.12,1
2026-08-08 19:42:00+00:00,229.61,229.61,229.61,229.61,0.0,0
2026-08-08 19:43:00+00:00,229.61,229.61,229.61,229.61,0.0,0
2026-08-08 19:44:00+00:00,229.41,229.43,229.41,229.43,0.56,4
2026-08-08 19:45:00+00:00,229.43,229.43,229.41,229.41,0.4,2
2026-08-08 19:46:00+00:00,229.41,229.41,229.41,229.41,0.0,0
2026-08-08 19:47:00+00:00,229.41,229.41,229.41,229.41,0.0,0
2026-08-08 19:48:00+00:00,229.33,229.33,229.33,229.33,0.44,1
2026-08-08 19:49:00+00:00,229.26,229.26,229.24,229.24,1.09,3
2026-08-08 19:50:00+00:00,229.24,229.24,229.24,229.24,0.0,0
2026-08-08 19:51:00+00:00,229.24,229.24,229.24,229.24,0.0,0
2026-08-08 19:52:00+00:00,229.24,229.24,229.24,229.24,0.0,0
2026-08-08 19:53:00+00:00,229.24,229.24,229.24,229.24,0.0,0
2026-08-08 19:54:00+00:00,229.24,229.24,229.24,229.24,0.0,0
2026-08-08 19:55:00+00:00,228.86,228.86,228.86,228.86,0.27,1
2026-08-08 19:56:00+00:00,228.93,228.93,228.93,228.93,0.88,2
2026-08-08 19:57:00+00:00,228.93,228.93,228.93,228.93,0.0,0
2026-08-08 19:58:00+00:00,228.83,228.93,228.83,228.93,2.86,8
2026-08-08 19:59:00+00:00,228.93,228.93,228.93,228.93,0.0,0
2026-08-08 20:00:00+00:00,228.44,228.5,228.44,228.5,5.37,10
2026-08-08 20:01:00+00:00,228.5,228.5,228.5,228.5,0.0,0
2026-08-08 20:02:00+00:00,228.77,228.77,228.77,228.77,0.07,1
2026-08-08 20:03:00+00:00,228.77,228.77,228.77,228.77,0.0,0
2026-08-08 20:04:00+00:00,228.77,228.77,228.77,228.77,0.0,0
2026-08-08 20:05:00+00:00,228.5,228.5,228.49,228.49,0.4,2
2026-08-08 20:06:00+00:00,228.49,228.49,228.49,228.49,0.0,0
2026-08-08 20:07:00+00:00,228.69,228.69,228.69,228.69,0.16,1
2026-08-08 20:08:00+00:00,228.76,228.76,228.76,228.76,0.25,1
2026-08-08 20:09:00+00:00,228.76,228.76,228.76,228.76,0.0,0
2026-08-08 20:10:00+00:00,228.76,228.76,228.76,228.76,0.0,0
2026-08-08 20:11:00+00:00,228.76,228.76,228.76,228.76,0.0,0
2026-08-08 20:12:00+00:00,228.76,228.76,228.76,228.76,0.0,0
2026-08-08 20:13:00+00:00,228.76,228.76,228.76,228.76,0.0,0
2026-08-08 20:14:00+00:00,228.76,228.76,228.76,228.76,0.0,0
2026-08-08 20:15:00+00:00,228.81,228.81,228.79,228.79,0.45,2
2026-08-08 20:16:00+00:00,228.79,228.79,228.79,228.79,0.0,0
2026-08-08 20:17:00+00:00,228.9,228.9,228.9,228.9,0.09,1
2026-08-08 20:18:00+00:00,228.9,228.9,228.9,228.9,0.0,0
2026-08-08 20:19:00+00:00,228.9,228.9,228.9,228.9,0.0,0
2026-08-08 20:20:00+00:00,228.9,228.9,228.9,228.9,0.0,0
2026-08-08 20:21:00+00:00,228.71,228.87,228.69,228.84,2.58,5
2026-08-08 20:22:00+00:00,228.84,228.84,228.84,228.84,0.0,0
2026-08-08 20:23:00+00:00,228.85,228.85,228.84,228.84,3.26,2
2026-08-08 20:24:00+00:00,228.84,228.85,228.84,228.85,0.5,2
2026-08-08 20:25:00+00:00,228.94,228.94,228.93,228.93,0.44,2
2026-08-08 20:26:00+00:00,228.88,228.88,228.86,228.86,2.0,2
2026-08-08 20:27:00+00:00,228.86,228.86,228.86,228.86,0.0,0
2026-08-08 20:28:00+00:00,228.92,228.93,228.92,228.93,0.6,2
2026-08-08 20:29:00+00:00,228.93,228.93,228.93,228.93,0.0,0
2026-08-08 20:30:00+00:00,228.93,228.93,228.93,228.93,0.0,0
2026-08-08 20:31:00+00:00,228.93,228.93,228.93,228.93,0.0,0
2026-08-08 20:32:00+00:00,228.56,228.6,228.56,228.58,1.42,5
2026-08-08 20:33:00+00:00,228.42,228.48,228.42,228.48,1.96,6
2026-08-08 20:34:00+00:00,228.47,228.48,228.39,228.45,10.48,10
2026-08-08 20:35:00+00:00,228.5,228.71,228.5,228.71,1.83,8
2026-08-08 20:36:00+00:00,228.78,228.78,228.78,228.78,0.4,1
2026-08-08 20:37:00+00:00,228.78,228.78,228.78,228.78,0.0,0
2026-08-08 20:38:00+00:00,228.78,228.78,228.78,228.78,0.0,0
2026-08-08 20:39:00+00:00,228.86,228.88,228.86,228.88,0.53,3
2026-08-08 20:40:00+00:00,228.88,228.88,228.88,228.88,0.0,0
2026-08-08 20:41:00+00:00,228.88,228.88,228.88,228.88,0.0,0
2026-08-08 20:42:00+00:00,228.88,228.88,228.88,228.88,0.0,0
2026-08-08 20:43:00+00:00,228.88,228.88,228.88,228.88,0.0,0
2026-08-08 20:44:00+00:00,228.88,228.88,228.88,228.88,0.0,0
2026-08-08 20:45:00+00:00,228.88,228.88,228.88,228.88,0.0,0
2026-08-08 20:46:00+00:00,228.85,228.85,228.85,228.85,0.37,2
2026-08-08 20:47:00+00:00,228.85,228.85,228.85,228.85,0.0,0
2026-08-08 20:48:00+00:00,228.87,228.87,228.87,228.87,0.08,1
2026-08-08 20:49:00+00:00,228.87,228.87,228.87,228.87,0.0,0
2026-08-08 20:50:00+00:00,228.87,228.87,228.87,228.87,0.0,0
2026-08-08 20:51:00+00:00,228.87,228.87,228.87,228.87,0.0,0
2026-08-08 20:52:00+00:00,228.7,228.71,228.69,228.69,0.79,4
2026-08-08 20:53:00+00:00,228.78,228.78,228.75,228.75,2.18,3
2026-08-08 20:54:00+00:00,228.75,228.75,228.75,228.75,0.0,0
2026-08-08 20:55:00+00:00,228.75,228.75,228.75,228.75,0.0,0
2026-08-08 20:56:00+00:00,228.75,228.75,228.75,228.75,0.0,0
2026-08-08 20:57:00+00:00,228.75,228.75,228.75,228.75,0.0,0
2026-08-08 20:58:00+00:00,228.75,228.75,228.75,228.75,0.0,0
2026-08-08 20:59:00+00:00,228.75,228.75,228.75,228.75,0.0,0
2026-08-08 21:00:00+00:00,228.89,228.89,228.89,228.89,0.38,1
2026-08-08 21:01:00+00:00,228.89,228.89,228.89,228.89,0.0,0
2026-08-08 21:02:00+00:00,228.89,228.89,228.89,228.89,0.0,0
2026-08-08 21:03:00+00:00,228.89,228.89,228.89,228.89,0.0,0
2026-08-08 21:04:00+00:00,228.89,228.89,228.89,228.89,0.0,0
2026-08-08 21:05:00+00:00,228.89,228.89,228.89,228.89,0.0,0
2026-08-08 21:06:00+00:00,228.89,228.89,228.89,228.89,0.0,0
2026-08-08 21:07:00+00:00,228.89,228.89,228.89,228.89,0.0,0
2026-08-08 21:08:00+00:00,228.89,228.89,228.89,228.89,0.0,0
2026-08-08 21:09:00+00:00,228.89,228.89,228.89,228.89,0.0,0
2026-08-08 21:10:00+00:00,228.89,228.89,228.89,228.89,0.0,0
2026-08-08 21:11:00+00:00,228.89,228.89,228.89,228.89,0.0,0
2026-08-08 21:12:00+00:00,228.89,228.89,228.89,228.89,0.0,0
2026-08-08 21:13:00+00:00,228.89,228.89,228.86,228.86,8.26,9
2026-08-08 21:14:00+00:00,228.86,228.86,228.86,228.86,0.0,0
2026-08-08 21:15:00+00:00,228.86,228.86,228.86,228.86,0.0,0
2026-08-08 21:16:00+00:00,228.86,228.86,228.86,228.86,0.0,0
2026-08-08 21:17:00+00:00,228.86,228.86,228.86,228.86,0.0,0
2026-08-08 21:18:00+00:00,228.86,228.86,228.86,228.86,0.0,0
2026-08-08 21:19:00+00:00,228.86,228.86,228.86,228.86,0.0,0
2026-08-08 21:20:00+00:00,228.86,228.86,228.86,228.86,0.0,0
2026-08-08 21:21:00+00:00,228.86,228.86,228.86,228.86,0.0,0
2026-08-08 21:22:00+00:00,228.72,228.74,228.72,228.74,0.77,2
2026-08-08 21:23:00+00:00,228.73,228.73,228.68,228.69,1.14,5
2026-08-08 21:24:00+00:00,228.69,228.69,228.69,228.69,0.0,0
2026-08-08 21:25:00+00:00,228.7,228.7,228.7,228.7,0.1,1
2026-08-08 21:26:00+00:00,228.7,228.7,228.7,228.7,0.0,0
2026-08-08 21:27:00+00:00,228.7,228.7,228.7,228.7,0.0,0
2026-08-08 21:28:00+00:00,228.72,228.72,228.72,228.72,0.24,1
2026-08-08 21:29:00+00:00,228.72,228.72,228.72,228.72,0.0,0
2026-08-08 21:30:00+00:00,228.64,228.64,228.64,228.64,0.18,1
2026-08-08 21:31:00+00:00,228.52,228.54,228.52,228.52,0.35,3
2026-08-08 21:32:00+00:00,228.46,228.69,228.46,228.69,1.09,4
2026-08-08 21:33:00+00:00,228.69,228.69,228.69,228.69,0.19,1
2026-08-08 21:34:00+00:00,228.69,228.69,228.69,228.69,0.0,0
2026-08-08 21:35:00+00:00,228.69,228.69,228.69,228.69,0.0,0
2026-08-08 21:36:00+00:00,228.69,228.69,228.69,228.69,0.0,0
2026-08-08 21:37:00+00:00,228.69,228.69,228.69,228.69,0.0,0
2026-08-08 21:38:00+00:00,228.46,228.5,228.42,228.42,3.58,12
2026-08-08 21:39:00+00:00,228.42,228.42,228.42,228.42,0.0,0
2026-08-08 21:40:00+00:00,228.42,228.42,228.42,228.42,0.0,0
2026-08-08 21:41:00+00:00,228.42,228.42,228.42,228.42,0.0,0
2026-08-08 21:42:00+00:00,228.42,228.42,228.42,228.42,0.0,0
2026-08-08 21:43:00+00:00,228.69,228.69,228.69,228.69,0.37,1
2026-08-08 21:44:00+00:00,228.51,228.55,228.43,228.55,5.22,16
2026-08-08 21:45:00+00:00,228.51,228.51,228.48,228.48,1.09,4
2026-08-08 21:46:00+00:00,228.48,228.48,228.48,228.48,0.0,0
2026-08-08 21:47:00+00:00,228.61,228.83,228.61,228.83,11.04,17
2026-08-08 21:48:00+00:00,228.83,228.83,228.83,228.83,0.02,1
2026-08-08 21:49:00+00:00,228.83,228.83,228.83,228.83,0.0,0
2026-08-08 21:50:00+00:00,228.83,228.83,228.83,228.83,0.0,0
2026-08-08 21:51:00+00:00,228.7,228.7,228.68,228.7,1.34,7
2026-08-08 21:52:00+00:00,228.7,228.7,228.7,228.7,0.0,0
2026-08-08 21:53:00+00:00,228.7,228.7,228.7,228.7,0.15,2
2026-08-08 21:54:00+00:00,228.7,228.7,228.7,228.7,0.0,0
2026-08-08 21:55:00+00:00,228.7,228.7,228.7,228.7,0.0,0
2026-08-08 21:56:00+00:00,228.7,228.7,228.7,228.7,0.0,0
2026-08-08 21:57:00+00:00,228.64,228.65,228.61,228.61,0.77,4
2026-08-08 21:58:00+00:00,228.61,228.61,228.61,228.61,0.0,0
2026-08-08 21:59:00+00:00,228.61,228.61,228.61,228.61,0.16,1
2026-08-08 22:00:00+00:00,228.61,228.61,228.61,228.61,0.0,0
2026-08-08 22:01:00+00:00,228.61,228.61,228.61,228.61,0.0,0
2026-08-08 22:02:00+00:00,228.56,228.56,228.56,228.56,0.2,1
2026-08-08 22:03:00+00:00,228.56,228.56,228.56,228.56,0.0,0
2026-08-08 22:04:00+00:00,228.56,228.56,228.56,228.56,0.0,0
2026-08-08 22:05:00+00:00,228.56,228.56,228.56,228.56,0.0,0
2026-08-08 22:06:00+00:00,228.56,228.56,228.56,228.56,0.0,0
2026-08-08 22:07:00+00:00,228.56,228.56,228.56,228.56,0.0,0
2026-08-08 22:08:00+00:00,228.56,228.56,228.56,228.56,0.0,0
2026-08-08 22:09:00+00:00,228.59,228.65,228.59,228.61,39.78,13
2026-08-08 22:10:00+00:00,228.61,228.61,228.61,228.61,0.0,0
2026-08-08 22:11:00+00:00,228.72,228.72,228.72,228.72,0.06,1
2026-08-08 22:12:00+00:00,228.72,228.72,228.72,228.72,0.0,0
2026-08-08 22:13:00+00:00,228.72,228.72,228.72,228.72,0.0,0
2026-08-08 22:14:00+00:00,228.74,228.79,228.74,228.79,0.63,4
2026-08-08 22:15:00+00:00,228.79,228.79,228.79,228.79,0.0,0
2026-08-08 22:16:00+00:00,228.79,228.79,228.79,228.79,0.0,0
2026-08-08 22:17:00+00:00,228.79,228.79,228.79,228.79,0.0,0
2026-08-08 22:18:00+00:00,228.79,228.79,228.79,228.79,0.0,0
2026-08-08 22:19:00+00:00,228.74,228.74,228.73,228.73,2.18,3
2026-08-08 22:20:00+00:00,228.73,228.73,228.73,228.73,0.0,0
2026-08-08 22:21:00+00:00,228.73,228.73,228.73,228.73,0.0,0
2026-08-08 22:22:00+00:00,228.73,228.73,228.73,228.73,0.0,0
2026-08-08 22:23:00+00:00,228.66,228.68,228.66,228.68,1.02,3
2026-08-08 22:24:00+00:00,228.68,228.68,228.68,228.68,0.0,0
2026-08-08 22:25:00+00:00,228.68,228.68,228.68,228.68,0.0,0
2026-08-08 22:26:00+00:00,228.68,228.68,228.68,228.68,0.0,0
2026-08-08 22:27:00+00:00,228.68,228.68,228.68,228.68,0.0,0
2026-08-08 22:28:00+00:00,228.68,228.68,228.68,228.68,0.0,0
2026-08-08 22:29:00+00:00,228.68,228.68,228.68,228.68,0.0,0
2026-08-08 22:30:00+00:00,228.68,228.68,228.68,228.68,0.0,0
2026-08-08 22:31:00+00:00,228.68,228.68,228.68,228.68,0.0,0
2026-08-08 22:32:00+00:00,228.68,228.68,228.68,228.68,0.0,0
2026-08-08 22:33:00+00:00,228.68,228.68,228.68,228.68,0.0,0
2026-08-08 22:34:00+00:00,228.68,228.68,228.68,228.68,0.0,0
2026-08-08 22:35:00+00:00,228.68,228.68,228.68,228.68,0.0,0
2026-08-08 22:36:00+00:00,228.68,228.68,228.68,228.68,0.0,0
2026-08-08 22:37:00+00:00,228.46,228.46,228.46,228.46,0.35,1
2026-08-08 22:38:00+00:00,228.46,228.46,228.46,228.46,0.0,0
2026-08-08 22:39:00+00:00,228.46,228.46,228.46,228.46,0.0,0
2026-08-08 22:40:00+00:00,228.46,228.46,228.46,228.46,0.0,0
2026-08-08 22:41:00+00:00,228.46,228.46,228.46,228.46,11.03,8
2026-08-08 22:42:00+00:00,228.46,228.46,228.46,228.46,0.0,0
2026-08-08 22:43:00+00:00,228.46,228.46,228.46,228.46,1.75,1
2026-08-08 22:44:00+00:00,228.46,228.46,228.46,228.46,0.0,0
2026-08-08 22:45:00+00:00,228.46,228.46,228.46,228.46,0.0,0
2026-08-08 22:46:00+00:00,228.46,228.46,228.46,228.46,0.0,0
2026-08-08 22:47:00+00:00,228.46,228.46,228.46,228.46,0.0,0
2026-08-08 22:48:00+00:00,228.46,228.46,228.46,228.46,0.0,0
2026-08-08 22:49:00+00:00,228.46,228.46,228.46,228.46,0.0,0
2026-08-08 22:50:00+00:00,228.46,228.46,228.46,228.46,0.0,0
2026-08-08 22:51:00+00:00,228.46,228.46,228.46,228.46,0.0,0
2026-08-08 22:52:00+00:00,228.46,228.46,228.46,228.46,0.0,0
2026-08-08 22:53:00+00:00,228.17,228.26,228.15,228.26,1.1,3
2026-08-08 22:54:00+00:00,228.26,228.26,228.26,228.26,0.0,0
2026-08-08 22:55:00+00:00,228.26,228.26,228.26,228.26,0.0,0
2026-08-08 22:56:00+00:00,228.26,228.26,228.26,228.26,0.0,0
2026-08-08 22:57:00+00:00,228.26,228.26,228.26,228.26,0.0,0
2026-08-08 22:58:00+00:00,228.26,228.26,228.26,228.26,0.0,0
2026-08-08 22:59:00+00:00,228.26,228.26,228.26,228.26,0.0,0
2026-08-08 23:00:00+00:00,228.26,228.26,228.26,228.26,0.0,0
2026-08-08 23:01:00+00:00,228.32,228.32,228.3,228.3,2.09,3
2026-08-08 23:02:00+00:00,228.3,228.3,228.3,228.3,0.0,0
2026-08-08 23:03:00+00:00,228.3,228.3,228.3,228.3,0.0,0
2026-08-08 23:04:00+00:00,228.3,228.3,228.3,228.3,0.0,0
2026-08-08 23:05:00+00:00,228.3,228.3,228.3,228.3,0.0,0
2026-08-08 23:06:00+00:00,228.3,228.3,228.3,228.3,0.0,0
2026-08-08 23:07:00+00:00,228.35,228.35,228.35,228.35,5.95,8
2026-08-08 23:08:00+00:00,228.35,228.35,228.35,228.35,0.26,1
2026-08-08 23:09:00+00:00,228.35,228.35,228.17,228.17,7.72,5
2026-08-08 23:10:00+00:00,228.17,228.17,228.17,228.17,0.0,0
2026-08-08 23:11:00+00:00,228.17,228.17,228.17,228.17,0.0,0
2026-08-08 23:12:00+00:00,228.17,228.17,228.17,228.17,0.0,0
2026-08-08 23:13:00+00:00,228.17,228.17,228.17,228.17,0.0,0
2026-08-08 23:14:00+00:00,228.17,228.17,228.17,228.17,0.0,0
2026-08-08 23:15:00+00:00,228.17,228.17,228.17,228.17,0.0,0
2026-08-08 23:16:00+00:00,228.02,228.02,228.02,228.02,0.7,2
2026-08-08 23:17:00+00:00,228.09,228.09,228.09,228.09,0.17,1
2026-08-08 23:18:00+00:00,228.09,228.09,228.09,228.09,0.0,0
2026-08-08 23:19:00+00:00,228.09,228.09,228.09,228.09,0.0,0
2026-08-08 23:20:00+00:00,227.99,227.99,227.99,227.99,0.18,1
2026-08-08 23:21:00+00:00,227.99,227.99,227.99,227.99,0.0,0
2026-08-08 23:22:00+00:00,227.95,227.95,227.93,227.93,0.61,3
2026-08-08 23:23:00+00:00,227.93,227.93,227.93,227.93,0.0,0
2026-08-08 23:24:00+00:00,227.93,227.93,227.93,227.93,0.0,0
2026-08-08 23:25:00+00:00,227.93,227.93,227.93,227.93,0.0,0
2026-08-08 23:26:00+00:00,228.03,228.03,228.03,228.03,0.07,1
2026-08-08 23:27:00+00:00,228.03,228.03,228.03,228.03,0.0,0
2026-08-08 23:28:00+00:00,228.03,228.03,228.03,228.03,0.0,0
2026-08-08 23:29:00+00:00,228.03,228.03,228.03,228.03,0.0,0
2026-08-08 23:30:00+00:00,228.03,228.03,228.03,228.03,0.0,0
2026-08-08 23:31:00+00:00,228.03,228.03,228.03,228.03,0.0,0
2026-08-08 23:32:00+00:00,227.86,227.86,227.86,227.86,1.05,3
2026-08-08 23:33:00+00:00,227.86,227.86,227.7,227.7,21.3,7
2026-08-08 23:34:00+00:00,227.74,227.74,227.74,227.74,0.35,1
2026-08-08 23:35:00+00:00,227.71,227.71,227.71,227.71,0.21,1
2026-08-08 23:36:00+00:00,227.71,227.71,227.71,227.71,0.0,0
2026-08-08 23:37:00+00:00,227.71,227.71,227.71,227.71,0.0,0
2026-08-08 23:38:00+00:00,227.71,227.71,227.71,227.71,0.0,0
2026-08-08 23:39:00+00:00,227.71,227.71,227.71,227.71,0.0,0
2026-08-08 23:40:00+00:00,227.71,227.71,227.71,227.71,0.0,0
2026-08-08 23:41:00+00:00,227.71,227.71,227.71,227.71,0.0,0
2026-08-08 23:42:00+00:00,227.71,227.71,227.71,227.71,0.0,0
2026-08-08 23:43:00+00:00,227.71,227.71,227.71,227.71,0.0,0
2026-08-08 23:44:00+00:00,227.71,227.71,227.71,227.71,0.0,0
2026-08-08 23:45:00+00:00,227.71,227.71,227.71,227.71,0.0,0
2026-08-08 23:46:00+00:00,227.71,227.71,227.71,227.71,0.0,0
2026-08-08 23:47:00+00:00,227.71,227.71,227.71,227.71,0.0,0
2026-08-08 23:48:00+00:00,227.71,227.71,227.71,227.71,0.0,0
2026-08-08 23:49:00+00:00,227.71,227.71,227.71,227.71,0.0,0
2026-08-08 23:50:00+00:00,227.69,227.69,227.69,227.69,4.41,1
2026-08-08 23:51:00+00:00,227.69,227.69,227.69,227.69,0.0,0
2026-08-08 23:52:00+00:00,227.6,227.88,227.6,227.88,1.96,7
2026-08-08 23:53:00+00:00,227.73,227.73,227.71,227.71,0.55,3
2026-08-08 23:54:00+00:00,227.74,227.74,227.74,227.74,0.17,1
2026-08-08 23:55:00+00:00,227.74,227.74,227.74,227.74,0.0,0
2026-08-08 23:56:00+00:00,227.7,227.7,227.7,227.7,0.22,1
2026-08-08 23:57:00+00:00,227.7,227.7,227.7,227.7,0.0,0
2026-08-08 23:58:00+00:00,227.7,227.7,227.7,227.7,0.0,0
2026-08-08 23:59:00+00:00,227.93,229.14,227.71,227.87,300.8,108
2026-08-09 00:00:00+00:00,227.7,227.7,227.5,227.5,6.66,11
2026-08-09 00:01:00+00:00,227.33,227.33,227.32,227.32,2.87,8
2026-08-09 00:02:00+00:00,227.53,227.53,227.36,227.36,1.37,6
2026-08-09 00:03:00+00:00,227.35,227.36,227.35,227.36,3.25,6
2026-08-09 00:04:00+00:00,227.45,227.45,227.45,227.45,0.37,1
2026-08-09 00:05:00+00:00,227.46,227.46,227.46,227.46,0.2,1
2026-08-09 00:06:00+00:00,227.43,227.43,227.42,227.42,0.44,2
2026-08-09 00:07:00+00:00,227.35,227.39,227.35,227.39,0.54,2
2026-08-09 00:08:00+00:00,227.39,227.39,227.39,227.39,0.38,1
2026-08-09 00:09:00+00:00,227.39,227.39,227.39,227.39,0.0,0
2026-08-09 00:10:00+00:00,227.39,227.39,227.39,227.39,0.0,0
2026-08-09 00:11:00+00:00,227.38,227.38,227.38,227.38,0.09,1
2026-08-09 00:12:00+00:00,227.38,227.38,227.38,227.38,0.0,0
2026-08-09 00:13:00+00:00,227.48,227.48,227.48,227.48,0.01,1
2026-08-09 00:14:00+00:00,227.48,227.48,227.48,227.48,0.0,0
2026-08-09 00:15:00+00:00,227.48,227.48,227.48,227.48,0.0,0
2026-08-09 00:16:00+00:00,227.54,227.56,227.35,227.35,0.69,3
2026-08-09 00:17:00+00:00,227.35,227.35,227.35,227.35,0.0,0
2026-08-09 00:18:00+00:00,227.35,227.35,227.35,227.35,0.0,0
2026-08-09 00:19:00+00:00,227.35,227.35,227.35,227.35,0.0,0
2026-08-09 00:20:00+00:00,227.35,227.35,227.35,227.35,0.0,0
2026-08-09 00:21:00+00:00,227.35,227.35,227.35,227.35,0.0,0
2026-08-09 00:22:00+00:00,227.41,227.41,227.41,227.41,0.39,1
2026-08-09 00:23:00+00:00,227.4,227.4,227.37,227.37,0.58,3
2026-08-09 00:24:00+00:00,227.53,227.53,227.53,227.53,0.22,1
2026-08-09 00:25:00+00:00,227.51,227.54,227.36,227.36,2.63,5
2026-08-09 00:26:00+00:00,227.36,227.36,227.36,227.36,0.0,0
2026-08-09 00:27:00+00:00,227.35,227.35,227.35,227.35,3.75,5
2026-08-09 00:28:00+00:00,227.35,227.35,227.35,227.35,7.9,11
2026-08-09 00:29:00+00:00,227.36,227.4,227.36,227.4,0.49,2
2026-08-09 00:30:00+00:00,227.4,227.4,227.4,227.4,0.0,0
2026-08-09 00:31:00+00:00,227.42,227.43,227.42,227.43,4.08,4
2026-08-09 00:32:00+00:00,227.43,227.43,227.43,227.43,0.0,0
2026-08-09 00:33:00+00:00,227.43,227.43,227.43,227.43,0.0,0
2026-08-09 00:34:00+00:00,227.43,227.43,227.43,227.43,0.0,0
2026-08-09 00:35:00+00:00,227.43,227.43,227.43,227.43,0.0,0
2026-08-09 00:36:00+00:00,227.48,227.48,227.48,227.48,0.38,1
2026-08-09 00:37:00+00:00,227.48,227.48,227.48,227.48,0.0,0
2026-08-09 00:38:00+00:00,227.48,227.48,227.48,227.48,0.0,0
2026-08-09 00:39:00+00:00,227.48,227.48,227.48,227.48,0.0,0
2026-08-09 00:40:00+00:00,227.61,227.61,227.61,227.61,0.78,2
2026-08-09 00:41:00+00:00,227.61,227.61,227.61,227.61,0.0,0
2026-08-09 00:42:00+00:00,227.61,227.61,227.61,227.61,0.0,0
2026-08-09 00:43:00+00:00,227.61,227.61,227.61,227.61,0.0,0
2026-08-09 00:44:00+00:00,227.72,227.72,227.72,227.72,0.39,1
2026-08-09 00:45:00+00:00,227.76,227.78,227.76,227.78,0.67,3
2026-08-09 00:46:00+00:00,227.78,227.78,227.78,227.78,0.0,0
2026-08-09 00:47:00+00:00,227.78,227.78,227.78,227.78,0.0,0
2026-08-09 00:48:00+00:00,227.78,227.78,227.78,227.78,0.0,0
2026-08-09 00:49:00+00:00,227.78,227.78,227.78,227.78,0.0,0
2026-08-09 00:50:00+00:00,227.61,227.61,227.61,227.61,0.23,1
2026-08-09 00:51:00+00:00,227.61,227.61,227.61,227.61,0.0,0
2026-08-09 00:52:00+00:00,227.61,227.61,227.61,227.61,0.0,0
2026-08-09 00:53:00+00:00,227.61,227.61,227.61,227.61,0.0,0
2026-08-09 00:54:00+00:00,227.61,227.61,227.61,227.61,0.0,0
2026-08-09 00:55:00+00:00,227.61,227.61,227.61,227.61,0.0,0
2026-08-09 00:56:00+00:00,227.61,227.61,227.61,227.61,0.0,0
2026-08-09 00:57:00+00:00,227.61,227.61,227.61,227.61,0.0,0
2026-08-09 00:58:00+00:00,227.61,227.61,227.61,227.61,0.0,0
2026-08-09 00:59:00+00:00,227.61,227.61,227.61,227.61,0.0,0
2026-08-09 01:00:00+00:00,227.83,227.83,227.83,227.83,0.08,1
2026-08-09 01:01:00+00:00,227.84,227.84,227.8,227.8,3.06,4
2026-08-09 01:02:00+00:00,227.8,227.8,227.8,227.8,0.0,0
2026-08-09 01:03:00+00:00,227.81,227.81,227.76,227.76,2.62,5
2026-08-09 01:04:00+00:00,227.74,227.74,227.73,227.73,0.44,3
2026-08-09 01:05:00+00:00,227.95,227.95,227.95,227.95,0.03,1
2026-08-09 01:06:00+00:00,227.8,227.8,227.8,227.8,0.22,1
2026-08-09 01:07:00+00:00,227.8,227.8,227.8,227.8,0.0,0
2026-08-09 01:08:00+00:00,227.8,227.8,227.8,227.8,0.0,0
2026-08-09 01:09:00+00:00,227.8,227.8,227.8,227.8,0.0,0
2026-08-09 01:10:00+00:00,227.76,227.87,227.74,227.87,0.83,4
2026-08-09 01:11:00+00:00,227.92,227.92,227.92,227.92,0.01,1
2026-08-09 01:12:00+00:00,227.92,227.92,227.92,227.92,0.0,0
2026-08-09 01:13:00+00:00,227.99,227.99,227.99,227.99,0.06,1
2026-08-09 01:14:00+00:00,227.99,227.99,227.99,227.99,0.0,0
2026-08-09 01:15:00+00:00,227.99,227.99,227.99,227.99,0.0,0
2026-08-09 01:16:00+00:00,227.99,227.99,227.99,227.99,0.0,0
2026-08-09 01:17:00+00:00,227.99,227.99,227.99,227.99,0.0,0
2026-08-09 01:18:00+00:00,227.99,227.99,227.99,227.99,0.0,0
2026-08-09 01:19:00+00:00,227.99,227.99,227.99,227.99,0.0,0
2026-08-09 01:20:00+00:00,227.84,227.84,227.78,227.78,0.61,3
2026-08-09 01:21:00+00:00,227.7,227.7,227.7,227.7,0.74,2
2026-08-09 01:22:00+00:00,227.7,227.7,227.7,227.7,0.0,0
2026-08-09 01:23:00+00:00,227.9,227.9,227.9,227.9,0.48,2
2026-08-09 01:24:00+00:00,227.9,227.9,227.9,227.9,0.0,0
2026-08-09 01:25:00+00:00,227.75,227.77,227.75,227.77,0.37,2
2026-08-09 01:26:00+00:00,227.48,227.48,227.48,227.48,0.22,1
2026-08-09 01:27:00+00:00,227.51,227.51,227.51,227.51,0.08,1
2026-08-09 01:28:00+00:00,227.51,227.51,227.51,227.51,0.0,0
2026-08-09 01:29:00+00:00,227.42,227.42,227.42,227.42,0.74,2
2026-08-09 01:30:00+00:00,227.42,227.47,227.42,227.47,1.19,4
2026-08-09 01:31:00+00:00,227.47,227.47,227.47,227.47,0.0,0
2026-08-09 01:32:00+00:00,227.42,227.42,227.42,227.42,9.3,11
2026-08-09 01:33:00+00:00,227.31,227.31,227.29,227.29,0.36,2
2026-08-09 01:34:00+00:00,227.29,227.29,227.29,227.29,0.0,0
2026-08-09 01:35:00+00:00,227.29,227.29,227.29,227.29,0.0,0
2026-08-09 01:36:00+00:00,227.31,227.31,227.28,227.3,0.45,3
2026-08-09 01:37:00+00:00,227.27,227.27,227.24,227.26,1.31,3
2026-08-09 01:38:00+00:00,227.26,227.26,227.26,227.26,0.0,0
2026-08-09 01:39:00+00:00,227.26,227.26,227.26,227.26,0.0,0
2026-08-09 01:40:00+00:00,227.26,227.26,227.26,227.26,0.0,0
2026-08-09 01:41:00+00:00,227.26,227.26,227.26,227.26,0.0,0
2026-08-09 01:42:00+00:00,227.26,227.26,227.26,227.26,0.0,0
2026-08-09 01:43:00+00:00,227.26,227.26,227.26,227.26,0.0,0
2026-08-09 01:44:00+00:00,227.26,227.26,227.26,227.26,0.0,0
2026-08-09 01:45:00+00:00,227.21,227.21,227.17,227.17,3.88,5
2026-08-09 01:46:00+00:00,227.17,227.17,227.17,227.17,0.0,0
2026-08-09 01:47:00+00:00,227.29,227.29,227.29,227.29,0.26,1
2026-08-09 01:48:00+00:00,227.59,227.59,227.59,227.59,0.72,2
2026-08-09 01:49:00+00:00,227.51,227.61,227.51,227.61,4.86,12
2026-08-09 01:50:00+00:00,227.66,227.67,227.66,227.67,1.36,3
2026-08-09 01:51:00+00:00,227.67,227.67,227.67,227.67,0.0,0
2026-08-09 01:52:00+00:00,227.69,227.69,227.69,227.69,0.88,1
2026-08-09 01:53:00+00:00,227.69,227.69,227.69,227.69,0.0,0
2026-08-09 01:54:00+00:00,227.69,227.69,227.69,227.69,0.0,0
2026-08-09 01:55:00+00:00,227.62,227.62,227.62,227.62,2.19,1
2026-08-09 01:56:00+00:00,227.62,227.62,227.62,227.62,0.0,0
2026-08-09 01:57:00+00:00,227.62,227.62,227.62,227.62,0.0,0
2026-08-09 01:58:00+00:00,227.62,227.62,227.62,227.62,0.0,0
2026-08-09 01:59:00+00:00,227.62,227.62,227.62,227.62,0.0,0
2026-08-09 02:00:00+00:00,227.62,227.62,227.62,227.62,0.0,0
2026-08-09 02:01:00+00:00,227.66,227.66,227.62,227.62,0.8,4
2026-08-09 02:02:00+00:00,227.62,227.62,227.62,227.62,0.0,0
2026-08-09 02:03:00+00:00,227.62,227.62,227.62,227.62,0.0,0
2026-08-09 02:04:00+00:00,227.62,227.62,227.62,227.62,0.0,0
2026-08-09 02:05:00+00:00,227.62,227.62,227.62,227.62,0.0,0
2026-08-09 02:06:00+00:00,227.62,227.62,227.62,227.62,0.0,0
2026-08-09 02:07:00+00:00,227.62,227.62,227.62,227.62,0.0,0
2026-08-09 02:08:00+00:00,227.65,227.68,227.56,227.56,3.49,7
2026-08-09 02:09:00+00:00,227.56,227.56,227.56,227.56,0.0,0
2026-08-09 02:10:00+00:00,227.56,227.56,227.56,227.56,0.0,0
2026-08-09 02:11:00+00:00,227.57,227.57,227.49,227.49,2.93,10
2026-08-09 02:12:00+00:00,227.49,227.49,227.49,227.49,0.0,0
2026-08-09 02:13:00+00:00,227.49,227.49,227.49,227.49,0.0,0
2026-08-09 02:14:00+00:00,227.49,227.49,227.49,227.49,0.0,0
2026-08-09 02:15:00+00:00,227.49,227.49,227.49,227.49,0.0,0
2026-08-09 02:16:00+00:00,227.49,227.49,227.49,227.49,0.0,0
2026-08-09 02:17:00+00:00,227.49,227.49,227.49,227.49,0.0,0
2026-08-09 02:18:00+00:00,227.49,227.49,227.49,227.49,0.0,0
2026-08-09 02:19:00+00:00,227.49,227.49,227.49,227.49,0.0,0
2026-08-09 02:20:00+00:00,227.49,227.49,227.49,227.49,0.0,0
2026-08-09 02:21:00+00:00,227.49,227.49,227.49,227.49,0.0,0
2026-08-09 02:22:00+00:00,227.49,227.49,227.49,227.49,0.0,0
2026-08-09 02:23:00+00:00,227.49,227.49,227.49,227.49,0.0,0
2026-08-09 02:24:00+00:00,227.49,227.49,227.49,227.49,0.0,0
2026-08-09 02:25:00+00:00,227.56,227.59,227.56,227.59,0.44,3
2026-08-09 02:26:00+00:00,227.59,227.59,227.59,227.59,0.0,0
2026-08-09 02:27:00+00:00,227.59,227.59,227.59,227.59,0.0,0
2026-08-09 02:28:00+00:00,227.59,227.59,227.59,227.59,0.0,0
2026-08-09 02:29:00+00:00,227.59,227.59,227.59,227.59,0.0,0
2026-08-09 02:30:00+00:00,227.59,227.59,227.59,227.59,0.0,0
2026-08-09 02:31:00+00:00,227.59,227.59,227.59,227.59,0.0,0
2026-08-09 02:32:00+00:00,227.23,227.23,227.23,227.23,0.35,1
2026-08-09 02:33:00+00:00,227.23,227.23,227.23,227.23,0.0,0
2026-08-09 02:34:00+00:00,227.23,227.23,227.23,227.23,0.52,2
2026-08-09 02:35:00+00:00,227.44,227.44,227.44,227.44,0.08,1
2026-08-09 02:36:00+00:00,227.32,227.32,227.31,227.31,0.88,4
2026-08-09 02:37:00+00:00,227.37,227.37,227.37,227.37,0.55,2
2026-08-09 02:38:00+00:00,227.39,227.4,227.37,227.37,1.33,3
2026-08-09 02:39:00+00:00,227.36,227.36,227.36,227.36,0.11,1
2026-08-09 02:40:00+00:00,227.36,227.36,227.36,227.36,0.0,0
2026-08-09 02:41:00+00:00,227.36,227.36,227.36,227.36,0.0,0
2026-08-09 02:42:00+00:00,227.43,227.44,227.43,227.44,0.23,2
2026-08-09 02:43:00+00:00,227.44,227.44,227.44,227.44,0.0,0
2026-08-09 02:44:00+00:00,227.44,227.44,227.44,227.44,0.0,0
2026-08-09 02:45:00+00:00,227.32,227.41,227.32,227.41,2.2,6
2026-08-09 02:46:00+00:00,227.41,227.41,227.41,227.41,0.29,1
2026-08-09 02:47:00+00:00,227.41,227.41,227.41,227.41,0.0,0
2026-08-09 02:48:00+00:00,227.41,227.41,227.41,227.41,0.0,0
2026-08-09 02:49:00+00:00,227.57,227.6,227.57,227.6,3.5,10
2026-08-09 02:50:00+00:00,227.6,227.6,227.6,227.6,0.0,0
2026-08-09 02:51:00+00:00,227.6,227.6,227.6,227.6,0.0,0
2026-08-09 02:52:00+00:00,227.6,227.6,227.6,227.6,0.0,0
2026-08-09 02:53:00+00:00,227.6,227.6,227.6,227.6,0.0,0
2026-08-09 02:54:00+00:00,227.61,227.61,227.61,227.61,0.33,1
2026-08-09 02:55:00+00:00,227.61,227.61,227.61,227.61,0.0,0
2026-08-09 02:56:00+00:00,227.61,227.61,227.61,227.61,0.0,0
2026-08-09 02:57:00+00:00,227.61,227.61,227.61,227.61,0.0,0
2026-08-09 02:58:00+00:00,227.61,227.61,227.61,227.61,0.0,0
2026-08-09 02:59:00+00:00,227.61,227.61,227.61,227.61,0.0,0
2026-08-09 03:00:00+00:00,227.61,227.61,227.61,227.61,4.5,8
2026-08-09 03:01:00+00:00,227.61,227.61,227.42,227.47,3.05,5
2026-08-09 03:02:00+00:00,227.47,227.47,227.47,227.47,0.0,0
2026-08-09 03:03:00+00:00,227.47,227.47,227.47,227.47,0.0,0
2026-08-09 03:04:00+00:00,227.47,227.47,227.47,227.47,0.0,0
2026-08-09 03:05:00+00:00,227.47,227.47,227.47,227.47,0.0,0
2026-08-09 03:06:00+00:00,227.47,227.47,227.47,227.47,0.0,0
2026-08-09 03:07:00+00:00,227.41,227.41,227.41,227.41,0.87,3
2026-08-09 03:08:00+00:00,227.41,227.41,227.41,227.41,0.0,0
2026-08-09 03:09:00+00:00,227.41,227.41,227.41,227.41,0.0,0
2026-08-09 03:10:00+00:00,227.37,227.37,227.37,227.37,0.07,1
2026-08-09 03:11:00+00:00,227.56,227.64,227.56,227.64,1.51,5
2026-08-09 03:12:00+00:00,227.65,227.65,227.65,227.65,0.66,2
2026-08-09 03:13:00+00:00,227.72,227.74,227.67,227.74,1.59,8
2026-08-09 03:14:00+00:00,227.72,227.79,227.72,227.79,5.56,9
2026-08-09 03:15:00+00:00,227.79,227.79,227.79,227.79,0.0,0
2026-08-09 03:16:00+00:00,227.79,227.79,227.79,227.79,0.0,0
2026-08-09 03:17:00+00:00,227.58,227.62,227.58,227.58,1.56,6
2026-08-09 03:18:00+00:00,227.58,227.58,227.58,227.58,0.0,0
2026-08-09 03:19:00+00:00,227.55,227.55,227.55,227.55,0.33,1
2026-08-09 03:20:00+00:00,227.59,227.59,227.59,227.59,0.26,1
2026-08-09 03:21:00+00:00,227.59,227.59,227.59,227.59,0.0,0
2026-08-09 03:22:00+00:00,227.45,227.45,227.29,227.29,1.25,4
2026-08-09 03:23:00+00:00,227.33,227.33,227.12,227.12,2.43,3
2026-08-09 03:24:00+00:00,227.18,227.19,227.18,227.19,1.19,4
2026-08-09 03:25:00+00:00,227.17,227.17,227.17,227.17,0.62,2
2026-08-09 03:26:00+00:00,227.17,227.17,227.17,227.17,0.0,0
2026-08-09 03:27:00+00:00,227.17,227.17,227.17,227.17,0.0,0
2026-08-09 03:28:00+00:00,227.17,227.17,227.17,227.17,0.26,1
2026-08-09 03:29:00+00:00,227.17,227.17,227.17,227.17,0.0,0
2026-08-09 03:30:00+00:00,227.14,227.14,227.04,227.07,15.51,11
2026-08-09 03:31:00+00:00,227.09,227.11,227.09,227.11,1.62,7
2026-08-09 03:32:00+00:00,227.11,227.11,227.11,227.11,0.0,0
2026-08-09 03:33:00+00:00,227.11,227.11,227.11,227.11,0.0,0
2026-08-09 03:34:00+00:00,227.22,227.22,227.22,227.22,0.2,1
2026-08-09 03:35:00+00:00,227.42,227.42,227.42,227.42,0.31,1
2026-08-09 03:36:00+00:00,227.42,227.42,227.42,227.42,0.0,0
2026-08-09 03:37:00+00:00,227.42,227.42,227.42,227.42,0.0,0
2026-08-09 03:38:00+00:00,227.42,227.42,227.42,227.42,0.0,0
2026-08-09 03:39:00+00:00,227.42,227.42,227.42,227.42,0.0,0
2026-08-09 03:40:00+00:00,227.42,227.42,227.42,227.42,0.0,0
2026-08-09 03:41:00+00:00,227.42,227.42,227.42,227.42,0.0,0
2026-08-09 03:42:00+00:00,227.42,227.42,227.42,227.42,0.0,0
2026-08-09 03:43:00+00:00,227.42,227.42,227.42,227.42,0.0,0
2026-08-09 03:44:00+00:00,227.42,227.42,227.42,227.42,0.0,0
2026-08-09 03:45:00+00:00,227.42,227.42,227.42,227.42,0.0,0
2026-08-09 03:46:00+00:00,227.42,227.42,227.42,227.42,0.0,0
2026-08-09 03:47:00+00:00,227.4,227.4,227.4,227.4,0.15,1
2026-08-09 03:48:00+00:00,227.35,227.35,227.35,227.35,0.54,3
2026-08-09 03:49:00+00:00,227.28,227.28,227.28,227.28,0.14,1
2026-08-09 03:50:00+00:00,227.28,227.28,227.28,227.28,0.0,0
2026-08-09 03:51:00+00:00,227.28,227.28,227.28,227.28,0.0,0
2026-08-09 03:52:00+00:00,227.28,227.28,227.28,227.28,0.0,0
2026-08-09 03:53:00+00:00,227.28,227.28,227.28,227.28,0.0,0
2026-08-09 03:54:00+00:00,227.28,227.28,227.28,227.28,0.0,0
2026-08-09 03:55:00+00:00,227.28,227.28,227.28,227.28,0.0,0
2026-08-09 03:56:00+00:00,227.28,227.28,227.28,227.28,0.0,0
2026-08-09 03:57:00+00:00,227.28,227.28,227.28,227.28,0.0,0
2026-08-09 03:58:00+00:00,227.28,227.28,227.28,227.28,0.0,0
2026-08-09 03:59:00+00:00,227.28,227.28,227.28,227.28,0.0,0
2026-08-09 04:00:00+00:00,227.28,227.28,227.28,227.28,0.0,0
2026-08-09 04:01:00+00:00,227.07,227.07,227.07,227.07,1.55,6
2026-08-09 04:02:00+00:00,227.07,227.26,227.07,227.26,3.35,8
2026-08-09 04:03:00+00:00,227.26,227.26,227.26,227.26,0.0,0
2026-08-09 04:04:00+00:00,227.07,227.07,227.07,227.07,0.31,1
2026-08-09 04:05:00+00:00,227.12,227.24,227.12,227.24,0.55,2
2026-08-09 04:06:00+00:00,227.24,227.24,227.24,227.24,0.0,0
2026-08-09 04:07:00+00:00,227.24,227.24,227.24,227.24,0.0,0
2026-08-09 04:08:00+00:00,227.24,227.24,227.24,227.24,0.0,0
2026-08-09 04:09:00+00:00,227.24,227.24,227.24,227.24,0.0,0
2026-08-09 04:10:00+00:00,227.23,227.23,227.23,227.23,0.08,1
2026-08-09 04:11:00+00:00,227.23,227.23,227.23,227.23,0.0,0
2026-08-09 04:12:00+00:00,227.23,227.23,227.23,227.23,0.0,0
2026-08-09 04:13:00+00:00,227.23,227.23,227.23,227.23,0.0,0
2026-08-09 04:14:00+00:00,227.23,227.23,227.23,227.23,0.0,0
2026-08-09 04:15:00+00:00,227.23,227.23,227.23,227.23,0.0,0
2026-08-09 04:16:00+00:00,227.23,227.23,227.23,227.23,0.0,0
2026-08-09 04:17:00+00:00,227.23,227.23,227.23,227.23,0.0,0
2026-08-09 04:18:00+00:00,227.07,227.07,227.07,227.07,1.55,5
2026-08-09 04:19:00+00:00,227.07,227.12,227.07,227.12,4.25,9
2026-08-09 04:20:00+00:00,227.07,227.07,227.07,227.07,5.15,8
2026-08-09 04:21:00+00:00,227.07,227.07,227.07,227.07,3.36,4
2026-08-09 04:22:00+00:00,227.07,227.08,227.07,227.08,12.56,9
2026-08-09 04:23:00+00:00,227.02,227.04,227.02,227.04,8.91,8
2026-08-09 04:24:00+00:00,227.04,227.04,227.04,227.04,0.0,0
2026-08-09 04:25:00+00:00,227.04,227.04,227.04,227.04,0.0,0
2026-08-09 04:26:00+00:00,227.04,227.04,227.04,227.04,0.0,0
2026-08-09 04:27:00+00:00,227.04,227.04,227.04,227.04,0.0,0
2026-08-09 04:28:00+00:00,227.04,227.04,227.04,227.04,0.0,0
2026-08-09 04:29:00+00:00,227.04,227.04,227.04,227.04,0.0,0
2026-08-09 04:30:00+00:00,227.04,227.04,227.04,227.04,0.0,0
2026-08-09 04:31:00+00:00,227.01,227.01,227.01,227.01,1.02,2
2026-08-09 04:32:00+00:00,227.01,227.01,227.01,227.01,0.0,0
2026-08-09 04:33:00+00:00,227.01,227.01,227.01,227.01,0.0,0
2026-08-09 04:34:00+00:00,227.01,227.01,227.01,227.01,0.0,0
2026-08-09 04:35:00+00:00,227.18,227.18,227.18,227.18,0.09,1
2026-08-09 04:36:00+00:00,227.18,227.18,227.18,227.18,4.38,1
2026-08-09 04:37:00+00:00,227.18,227.18,227.18,227.18,0.0,0
2026-08-09 04:38:00+00:00,227.18,227.18,227.18,227.18,0.0,0
2026-08-09 04:39:00+00:00,227.18,227.18,227.18,227.18,0.0,0
2026-08-09 04:40:00+00:00,227.13,227.13,225.84,226.0,475.17,160
2026-08-09 04:41:00+00:00,226.21,226.44,226.18,226.44,43.39,24
2026-08-09 04:42:00+00:00,226.44,226.44,226.44,226.44,0.0,0
2026-08-09 04:43:00+00:00,226.5,226.74,226.5,226.72,44.44,52
2026-08-09 04:44:00+00:00,226.72,226.72,226.72,226.72,0.0,0
2026-08-09 04:45:00+00:00,226.73,226.73,226.27,226.41,64.93,33
2026-08-09 04:46:00+00:00,226.39,226.39,226.39,226.39,0.31,1
2026-08-09 04:47:00+00:00,226.51,226.51,225.44,226.02,411.17,86
2026-08-09 04:48:00+00:00,226.02,226.02,226.02,226.02,0.0,0
2026-08-09 04:49:00+00:00,226.02,226.02,226.02,226.02,0.0,0
2026-08-09 04:50:00+00:00,226.02,226.02,226.02,226.02,0.0,0
2026-08-09 04:51:00+00:00,226.02,226.02,226.02,226.02,0.0,0
2026-08-09 04:52:00+00:00,226.02,226.02,226.02,226.02,0.0,0
2026-08-09 04:53:00+00:00,226.08,226.09,226.08,226.09,5.22,5
2026-08-09 04:54:00+00:00,226.09,226.09,226.09,226.09,0.0,0
2026-08-09 04:55:00+00:00,226.07,226.09,226.07,226.09,1.28,4
2026-08-09 04:56:00+00:00,226.09,226.09,226.09,226.09,0.0,0
2026-08-09 04:57:00+00:00,226.09,226.09,226.09,226.09,0.0,0
2026-08-09 04:58:00+00:00,226.09,226.09,226.09,226.09,0.0,0
2026-08-09 04:59:00+00:00,226.08,226.09,226.08,226.09,4.08,3
2026-08-09 05:00:00+00:00,226.09,226.09,226.09,226.09,0.06,1
2026-08-09 05:01:00+00:00,226.02,226.13,226.02,226.13,0.53,2
2026-08-09 05:02:00+00:00,226.13,226.13,226.13,226.13,0.0,0
2026-08-09 05:03:00+00:00,226.13,226.13,226.13,226.13,0.0,0
2026-08-09 05:04:00+00:00,226.02,226.05,226.02,226.05,8.15,5
2026-08-09 05:05:00+00:00,226.05,226.05,226.05,226.05,0.0,0
2026-08-09 05:06:00+00:00,226.05,226.05,226.05,226.05,0.0,0
2026-08-09 05:07:00+00:00,226.05,226.05,226.03,226.03,0.31,2
2026-08-09 05:08:00+00:00,226.03,226.03,226.03,226.03,0.0,0
2026-08-09 05:09:00+00:00,226.03,226.03,226.02,226.02,7.22,2
2026-08-09 05:10:00+00:00,226.02,226.02,226.02,226.02,0.0,0
2026-08-09 05:11:00+00:00,226.04,226.07,226.04,226.07,4.55,2
2026-08-09 05:12:00+00:00,226.07,226.07,226.07,226.07,0.0,0
2026-08-09 05:13:00+00:00,226.11,226.11,226.11,226.11,0.08,1
2026-08-09 05:14:00+00:00,226.11,226.11,226.11,226.11,0.0,0
2026-08-09 05:15:00+00:00,226.11,226.11,226.11,226.11,0.0,0
2026-08-09 05:16:00+00:00,226.11,226.11,226.11,226.11,0.0,0
2026-08-09 05:17:00+00:00,226.11,226.11,226.11,226.11,0.0,0
2026-08-09 05:18:00+00:00,226.11,226.11,226.11,226.11,0.0,0
2026-08-09 05:19:00+00:00,226.11,226.11,226.11,226.11,0.0,0
2026-08-09 05:20:00+00:00,226.11,226.11,226.11,226.11,0.0,0
2026-08-09 05:21:00+00:00,226.11,226.11,226.11,226.11,0.0,0
2026-08-09 05:22:00+00:00,226.11,226.11,226.11,226.11,0.0,0
2026-08-09 05:23:00+00:00,226.11,226.11,226.11,226.11,0.0,0
2026-08-09 05:24:00+00:00,226.11,226.11,226.11,226.11,0.0,0
2026-08-09 05:25:00+00:00,226.11,226.11,226.11,226.11,0.0,0
2026-08-09 05:26:00+00:00,226.11,226.11,226.11,226.11,0.0,0
2026-08-09 05:27:00+00:00,226.11,226.11,226.11,226.11,0.0,0
2026-08-09 05:28:00+00:00,226.11,226.11,226.11,226.11,0.0,0
2026-08-09 05:29:00+00:00,226.11,226.11,226.11,226.11,0.0,0
2026-08-09 05:30:00+00:00,226.11,226.11,226.11,226.11,0.0,0
2026-08-09 05:31:00+00:00,226.11,226.11,226.11,226.11,0.0,0
2026-08-09 05:32:00+00:00,226.08,226.08,226.08,226.08,2.2,1
2026-08-09 05:33:00+00:00,226.08,226.08,226.08,226.08,0.0,0
2026-08-09 05:34:00+00:00,226.12,226.12,226.12,226.12,0.42,1
2026-08-09 05:35:00+00:00,226.17,226.29,226.17,226.29,1.73,5
2026-08-09 05:36:00+00:00,226.29,226.29,226.29,226.29,0.0,0
2026-08-09 05:37:00+00:00,226.1,226.1,225.95,225.95,2.38,8
2026-08-09 05:38:00+00:00,225.95,225.95,225.95,225.95,0.15,1
2026-08-09 05:39:00+00:00,225.92,225.92,225.92,225.92,0.88,4
2026-08-09 05:40:00+00:00,225.92,225.92,225.92,225.92,0.0,0
2026-08-09 05:41:00+00:00,225.92,225.92,225.92,225.92,0.0,0
2026-08-09 05:42:00+00:00,225.81,225.81,225.8,225.8,3.98,2
2026-08-09 05:43:00+00:00,225.87,225.87,225.87,225.87,1.57,2
2026-08-09 05:44:00+00:00,225.89,225.89,225.88,225.88,0.5,3
2026-08-09 05:45:00+00:00,225.9,225.9,225.9,225.9,0.17,1
2026-08-09 05:46:00+00:00,225.93,225.95,225.93,225.95,2.26,4
2026-08-09 05:47:00+00:00,225.95,225.95,225.95,225.95,0.0,0
2026-08-09 05:48:00+00:00,225.88,226.07,225.83,226.07,6.71,17
2026-08-09 05:49:00+00:00,226.15,226.15,226.12,226.12,0.16,2
2026-08-09 05:50:00+00:00,226.12,226.15,226.09,226.15,0.88,7
2026-08-09 05:51:00+00:00,226.15,226.15,226.15,226.15,0.0,0
2026-08-09 05:52:00+00:00,226.15,226.15,226.15,226.15,0.0,0
2026-08-09 05:53:00+00:00,226.15,226.15,226.15,226.15,0.0,0
2026-08-09 05:54:00+00:00,226.15,226.15,226.15,226.15,0.0,0
2026-08-09 05:55:00+00:00,226.27,226.29,226.16,226.16,2.33,11
2026-08-09 05:56:00+00:00,226.14,226.14,226.13,226.14,0.37,4
2026-08-09 05:57:00+00:00,226.14,226.14,226.14,226.14,0.0,0
2026-08-09 05:58:00+00:00,226.08,226.23,226.03,226.14,2.59,8
2026-08-09 05:59:00+00:00,226.1,226.1,226.1,226.1,0.16,2
2026-08-09 06:00:00+00:00,226.1,226.1,226.1,226.1,0.08,1
2026-08-09 06:01:00+00:00,226.07,226.07,226.07,226.07,2.16,8
2026-08-09 06:02:00+00:00,226.08,226.08,226.07,226.07,2.64,2
2026-08-09 06:03:00+00:00,226.07,226.07,226.07,226.07,0.0,0
2026-08-09 06:04:00+00:00,226.08,226.16,226.08,226.11,13.11,11
2026-08-09 06:05:00+00:00,226.23,226.27,226.16,226.16,6.06,11
2026-08-09 06:06:00+00:00,226.16,226.16,226.16,226.16,0.0,0
2026-08-09 06:07:00+00:00,226.15,226.15,226.03,226.03,2.43,8
2026-08-09 06:08:00+00:00,226.03,226.03,226.03,226.03,0.0,0
2026-08-09 06:09:00+00:00,226.18,226.18,226.18,226.18,0.54,2
2026-08-09 06:10:00+00:00,226.18,226.18,226.18,226.18,0.49,2
2026-08-09 06:11:00+00:00,226.18,226.18,226.18,226.18,0.0,0
2026-08-09 06:12:00+00:00,226.18,226.18,226.18,226.18,0.0,0
2026-08-09 06:13:00+00:00,226.18,226.18,226.18,226.18,0.0,0
2026-08-09 06:14:00+00:00,226.18,226.18,226.18,226.18,0.0,0
2026-08-09 06:15:00+00:00,226.18,226.18,226.18,226.18,0.0,0
2026-08-09 06:16:00+00:00,226.18,226.18,226.18,226.18,0.0,0
2026-08-09 06:17:00+00:00,226.18,226.18,226.18,226.18,0.0,0
2026-08-09 06:18:00+00:00,226.18,226.18,226.18,226.18,0.0,0
2026-08-09 06:19:00+00:00,226.18,226.18,226.18,226.18,0.0,0
2026-08-09 06:20:00+00:00,226.18,226.18,226.18,226.18,0.0,0
2026-08-09 06:21:00+00:00,226.18,226.18,226.18,226.18,0.0,0
2026-08-09 06:22:00+00:00,226.18,226.18,226.18,226.18,0.0,0
2026-08-09 06:23:00+00:00,226.18,226.18,226.18,226.18,0.0,0
2026-08-09 06:24:00+00:00,226.25,226.25,226.25,226.25,1.35,6
2026-08-09 06:25:00+00:00,226.25,226.25,226.25,226.25,0.0,0
2026-08-09 06:26:00+00:00,226.25,226.25,226.25,226.25,0.0,0
2026-08-09 06:27:00+00:00,226.25,226.25,226.25,226.25,0.0,0
2026-08-09 06:28:00+00:00,226.25,226.25,226.25,226.25,0.0,0
2026-08-09 06:29:00+00:00,226.33,226.33,226.33,226.33,0.16,1
2026-08-09 06:30:00+00:00,226.33,226.33,226.33,226.33,0.0,0
2026-08-09 06:31:00+00:00,226.33,226.33,226.33,226.33,0.0,0
2026-08-09 06:32:00+00:00,226.33,226.33,226.33,226.33,0.0,0
2026-08-09 06:33:00+00:00,226.33,226.33,226.33,226.33,0.0,0
2026-08-09 06:34:00+00:00,226.33,226.33,226.33,226.33,0.0,0
2026-08-09 06:35:00+00:00,226.33,226.33,226.33,226.33,0.0,0
2026-08-09 06:36:00+00:00,226.58,226.58,226.58,226.58,0.68,1
2026-08-09 06:37:00+00:00,226.39,226.39,226.39,226.39,0.16,1
2026-08-09 06:38:00+00:00,226.63,226.67,226.54,226.54,2.32,10
2026-08-09 06:39:00+00:00,226.76,226.76,226.76,226.76,1.0,4
2026-08-09 06:40:00+00:00,226.78,226.78,226.78,226.78,0.15,1
2026-08-09 06:41:00+00:00,226.78,226.78,226.78,226.78,0.0,0
2026-08-09 06:42:00+00:00,226.78,226.78,226.78,226.78,0.0,0
2026-08-09 06:43:00+00:00,226.78,226.78,226.78,226.78,0.0,0
2026-08-09 06:44:00+00:00,226.78,226.78,226.78,226.78,0.0,0
2026-08-09 06:45:00+00:00,226.78,226.78,226.78,226.78,0.0,0
2026-08-09 06:46:00+00:00,226.78,226.78,226.78,226.78,0.0,0
2026-08-09 06:47:00+00:00,226.78,226.78,226.78,226.78,0.0,0
2026-08-09 06:48:00+00:00,226.78,226.78,226.78,226.78,0.0,0
2026-08-09 06:49:00+00:00,226.78,226.78,226.78,226.78,0.0,0
2026-08-09 06:50:00+00:00,226.78,226.78,226.78,226.78,0.0,0
2026-08-09 06:51:00+00:00,226.78,226.78,226.78,226.78,0.0,0
2026-08-09 06:52:00+00:00,226.65,226.65,226.65,226.65,10.17,3
2026-08-09 06:53:00+00:00,226.65,226.65,226.65,226.65,0.0,0
2026-08-09 06:54:00+00:00,226.65,226.65,226.65,226.65,0.0,0
2026-08-09 06:55:00+00:00,226.65,226.65,226.65,226.65,0.0,0
2026-08-09 06:56:00+00:00,226.65,226.65,226.65,226.65,0.0,0
2026-08-09 06:57:00+00:00,226.65,226.65,226.65,226.65,0.0,0
2026-08-09 06:58:00+00:00,226.65,226.65,226.65,226.65,0.0,0
2026-08-09 06:59:00+00:00,226.65,226.65,226.65,226.65,0.0,0
2026-08-09 07:00:00+00:00,226.67,226.67,226.67,226.67,0.44,1
2026-08-09 07:01:00+00:00,226.67,226.67,226.67,226.67,0.44,2
2026-08-09 07:02:00+00:00,226.64,226.83,226.64,226.83,7.33,5
2026-08-09 07:03:00+00:00,226.83,226.83,226.83,226.83,0.0,0
2026-08-09 07:04:00+00:00,226.83,226.83,226.83,226.83,0.0,0
2026-08-09 07:05:00+00:00,226.83,226.83,226.83,226.83,0.0,0
2026-08-09 07:06:00+00:00,226.59,226.63,226.59,226.63,5.37,5
2026-08-09 07:07:00+00:00,226.63,226.63,226.63,226.63,0.0,0
2026-08-09 07:08:00+00:00,226.63,226.63,226.63,226.63,0.0,0
2026-08-09 07:09:00+00:00,226.67,226.67,226.67,226.67,0.15,1
2026-08-09 07:10:00+00:00,226.6,226.6,226.6,226.6,0.25,1
2026-08-09 07:11:00+00:00,226.6,226.6,226.54,226.54,0.5,2
2026-08-09 07:12:00+00:00,226.54,226.54,226.42,226.42,2.26,8
2026-08-09 07:13:00+00:00,226.56,226.56,226.53,226.53,3.06,3
2026-08-09 07:14:00+00:00,226.43,226.47,226.39,226.39,14.83,10
2026-08-09 07:15:00+00:00,226.4,226.4,226.14,226.14,33.19,38
2026-08-09 07:16:00+00:00,226.13,226.15,226.04,226.11,26.56,23
2026-08-09 07:17:00+00:00,226.1,226.1,226.08,226.09,74.64,56
2026-08-09 07:18:00+00:00,226.09,226.09,225.78,225.97,32.67,38
2026-08-09 07:19:00+00:00,225.99,225.99,225.98,225.99,19.05,22
2026-08-09 07:20:00+00:00,225.99,225.99,225.87,225.88,25.72,26
2026-08-09 07:21:00+00:00,225.88,225.88,225.79,225.79,37.64,52
2026-08-09 07:22:00+00:00,225.79,225.79,225.67,225.69,16.25,22
2026-08-09 07:23:00+00:00,225.7,225.7,225.61,225.61,48.65,48
2026-08-09 07:24:00+00:00,225.68,225.68,225.66,225.66,10.02,13
2026-08-09 07:25:00+00:00,225.66,225.66,225.58,225.62,39.45,43
2026-08-09 07:26:00+00:00,225.62,225.62,225.58,225.58,18.62,28
2026-08-09 07:27:00+00:00,225.59,225.65,225.56,225.62,38.69,15
2026-08-09 07:28:00+00:00,225.61,225.61,225.55,225.55,2.33,5
2026-08-09 07:29:00+00:00,225.56,225.56,225.53,225.53,9.59,9
2026-08-09 07:30:00+00:00,225.52,225.52,225.52,225.52,0.29,1
2026-08-09 07:31:00+00:00,225.53,225.53,225.53,225.53,0.61,1
2026-08-09 07:32:00+00:00,225.53,225.53,225.52,225.52,8.22,13
2026-08-09 07:33:00+00:00,225.53,225.53,225.53,225.53,0.23,1
2026-08-09 07:34:00+00:00,225.53,225.53,225.52,225.52,5.01,5
2026-08-09 07:35:00+00:00,225.53,225.53,225.52,225.53,10.0,19
2026-08-09 07:36:00+00:00,225.53,225.53,225.52,225.52,2.64,6
2026-08-09 07:37:00+00:00,225.54,225.54,225.52,225.53,12.11,24
2026-08-09 07:38:00+00:00,225.53,225.56,225.53,225.55,3.02,6
2026-08-09 07:39:00+00:00,225.55,225.56,225.55,225.56,2.48,3
2026-08-09 07:40:00+00:00,225.55,225.55,225.55,225.55,0.54,2
2026-08-09 07:41:00+00:00,225.56,225.56,225.54,225.54,34.46,4
2026-08-09 07:42:00+00:00,225.54,225.56,225.54,225.56,33.37,2
2026-08-09 07:43:00+00:00,225.52,225.53,225.52,225.53,1.25,8
2026-08-09 07:44:00+00:00,225.53,225.65,225.53,225.64,8.79,5
2026-08-09 07:45:00+00:00,225.64,225.64,225.64,225.64,0.0,0
2026-08-09 07:46:00+00:00,225.62,225.64,225.62,225.64,0.66,3
2026-08-09 07:47:00+00:00,225.64,225.64,225.64,225.64,0.0,0
2026-08-09 07:48:00+00:00,225.64,225.64,225.64,225.64,0.0,0
2026-08-09 07:49:00+00:00,225.6,225.6,225.6,225.6,0.17,1
2026-08-09 07:50:00+00:00,225.6,225.6,225.6,225.6,0.28,2
2026-08-09 07:51:00+00:00,225.6,225.7,225.44,225.69,6.39,17
2026-08-09 07:52:00+00:00,225.66,225.7,225.66,225.7,3.47,11
2026-08-09 07:53:00+00:00,225.7,225.7,225.7,225.7,2.21,1
2026-08-09 07:54:00+00:00,225.7,225.7,225.7,225.7,2.21,1
2026-08-09 07:55:00+00:00,225.68,225.68,225.68,225.68,0.05,1
2026-08-09 07:56:00+00:00,225.68,225.68,225.68,225.68,0.0,0
2026-08-09 07:57:00+00:00,225.68,225.68,225.68,225.68,0.0,0
2026-08-09 07:58:00+00:00,225.68,225.68,225.68,225.68,0.0,0
2026-08-09 07:59:00+00:00,225.6,225.6,225.55,225.55,2.21,8
2026-08-09 08:00:00+00:00,225.7,225.7,225.7,225.7,2.21,1
2026-08-09 08:01:00+00:00,225.61,225.7,225.61,225.61,16.6,18
2026-08-09 08:02:00+00:00,225.61,225.61,225.61,225.61,0.0,0
2026-08-09 08:03:00+00:00,225.7,225.91,225.7,225.91,1.87,7
2026-08-09 08:04:00+00:00,225.79,225.88,225.79,225.88,1.01,7
2026-08-09 08:05:00+00:00,225.88,225.88,225.88,225.88,0.0,0
2026-08-09 08:06:00+00:00,225.88,225.88,225.88,225.88,0.0,0
2026-08-09 08:07:00+00:00,225.88,225.88,225.88,225.88,0.0,0
2026-08-09 08:08:00+00:00,225.88,225.88,225.88,225.88,0.0,0
2026-08-09 08:09:00+00:00,225.88,225.88,225.88,225.88,0.0,0
2026-08-09 08:10:00+00:00,225.88,225.88,225.88,225.88,0.0,0
2026-08-09 08:11:00+00:00,225.88,225.88,225.88,225.88,0.0,0
2026-08-09 08:12:00+00:00,225.57,225.57,225.57,225.57,10.15,6
2026-08-09 08:13:00+00:00,225.57,225.57,225.57,225.57,4.42,2
2026-08-09 08:14:00+00:00,225.58,225.58,225.57,225.57,5.23,4
2026-08-09 08:15:00+00:00,225.57,225.57,225.57,225.57,0.27,1
2026-08-09 08:16:00+00:00,225.57,225.62,225.57,225.62,4.6,6
2026-08-09 08:17:00+00:00,225.57,225.61,225.57,225.61,2.33,3
2026-08-09 08:18:00+00:00,225.59,225.59,225.58,225.58,0.48,3
2026-08-09 08:19:00+00:00,225.57,225.57,225.57,225.57,2.64,3
2026-08-09 08:20:00+00:00,225.57,225.58,225.57,225.58,1.57,7
2026-08-09 08:21:00+00:00,225.58,225.58,225.58,225.58,0.0,0
2026-08-09 08:22:00+00:00,225.58,225.58,225.58,225.58,0.0,0
2026-08-09 08:23:00+00:00,225.58,225.58,225.58,225.58,0.0,0
2026-08-09 08:24:00+00:00,225.48,225.48,225.44,225.44,0.88,4
2026-08-09 08:25:00+00:00,225.33,225.34,225.33,225.34,14.18,21
2026-08-09 08:26:00+00:00,225.34,225.34,225.34,225.34,0.0,0
2026-08-09 08:27:00+00:00,225.34,225.34,225.34,225.34,0.0,0
2026-08-09 08:28:00+00:00,225.34,225.34,225.34,225.34,0.0,0
2026-08-09 08:29:00+00:00,225.34,225.35,225.34,225.34,1.19,5
2026-08-09 08:30:00+00:00,225.33,225.34,225.32,225.34,6.05,13
2026-08-09 08:31:00+00:00,225.32,225.32,225.32,225.32,0.27,1
2026-08-09 08:32:00+00:00,225.41,225.44,225.41,225.43,0.36,4
2026-08-09 08:33:00+00:00,225.43,225.43,225.43,225.43,0.0,0
2026-08-09 08:34:00+00:00,225.37,225.37,225.37,225.37,0.27,1
2026-08-09 08:35:00+00:00,225.37,225.37,225.37,225.37,0.08,1
2026-08-09 08:36:00+00:00,225.37,225.37,225.37,225.37,0.27,1
2026-08-09 08:37:00+00:00,225.39,225.39,225.39,225.39,0.08,1
2026-08-09 08:38:00+00:00,225.39,225.39,225.39,225.39,0.0,0
2026-08-09 08:39:00+00:00,225.44,225.44,225.14,225.14,3.5,8
2026-08-09 08:40:00+00:00,225.18,225.18,225.12,225.15,4.92,15
2026-08-09 08:41:00+00:00,225.14,225.15,225.14,225.15,1.68,7
2026-08-09 08:42:00+00:00,225.15,225.16,225.15,225.16,1.62,6
2026-08-09 08:43:00+00:00,225.16,225.16,225.15,225.16,3.24,12
2026-08-09 08:44:00+00:00,225.16,225.17,225.16,225.17,2.2,9
2026-08-09 08:45:00+00:00,225.17,225.17,225.16,225.17,1.51,3
2026-08-09 08:46:00+00:00,225.17,225.25,225.17,225.25,2.25,10
2026-08-09 08:47:00+00:00,225.25,225.25,225.25,225.25,0.0,0
2026-08-09 08:48:00+00:00,225.25,225.25,225.25,225.25,0.0,0
2026-08-09 08:49:00+00:00,225.21,225.22,225.2,225.22,9.63,12
2026-08-09 08:50:00+00:00,225.22,225.22,225.22,225.22,0.0,0
2026-08-09 08:51:00+00:00,225.28,225.29,225.28,225.29,0.59,2
2026-08-09 08:52:00+00:00,225.29,225.29,225.29,225.29,0.0,0
2026-08-09 08:53:00+00:00,225.23,225.23,225.23,225.23,0.5,2
2026-08-09 08:54:00+00:00,225.23,225.28,225.23,225.28,5.73,11
2026-08-09 08:55:00+00:00,225.28,225.28,225.28,225.28,0.0,0
2026-08-09 08:56:00+00:00,225.18,225.18,225.06,225.06,3.21,7
2026-08-09 08:57:00+00:00,225.06,225.14,225.06,225.14,3.58,8
2026-08-09 08:58:00+00:00,225.22,225.23,225.07,225.07,2.9,15
2026-08-09 08:59:00+00:00,225.07,225.07,225.07,225.07,72.86,9
2026-08-09 09:00:00+00:00,225.06,225.06,225.06,225.06,0.16,1
2026-08-09 09:01:00+00:00,225.06,225.06,225.06,225.06,0.0,0
2026-08-09 09:02:00+00:00,225.06,225.06,225.06,225.06,0.0,0
2026-08-09 09:03:00+00:00,225.01,225.04,225.01,225.04,7.08,7
2026-08-09 09:04:00+00:00,225.12,225.12,225.12,225.12,0.27,2
2026-08-09 09:05:00+00:00,225.12,225.12,225.12,225.12,0.0,0
2026-08-09 09:06:00+00:00,225.12,225.12,225.12,225.12,0.0,0
2026-08-09 09:07:00+00:00,225.12,225.12,225.12,225.12,0.0,0
2026-08-09 09:08:00+00:00,225.09,225.1,225.09,225.1,0.28,2
2026-08-09 09:09:00+00:00,225.1,225.1,225.1,225.1,0.0,0
2026-08-09 09:10:00+00:00,225.1,225.1,225.1,225.1,0.0,0
2026-08-09 09:11:00+00:00,225.13,225.18,225.02,225.18,7.97,18
2026-08-09 09:12:00+00:00,225.12,225.12,225.12,225.12,0.15,1
2026-08-09 09:13:00+00:00,225.19,225.23,225.19,225.23,4.16,8
2026-08-09 09:14:00+00:00,225.23,225.23,225.23,225.23,0.0,0
2026-08-09 09:15:00+00:00,225.23,225.23,225.23,225.23,2.9,2
2026-08-09 09:16:00+00:00,225.25,225.65,225.25,225.45,64.8,58
2026-08-09 09:17:00+00:00,225.45,225.45,225.45,225.45,0.0,0
2026-08-09 09:18:00+00:00,225.44,225.44,225.44,225.44,5.27,1
2026-08-09 09:19:00+00:00,225.5,225.61,225.5,225.61,1.28,6
2026-08-09 09:20:00+00:00,225.61,225.61,225.61,225.61,0.0,0
2026-08-09 09:21:00+00:00,225.71,225.71,225.71,225.71,0.15,1
2026-08-09 09:22:00+00:00,225.71,225.71,225.71,225.71,0.0,0
2026-08-09 09:23:00+00:00,225.71,225.71,225.71,225.71,0.0,0
2026-08-09 09:24:00+00:00,225.9,225.9,225.9,225.9,0.25,1
2026-08-09 09:25:00+00:00,225.9,225.9,225.9,225.9,0.0,0
2026-08-09 09:26:00+00:00,225.9,225.9,225.9,225.9,0.0,0
2026-08-09 09:27:00+00:00,225.9,225.9,225.9,225.9,0.0,0
2026-08-09 09:28:00+00:00,225.9,225.9,225.9,225.9,0.0,0
2026-08-09 09:29:00+00:00,225.9,225.9,225.9,225.9,0.0,0
2026-08-09 09:30:00+00:00,225.83,225.83,225.83,225.83,0.75,3
2026-08-09 09:31:00+00:00,225.83,225.83,225.83,225.83,0.0,0
2026-08-09 09:32:00+00:00,225.79,225.79,225.79,225.79,0.15,1
2026-08-09 09:33:00+00:00,225.79,225.79,225.79,225.79,0.0,0
2026-08-09 09:34:00+00:00,225.79,225.79,225.79,225.79,0.0,0
2026-08-09 09:35:00+00:00,225.79,225.79,225.79,225.79,0.0,0
2026-08-09 09:36:00+00:00,225.79,225.79,225.79,225.79,0.0,0
2026-08-09 09:37:00+00:00,225.79,225.79,225.79,225.79,0.0,0
2026-08-09 09:38:00+00:00,225.79,225.79,225.79,225.79,0.0,0
2026-08-09 09:39:00+00:00,225.79,225.79,225.79,225.79,0.0,0
2026-08-09 09:40:00+00:00,225.8,225.8,225.8,225.8,0.4,2
2026-08-09 09:41:00+00:00,225.85,225.85,225.85,225.85,1.2,1
2026-08-09 09:42:00+00:00,225.85,225.86,225.85,225.86,4.42,3
2026-08-09 09:43:00+00:00,225.86,225.86,225.86,225.86,0.0,0
2026-08-09 09:44:00+00:00,225.86,225.86,225.86,225.86,0.0,0
2026-08-09 09:45:00+00:00,225.83,225.83,225.83,225.83,0.75,3
2026-08-09 09:46:00+00:00,225.83,225.83,225.83,225.83,0.0,0
2026-08-09 09:47:00+00:00,225.83,225.83,225.83,225.83,0.0,0
2026-08-09 09:48:00+00:00,225.83,225.83,225.83,225.83,0.0,0
2026-08-09 09:49:00+00:00,225.83,225.83,225.83,225.83,0.0,0
2026-08-09 09:50:00+00:00,225.83,225.83,225.83,225.83,0.0,0
2026-08-09 09:51:00+00:00,225.79,225.8,225.79,225.8,3.86,6
2026-08-09 09:52:00+00:00,225.77,225.77,225.75,225.75,2.2,3
2026-08-09 09:53:00+00:00,225.75,225.75,225.75,225.75,0.0,0
2026-08-09 09:54:00+00:00,225.71,225.71,225.69,225.69,0.44,3
2026-08-09 09:55:00+00:00,225.69,225.69,225.69,225.69,0.0,0
2026-08-09 09:56:00+00:00,225.74,225.74,225.74,225.74,1.75,7
2026-08-09 09:57:00+00:00,225.74,225.74,225.74,225.74,0.25,1
2026-08-09 09:58:00+00:00,225.74,225.74,225.74,225.74,0.0,0
2026-08-09 09:59:00+00:00,225.74,225.74,225.74,225.74,0.0,0
2026-08-09 10:00:00+00:00,225.68,225.68,225.68,225.68,4.55,3
2026-08-09 10:01:00+00:00,225.69,225.73,225.69,225.73,0.99,4
2026-08-09 10:02:00+00:00,225.67,225.67,225.67,225.67,0.14,1
2026-08-09 10:03:00+00:00,225.67,225.67,225.67,225.67,0.0,0
2026-08-09 10:04:00+00:00,225.69,225.8,225.69,225.8,1.53,5
2026-08-09 10:05:00+00:00,225.75,225.78,225.73,225.76,1.96,6
2026-08-09 10:06:00+00:00,225.76,225.76,225.76,225.76,0.0,0
2026-08-09 10:07:00+00:00,225.76,225.76,225.76,225.76,0.0,0
2026-08-09 10:08:00+00:00,225.73,225.77,225.73,225.77,1.53,4
2026-08-09 10:09:00+00:00,225.77,225.77,225.77,225.77,0.0,0
2026-08-09 10:10:00+00:00,225.77,225.77,225.77,225.77,0.0,0
2026-08-09 10:11:00+00:00,225.77,225.77,225.77,225.77,0.0,0
2026-08-09 10:12:00+00:00,225.44,225.5,225.44,225.5,2.02,5
2026-08-09 10:13:00+00:00,225.5,225.5,225.5,225.5,0.0,0
2026-08-09 10:14:00+00:00,225.5,225.5,225.5,225.5,0.37,1
2026-08-09 10:15:00+00:00,225.5,225.5,225.5,225.5,0.0,0
2026-08-09 10:16:00+00:00,225.5,225.5,225.5,225.5,0.0,0
2026-08-09 10:17:00+00:00,225.5,225.5,225.5,225.5,0.0,0
2026-08-09 10:18:00+00:00,225.5,225.5,225.5,225.5,0.0,0
2026-08-09 10:19:00+00:00,225.5,225.5,225.5,225.5,0.0,0
2026-08-09 10:20:00+00:00,225.42,225.42,225.42,225.42,0.06,1
2026-08-09 10:21:00+00:00,225.46,225.61,225.46,225.61,4.41,3
2026-08-09 10:22:00+00:00,225.61,225.61,225.61,225.61,0.0,0
2026-08-09 10:23:00+00:00,225.61,225.61,225.61,225.61,0.0,0
2026-08-09 10:24:00+00:00,225.61,225.61,225.61,225.61,0.0,0
2026-08-09 10:25:00+00:00,225.61,225.61,225.61,225.61,0.0,0
2026-08-09 10:26:00+00:00,225.61,225.61,225.61,225.61,0.0,0
2026-08-09 10:27:00+00:00,225.54,225.54,225.52,225.54,0.95,7
2026-08-09 10:28:00+00:00,225.54,225.54,225.54,225.54,0.0,0
2026-08-09 10:29:00+00:00,225.54,225.54,225.54,225.54,0.0,0
2026-08-09 10:30:00+00:00,225.54,225.54,225.54,225.54,0.0,0
2026-08-09 10:31:00+00:00,225.54,225.54,225.54,225.54,0.0,0
2026-08-09 10:32:00+00:00,225.54,225.54,225.54,225.54,0.0,0
2026-08-09 10:33:00+00:00,225.54,225.54,225.54,225.54,0.0,0
2026-08-09 10:34:00+00:00,225.54,225.54,225.54,225.54,0.0,0
2026-08-09 10:35:00+00:00,225.52,225.73,225.52,225.73,0.36,3
2026-08-09 10:36:00+00:00,225.73,225.73,225.73,225.73,0.0,0
2026-08-09 10:37:00+00:00,225.61,225.61,225.61,225.61,0.08,1
2026-08-09 10:38:00+00:00,225.61,225.61,225.61,225.61,0.0,0
2026-08-09 10:39:00+00:00,225.61,225.61,225.61,225.61,0.0,0
2026-08-09 10:40:00+00:00,225.61,225.61,225.61,225.61,0.0,0
2026-08-09 10:41:00+00:00,225.61,225.61,225.61,225.61,0.0,0
2026-08-09 10:42:00+00:00,225.61,225.61,225.61,225.61,0.0,0
2026-08-09 10:43:00+00:00,225.61,225.61,225.61,225.61,0.0,0
2026-08-09 10:44:00+00:00,225.61,225.61,225.61,225.61,0.0,0
2026-08-09 10:45:00+00:00,225.61,225.61,225.61,225.61,0.0,0
2026-08-09 10:46:00+00:00,225.61,225.61,225.61,225.61,0.0,0
2026-08-09 10:47:00+00:00,225.39,225.39,225.38,225.38,0.26,2
2026-08-09 10:48:00+00:00,225.4,225.4,225.38,225.38,0.83,4
2026-08-09 10:49:00+00:00,225.46,225.48,225.46,225.48,0.28,2
2026-08-09 10:50:00+00:00,225.48,225.48,225.48,225.48,0.0,0
2026-08-09 10:51:00+00:00,225.48,225.48,225.48,225.48,0.0,0
2026-08-09 10:52:00+00:00,225.44,225.48,225.44,225.48,0.75,3
2026-08-09 10:53:00+00:00,225.44,225.44,225.44,225.44,1.15,5
2026-08-09 10:54:00+00:00,225.42,225.42,225.42,225.42,1.33,1
2026-08-09 10:55:00+00:00,225.42,225.42,225.42,225.42,1.33,1
2026-08-09 10:56:00+00:00,225.42,225.43,225.36,225.36,3.51,4
2026-08-09 10:57:00+00:00,225.42,225.42,225.42,225.42,0.07,1
2026-08-09 10:58:00+00:00,225.42,225.42,225.42,225.42,0.0,0
2026-08-09 10:59:00+00:00,225.39,225.39,225.39,225.39,0.23,1
2026-08-09 11:00:00+00:00,225.4,225.4,225.39,225.39,4.38,5
2026-08-09 11:01:00+00:00,225.42,225.51,225.42,225.5,2.6,12
2026-08-09 11:02:00+00:00,225.51,225.58,225.51,225.57,24.14,27
2026-08-09 11:03:00+00:00,225.58,225.58,225.57,225.57,0.92,4
2026-08-09 11:04:00+00:00,225.57,225.57,225.57,225.57,0.0,0
2026-08-09 11:05:00+00:00,225.67,225.67,225.67,225.67,7.09,5
2026-08-09 11:06:00+00:00,225.67,225.67,225.67,225.67,0.89,1
2026-08-09 11:07:00+00:00,225.67,225.67,225.67,225.67,8.84,4
2026-08-09 11:08:00+00:00,225.67,225.67,225.67,225.67,0.0,0
2026-08-09 11:09:00+00:00,225.67,225.67,225.67,225.67,0.0,0
2026-08-09 11:10:00+00:00,225.67,225.67,225.67,225.67,4.42,2
2026-08-09 11:11:00+00:00,225.67,225.67,225.67,225.67,0.0,0
2026-08-09 11:12:00+00:00,225.67,225.67,225.67,225.67,0.0,0
2026-08-09 11:13:00+00:00,225.67,225.67,225.67,225.67,0.0,0
2026-08-09 11:14:00+00:00,225.67,225.67,225.67,225.67,0.0,0
2026-08-09 11:15:00+00:00,225.67,225.67,225.67,225.67,0.0,0
2026-08-09 11:16:00+00:00,225.67,225.67,225.67,225.67,0.0,0
2026-08-09 11:17:00+00:00,225.72,225.72,225.72,225.72,0.23,2
2026-08-09 11:18:00+00:00,225.72,225.72,225.72,225.72,0.0,0
2026-08-09 11:19:00+00:00,225.72,225.72,225.72,225.72,0.0,0
2026-08-09 11:20:00+00:00,225.76,225.78,225.76,225.78,7.94,6
2026-08-09 11:21:00+00:00,225.83,225.83,225.83,225.83,1.4,2
2026-08-09 11:22:00+00:00,225.86,225.93,225.86,225.93,6.87,11
2026-08-09 11:23:00+00:00,225.91,226.03,225.91,226.03,7.95,15
2026-08-09 11:24:00+00:00,226.03,226.03,226.03,226.03,0.0,0
2026-08-09 11:25:00+00:00,226.03,226.03,226.03,226.03,0.0,0
2026-08-09 11:26:00+00:00,225.98,225.98,225.98,225.98,4.55,1
2026-08-09 11:27:00+00:00,225.98,225.98,225.98,225.98,2.84,5
2026-08-09 11:28:00+00:00,226.04,226.04,226.04,226.04,0.46,2
2026-08-09 11:29:00+00:00,226.04,226.04,226.04,226.04,0.0,0
2026-08-09 11:30:00+00:00,225.95,225.97,225.68,225.68,20.71,31
2026-08-09 11:31:00+00:00,225.68,225.68,225.68,225.68,0.0,0
2026-08-09 11:32:00+00:00,225.69,225.7,225.65,225.7,84.64,8
2026-08-09 11:33:00+00:00,225.7,225.7,225.7,225.7,0.0,0
2026-08-09 11:34:00+00:00,225.7,225.7,225.7,225.7,0.0,0
2026-08-09 11:35:00+00:00,225.7,225.7,225.7,225.7,0.0,0
2026-08-09 11:36:00+00:00,225.7,225.7,225.7,225.7,0.0,0
2026-08-09 11:37:00+00:00,225.7,225.7,225.7,225.7,0.0,0
2026-08-09 11:38:00+00:00,225.76,225.77,225.76,225.77,0.28,2
2026-08-09 11:39:00+00:00,225.81,225.81,225.81,225.81,0.77,1
2026-08-09 11:40:00+00:00,225.71,225.71,225.71,225.71,0.14,1
2026-08-09 11:41:00+00:00,225.71,225.71,225.71,225.71,0.0,0
2026-08-09 11:42:00+00:00,225.71,225.71,225.71,225.71,0.0,0
2026-08-09 11:43:00+00:00,225.71,225.71,225.71,225.71,0.0,0
2026-08-09 11:44:00+00:00,225.71,225.71,225.71,225.71,0.0,0
2026-08-09 11:45:00+00:00,225.71,225.71,225.71,225.71,0.0,0
2026-08-09 11:46:00+00:00,225.81,225.9,225.8,225.9,7.53,14
2026-08-09 11:47:00+00:00,225.9,225.9,225.9,225.9,0.0,0
2026-08-09 11:48:00+00:00,225.9,225.9,225.9,225.9,0.0,0
2026-08-09 11:49:00+00:00,225.9,225.9,225.9,225.9,0.0,0
2026-08-09 11:50:00+00:00,225.9,225.9,225.9,225.9,0.0,0
2026-08-09 11:51:00+00:00,225.9,225.9,225.9,225.9,0.0,0
2026-08-09 11:52:00+00:00,225.9,225.9,225.9,225.9,0.0,0
2026-08-09 11:53:00+00:00,225.9,225.9,225.9,225.9,0.0,0
2026-08-09 11:54:00+00:00,225.9,225.9,225.9,225.9,0.0,0
2026-08-09 11:55:00+00:00,225.9,225.9,225.9,225.9,0.0,0
2026-08-09 11:56:00+00:00,225.8,225.81,225.8,225.81,0.97,2
2026-08-09 11:57:00+00:00,225.81,225.81,225.81,225.81,0.0,0
2026-08-09 11:58:00+00:00,225.81,225.81,225.81,225.81,0.0,0
2026-08-09 11:59:00+00:00,225.81,225.81,225.81,225.81,0.0,0
2026-08-09 12:00:00+00:00,225.67,225.67,225.67,225.67,0.86,4
2026-08-09 12:01:00+00:00,225.65,225.66,225.65,225.66,1.05,6
2026-08-09 12:02:00+00:00,225.66,225.66,225.66,225.66,0.0,0
2026-08-09 12:03:00+00:00,225.61,225.61,225.61,225.61,0.06,1
2026-08-09 12:04:00+00:00,225.65,225.65,225.65,225.65,0.12,1
2026-08-09 12:05:00+00:00,225.65,225.65,225.65,225.65,0.0,0
2026-08-09 12:06:00+00:00,225.65,225.65,225.65,225.65,0.0,0
2026-08-09 12:07:00+00:00,225.69,225.69,225.69,225.69,0.21,1
2026-08-09 12:08:00+00:00,225.69,226.0,225.69,226.0,23.53,27
2026-08-09 12:09:00+00:00,226.0,226.0,226.0,226.0,0.0,0
2026-08-09 12:10:00+00:00,225.89,225.91,225.89,225.91,1.43,8
2026-08-09 12:11:00+00:00,225.92,225.92,225.92,225.92,0.69,3
2026-08-09 12:12:00+00:00,225.92,225.92,225.92,225.92,0.0,0
2026-08-09 12:13:00+00:00,225.92,225.92,225.92,225.92,0.0,0
2026-08-09 12:14:00+00:00,225.84,225.84,225.84,225.84,0.72,1
2026-08-09 12:15:00+00:00,225.84,225.84,225.84,225.84,0.0,0
2026-08-09 12:16:00+00:00,225.84,225.84,225.84,225.84,0.0,0
2026-08-09 12:17:00+00:00,225.84,225.84,225.84,225.84,0.0,0
2026-08-09 12:18:00+00:00,225.9,225.9,225.9,225.9,0.23,1
2026-08-09 12:19:00+00:00,225.9,225.9,225.9,225.9,0.0,0
2026-08-09 12:20:00+00:00,225.9,225.9,225.9,225.9,0.0,0
2026-08-09 12:21:00+00:00,225.9,225.9,225.9,225.9,0.0,0
2026-08-09 12:22:00+00:00,225.9,225.9,225.9,225.9,0.0,0
2026-08-09 12:23:00+00:00,225.9,225.9,225.9,225.9,0.0,0
2026-08-09 12:24:00+00:00,225.82,225.82,225.79,225.79,0.43,4
2026-08-09 12:25:00+00:00,225.82,225.82,225.78,225.78,2.62,6
2026-08-09 12:26:00+00:00,225.84,226.1,225.84,226.09,8.95,20
2026-08-09 12:27:00+00:00,226.11,226.33,226.11,226.29,80.83,29
2026-08-09 12:28:00+00:00,226.29,226.3,226.24,226.25,5.13,16
2026-08-09 12:29:00+00:00,226.25,226.32,226.25,226.32,3.82,10
2026-08-09 12:30:00+00:00,226.32,226.33,226.32,226.33,1.01,6
2026-08-09 12:31:00+00:00,226.4,226.4,226.4,226.4,0.42,2
2026-08-09 12:32:00+00:00,226.4,226.4,226.4,226.4,0.0,0
2026-08-09 12:33:00+00:00,226.47,226.51,226.47,226.51,0.87,5
2026-08-09 12:34:00+00:00,226.4,226.41,226.37,226.4,2.16,10
2026-08-09 12:35:00+00:00,226.36,226.36,226.36,226.36,0.1,1
2026-08-09 12:36:00+00:00,226.4,226.4,226.4,226.4,0.56,4
2026-08-09 12:37:00+00:00,226.4,226.4,226.4,226.4,0.0,0
2026-08-09 12:38:00+00:00,226.4,226.4,226.4,226.4,0.0,0
2026-08-09 12:39:00+00:00,226.34,226.34,226.34,226.34,0.24,1
2026-08-09 12:40:00+00:00,226.34,226.35,226.34,226.34,2.64,11
2026-08-09 12:41:00+00:00,226.34,226.34,226.34,226.34,0.0,0
2026-08-09 12:42:00+00:00,226.35,226.38,226.35,226.38,4.44,3
2026-08-09 12:43:00+00:00,226.39,226.4,226.39,226.4,0.93,3
2026-08-09 12:44:00+00:00,226.35,226.35,226.35,226.35,0.48,2
2026-08-09 12:45:00+00:00,226.36,226.36,226.36,226.36,1.38,4
2026-08-09 12:46:00+00:00,226.38,226.38,226.38,226.38,0.5,2
2026-08-09 12:47:00+00:00,226.38,226.38,226.38,226.38,0.5,2
2026-08-09 12:48:00+00:00,226.38,226.38,226.38,226.38,0.0,0
2026-08-09 12:49:00+00:00,226.38,226.38,226.38,226.38,0.0,0
2026-08-09 12:50:00+00:00,226.38,226.38,226.38,226.38,0.0,0
2026-08-09 12:51:00+00:00,226.39,226.48,226.39,226.48,3.46,2
2026-08-09 12:52:00+00:00,226.49,226.49,226.49,226.49,0.06,1
2026-08-09 12:53:00+00:00,226.49,226.49,226.49,226.49,0.0,0
2026-08-09 12:54:00+00:00,226.49,226.49,226.49,226.49,0.0,0
2026-08-09 12:55:00+00:00,226.49,226.49,226.49,226.49,0.0,0
2026-08-09 12:56:00+00:00,226.49,226.49,226.49,226.49,0.0,0
2026-08-09 12:57:00+00:00,226.49,226.49,226.49,226.49,0.0,0
2026-08-09 12:58:00+00:00,226.49,226.49,226.49,226.49,0.0,0
2026-08-09 12:59:00+00:00,226.49,226.49,226.49,226.49,0.0,0
2026-08-09 13:00:00+00:00,226.49,226.49,226.49,226.49,0.0,0
2026-08-09 13:01:00+00:00,226.49,226.49,226.49,226.49,0.0,0
2026-08-09 13:02:00+00:00,226.42,226.42,225.57,226.22,110.93,62
2026-08-09 13:03:00+00:00,226.14,226.14,226.14,226.14,1.32,3
2026-08-09 13:04:00+00:00,226.21,226.31,226.21,226.31,2.01,9
2026-08-09 13:05:00+00:00,226.32,226.32,226.32,226.32,1.15,6
2026-08-09 13:06:00+00:00,226.32,226.54,226.32,226.54,0.98,5
2026-08-09 13:07:00+00:00,226.55,226.55,226.55,226.55,1.31,6
2026-08-09 13:08:00+00:00,226.53,226.53,226.53,226.53,0.46,2
2026-08-09 13:09:00+00:00,226.53,226.53,226.53,226.53,0.0,0
2026-08-09 13:10:00+00:00,226.53,226.53,226.53,226.53,0.0,0
2026-08-09 13:11:00+00:00,226.53,226.53,226.53,226.53,0.0,0
2026-08-09 13:12:00+00:00,226.53,226.53,226.53,226.53,0.0,0
2026-08-09 13:13:00+00:00,226.53,226.53,226.53,226.53,0.0,0
2026-08-09 13:14:00+00:00,226.53,226.53,226.53,226.53,0.0,0
2026-08-09 13:15:00+00:00,226.65,226.65,226.65,226.65,1.55,1
2026-08-09 13:16:00+00:00,226.65,226.65,226.65,226.65,0.0,0
2026-08-09 13:17:00+00:00,226.68,226.83,226.68,226.83,0.48,3
2026-08-09 13:18:00+00:00,226.89,227.04,226.89,227.04,4.46,16
2026-08-09 13:19:00+00:00,227.13,227.23,227.13,227.18,7.17,11
2026-08-09 13:20:00+00:00,227.23,227.25,227.23,227.25,2.2,2
2026-08-09 13:21:00+00:00,227.25,227.25,227.25,227.25,0.0,0
2026-08-09 13:22:00+00:00,227.25,227.25,227.25,227.25,0.0,0
2026-08-09 13:23:00+00:00,227.25,227.25,227.25,227.25,0.0,0
2026-08-09 13:24:00+00:00,227.25,227.25,227.25,227.25,0.0,0
2026-08-09 13:25:00+00:00,227.26,227.56,227.26,227.56,31.44,30
2026-08-09 13:26:00+00:00,227.44,227.51,227.44,227.44,2.64,11
2026-08-09 13:27:00+00:00,227.38,227.38,227.38,227.38,0.13,1
2026-08-09 13:28:00+00:00,227.38,227.38,227.38,227.38,0.0,0
2026-08-09 13:29:00+00:00,227.4,227.52,227.4,227.52,14.51,9
2026-08-09 13:30:00+00:00,227.52,227.52,227.52,227.52,0.0,0
2026-08-09 13:31:00+00:00,227.53,227.53,227.53,227.53,0.12,1
2026-08-09 13:32:00+00:00,227.53,227.53,227.53,227.53,0.0,0
2026-08-09 13:33:00+00:00,227.53,227.53,227.53,227.53,0.0,0
2026-08-09 13:34:00+00:00,227.62,227.62,227.62,227.62,0.06,1
2026-08-09 13:35:00+00:00,227.62,227.62,227.62,227.62,0.0,0
2026-08-09 13:36:00+00:00,227.62,227.62,227.62,227.62,0.0,0
2026-08-09 13:37:00+00:00,227.62,227.62,227.62,227.62,0.0,0
2026-08-09 13:38:00+00:00,227.58,227.58,227.58,227.58,0.15,1
2026-08-09 13:39:00+00:00,227.57,227.57,227.55,227.55,1.2,2
2026-08-09 13:40:00+00:00,227.77,227.77,227.77,227.77,0.5,2
2026-08-09 13:41:00+00:00,227.76,227.76,227.76,227.76,0.39,2
2026-08-09 13:42:00+00:00,227.66,227.68,227.66,227.68,1.28,3
2026-08-09 13:43:00+00:00,227.46,227.46,227.08,227.08,2.64,14
2026-08-09 13:44:00+00:00,227.11,227.11,227.1,227.1,2.57,7
2026-08-09 13:45:00+00:00,227.1,227.1,227.1,227.1,0.0,0
2026-08-09 13:46:00+00:00,227.1,227.1,227.1,227.1,0.0,0
2026-08-09 13:47:00+00:00,227.12,227.12,227.0,227.0,4.65,10
2026-08-09 13:48:00+00:00,227.0,227.0,226.65,226.65,13.32,12
2026-08-09 13:49:00+00:00,226.65,226.65,226.65,226.65,0.0,0
2026-08-09 13:50:00+00:00,226.65,226.65,226.65,226.65,0.0,0
2026-08-09 13:51:00+00:00,226.65,226.65,226.65,226.65,0.0,0
2026-08-09 13:52:00+00:00,226.7,226.77,226.7,226.77,3.98,5
2026-08-09 13:53:00+00:00,226.77,226.77,226.77,226.77,0.0,0
2026-08-09 13:54:00+00:00,226.77,226.77,226.77,226.77,0.0,0
2026-08-09 13:55:00+00:00,226.77,226.77,226.77,226.77,0.0,0
2026-08-09 13:56:00+00:00,226.77,226.77,226.77,226.77,0.0,0
2026-08-09 13:57:00+00:00,226.77,226.77,226.77,226.77,0.0,0
2026-08-09 13:58:00+00:00,226.77,226.77,226.77,226.77,0.0,0
2026-08-09 13:59:00+00:00,226.77,226.77,226.77,226.77,0.0,0
2026-08-09 14:00:00+00:00,226.77,226.78,226.77,226.78,4.4,2
2026-08-09 14:01:00+00:00,226.76,226.76,226.76,226.76,0.06,1
2026-08-09 14:02:00+00:00,226.76,226.76,226.76,226.76,0.0,0
2026-08-09 14:03:00+00:00,226.76,226.76,226.76,226.76,0.0,0
2026-08-09 14:04:00+00:00,226.76,226.76,226.76,226.76,0.0,0
2026-08-09 14:05:00+00:00,226.76,226.76,226.76,226.76,0.0,0
2026-08-09 14:06:00+00:00,226.81,226.97,226.81,226.97,2.59,3
2026-08-09 14:07:00+00:00,226.87,226.88,226.87,226.88,0.2,2
2026-08-09 14:08:00+00:00,226.88,226.88,226.88,226.88,0.0,0
2026-08-09 14:09:00+00:00,226.88,226.88,226.88,226.88,0.0,0
2026-08-09 14:10:00+00:00,226.88,226.88,226.88,226.88,0.0,0
2026-08-09 14:11:00+00:00,226.88,226.88,226.88,226.88,0.0,0
2026-08-09 14:12:00+00:00,226.88,226.88,226.88,226.88,0.0,0
2026-08-09 14:13:00+00:00,226.88,226.88,226.88,226.88,0.0,0
2026-08-09 14:14:00+00:00,226.88,226.88,226.88,226.88,0.0,0
2026-08-09 14:15:00+00:00,226.88,226.88,226.88,226.88,0.0,0
2026-08-09 14:16:00+00:00,226.88,226.88,226.88,226.88,0.0,0
2026-08-09 14:17:00+00:00,226.93,226.93,226.93,226.93,2.27,2
2026-08-09 14:18:00+00:00,226.93,226.93,226.93,226.93,0.0,0
2026-08-09 14:19:00+00:00,226.93,226.93,226.93,226.93,0.0,0
2026-08-09 14:20:00+00:00,226.93,226.93,226.93,226.93,0.0,0
2026-08-09 14:21:00+00:00,226.93,226.93,226.93,226.93,0.0,0
2026-08-09 14:22:00+00:00,226.93,226.93,226.93,226.93,0.0,0
2026-08-09 14:23:00+00:00,226.8,226.8,226.8,226.8,0.5,2
2026-08-09 14:24:00+00:00,226.8,226.8,226.8,226.8,0.75,3
2026-08-09 14:25:00+00:00,226.8,226.8,226.8,226.8,0.0,0
2026-08-09 14:26:00+00:00,226.8,226.8,226.75,226.75,2.2,2
2026-08-09 14:27:00+00:00,226.75,226.75,226.75,226.75,0.0,0
2026-08-09 14:28:00+00:00,226.75,226.75,226.75,226.75,0.0,0
2026-08-09 14:29:00+00:00,226.75,226.75,226.75,226.75,0.0,0
2026-08-09 14:30:00+00:00,226.61,226.61,226.59,226.6,4.07,13
2026-08-09 14:31:00+00:00,226.6,226.6,226.59,226.59,8.28,8
2026-08-09 14:32:00+00:00,226.6,226.61,226.6,226.6,1.61,7
2026-08-09 14:33:00+00:00,226.61,226.65,226.61,226.65,0.29,2
2026-08-09 14:34:00+00:00,226.65,226.65,226.65,226.65,0.0,0
2026-08-09 14:35:00+00:00,226.63,226.63,226.63,226.63,0.69,3
2026-08-09 14:36:00+00:00,226.63,226.63,226.63,226.63,0.0,0
2026-08-09 14:37:00+00:00,226.63,226.63,226.63,226.63,0.0,0
2026-08-09 14:38:00+00:00,226.63,226.63,226.63,226.63,0.0,0
2026-08-09 14:39:00+00:00,226.64,226.69,226.64,226.69,0.87,4
2026-08-09 14:40:00+00:00,226.68,226.68,226.68,226.68,0.4,2
2026-08-09 14:41:00+00:00,226.56,226.56,226.47,226.47,13.33,5
2026-08-09 14:42:00+00:00,226.47,226.47,226.47,226.47,0.0,0
2026-08-09 14:43:00+00:00,226.47,226.47,226.47,226.47,0.0,0
2026-08-09 14:44:00+00:00,226.47,226.47,226.47,226.47,0.0,0
2026-08-09 14:45:00+00:00,226.47,226.47,226.47,226.47,0.0,0
2026-08-09 14:46:00+00:00,226.47,226.47,226.47,226.47,0.0,0
2026-08-09 14:47:00+00:00,226.6,226.66,226.6,226.66,0.24,2
2026-08-09 14:48:00+00:00,226.69,226.69,226.69,226.69,0.18,1
2026-08-09 14:49:00+00:00,226.69,226.69,226.69,226.69,0.0,0
2026-08-09 14:50:00+00:00,226.69,226.69,226.69,226.69,0.0,0
2026-08-09 14:51:00+00:00,226.69,226.69,226.69,226.69,0.0,0
2026-08-09 14:52:00+00:00,226.69,226.69,226.69,226.69,0.0,0
2026-08-09 14:53:00+00:00,226.69,226.69,226.69,226.69,0.0,0
2026-08-09 14:54:00+00:00,226.69,226.69,226.69,226.69,0.0,0
2026-08-09 14:55:00+00:00,226.69,226.69,226.69,226.69,0.0,0
2026-08-09 14:56:00+00:00,226.69,226.69,226.69,226.69,0.0,0
2026-08-09 14:57:00+00:00,226.69,226.69,226.69,226.69,0.0,0
2026-08-09 14:58:00+00:00,226.69,226.69,226.69,226.69,0.0,0
2026-08-09 14:59:00+00:00,226.73,226.73,226.73,226.73,0.23,1
2026-08-09 15:00:00+00:00,226.73,226.73,226.73,226.73,0.0,0
2026-08-09 15:01:00+00:00,226.73,226.73,226.73,226.73,0.0,0
2026-08-09 15:02:00+00:00,226.73,226.73,226.73,226.73,0.0,0
2026-08-09 15:03:00+00:00,226.73,226.73,226.73,226.73,0.0,0
2026-08-09 15:04:00+00:00,226.73,226.73,226.73,226.73,0.0,0
2026-08-09 15:05:00+00:00,226.73,226.73,226.73,226.73,0.0,0
2026-08-09 15:06:00+00:00,226.94,226.95,226.79,226.79,3.94,12
2026-08-09 15:07:00+00:00,226.86,226.86,226.8,226.8,3.34,6
2026-08-09 15:08:00+00:00,226.87,226.87,226.87,226.87,0.25,2
2026-08-09 15:09:00+00:00,226.87,226.87,226.87,226.87,0.0,0
2026-08-09 15:10:00+00:00,226.87,226.87,226.87,226.87,0.0,0
2026-08-09 15:11:00+00:00,226.87,226.87,226.87,226.87,0.0,0
2026-08-09 15:12:00+00:00,226.87,226.87,226.87,226.87,0.0,0
2026-08-09 15:13:00+00:00,226.87,226.87,226.87,226.87,0.0,0
2026-08-09 15:14:00+00:00,226.87,226.87,226.87,226.87,0.0,0
2026-08-09 15:15:00+00:00,226.87,226.87,226.87,226.87,0.0,0
2026-08-09 15:16:00+00:00,226.95,226.95,226.79,226.94,3.44,13
2026-08-09 15:17:00+00:00,226.95,226.95,226.95,226.95,0.25,2
2026-08-09 15:18:00+00:00,226.89,226.89,226.89,226.89,1.32,6
2026-08-09 15:19:00+00:00,226.89,226.89,226.89,226.89,0.0,0
2026-08-09 15:20:00+00:00,226.89,226.89,226.89,226.89,0.0,0
2026-08-09 15:21:00+00:00,226.89,226.89,226.89,226.89,0.0,0
2026-08-09 15:22:00+00:00,226.89,226.89,226.89,226.89,0.0,0
2026-08-09 15:23:00+00:00,226.89,226.89,226.89,226.89,0.0,0
2026-08-09 15:24:00+00:00,226.89,226.89,226.89,226.89,0.0,0
2026-08-09 15:25:00+00:00,226.89,226.89,226.89,226.89,0.0,0
2026-08-09 15:26:00+00:00,226.89,226.89,226.89,226.89,0.0,0
2026-08-09 15:27:00+00:00,226.89,226.89,226.89,226.89,0.0,0
2026-08-09 15:28:00+00:00,226.89,226.89,226.89,226.89,0.0,0
2026-08-09 15:29:00+00:00,226.89,226.89,226.89,226.89,0.0,0
2026-08-09 15:30:00+00:00,226.65,226.65,226.65,226.65,0.46,2
2026-08-09 15:31:00+00:00,226.64,226.64,226.64,226.64,1.32,5
2026-08-09 15:32:00+00:00,226.63,226.63,226.63,226.63,0.23,1
2026-08-09 15:33:00+00:00,226.47,226.47,226.47,226.47,0.16,1
2026-08-09 15:34:00+00:00,226.47,226.47,226.47,226.47,0.0,0
2026-08-09 15:35:00+00:00,226.57,226.57,226.56,226.56,0.28,2
2026-08-09 15:36:00+00:00,226.56,226.56,226.56,226.56,0.0,0
2026-08-09 15:37:00+00:00,226.56,226.56,226.56,226.56,0.0,0
2026-08-09 15:38:00+00:00,226.56,226.56,226.56,226.56,0.0,0
2026-08-09 15:39:00+00:00,226.56,226.56,226.56,226.56,0.0,0
2026-08-09 15:40:00+00:00,226.56,226.56,226.56,226.56,0.0,0
2026-08-09 15:41:00+00:00,226.56,226.56,226.56,226.56,0.0,0
2026-08-09 15:42:00+00:00,226.56,226.56,226.56,226.56,0.0,0
2026-08-09 15:43:00+00:00,226.55,226.55,226.41,226.41,4.06,11
2026-08-09 15:44:00+00:00,226.41,226.41,226.41,226.41,0.0,0
2026-08-09 15:45:00+00:00,226.41,226.41,226.41,226.41,0.0,0
2026-08-09 15:46:00+00:00,226.49,226.52,226.48,226.52,1.17,8
2026-08-09 15:47:00+00:00,226.52,226.52,226.52,226.52,0.0,0
2026-08-09 15:48:00+00:00,226.52,226.52,226.52,226.52,0.0,0
2026-08-09 15:49:00+00:00,226.51,226.51,226.51,226.51,0.12,1
2026-08-09 15:50:00+00:00,226.53,226.53,226.53,226.53,2.2,2
2026-08-09 15:51:00+00:00,226.53,226.53,226.53,226.53,0.0,0
2026-08-09 15:52:00+00:00,226.53,226.53,226.53,226.53,0.0,0
2026-08-09 15:53:00+00:00,226.53,226.53,226.53,226.53,0.0,0
2026-08-09 15:54:00+00:00,226.53,226.53,226.53,226.53,0.0,0
2026-08-09 15:55:00+00:00,226.53,226.53,226.53,226.53,0.0,0
2026-08-09 15:56:00+00:00,226.53,226.53,226.53,226.53,0.0,0
2026-08-09 15:57:00+00:00,226.53,226.53,226.53,226.53,0.0,0
2026-08-09 15:58:00+00:00,226.62,226.62,226.62,226.62,0.14,1
2026-08-09 15:59:00+00:00,226.62,226.62,226.62,226.62,0.0,0
2026-08-09 16:00:00+00:00,226.62,226.62,226.62,226.62,0.0,0
2026-08-09 16:01:00+00:00,226.66,226.72,226.53,226.67,3.79,12
2026-08-09 16:02:00+00:00,226.64,226.64,226.64,226.64,1.32,6
2026-08-09 16:03:00+00:00,226.44,226.98,226.44,226.75,16.8,24
2026-08-09 16:04:00+00:00,226.75,226.75,226.75,226.75,0.0,0
2026-08-09 16:05:00+00:00,226.75,226.75,226.75,226.75,0.0,0
2026-08-09 16:06:00+00:00,226.75,226.75,226.75,226.75,0.0,0
2026-08-09 16:07:00+00:00,226.98,226.98,226.98,226.98,0.46,2
2026-08-09 16:08:00+00:00,227.12,227.18,227.12,227.18,0.43,4
2026-08-09 16:09:00+00:00,227.07,227.07,227.07,227.07,1.32,6
2026-08-09 16:10:00+00:00,227.26,227.27,227.26,227.27,2.0,2
2026-08-09 16:11:00+00:00,227.27,227.27,227.27,227.27,0.0,0
2026-08-09 16:12:00+00:00,227.27,227.27,227.27,227.27,0.0,0
2026-08-09 16:13:00+00:00,227.27,227.27,227.27,227.27,0.0,0
2026-08-09 16:14:00+00:00,227.21,227.37,227.15,227.37,1.24,6
2026-08-09 16:15:00+00:00,227.37,227.37,227.37,227.37,0.0,0
2026-08-09 16:16:00+00:00,227.37,227.37,227.37,227.37,0.0,0
2026-08-09 16:17:00+00:00,227.37,227.37,227.37,227.37,0.0,0
2026-08-09 16:18:00+00:00,227.34,227.34,227.34,227.34,0.05,1
2026-08-09 16:19:00+00:00,227.34,227.34,227.34,227.34,0.0,0
2026-08-09 16:20:00+00:00,227.39,227.39,227.39,227.39,0.06,1
2026-08-09 16:21:00+00:00,227.44,227.44,227.44,227.44,0.16,1
2026-08-09 16:22:00+00:00,227.44,227.44,227.44,227.44,0.0,0
2026-08-09 16:23:00+00:00,227.44,227.44,227.44,227.44,0.0,0
2026-08-09 16:24:00+00:00,227.44,227.44,227.44,227.44,0.0,0
2026-08-09 16:25:00+00:00,227.44,227.44,227.44,227.44,0.0,0
2026-08-09 16:26:00+00:00,227.31,227.31,227.31,227.31,0.12,1
2026-08-09 16:27:00+00:00,227.31,227.31,227.31,227.31,0.0,0
2026-08-09 16:28:00+00:00,227.38,227.38,227.33,227.33,2.2,5
2026-08-09 16:29:00+00:00,227.3,227.3,227.27,227.27,1.0,5
2026-08-09 16:30:00+00:00,227.24,227.24,227.15,227.15,1.68,6
2026-08-09 16:31:00+00:00,227.15,227.15,227.15,227.15,0.0,0
2026-08-09 16:32:00+00:00,226.98,226.98,226.94,226.94,0.42,3
2026-08-09 16:33:00+00:00,226.94,226.94,226.94,226.94,0.0,0
2026-08-09 16:34:00+00:00,226.94,226.94,226.94,226.94,0.54,4
2026-08-09 16:35:00+00:00,226.95,226.99,226.95,226.99,0.38,3
2026-08-09 16:36:00+00:00,226.99,226.99,226.99,226.99,0.0,0
2026-08-09 16:37:00+00:00,226.99,226.99,226.99,226.99,0.0,0
2026-08-09 16:38:00+00:00,226.99,227.23,226.99,227.23,17.71,14
2026-08-09 16:39:00+00:00,227.23,227.23,227.23,227.23,0.0,0
2026-08-09 16:40:00+00:00,226.9,226.9,226.9,226.9,0.12,1
2026-08-09 16:41:00+00:00,226.9,226.9,226.9,226.9,0.0,0
2026-08-09 16:42:00+00:00,226.9,226.9,226.9,226.9,0.0,0
2026-08-09 16:43:00+00:00,226.9,226.9,226.9,226.9,0.0,0
2026-08-09 16:44:00+00:00,226.76,226.76,226.73,226.73,0.25,5
2026-08-09 16:45:00+00:00,226.73,226.73,226.73,226.73,0.0,0
2026-08-09 16:46:00+00:00,226.85,227.01,226.85,227.01,5.0,2
2026-08-09 16:47:00+00:00,226.75,226.91,226.75,226.91,0.56,3
2026-08-09 16:48:00+00:00,226.91,226.91,226.91,226.91,0.0,0
2026-08-09 16:49:00+00:00,226.91,226.91,226.91,226.91,0.14,1
2026-08-09 16:50:00+00:00,226.89,226.89,226.89,226.89,2.2,2
2026-08-09 16:51:00+00:00,226.91,226.91,226.91,226.91,0.11,2
2026-08-09 16:52:00+00:00,226.96,226.96,226.96,226.96,0.2,2
2026-08-09 16:53:00+00:00,226.96,226.96,226.96,226.96,0.0,0
2026-08-09 16:54:00+00:00,226.96,226.96,226.96,226.96,0.0,0
2026-08-09 16:55:00+00:00,227.05,227.05,227.04,227.04,2.2,2
2026-08-09 16:56:00+00:00,227.04,227.04,227.04,227.04,0.0,0
2026-08-09 16:57:00+00:00,227.04,227.04,227.04,227.04,0.0,0
2026-08-09 16:58:00+00:00,227.04,227.04,227.04,227.04,0.0,0
2026-08-09 16:59:00+00:00,227.04,227.04,227.04,227.04,0.0,0
2026-08-09 17:00:00+00:00,226.93,226.95,226.93,226.93,0.42,3
2026-08-09 17:01:00+00:00,226.95,227.08,226.95,227.08,2.74,6
2026-08-09 17:02:00+00:00,227.08,227.08,227.08,227.08,0.0,0
2026-08-09 17:03:00+00:00,227.08,227.08,227.08,227.08,0.0,0
2026-08-09 17:04:00+00:00,227.02,227.03,227.02,227.03,0.25,2
2026-08-09 17:05:00+00:00,227.02,227.06,227.02,227.06,0.42,3
2026-08-09 17:06:00+00:00,227.06,227.06,227.06,227.06,0.0,0
2026-08-09 17:07:00+00:00,227.06,227.06,227.06,227.06,0.0,0
2026-08-09 17:08:00+00:00,227.06,227.06,227.06,227.06,0.0,0
2026-08-09 17:09:00+00:00,227.06,227.06,227.06,227.06,0.0,0
2026-08-09 17:10:00+00:00,226.92,226.92,226.83,226.83,3.83,8
2026-08-09 17:11:00+00:00,226.83,226.83,226.83,226.83,0.0,0
2026-08-09 17:12:00+00:00,226.9,226.93,226.87,226.93,4.26,9
2026-08-09 17:13:00+00:00,226.95,226.95,226.95,226.95,0.07,1
2026-08-09 17:14:00+00:00,226.95,226.95,226.95,226.95,0.0,0
2026-08-09 17:15:00+00:00,227.03,227.03,226.92,226.92,2.61,8
2026-08-09 17:16:00+00:00,226.92,226.92,226.92,226.92,0.0,0
2026-08-09 17:17:00+00:00,226.99,227.02,226.99,227.01,0.65,5
2026-08-09 17:18:00+00:00,227.01,227.01,227.01,227.01,0.14,1
2026-08-09 17:19:00+00:00,226.98,226.98,226.93,226.93,0.43,4
2026-08-09 17:20:00+00:00,226.93,226.93,226.93,226.93,0.0,0
2026-08-09 17:21:00+00:00,226.93,226.93,226.93,226.93,0.0,0
2026-08-09 17:22:00+00:00,226.93,226.93,226.93,226.93,0.0,0
2026-08-09 17:23:00+00:00,226.93,226.93,226.93,226.93,0.0,0
2026-08-09 17:24:00+00:00,226.93,226.93,226.93,226.93,0.0,0
2026-08-09 17:25:00+00:00,226.93,226.93,226.93,226.93,0.0,0
2026-08-09 17:26:00+00:00,226.93,226.93,226.93,226.93,0.0,0
2026-08-09 17:27:00+00:00,226.85,226.85,226.85,226.85,0.14,1
2026-08-09 17:28:00+00:00,226.85,226.85,226.85,226.85,0.0,0
2026-08-09 17:29:00+00:00,226.85,226.85,226.85,226.85,0.0,0
2026-08-09 17:30:00+00:00,226.85,226.85,226.85,226.85,0.0,0
2026-08-09 17:31:00+00:00,226.85,226.85,226.85,226.85,0.0,0
2026-08-09 17:32:00+00:00,226.85,226.85,226.85,226.85,0.0,0
2026-08-09 17:33:00+00:00,226.85,226.85,226.85,226.85,0.0,0
2026-08-09 17:34:00+00:00,226.85,226.85,226.85,226.85,0.0,0
2026-08-09 17:35:00+00:00,226.85,226.85,226.85,226.85,0.0,0
2026-08-09 17:36:00+00:00,226.87,226.87,226.87,226.87,4.39,4
2026-08-09 17:37:00+00:00,226.87,226.87,226.87,226.87,0.0,0
2026-08-09 17:38:00+00:00,226.87,226.87,226.87,226.87,0.0,0
2026-08-09 17:39:00+00:00,226.87,226.87,226.87,226.87,0.0,0
2026-08-09 17:40:00+00:00,226.87,226.87,226.87,226.87,0.0,0
2026-08-09 17:41:00+00:00,226.87,226.87,226.87,226.87,0.0,0
2026-08-09 17:42:00+00:00,226.81,226.81,226.81,226.81,0.14,1
2026-08-09 17:43:00+00:00,226.75,226.75,226.75,226.75,0.1,1
2026-08-09 17:44:00+00:00,226.75,226.75,226.75,226.75,0.0,0
2026-08-09 17:45:00+00:00,226.75,226.75,226.75,226.75,0.0,0
2026-08-09 17:46:00+00:00,226.73,227.01,226.73,227.01,6.67,4
2026-08-09 17:47:00+00:00,227.01,227.01,227.01,227.01,0.0,0
2026-08-09 17:48:00+00:00,227.01,227.01,227.01,227.01,0.0,0
2026-08-09 17:49:00+00:00,227.01,227.01,227.01,227.01,0.0,0
2026-08-09 17:50:00+00:00,227.01,227.01,227.01,227.01,0.0,0
2026-08-09 17:51:00+00:00,226.84,226.84,226.84,226.84,0.14,1
2026-08-09 17:52:00+00:00,226.84,226.84,226.84,226.84,0.0,0
2026-08-09 17:53:00+00:00,226.84,226.84,226.84,226.84,0.0,0
2026-08-09 17:54:00+00:00,226.84,226.84,226.84,226.84,0.0,0
2026-08-09 17:55:00+00:00,226.84,226.84,226.84,226.84,0.0,0
2026-08-09 17:56:00+00:00,226.84,226.84,226.84,226.84,0.0,0
2026-08-09 17:57:00+00:00,226.84,226.84,226.84,226.84,0.0,0
2026-08-09 17:58:00+00:00,226.84,226.84,226.84,226.84,0.0,0
2026-08-09 17:59:00+00:00,226.84,226.84,226.84,226.84,0.0,0
2026-08-09 18:00:00+00:00,226.82,226.85,226.82,226.85,0.75,4
2026-08-09 18:01:00+00:00,226.8,226.83,226.67,226.67,0.57,4
2026-08-09 18:02:00+00:00,226.67,226.67,226.67,226.67,0.0,0
2026-08-09 18:03:00+00:00,226.67,226.67,226.67,226.67,0.0,0
2026-08-09 18:04:00+00:00,226.67,226.67,226.67,226.67,0.0,0
2026-08-09 18:05:00+00:00,226.67,226.67,226.67,226.67,0.0,0
2026-08-09 18:06:00+00:00,226.83,226.83,226.83,226.83,0.23,1
2026-08-09 18:07:00+00:00,226.79,226.79,226.75,226.75,0.39,3
2026-08-09 18:08:00+00:00,226.75,226.75,226.75,226.75,0.0,0
2026-08-09 18:09:00+00:00,226.75,226.75,226.75,226.75,0.0,0
2026-08-09 18:10:00+00:00,226.75,226.75,226.75,226.75,0.0,0
2026-08-09 18:11:00+00:00,226.79,226.83,226.79,226.83,0.25,2
2026-08-09 18:12:00+00:00,226.83,226.83,226.83,226.83,0.0,0
2026-08-09 18:13:00+00:00,226.83,226.83,226.83,226.83,0.0,0
2026-08-09 18:14:00+00:00,226.83,226.83,226.83,226.83,0.0,0
2026-08-09 18:15:00+00:00,226.83,226.83,226.83,226.83,0.0,0
2026-08-09 18:16:00+00:00,226.83,226.83,226.83,226.83,0.0,0
2026-08-09 18:17:00+00:00,226.82,226.82,226.71,226.71,2.94,9
2026-08-09 18:18:00+00:00,226.76,226.79,226.66,226.66,8.82,4
2026-08-09 18:19:00+00:00,226.64,226.64,226.64,226.64,0.23,1
2026-08-09 18:20:00+00:00,226.64,226.64,226.64,226.64,0.0,0
2026-08-09 18:21:00+00:00,226.66,226.69,226.66,226.69,0.25,2
2026-08-09 18:22:00+00:00,226.69,226.69,226.69,226.69,0.0,0
2026-08-09 18:23:00+00:00,226.69,226.69,226.69,226.69,0.0,0
2026-08-09 18:24:00+00:00,226.69,226.69,226.69,226.69,0.0,0
2026-08-09 18:25:00+00:00,226.57,226.57,226.42,226.42,8.27,10
2026-08-09 18:26:00+00:00,226.42,226.42,226.42,226.42,0.0,0
2026-08-09 18:27:00+00:00,226.42,226.42,226.42,226.42,0.0,0
2026-08-09 18:28:00+00:00,226.44,226.44,226.43,226.43,2.47,3
2026-08-09 18:29:00+00:00,226.48,226.48,226.48,226.48,0.29,2
2026-08-09 18:30:00+00:00,226.48,226.48,226.48,226.48,0.0,0
2026-08-09 18:31:00+00:00,226.52,226.52,226.5,226.5,0.25,2
2026-08-09 18:32:00+00:00,226.52,226.52,226.52,226.52,0.11,1
2026-08-09 18:33:00+00:00,226.52,226.52,226.52,226.52,0.0,0
2026-08-09 18:34:00+00:00,226.52,226.52,226.52,226.52,0.0,0
2026-08-09 18:35:00+00:00,226.52,226.52,226.52,226.52,0.0,0
2026-08-09 18:36:00+00:00,226.52,226.52,226.52,226.52,0.0,0
2026-08-09 18:37:00+00:00,226.52,226.52,226.52,226.52,0.0,0
2026-08-09 18:38:00+00:00,226.49,226.58,226.49,226.58,3.71,8
2026-08-09 18:39:00+00:00,226.58,226.58,226.58,226.58,2.25,2
2026-08-09 18:40:00+00:00,226.5,226.57,226.5,226.5,4.64,7
2026-08-09 18:41:00+00:00,226.54,226.54,226.49,226.49,2.2,4
2026-08-09 18:42:00+00:00,226.4,226.4,226.34,226.34,5.93,5
2026-08-09 18:43:00+00:00,226.34,226.34,226.34,226.34,0.0,0
2026-08-09 18:44:00+00:00,226.43,226.43,226.41,226.41,0.25,2
2026-08-09 18:45:00+00:00,226.47,226.54,226.47,226.54,0.6,4
2026-08-09 18:46:00+00:00,226.57,226.67,226.57,226.67,1.25,8
2026-08-09 18:47:00+00:00,226.69,226.76,226.69,226.76,4.74,9
2026-08-09 18:48:00+00:00,226.79,226.81,226.64,226.81,6.1,18
2026-08-09 18:49:00+00:00,226.89,226.91,226.8,226.91,5.26,20
2026-08-09 18:50:00+00:00,226.92,226.92,226.91,226.91,0.28,2
2026-08-09 18:51:00+00:00,226.91,226.91,226.91,226.91,0.0,0
2026-08-09 18:52:00+00:00,226.91,226.91,226.91,226.91,0.0,0
2026-08-09 18:53:00+00:00,226.91,226.91,226.91,226.91,0.0,0
2026-08-09 18:54:00+00:00,226.9,226.91,226.9,226.91,0.37,2
2026-08-09 18:55:00+00:00,226.91,226.91,226.91,226.91,0.0,0
2026-08-09 18:56:00+00:00,226.91,226.91,226.91,226.91,0.0,0
2026-08-09 18:57:00+00:00,226.85,226.85,226.8,226.8,2.43,5
2026-08-09 18:58:00+00:00,226.8,226.8,226.8,226.8,0.0,0
2026-08-09 18:59:00+00:00,226.8,226.8,226.8,226.8,0.07,1
2026-08-09 19:00:00+00:00,226.74,226.74,226.74,226.74,0.46,2
2026-08-09 19:01:00+00:00,226.74,226.74,226.74,226.74,0.0,0
2026-08-09 19:02:00+00:00,226.78,226.78,226.77,226.77,1.95,3
2026-08-09 19:03:00+00:00,226.79,226.79,226.75,226.75,0.29,3
2026-08-09 19:04:00+00:00,226.75,226.75,226.75,226.75,0.0,0
2026-08-09 19:05:00+00:00,226.75,226.75,226.75,226.75,0.0,0
2026-08-09 19:06:00+00:00,226.95,226.95,226.95,226.95,0.23,1
2026-08-09 19:07:00+00:00,226.95,226.95,226.95,226.95,0.0,0
2026-08-09 19:08:00+00:00,226.89,226.89,226.89,226.89,0.14,1
2026-08-09 19:09:00+00:00,226.89,226.89,226.89,226.89,0.0,0
2026-08-09 19:10:00+00:00,226.89,226.89,226.89,226.89,0.0,0
2026-08-09 19:11:00+00:00,226.87,226.87,226.87,226.87,0.19,1
2026-08-09 19:12:00+00:00,226.87,226.87,226.87,226.87,0.0,0
2026-08-09 19:13:00+00:00,226.87,226.87,226.87,226.87,0.0,0
2026-08-09 19:14:00+00:00,226.95,226.95,226.95,226.95,2.07,1
2026-08-09 19:15:00+00:00,226.95,226.95,226.95,226.95,0.0,0
2026-08-09 19:16:00+00:00,226.95,226.95,226.95,226.95,0.0,0
2026-08-09 19:17:00+00:00,226.94,226.98,226.94,226.98,0.47,4
2026-08-09 19:18:00+00:00,226.96,226.96,226.9,226.9,2.82,8
2026-08-09 19:19:00+00:00,227.01,227.01,227.01,227.01,0.13,1
2026-08-09 19:20:00+00:00,227.01,227.01,227.01,227.01,0.0,0
2026-08-09 19:21:00+00:00,226.98,226.98,226.98,226.98,0.05,1
2026-08-09 19:22:00+00:00,226.98,226.98,226.98,226.98,0.0,0
2026-08-09 19:23:00+00:00,226.83,226.83,226.83,226.83,0.13,1
2026-08-09 19:24:00+00:00,226.83,226.83,226.83,226.83,0.0,0
2026-08-09 19:25:00+00:00,226.83,226.83,226.83,226.83,0.0,0
2026-08-09 19:26:00+00:00,226.83,226.83,226.83,226.83,0.0,0
2026-08-09 19:27:00+00:00,226.83,226.83,226.83,226.83,0.0,0
2026-08-09 19:28:00+00:00,226.83,226.83,226.83,226.83,0.0,0
2026-08-09 19:29:00+00:00,226.83,226.83,226.83,226.83,0.0,0
2026-08-09 19:30:00+00:00,226.83,226.83,226.83,226.83,0.0,0
2026-08-09 19:31:00+00:00,226.83,226.83,226.83,226.83,0.0,0
2026-08-09 19:32:00+00:00,226.83,226.83,226.83,226.83,0.0,0
2026-08-09 19:33:00+00:00,226.83,226.83,226.83,226.83,0.0,0
2026-08-09 19:34:00+00:00,226.83,226.83,226.83,226.83,0.0,0
2026-08-09 19:35:00+00:00,226.83,226.83,226.83,226.83,0.0,0
2026-08-09 19:36:00+00:00,226.83,226.83,226.83,226.83,0.0,0
2026-08-09 19:37:00+00:00,226.83,226.83,226.83,226.83,0.0,0
2026-08-09 19:38:00+00:00,226.83,226.83,226.83,226.83,0.0,0
2026-08-09 19:39:00+00:00,226.83,226.83,226.83,226.83,0.0,0
2026-08-09 19:40:00+00:00,226.83,226.83,226.83,226.83,0.0,0
2026-08-09 19:41:00+00:00,226.83,226.83,226.83,226.83,0.0,0
2026-08-09 19:42:00+00:00,226.83,226.83,226.83,226.83,0.0,0
2026-08-09 19:43:00+00:00,226.83,226.83,226.83,226.83,0.0,0
2026-08-09 19:44:00+00:00,226.83,226.83,226.83,226.83,0.0,0
2026-08-09 19:45:00+00:00,226.83,226.83,226.83,226.83,0.0,0
2026-08-09 19:46:00+00:00,226.83,226.83,226.83,226.83,0.0,0
2026-08-09 19:47:00+00:00,226.83,226.83,226.83,226.83,0.0,0
2026-08-09 19:48:00+00:00,226.83,226.83,226.83,226.83,0.0,0
2026-08-09 19:49:00+00:00,226.83,226.83,226.83,226.83,0.0,0
2026-08-09 19:50:00+00:00,226.83,226.83,226.83,226.83,0.0,0
2026-08-09 19:51:00+00:00,226.83,226.83,226.83,226.83,0.0,0
2026-08-09 19:52:00+00:00,226.83,226.83,226.83,226.83,0.0,0
2026-08-09 19:53:00+00:00,226.83,226.83,226.83,226.83,0.0,0
2026-08-09 19:54:00+00:00,226.83,226.83,226.83,226.83,0.0,0
2026-08-09 19:55:00+00:00,226.99,227.02,226.99,227.02,3.87,4
2026-08-09 19:56:00+00:00,227.02,227.02,227.02,227.02,0.0,0
2026-08-09 19:57:00+00:00,227.02,227.02,227.02,227.02,0.0,0
2026-08-09 19:58:00+00:00,227.02,227.02,227.02,227.02,0.0,0
2026-08-09 19:59:00+00:00,227.02,227.02,227.02,227.02,0.0,0
2026-08-09 20:00:00+00:00,227.02,227.02,227.02,227.02,0.0,0
2026-08-09 20:01:00+00:00,227.02,227.02,227.02,227.02,0.0,0
2026-08-09 20:02:00+00:00,227.08,227.08,227.08,227.08,0.07,1
2026-08-09 20:03:00+00:00,227.08,227.08,227.08,227.08,0.0,0
2026-08-09 20:04:00+00:00,227.08,227.08,227.08,227.08,0.0,0
2026-08-09 20:05:00+00:00,227.08,227.08,227.08,227.08,0.0,0
2026-08-09 20:06:00+00:00,227.08,227.08,227.08,227.08,0.0,0
2026-08-09 20:07:00+00:00,227.08,227.08,227.08,227.08,0.0,0
2026-08-09 20:08:00+00:00,227.15,227.15,227.15,227.15,1.38,6
2026-08-09 20:09:00+00:00,227.15,227.15,227.15,227.15,0.0,0
2026-08-09 20:10:00+00:00,227.1,227.1,227.1,227.1,0.69,3
2026-08-09 20:11:00+00:00,227.1,227.1,227.1,227.1,0.0,0
2026-08-09 20:12:00+00:00,227.1,227.1,227.1,227.1,0.0,0
2026-08-09 20:13:00+00:00,227.1,227.1,227.1,227.1,0.0,0
2026-08-09 20:14:00+00:00,227.1,227.1,227.1,227.1,2.66,3
2026-08-09 20:15:00+00:00,227.1,227.1,227.1,227.1,2.66,3
2026-08-09 20:16:00+00:00,227.1,227.18,227.1,227.18,14.37,14
2026-08-09 20:17:00+00:00,227.18,227.18,227.18,227.18,0.12,1
2026-08-09 20:18:00+00:00,227.23,227.23,227.2,227.2,0.44,3
2026-08-09 20:19:00+00:00,227.25,227.25,227.25,227.25,0.12,1
2026-08-09 20:20:00+00:00,227.22,227.22,227.17,227.17,2.19,7
2026-08-09 20:21:00+00:00,227.14,227.14,227.1,227.1,1.33,5
2026-08-09 20:22:00+00:00,227.1,227.1,227.1,227.1,0.0,0
2026-08-09 20:23:00+00:00,227.16,227.16,227.1,227.1,2.19,5
2026-08-09 20:24:00+00:00,227.12,227.12,227.1,227.1,0.43,2
2026-08-09 20:25:00+00:00,227.1,227.1,227.1,227.1,0.0,0
2026-08-09 20:26:00+00:00,227.1,227.1,227.1,227.1,0.0,0
2026-08-09 20:27:00+00:00,227.1,227.1,227.1,227.1,0.0,0
2026-08-09 20:28:00+00:00,227.1,227.1,227.1,227.1,0.0,0
2026-08-09 20:29:00+00:00,227.1,227.1,227.1,227.1,0.0,0
2026-08-09 20:30:00+00:00,227.1,227.61,227.1,227.61,101.68,30
2026-08-09 20:31:00+00:00,227.63,227.65,227.62,227.65,1.68,8
2026-08-09 20:32:00+00:00,227.65,227.65,227.65,227.65,0.0,0
2026-08-09 20:33:00+00:00,227.61,227.61,227.61,227.61,0.42,2
2026-08-09 20:34:00+00:00,227.65,227.65,227.65,227.65,0.42,2
2026-08-09 20:35:00+00:00,227.61,227.61,227.61,227.61,6.6,3
2026-08-09 20:36:00+00:00,227.61,227.61,227.61,227.61,0.0,0
2026-08-09 20:37:00+00:00,227.61,227.61,227.61,227.61,0.0,0
2026-08-09 20:38:00+00:00,227.61,227.61,227.61,227.61,0.0,0
2026-08-09 20:39:00+00:00,227.61,227.61,227.61,227.61,0.0,0
2026-08-09 20:40:00+00:00,227.61,227.61,227.61,227.61,0.0,0
2026-08-09 20:41:00+00:00,227.61,227.61,227.61,227.61,0.0,0
2026-08-09 20:42:00+00:00,227.61,227.61,227.61,227.61,0.0,0
2026-08-09 20:43:00+00:00,227.61,227.61,227.61,227.61,0.0,0
2026-08-09 20:44:00+00:00,227.61,227.61,227.61,227.61,0.0,0
2026-08-09 20:45:00+00:00,227.61,227.61,227.61,227.61,0.0,0
2026-08-09 20:46:00+00:00,227.61,227.61,227.61,227.61,0.0,0
2026-08-09 20:47:00+00:00,227.61,227.61,227.61,227.61,0.0,0
2026-08-09 20:48:00+00:00,227.61,227.61,227.61,227.61,0.0,0
2026-08-09 20:49:00+00:00,227.61,227.61,227.61,227.61,0.0,0
2026-08-09 20:50:00+00:00,227.61,227.61,227.61,227.61,0.0,0
2026-08-09 20:51:00+00:00,227.61,227.61,227.61,227.61,0.0,0
2026-08-09 20:52:00+00:00,227.61,227.61,227.61,227.61,0.0,0
2026-08-09 20:53:00+00:00,227.61,227.61,227.61,227.61,0.0,0
2026-08-09 20:54:00+00:00,227.61,227.61,227.61,227.61,42.98,24
2026-08-09 20:55:00+00:00,227.38,227.38,227.38,227.38,0.4,1
2026-08-09 20:56:00+00:00,227.38,227.38,227.38,227.38,0.0,0
2026-08-09 20:57:00+00:00,227.38,227.38,227.38,227.38,0.0,0
2026-08-09 20:58:00+00:00,227.38,227.38,227.38,227.38,0.0,0
2026-08-09 20:59:00+00:00,227.38,227.38,227.38,227.38,0.0,0
2026-08-09 21:00:00+00:00,227.38,227.38,227.38,227.38,0.0,0
2026-08-09 21:01:00+00:00,227.38,227.38,227.38,227.38,0.0,0
2026-08-09 21:02:00+00:00,227.38,227.38,227.38,227.38,0.0,0
2026-08-09 21:03:00+00:00,227.23,227.23,227.19,227.19,3.06,4
2026-08-09 21:04:00+00:00,227.19,227.19,227.19,227.19,0.0,0
2026-08-09 21:05:00+00:00,227.27,227.29,227.27,227.29,4.39,3
2026-08-09 21:06:00+00:00,227.29,227.29,227.29,227.29,0.08,1
2026-08-09 21:07:00+00:00,227.29,227.29,227.29,227.29,0.0,0
2026-08-09 21:08:00+00:00,227.29,227.29,227.29,227.29,0.0,0
2026-08-09 21:09:00+00:00,227.13,227.13,227.1,227.1,0.31,3
2026-08-09 21:10:00+00:00,227.17,227.17,227.14,227.14,0.58,3
2026-08-09 21:11:00+00:00,227.14,227.14,227.14,227.14,0.0,0
2026-08-09 21:12:00+00:00,227.21,227.24,227.21,227.24,0.55,3
2026-08-09 21:13:00+00:00,227.24,227.24,227.24,227.24,0.0,0
2026-08-09 21:14:00+00:00,227.24,227.24,227.24,227.24,0.0,0
2026-08-09 21:15:00+00:00,227.24,227.24,227.24,227.24,0.0,0
2026-08-09 21:16:00+00:00,227.24,227.24,227.24,227.24,0.0,0
2026-08-09 21:17:00+00:00,227.24,227.24,227.24,227.24,0.0,0
2026-08-09 21:18:00+00:00,227.24,227.24,227.24,227.24,0.0,0
2026-08-09 21:19:00+00:00,227.24,227.24,227.24,227.24,0.0,0
2026-08-09 21:20:00+00:00,227.24,227.24,227.24,227.24,0.0,0
2026-08-09 21:21:00+00:00,227.34,227.34,227.34,227.34,0.86,1
2026-08-09 21:22:00+00:00,227.35,227.35,227.31,227.31,0.3,3
2026-08-09 21:23:00+00:00,227.31,227.31,227.31,227.31,0.0,0
2026-08-09 21:24:00+00:00,227.31,227.31,227.31,227.31,0.0,0
2026-08-09 21:25:00+00:00,227.31,227.31,227.31,227.31,0.0,0
2026-08-09 21:26:00+00:00,227.31,227.31,227.31,227.31,0.0,0
2026-08-09 21:27:00+00:00,227.31,227.31,227.31,227.31,0.0,0
2026-08-09 21:28:00+00:00,227.74,227.74,227.74,227.74,0.18,1
2026-08-09 21:29:00+00:00,227.74,227.74,227.74,227.74,0.0,0
2026-08-09 21:30:00+00:00,227.65,227.65,227.65,227.65,0.12,1
2026-08-09 21:31:00+00:00,227.65,227.65,227.65,227.65,0.0,0
2026-08-09 21:32:00+00:00,227.58,227.58,227.58,227.58,0.12,1
2026-08-09 21:33:00+00:00,227.58,227.58,227.58,227.58,0.0,0
2026-08-09 21:34:00+00:00,227.58,227.58,227.58,227.58,0.0,0
2026-08-09 21:35:00+00:00,227.68,228.08,227.68,228.08,100.0,21
2026-08-09 21:36:00+00:00,228.08,228.08,228.08,228.08,0.0,0
2026-08-09 21:37:00+00:00,228.08,228.08,228.08,228.08,0.0,0
2026-08-09 21:38:00+00:00,228.08,228.08,228.08,228.08,0.0,0
2026-08-09 21:39:00+00:00,228.08,228.08,228.08,228.08,0.0,0
2026-08-09 21:40:00+00:00,228.08,228.08,228.08,228.08,0.0,0
2026-08-09 21:41:00+00:00,228.08,228.08,228.08,228.08,0.0,0
2026-08-09 21:42:00+00:00,228.08,228.08,228.08,228.08,0.0,0
2026-08-09 21:43:00+00:00,228.08,228.08,228.08,228.08,0.0,0
2026-08-09 21:44:00+00:00,228.02,228.02,228.02,228.02,0.17,1
2026-08-09 21:45:00+00:00,228.02,228.02,228.02,228.02,0.0,0
2026-08-09 21:46:00+00:00,228.02,228.02,228.02,228.02,0.0,0
2026-08-09 21:47:00+00:00,228.02,228.02,228.02,228.02,0.0,0
2026-08-09 21:48:00+00:00,228.02,228.02,228.02,228.02,0.0,0
2026-08-09 21:49:00+00:00,228.02,228.02,228.02,228.02,0.0,0
2026-08-09 21:50:00+00:00,228.02,228.02,228.02,228.02,0.0,0
2026-08-09 21:51:00+00:00,228.02,228.02,228.02,228.02,0.0,0
2026-08-09 21:52:00+00:00,228.02,228.02,228.02,228.02,0.0,0
2026-08-09 21:53:00+00:00,227.92,227.92,227.87,227.87,0.43,4
2026-08-09 21:54:00+00:00,227.96,227.96,227.96,227.96,2.02,2
2026-08-09 21:55:00+00:00,227.96,227.96,227.96,227.96,0.0,0
2026-08-09 21:56:00+00:00,227.96,227.96,227.96,227.96,0.0,0
2026-08-09 21:57:00+00:00,227.77,227.77,226.69,227.04,16.08,47
2026-08-09 21:58:00+00:00,227.04,227.04,227.04,227.04,0.0,0
2026-08-09 21:59:00+00:00,227.21,227.21,227.21,227.21,0.43,1
2026-08-09 22:00:00+00:00,227.36,227.49,227.36,227.44,7.43,10
2026-08-09 22:01:00+00:00,227.46,227.46,227.46,227.46,2.19,1
2026-08-09 22:02:00+00:00,227.46,227.46,227.46,227.46,0.0,0
2026-08-09 22:03:00+00:00,227.03,227.13,227.03,227.13,0.34,4
2026-08-09 22:04:00+00:00,227.31,227.33,227.31,227.33,0.48,4
2026-08-09 22:05:00+00:00,227.33,227.33,227.33,227.33,0.0,0
2026-08-09 22:06:00+00:00,227.11,227.11,226.99,226.99,0.79,6
2026-08-09 22:07:00+00:00,226.99,226.99,226.99,226.99,0.0,0
2026-08-09 22:08:00+00:00,226.99,226.99,226.99,226.99,0.0,0
2026-08-09 22:09:00+00:00,226.99,226.99,226.99,226.99,0.0,0
2026-08-09 22:10:00+00:00,227.3,227.45,227.3,227.41,0.94,6
2026-08-09 22:11:00+00:00,227.41,227.41,227.41,227.41,0.0,0
2026-08-09 22:12:00+00:00,227.25,227.3,227.25,227.3,1.53,4
2026-08-09 22:13:00+00:00,227.24,227.24,227.24,227.24,0.76,5
2026-08-09 22:14:00+00:00,227.06,227.19,227.06,227.19,0.35,2
2026-08-09 22:15:00+00:00,227.14,227.14,227.13,227.13,0.16,2
2026-08-09 22:16:00+00:00,227.28,227.48,227.17,227.21,13.96,12
2026-08-09 22:17:00+00:00,227.21,227.21,227.21,227.21,0.0,0
2026-08-09 22:18:00+00:00,227.21,227.21,227.21,227.21,0.0,0
2026-08-09 22:19:00+00:00,227.21,227.21,227.21,227.21,0.0,0
2026-08-09 22:20:00+00:00,227.29,227.35,227.29,227.35,1.62,2
2026-08-09 22:21:00+00:00,227.35,227.35,227.35,227.35,0.0,0
2026-08-09 22:22:00+00:00,227.35,227.35,227.35,227.35,0.0,0
2026-08-09 22:23:00+00:00,227.35,227.35,227.35,227.35,0.0,0
2026-08-09 22:24:00+00:00,227.35,227.35,227.35,227.35,0.0,0
2026-08-09 22:25:00+00:00,227.35,227.35,227.35,227.35,0.0,0
2026-08-09 22:26:00+00:00,227.35,227.35,227.35,227.35,0.0,0
2026-08-09 22:27:00+00:00,226.95,226.95,226.9,226.9,0.3,2
2026-08-09 22:28:00+00:00,227.07,227.09,227.07,227.09,0.56,5
2026-08-09 22:29:00+00:00,227.05,227.05,227.03,227.03,1.57,4
2026-08-09 22:30:00+00:00,227.03,227.03,227.03,227.03,0.0,0
2026-08-09 22:31:00+00:00,226.93,226.99,226.91,226.99,0.84,6
2026-08-09 22:32:00+00:00,227.0,227.0,227.0,227.0,0.11,1
2026-08-09 22:33:00+00:00,227.0,227.0,227.0,227.0,0.0,0
2026-08-09 22:34:00+00:00,226.87,226.87,226.87,226.87,0.17,2
2026-08-09 22:35:00+00:00,226.89,226.89,226.89,226.89,0.19,1
2026-08-09 22:36:00+00:00,226.89,226.89,226.76,226.76,0.15,2
2026-08-09 22:37:00+00:00,226.76,226.76,226.76,226.76,0.0,0
2026-08-09 22:38:00+00:00,226.77,226.77,226.77,226.77,0.06,1
2026-08-09 22:39:00+00:00,226.85,226.85,226.85,226.85,0.05,1
2026-08-09 22:40:00+00:00,226.93,227.04,226.93,227.04,0.17,2
2026-08-09 22:41:00+00:00,226.63,226.65,226.62,226.63,1.81,6
2026-08-09 22:42:00+00:00,226.63,226.63,226.63,226.63,0.0,0
2026-08-09 22:43:00+00:00,226.63,226.63,226.63,226.63,0.0,0
2026-08-09 22:44:00+00:00,226.63,226.63,226.63,226.63,0.0,0
2026-08-09 22:45:00+00:00,226.63,226.63,226.63,226.63,0.0,0
2026-08-09 22:46:00+00:00,226.63,226.63,226.63,226.63,0.0,0
2026-08-09 22:47:00+00:00,226.7,226.7,226.7,226.7,0.11,1
2026-08-09 22:48:00+00:00,226.7,226.7,226.7,226.7,0.0,0
2026-08-09 22:49:00+00:00,226.7,226.7,226.7,226.7,0.0,0
2026-08-09 22:50:00+00:00,226.7,226.7,226.7,226.7,0.0,0
2026-08-09 22:51:00+00:00,226.77,226.77,226.77,226.77,2.77,4
2026-08-09 22:52:00+00:00,226.77,226.77,226.77,226.77,0.0,0
2026-08-09 22:53:00+00:00,226.8,226.8,226.8,226.8,2.19,1
2026-08-09 22:54:00+00:00,226.8,226.8,226.8,226.8,0.0,0
2026-08-09 22:55:00+00:00,226.8,226.8,226.8,226.8,0.0,0
2026-08-09 22:56:00+00:00,226.8,226.8,226.8,226.8,0.0,0
2026-08-09 22:57:00+00:00,226.8,226.8,226.8,226.8,0.0,0
2026-08-09 22:58:00+00:00,226.8,226.8,226.8,226.8,0.0,0
2026-08-09 22:59:00+00:00,226.8,226.8,226.8,226.8,0.0,0
2026-08-09 23:00:00+00:00,226.8,226.8,226.8,226.8,0.0,0
2026-08-09 23:01:00+00:00,227.05,227.05,227.05,227.05,0.18,1
2026-08-09 23:02:00+00:00,227.05,227.05,227.05,227.05,0.0,0
2026-08-09 23:03:00+00:00,227.05,227.05,227.05,227.05,0.0,0
2026-08-09 23:04:00+00:00,227.01,227.01,227.01,227.01,0.38,2
2026-08-09 23:05:00+00:00,226.89,226.89,226.88,226.88,2.71,3
2026-08-09 23:06:00+00:00,226.88,226.88,226.88,226.88,0.0,0
2026-08-09 23:07:00+00:00,227.1,227.2,227.1,227.2,0.24,4
2026-08-09 23:08:00+00:00,227.02,227.02,227.02,227.02,4.63,2
2026-08-09 23:09:00+00:00,227.01,227.08,227.01,227.08,1.52,9
2026-08-09 23:10:00+00:00,227.17,227.18,227.17,227.18,0.15,2
2026-08-09 23:11:00+00:00,227.18,227.18,227.18,227.18,0.0,0
2026-08-09 23:12:00+00:00,227.18,227.18,227.18,227.18,0.0,0
2026-08-09 23:13:00+00:00,227.18,227.18,227.18,227.18,0.0,0
2026-08-09 23:14:00+00:00,227.18,227.18,227.18,227.18,0.0,0
2026-08-09 23:15:00+00:00,227.18,227.18,227.18,227.18,0.0,0
2026-08-09 23:16:00+00:00,227.18,227.18,227.18,227.18,0.0,0
2026-08-09 23:17:00+00:00,227.18,227.18,227.18,227.18,0.0,0
2026-08-09 23:18:00+00:00,227.18,227.18,227.18,227.18,0.0,0
2026-08-09 23:19:00+00:00,226.82,226.82,226.78,226.78,6.07,8
2026-08-09 23:20:00+00:00,226.78,226.78,226.78,226.78,0.0,0
2026-08-09 23:21:00+00:00,226.78,226.78,226.78,226.78,0.0,0
2026-08-09 23:22:00+00:00,226.78,226.78,226.78,226.78,0.0,0
2026-08-09 23:23:00+00:00,226.78,226.78,226.78,226.78,0.0,0
2026-08-09 23:24:00+00:00,226.78,226.78,226.78,226.78,0.0,0
2026-08-09 23:25:00+00:00,226.78,226.78,226.78,226.78,0.0,0
2026-08-09 23:26:00+00:00,226.78,226.78,226.78,226.78,0.0,0
2026-08-09 23:27:00+00:00,226.78,226.78,226.78,226.78,0.0,0
2026-08-09 23:28:00+00:00,226.78,226.78,226.78,226.78,0.0,0
2026-08-09 23:29:00+00:00,226.78,226.78,226.78,226.78,0.0,0
2026-08-09 23:30:00+00:00,226.78,226.78,226.78,226.78,0.0,0
2026-08-09 23:31:00+00:00,226.78,226.78,226.78,226.78,0.0,0
2026-08-09 23:32:00+00:00,226.63,226.63,226.63,226.63,0.19,1
2026-08-09 23:33:00+00:00,226.63,226.63,226.63,226.63,0.0,0
2026-08-09 23:34:00+00:00,226.63,226.63,226.63,226.63,0.0,0
2026-08-09 23:35:00+00:00,226.63,226.63,226.63,226.63,0.0,0
2026-08-09 23:36:00+00:00,226.39,226.39,226.39,226.39,0.19,1
2026-08-09 23:37:00+00:00,226.39,226.39,226.39,226.39,0.0,0
2026-08-09 23:38:00+00:00,226.39,226.39,226.39,226.39,0.0,0
2026-08-09 23:39:00+00:00,226.39,226.39,226.39,226.39,0.0,0
2026-08-09 23:40:00+00:00,226.39,226.39,226.39,226.39,0.0,0
2026-08-09 23:41:00+00:00,226.39,226.39,226.39,226.39,0.0,0
2026-08-09 23:42:00+00:00,226.39,226.39,226.39,226.39,0.0,0
2026-08-09 23:43:00+00:00,226.39,226.39,226.39,226.39,0.0,0
2026-08-09 23:44:00+00:00,226.39,226.39,226.39,226.39,0.0,0
2026-08-09 23:45:00+00:00,226.61,226.61,226.61,226.61,0.17,1
2026-08-09 23:46:00+00:00,226.61,226.61,226.61,226.61,0.0,0
2026-08-09 23:47:00+00:00,226.61,226.61,226.61,226.61,0.0,0
2026-08-09 23:48:00+00:00,226.61,226.61,226.61,226.61,0.0,0
2026-08-09 23:49:00+00:00,226.61,226.61,226.61,226.61,0.0,0
2026-08-09 23:50:00+00:00,226.61,226.61,226.61,226.61,0.0,0
2026-08-09 23:51:00+00:00,226.61,226.61,226.61,226.61,0.0,0
2026-08-09 23:52:00+00:00,226.61,226.61,226.61,226.61,0.0,0
2026-08-09 23:53:00+00:00,226.61,226.61,226.61,226.61,0.0,0
2026-08-09 23:54:00+00:00,226.61,226.61,226.61,226.61,0.0,0
2026-08-09 23:55:00+00:00,226.61,226.61,226.61,226.61,0.0,0
2026-08-09 23:56:00+00:00,226.45,226.45,226.37,226.37,0.1,2
2026-08-09 23:57:00+00:00,226.37,226.37,226.37,226.37,0.0,0
2026-08-09 23:58:00+00:00,226.28,226.28,226.28,226.28,2.2,1
2026-08-09 23:59:00+00:00,226.28,226.28,226.28,226.28,0.0,0
2026-08-10 00:00:00+00:00,225.95,225.99,225.01,225.35,36.46,27
2026-08-10 00:01:00+00:00,225.67,225.67,225.0,225.41,293.97,176
2026-08-10 00:02:00+00:00,225.43,226.5,225.43,226.24,398.72,42
2026-08-10 00:03:00+00:00,226.33,226.83,226.33,226.83,0.94,10
2026-08-10 00:04:00+00:00,226.81,227.55,226.73,227.0,90.75,47
2026-08-10 00:05:00+00:00,227.47,227.9,227.45,227.84,3.74,20
2026-08-10 00:06:00+00:00,227.86,228.46,227.86,228.46,23.23,25
2026-08-10 00:07:00+00:00,228.47,228.47,228.47,228.47,0.09,1
2026-08-10 00:08:00+00:00,228.9,229.03,228.76,228.76,86.08,46
2026-08-10 00:09:00+00:00,228.43,228.49,228.38,228.49,0.47,5
2026-08-10 00:10:00+00:00,228.56,229.16,228.56,229.16,3.62,4
2026-08-10 00:11:00+00:00,229.3,229.44,229.28,229.44,1.03,8
2026-08-10 00:12:00+00:00,229.33,229.4,229.33,229.4,2.38,3
2026-08-10 00:13:00+00:00,229.44,229.51,229.4,229.46,5.77,8
2026-08-10 00:14:00+00:00,229.46,229.46,228.79,228.79,16.32,23
2026-08-10 00:15:00+00:00,228.75,228.78,228.59,228.59,9.97,12
2026-08-10 00:16:00+00:00,228.75,228.81,228.75,228.81,4.77,4
2026-08-10 00:17:00+00:00,228.88,228.88,228.31,228.37,9.43,8
2026-08-10 00:18:00+00:00,228.35,228.73,228.35,228.48,36.25,25
2026-08-10 00:19:00+00:00,228.43,228.8,228.43,228.8,0.54,4
2026-08-10 00:20:00+00:00,228.41,228.41,228.06,228.06,7.79,9
2026-08-10 00:21:00+00:00,228.04,228.09,227.77,228.09,69.54,122
2026-08-10 00:22:00+00:00,228.91,229.11,228.63,228.63,1.11,9
2026-08-10 00:23:00+00:00,228.63,228.63,228.63,228.63,0.0,0
2026-08-10 00:24:00+00:00,227.99,227.99,227.99,227.99,0.17,1
2026-08-10 00:25:00+00:00,228.02,228.26,228.01,228.22,33.78,29
2026-08-10 00:26:00+00:00,228.04,228.32,228.04,228.32,3.68,15
2026-08-10 00:27:00+00:00,228.47,228.55,228.43,228.55,0.49,5
2026-08-10 00:28:00+00:00,228.48,228.57,228.42,228.42,13.63,7
2026-08-10 00:29:00+00:00,228.5,228.5,228.31,228.31,0.79,7
2026-08-10 00:30:00+00:00,228.27,228.38,228.27,228.33,16.19,31
2026-08-10 00:31:00+00:00,228.33,228.39,228.16,228.16,30.07,28
2026-08-10 00:32:00+00:00,228.23,228.27,227.96,228.27,16.94,18
2026-08-10 00:33:00+00:00,227.81,227.99,227.8,227.97,4.81,6
2026-08-10 00:34:00+00:00,227.98,227.98,227.67,227.67,13.41,8
2026-08-10 00:35:00+00:00,227.67,227.67,227.67,227.67,0.0,0
2026-08-10 00:36:00+00:00,227.31,227.31,226.93,226.97,28.77,14
2026-08-10 00:37:00+00:00,227.01,227.01,226.93,226.95,2.97,10
2026-08-10 00:38:00+00:00,227.2,227.26,227.1,227.1,2.54,6
2026-08-10 00:39:00+00:00,227.27,227.27,227.03,227.08,6.23,10
2026-08-10 00:40:00+00:00,227.03,227.38,227.03,227.38,0.32,4
2026-08-10 00:41:00+00:00,227.24,227.24,227.21,227.24,0.86,5
2026-08-10 00:42:00+00:00,227.24,227.24,227.24,227.24,0.0,0
2026-08-10 00:43:00+00:00,226.86,226.86,226.52,226.52,31.53,14
2026-08-10 00:44:00+00:00,226.72,226.81,226.72,226.81,0.18,2
2026-08-10 00:45:00+00:00,227.3,227.3,227.3,227.3,0.09,1
2026-08-10 00:46:00+00:00,227.46,227.46,227.46,227.46,0.05,1
2026-08-10 00:47:00+00:00,227.56,227.66,227.53,227.66,22.27,9
2026-08-10 00:48:00+00:00,227.69,227.69,227.68,227.68,0.6,4
2026-08-10 00:49:00+00:00,227.46,227.46,227.31,227.38,0.44,5
2026-08-10 00:50:00+00:00,227.67,227.69,227.67,227.69,0.45,3
2026-08-10 00:51:00+00:00,227.47,227.64,227.47,227.64,0.62,6
2026-08-10 00:52:00+00:00,227.69,227.69,227.69,227.69,0.3,2
2026-08-10 00:53:00+00:00,227.69,227.69,227.69,227.69,0.0,0
2026-08-10 00:54:00+00:00,227.44,227.44,227.44,227.44,0.14,1
2026-08-10 00:55:00+00:00,227.35,227.57,227.35,227.55,46.98,19
2026-08-10 00:56:00+00:00,227.65,227.68,227.26,227.33,34.78,22
2026-08-10 00:57:00+00:00,227.61,227.61,227.61,227.61,0.09,1
2026-08-10 00:58:00+00:00,227.45,227.63,227.45,227.61,0.33,3
2026-08-10 00:59:00+00:00,227.61,227.61,227.61,227.61,0.0,0
2026-08-10 01:00:00+00:00,227.0,227.07,226.49,227.01,187.46,32
2026-08-10 01:01:00+00:00,227.01,227.01,227.01,227.01,0.0,0
2026-08-10 01:02:00+00:00,227.84,227.84,227.66,227.66,0.67,8
2026-08-10 01:03:00+00:00,227.73,227.92,227.73,227.92,23.93,26
2026-08-10 01:04:00+00:00,227.92,227.92,227.92,227.92,0.0,0
2026-08-10 01:05:00+00:00,227.55,227.69,227.55,227.69,0.78,6
2026-08-10 01:06:00+00:00,227.44,227.47,227.44,227.47,0.27,2
2026-08-10 01:07:00+00:00,227.47,227.52,227.44,227.52,4.06,29
2026-08-10 01:08:00+00:00,227.69,227.71,227.68,227.68,3.08,15
2026-08-10 01:09:00+00:00,227.69,227.85,227.69,227.85,2.1,14
2026-08-10 01:10:00+00:00,227.85,227.85,227.85,227.85,0.0,0
2026-08-10 01:11:00+00:00,227.73,227.78,227.69,227.78,58.74,23
2026-08-10 01:12:00+00:00,227.78,227.85,227.77,227.77,1.05,7
2026-08-10 01:13:00+00:00,227.77,227.92,227.77,227.92,2.31,11
2026-08-10 01:14:00+00:00,227.99,227.99,227.99,227.99,0.18,2
2026-08-10 01:15:00+00:00,228.3,228.38,228.24,228.38,2.08,14
2026-08-10 01:16:00+00:00,228.46,228.46,228.42,228.45,1.5,10
2026-08-10 01:17:00+00:00,228.45,228.45,228.35,228.37,1.1,8
2026-08-10 01:18:00+00:00,228.37,228.37,228.37,228.37,0.0,0
2026-08-10 01:19:00+00:00,228.37,228.37,228.37,228.37,0.0,0
2026-08-10 01:20:00+00:00,228.43,228.43,228.39,228.39,0.78,6
2026-08-10 01:21:00+00:00,228.48,228.48,228.34,228.35,0.29,3
2026-08-10 01:22:00+00:00,228.35,228.35,228.35,228.35,0.0,0
2026-08-10 01:23:00+00:00,228.28,228.44,228.28,228.42,8.34,8
2026-08-10 01:24:00+00:00,228.39,228.39,228.39,228.39,0.06,1
2026-08-10 01:25:00+00:00,228.39,228.39,228.39,228.39,0.0,0
2026-08-10 01:26:00+00:00,228.39,228.39,228.39,228.39,0.0,0
2026-08-10 01:27:00+00:00,228.39,228.39,228.39,228.39,0.0,0
2026-08-10 01:28:00+00:00,228.67,228.85,228.66,228.85,2.15,17
2026-08-10 01:29:00+00:00,228.8,228.8,228.5,228.5,4.96,7
2026-08-10 01:30:00+00:00,228.26,228.32,228.17,228.24,1.5,15
2026-08-10 01:31:00+00:00,228.19,228.19,227.98,228.04,0.59,7
2026-08-10 01:32:00+00:00,228.01,228.05,227.94,228.01,12.59,13
2026-08-10 01:33:00+00:00,228.01,228.01,228.01,228.01,0.0,0
2026-08-10 01:34:00+00:00,227.88,227.88,227.88,227.88,0.08,1
2026-08-10 01:35:00+00:00,227.7,227.77,227.7,227.77,0.12,2
2026-08-10 01:36:00+00:00,227.94,228.12,227.94,228.12,34.52,11
2026-08-10 01:37:00+00:00,228.32,228.32,228.32,228.32,2.22,2
2026-08-10 01:38:00+00:00,228.31,228.36,228.31,228.36,3.94,6
2026-08-10 01:39:00+00:00,228.32,228.32,228.28,228.28,1.04,3
2026-08-10 01:40:00+00:00,228.39,228.39,228.39,228.39,0.08,1
2026-08-10 01:41:00+00:00,228.39,228.39,228.39,228.39,0.0,0
2026-08-10 01:42:00+00:00,228.39,228.39,228.39,228.39,0.0,0
2026-08-10 01:43:00+00:00,228.39,228.39,228.39,228.39,0.0,0
2026-08-10 01:44:00+00:00,228.39,228.39,228.39,228.39,0.0,0
2026-08-10 01:45:00+00:00,228.39,228.39,228.39,228.39,0.0,0
2026-08-10 01:46:00+00:00,228.7,228.72,228.7,228.72,0.14,2
2026-08-10 01:47:00+00:00,228.78,228.86,228.78,228.86,1.29,7
2026-08-10 01:48:00+00:00,228.86,228.86,228.86,228.86,0.13,1
2026-08-10 01:49:00+00:00,228.85,228.94,228.85,228.94,0.65,5
2026-08-10 01:50:00+00:00,228.92,228.94,228.92,228.93,26.86,11
2026-08-10 01:51:00+00:00,228.93,229.06,228.92,229.03,141.42,51
2026-08-10 01:52:00+00:00,229.01,229.01,229.0,229.0,4.78,4
2026-08-10 01:53:00+00:00,229.02,229.02,228.98,228.98,4.91,5
2026-08-10 01:54:00+00:00,228.98,228.98,228.98,228.98,0.0,0
2026-08-10 01:55:00+00:00,228.98,228.98,228.98,228.98,0.0,0
2026-08-10 01:56:00+00:00,228.81,228.81,228.81,228.81,0.06,1
2026-08-10 01:57:00+00:00,228.81,228.81,228.81,228.81,0.0,0
2026-08-10 01:58:00+00:00,228.7,228.7,228.55,228.55,1.52,6
2026-08-10 01:59:00+00:00,228.55,228.55,228.55,228.55,0.0,0
2026-08-10 02:00:00+00:00,228.48,228.48,228.47,228.47,0.26,2
2026-08-10 02:01:00+00:00,228.46,228.55,228.46,228.55,0.32,4
2026-08-10 02:02:00+00:00,228.62,228.62,228.57,228.57,0.37,2
2026-08-10 02:03:00+00:00,228.59,228.59,228.48,228.48,0.25,3
2026-08-10 02:04:00+00:00,228.47,228.47,228.47,228.47,0.41,4
2026-08-10 02:05:00+00:00,228.65,228.65,228.65,228.65,0.2,2
2026-08-10 02:06:00+00:00,228.65,228.65,228.65,228.65,0.0,0
2026-08-10 02:07:00+00:00,228.78,228.78,228.78,228.78,0.13,1
2026-08-10 02:08:00+00:00,228.78,228.78,228.78,228.78,0.13,1
2026-08-10 02:09:00+00:00,228.62,228.62,228.62,228.62,0.07,1
2026-08-10 02:10:00+00:00,228.62,228.62,228.62,228.62,0.0,0
2026-08-10 02:11:00+00:00,228.83,228.83,228.83,228.83,0.13,1
2026-08-10 02:12:00+00:00,228.83,228.83,228.83,228.83,0.0,0
2026-08-10 02:13:00+00:00,228.83,228.83,228.83,228.83,0.0,0
2026-08-10 02:14:00+00:00,228.83,228.83,228.83,228.83,0.0,0
2026-08-10 02:15:00+00:00,228.83,228.83,228.83,228.83,0.0,0
2026-08-10 02:16:00+00:00,228.83,228.83,228.83,228.83,0.0,0
2026-08-10 02:17:00+00:00,228.23,228.25,228.23,228.25,0.43,3
2026-08-10 02:18:00+00:00,228.25,228.25,228.25,228.25,0.0,0
2026-08-10 02:19:00+00:00,228.11,228.13,228.11,228.13,0.26,2
2026-08-10 02:20:00+00:00,228.16,228.78,228.16,228.78,111.18,46
2026-08-10 02:21:00+00:00,228.71,228.71,228.71,228.71,0.07,1
2026-08-10 02:22:00+00:00,228.61,228.61,228.46,228.46,54.92,17
2026-08-10 02:23:00+00:00,228.46,228.46,228.46,228.46,0.0,0
2026-08-10 02:24:00+00:00,228.46,228.46,228.46,228.46,0.0,0
2026-08-10 02:25:00+00:00,228.46,228.46,228.46,228.46,0.0,0
2026-08-10 02:26:00+00:00,228.46,228.46,228.46,228.46,0.0,0
2026-08-10 02:27:00+00:00,228.42,228.42,228.42,228.42,7.22,2
2026-08-10 02:28:00+00:00,228.42,228.42,228.42,228.42,0.0,0
2026-08-10 02:29:00+00:00,228.42,228.42,228.42,228.42,0.0,0
2026-08-10 02:30:00+00:00,228.42,228.42,228.42,228.42,0.0,0
2026-08-10 02:31:00+00:00,228.42,228.42,228.42,228.42,0.0,0
2026-08-10 02:32:00+00:00,228.42,228.42,228.42,228.42,0.0,0
2026-08-10 02:33:00+00:00,228.42,228.42,228.42,228.42,0.0,0
2026-08-10 02:34:00+00:00,228.42,228.42,228.42,228.42,0.0,0
2026-08-10 02:35:00+00:00,228.2,228.2,228.2,228.2,0.13,1
2026-08-10 02:36:00+00:00,228.39,228.39,228.39,228.39,0.06,1
2026-08-10 02:37:00+00:00,228.39,228.39,228.39,228.39,0.0,0
2026-08-10 02:38:00+00:00,228.39,228.39,228.39,228.39,0.0,0
2026-08-10 02:39:00+00:00,228.68,228.68,228.68,228.68,0.22,3
2026-08-10 02:40:00+00:00,228.68,228.68,228.68,228.68,0.0,0
2026-08-10 02:41:00+00:00,228.68,228.68,228.68,228.68,0.0,0
2026-08-10 02:42:00+00:00,228.68,228.68,228.68,228.68,0.0,0
2026-08-10 02:43:00+00:00,228.68,228.68,228.68,228.68,0.0,0
2026-08-10 02:44:00+00:00,228.68,228.68,228.68,228.68,0.0,0
2026-08-10 02:45:00+00:00,228.68,228.68,228.68,228.68,0.0,0
2026-08-10 02:46:00+00:00,228.7,228.7,228.64,228.64,0.25,3
2026-08-10 02:47:00+00:00,228.64,228.64,228.64,228.64,0.0,0
2026-08-10 02:48:00+00:00,228.64,228.64,228.64,228.64,0.0,0
2026-08-10 02:49:00+00:00,228.64,228.64,228.64,228.64,0.0,0
2026-08-10 02:50:00+00:00,228.64,228.64,228.64,228.64,0.0,0
2026-08-10 02:51:00+00:00,228.64,228.64,228.64,228.64,0.0,0
2026-08-10 02:52:00+00:00,228.64,228.64,228.64,228.64,0.0,0
2026-08-10 02:53:00+00:00,228.64,228.64,228.64,228.64,0.0,0
2026-08-10 02:54:00+00:00,228.64,228.64,228.64,228.64,0.0,0
2026-08-10 02:55:00+00:00,228.74,228.81,228.7,228.81,4.67,6
2026-08-10 02:56:00+00:00,228.78,228.78,228.78,228.78,0.05,1
2026-08-10 02:57:00+00:00,228.78,228.78,228.78,228.78,0.0,0
2026-08-10 02:58:00+00:00,228.78,228.78,228.78,228.78,0.0,0
2026-08-10 02:59:00+00:00,228.78,228.78,228.78,228.78,0.0,0
2026-08-10 03:00:00+00:00,228.78,228.78,228.78,228.78,0.0,0
2026-08-10 03:01:00+00:00,228.78,228.78,228.78,228.78,0.0,0
2026-08-10 03:02:00+00:00,228.78,228.78,228.78,228.78,0.0,0
2026-08-10 03:03:00+00:00,228.78,228.78,228.78,228.78,0.0,0
2026-08-10 03:04:00+00:00,228.89,228.89,228.87,228.87,0.91,8
2026-08-10 03:05:00+00:00,228.87,228.87,228.87,228.87,0.0,0
2026-08-10 03:06:00+00:00,228.87,228.87,228.87,228.87,0.0,0
2026-08-10 03:07:00+00:00,228.87,228.87,228.87,228.87,0.0,0
2026-08-10 03:08:00+00:00,229.0,229.0,228.57,228.61,28.61,29
2026-08-10 03:09:00+00:00,228.61,228.64,228.61,228.64,31.33,6
2026-08-10 03:10:00+00:00,228.64,228.64,228.64,228.64,0.0,0
2026-08-10 03:11:00+00:00,228.64,228.64,228.64,228.64,0.0,0
2026-08-10 03:12:00+00:00,228.64,228.64,228.64,228.64,0.0,0
2026-08-10 03:13:00+00:00,228.64,228.64,228.64,228.64,0.0,0
2026-08-10 03:14:00+00:00,228.64,228.64,228.64,228.64,0.0,0
2026-08-10 03:15:00+00:00,228.57,228.6,228.57,228.6,0.85,4
2026-08-10 03:16:00+00:00,228.6,228.6,228.6,228.6,0.0,0
2026-08-10 03:17:00+00:00,228.6,228.6,228.6,228.6,0.0,0
2026-08-10 03:18:00+00:00,228.6,228.6,228.6,228.6,0.0,0
2026-08-10 03:19:00+00:00,228.6,228.6,228.6,228.6,0.0,0
2026-08-10 03:20:00+00:00,228.6,228.6,228.6,228.6,0.0,0
2026-08-10 03:21:00+00:00,228.6,228.6,228.6,228.6,0.0,0
2026-08-10 03:22:00+00:00,228.6,228.6,228.6,228.6,0.0,0
2026-08-10 03:23:00+00:00,228.6,228.6,228.6,228.6,0.0,0
2026-08-10 03:24:00+00:00,228.6,228.6,228.6,228.6,0.0,0
2026-08-10 03:25:00+00:00,228.6,228.6,228.6,228.6,0.0,0
2026-08-10 03:26:00+00:00,228.6,228.6,228.6,228.6,0.0,0
2026-08-10 03:27:00+00:00,228.6,228.6,228.6,228.6,0.0,0
2026-08-10 03:28:00+00:00,228.6,228.6,228.6,228.6,0.0,0
2026-08-10 03:29:00+00:00,228.6,228.6,228.6,228.6,0.0,0
2026-08-10 03:30:00+00:00,228.6,228.6,228.6,228.6,0.0,0
2026-08-10 03:31:00+00:00,228.6,228.6,228.6,228.6,0.0,0
2026-08-10 03:32:00+00:00,228.6,228.6,228.6,228.6,0.0,0
2026-08-10 03:33:00+00:00,228.6,228.6,228.6,228.6,0.0,0
2026-08-10 03:34:00+00:00,228.5,228.52,228.46,228.46,80.85,23
2026-08-10 03:35:00+00:00,228.47,228.47,228.41,228.42,73.58,32
2026-08-10 03:36:00+00:00,228.41,228.41,228.36,228.36,3.52,12
2026-08-10 03:37:00+00:00,228.37,228.37,228.37,228.37,0.58,4
2026-08-10 03:38:00+00:00,228.37,228.38,228.37,228.37,0.78,4
2026-08-10 03:39:00+00:00,228.36,228.36,228.36,228.36,30.44,14
2026-08-10 03:40:00+00:00,228.34,228.35,228.34,228.35,0.76,7
2026-08-10 03:41:00+00:00,228.36,228.38,228.36,228.37,1.08,6
2026-08-10 03:42:00+00:00,228.37,228.37,228.37,228.37,0.0,0
2026-08-10 03:43:00+00:00,228.36,228.36,228.35,228.36,5.01,6
2026-08-10 03:44:00+00:00,228.39,228.39,228.37,228.37,4.55,5
2026-08-10 03:45:00+00:00,228.37,228.37,228.37,228.37,0.0,0
2026-08-10 03:46:00+00:00,228.37,228.37,228.37,228.37,0.0,0
2026-08-10 03:47:00+00:00,228.34,228.34,228.34,228.34,0.43,1
2026-08-10 03:48:00+00:00,228.34,228.34,228.34,228.34,0.0,0
2026-08-10 03:49:00+00:00,228.24,228.24,228.24,228.24,0.27,1
2026-08-10 03:50:00+00:00,228.24,228.24,228.24,228.24,0.0,0
2026-08-10 03:51:00+00:00,228.24,228.24,228.24,228.24,0.0,0
2026-08-10 03:52:00+00:00,228.34,228.34,228.34,228.34,0.26,2
2026-08-10 03:53:00+00:00,228.37,228.37,228.33,228.33,3.53,3
2026-08-10 03:54:00+00:00,228.32,228.32,228.3,228.3,1.04,5
2026-08-10 03:55:00+00:00,228.26,228.26,228.21,228.23,1.06,14
2026-08-10 03:56:00+00:00,228.33,228.33,228.28,228.28,0.26,3
2026-08-10 03:57:00+00:00,228.36,228.36,228.32,228.32,0.26,2
2026-08-10 03:58:00+00:00,228.32,228.32,228.32,228.32,0.0,0
2026-08-10 03:59:00+00:00,228.33,228.34,228.33,228.34,4.54,2
2026-08-10 04:00:00+00:00,228.37,228.37,228.36,228.37,65.09,29
2026-08-10 04:01:00+00:00,228.36,228.39,228.36,228.37,14.18,8
2026-08-10 04:02:00+00:00,228.4,228.4,228.39,228.39,4.04,6
2026-08-10 04:03:00+00:00,228.39,228.43,228.38,228.42,4.37,7
2026-08-10 04:04:00+00:00,228.42,228.42,228.39,228.39,5.42,5
2026-08-10 04:05:00+00:00,228.39,228.39,228.38,228.38,0.38,3
2026-08-10 04:06:00+00:00,228.38,228.38,228.38,228.38,0.3,2
2026-08-10 04:07:00+00:00,228.38,228.38,228.38,228.38,0.0,0
2026-08-10 04:08:00+00:00,228.4,228.4,228.4,228.4,2.04,2
2026-08-10 04:09:00+00:00,228.4,228.4,228.4,228.4,1.43,5
2026-08-10 04:10:00+00:00,228.4,228.43,228.39,228.42,1.6,9
2026-08-10 04:11:00+00:00,228.42,228.42,228.42,228.42,0.0,0
2026-08-10 04:12:00+00:00,228.42,228.44,228.42,228.44,0.16,2
2026-08-10 04:13:00+00:00,228.42,228.42,228.4,228.4,0.36,4
2026-08-10 04:14:00+00:00,228.43,228.43,228.43,228.43,0.15,1
2026-08-10 04:15:00+00:00,228.38,228.38,228.38,228.38,4.41,1
2026-08-10 04:16:00+00:00,228.38,228.38,228.38,228.38,0.0,0
2026-08-10 04:17:00+00:00,228.38,228.38,228.38,228.38,0.0,0
2026-08-10 04:18:00+00:00,228.41,228.41,228.41,228.41,0.79,5
2026-08-10 04:19:00+00:00,228.4,228.41,228.4,228.4,1.92,7
2026-08-10 04:20:00+00:00,228.38,228.38,228.38,228.38,0.15,1
2026-08-10 04:21:00+00:00,228.37,228.37,228.36,228.36,2.94,10
2026-08-10 04:22:00+00:00,228.36,228.36,228.36,228.36,0.0,0
2026-08-10 04:23:00+00:00,228.36,228.36,228.36,228.36,0.0,0
2026-08-10 04:24:00+00:00,228.4,228.4,228.4,228.4,1.04,2
2026-08-10 04:25:00+00:00,228.39,228.4,228.39,228.4,10.44,5
2026-08-10 04:26:00+00:00,228.39,228.4,228.39,228.39,5.16,6
2026-08-10 04:27:00+00:00,228.39,228.39,228.39,228.39,0.0,0
2026-08-10 04:28:00+00:00,228.28,228.28,228.28,228.28,0.07,1
2026-08-10 04:29:00+00:00,228.28,228.28,228.28,228.28,0.0,0
2026-08-10 04:30:00+00:00,228.28,228.28,228.28,228.28,0.0,0
2026-08-10 04:31:00+00:00,228.31,228.32,228.31,228.31,4.58,3
2026-08-10 04:32:00+00:00,228.32,228.33,228.32,228.32,4.64,5
2026-08-10 04:33:00+00:00,228.32,228.32,228.32,228.32,0.0,0
2026-08-10 04:34:00+00:00,228.32,228.32,228.32,228.32,0.0,0
2026-08-10 04:35:00+00:00,228.32,228.32,228.32,228.32,0.0,0
2026-08-10 04:36:00+00:00,228.25,228.25,228.25,228.25,4.4,1
2026-08-10 04:37:00+00:00,228.25,228.25,228.25,228.25,0.0,0
2026-08-10 04:38:00+00:00,228.25,228.25,228.25,228.25,0.0,0
2026-08-10 04:39:00+00:00,228.25,228.25,228.25,228.25,0.0,0
2026-08-10 04:40:00+00:00,228.25,228.25,228.25,228.25,0.0,0
2026-08-10 04:41:00+00:00,228.25,228.25,228.25,228.25,0.0,0
2026-08-10 04:42:00+00:00,227.97,227.98,227.97,227.97,6.57,4
2026-08-10 04:43:00+00:00,227.97,227.97,227.97,227.97,0.0,0
2026-08-10 04:44:00+00:00,228.05,228.05,228.05,228.05,0.43,1
2026-08-10 04:45:00+00:00,228.05,228.05,228.05,228.05,0.0,0
2026-08-10 04:46:00+00:00,228.05,228.05,228.05,228.05,0.0,0
2026-08-10 04:47:00+00:00,228.05,228.05,228.05,228.05,0.0,0
2026-08-10 04:48:00+00:00,228.1,228.1,228.1,228.1,5.15,6
2026-08-10 04:49:00+00:00,228.11,228.12,228.11,228.12,0.9,7
2026-08-10 04:50:00+00:00,228.12,228.12,228.12,228.12,0.0,0
2026-08-10 04:51:00+00:00,228.12,228.12,228.12,228.12,0.0,0
2026-08-10 04:52:00+00:00,228.12,228.12,228.12,228.12,0.0,0
2026-08-10 04:53:00+00:00,228.1,228.1,228.1,228.1,0.3,2
2026-08-10 04:54:00+00:00,228.19,228.19,228.19,228.19,0.15,1
2026-08-10 04:55:00+00:00,228.1,228.1,228.1,228.1,4.55,2
2026-08-10 04:56:00+00:00,228.1,228.1,228.1,228.1,3.15,3
2026-08-10 04:57:00+00:00,228.1,228.1,228.1,228.1,0.0,0
2026-08-10 04:58:00+00:00,228.1,228.1,228.1,228.1,0.0,0
2026-08-10 04:59:00+00:00,228.1,228.1,228.1,228.1,0.0,0
2026-08-10 05:00:00+00:00,228.04,228.04,228.04,228.04,0.06,1
2026-08-10 05:01:00+00:00,228.08,228.11,228.08,228.11,0.25,3
2026-08-10 05:02:00+00:00,228.15,228.15,228.15,228.15,0.07,1
2026-08-10 05:03:00+00:00,228.15,228.15,228.15,228.15,0.0,0
2026-08-10 05:04:00+00:00,228.2,228.2,228.17,228.17,0.23,3
2026-08-10 05:05:00+00:00,228.31,228.38,228.31,228.38,0.18,2
2026-08-10 05:06:00+00:00,228.31,228.31,228.31,228.31,0.13,1
2026-08-10 05:07:00+00:00,228.3,228.3,228.3,228.3,0.13,1
2026-08-10 05:08:00+00:00,228.57,228.57,228.57,228.57,0.35,5
2026-08-10 05:09:00+00:00,228.57,228.61,228.56,228.56,0.78,12
2026-08-10 05:10:00+00:00,228.6,228.6,228.58,228.6,0.22,10
2026-08-10 05:11:00+00:00,228.6,228.6,228.6,228.6,0.0,0
2026-08-10 05:12:00+00:00,228.6,228.6,228.6,228.6,0.0,0
2026-08-10 05:13:00+00:00,228.6,228.6,228.6,228.6,0.0,0
2026-08-10 05:14:00+00:00,228.6,228.6,228.6,228.6,0.0,0
2026-08-10 05:15:00+00:00,228.6,228.6,228.6,228.6,0.0,0
2026-08-10 05:16:00+00:00,228.6,228.6,228.6,228.6,0.0,0
2026-08-10 05:17:00+00:00,228.6,228.6,228.6,228.6,0.0,0
2026-08-10 05:18:00+00:00,228.53,228.57,228.53,228.57,0.22,3
2026-08-10 05:19:00+00:00,228.57,228.57,228.57,228.57,0.0,0
2026-08-10 05:20:00+00:00,228.57,228.57,228.57,228.57,0.0,0
2026-08-10 05:21:00+00:00,228.57,228.57,228.57,228.57,0.0,0
2026-08-10 05:22:00+00:00,228.57,228.57,228.57,228.57,0.0,0
2026-08-10 05:23:00+00:00,228.57,228.57,228.57,228.57,0.0,0
2026-08-10 05:24:00+00:00,228.57,228.57,228.57,228.57,0.0,0
2026-08-10 05:25:00+00:00,228.57,228.57,228.57,228.57,0.0,0
2026-08-10 05:26:00+00:00,228.57,228.57,228.57,228.57,0.0,0
2026-08-10 05:27:00+00:00,228.57,228.57,228.57,228.57,0.0,0
2026-08-10 05:28:00+00:00,228.89,228.93,228.89,228.93,0.16,2
2026-08-10 05:29:00+00:00,228.81,228.81,228.8,228.8,0.99,8
2026-08-10 05:30:00+00:00,228.83,228.83,228.83,228.83,0.22,1
2026-08-10 05:31:00+00:00,228.83,228.83,228.83,228.83,0.0,0
2026-08-10 05:32:00+00:00,228.75,228.92,228.75,228.92,4.36,2
2026-08-10 05:33:00+00:00,228.83,228.83,228.78,228.78,2.45,7
2026-08-10 05:34:00+00:00,228.8,228.8,228.8,228.8,0.06,1
2026-08-10 05:35:00+00:00,228.32,228.36,228.32,228.32,13.71,5
2026-08-10 05:36:00+00:00,228.14,228.59,228.14,228.59,46.1,18
2026-08-10 05:37:00+00:00,228.59,228.6,228.44,228.45,21.05,12
2026-08-10 05:38:00+00:00,228.45,228.45,228.45,228.45,0.0,0
2026-08-10 05:39:00+00:00,228.45,228.45,228.45,228.45,0.0,0
2026-08-10 05:40:00+00:00,228.45,228.45,228.45,228.45,0.0,0
2026-08-10 05:41:00+00:00,228.52,228.52,228.52,228.52,0.7,1
2026-08-10 05:42:00+00:00,228.49,228.49,228.44,228.44,17.5,5
2026-08-10 05:43:00+00:00,228.57,228.6,228.57,228.6,0.43,3
2026-08-10 05:44:00+00:00,228.6,228.6,228.6,228.6,0.0,0
2026-08-10 05:45:00+00:00,228.51,228.52,228.51,228.52,0.31,2
2026-08-10 05:46:00+00:00,228.38,228.46,228.38,228.46,0.85,4
2026-08-10 05:47:00+00:00,228.42,228.42,228.41,228.41,0.17,2
2026-08-10 05:48:00+00:00,228.41,228.41,228.41,228.41,0.0,0
2026-08-10 05:49:00+00:00,228.41,228.41,228.41,228.41,0.0,0
2026-08-10 05:50:00+00:00,228.37,228.37,228.37,228.37,0.08,1
2026-08-10 05:51:00+00:00,228.37,228.37,228.37,228.37,0.0,0
2026-08-10 05:52:00+00:00,228.37,228.37,228.37,228.37,0.0,0
2026-08-10 05:53:00+00:00,228.66,228.66,228.66,228.66,0.1,1
2026-08-10 05:54:00+00:00,228.66,228.93,228.66,228.93,0.85,7
2026-08-10 05:55:00+00:00,228.93,228.93,228.93,228.93,0.0,0
2026-08-10 05:56:00+00:00,228.99,228.99,228.99,228.99,0.01,1
2026-08-10 05:57:00+00:00,228.89,228.89,228.89,228.89,0.07,1
2026-08-10 05:58:00+00:00,228.89,228.89,228.89,228.89,0.0,0
2026-08-10 05:59:00+00:00,228.89,228.89,228.89,228.89,0.0,0
2026-08-10 06:00:00+00:00,228.93,228.96,228.93,228.96,0.43,3
2026-08-10 06:01:00+00:00,228.96,228.96,228.96,228.96,0.0,0
2026-08-10 06:02:00+00:00,228.88,228.88,228.76,228.79,1.53,12
2026-08-10 06:03:00+00:00,228.83,228.83,228.83,228.83,0.09,1
2026-08-10 06:04:00+00:00,228.79,228.84,228.79,228.84,0.18,2
2026-08-10 06:05:00+00:00,228.84,228.84,228.84,228.84,0.0,0
2026-08-10 06:06:00+00:00,228.84,228.84,228.84,228.84,0.0,0
2026-08-10 06:07:00+00:00,228.71,228.94,228.71,228.94,0.39,3
2026-08-10 06:08:00+00:00,228.99,228.99,228.99,228.99,0.11,1
2026-08-10 06:09:00+00:00,228.99,228.99,228.99,228.99,0.0,0
2026-08-10 06:10:00+00:00,228.99,228.99,228.99,228.99,0.0,0
2026-08-10 06:11:00+00:00,229.16,229.16,229.16,229.16,0.18,2
2026-08-10 06:12:00+00:00,229.16,229.16,229.16,229.16,0.0,0
2026-08-10 06:13:00+00:00,229.16,229.16,229.16,229.16,0.0,0
2026-08-10 06:14:00+00:00,229.16,229.16,229.16,229.16,0.0,0
2026-08-10 06:15:00+00:00,229.16,229.16,229.16,229.16,0.0,0
2026-08-10 06:16:00+00:00,229.16,229.16,229.16,229.16,0.0,0
2026-08-10 06:17:00+00:00,229.19,229.19,229.19,229.19,0.06,1
2026-08-10 06:18:00+00:00,229.07,229.07,229.07,229.07,0.09,1
2026-08-10 06:19:00+00:00,229.07,229.07,229.07,229.07,0.0,0
2026-08-10 06:20:00+00:00,229.12,229.12,229.12,229.12,0.08,1
2026-08-10 06:21:00+00:00,229.04,229.07,228.81,228.81,116.47,19
2026-08-10 06:22:00+00:00,228.81,228.81,228.81,228.81,0.0,0
2026-08-10 06:23:00+00:00,228.74,228.74,228.74,228.74,0.51,3
2026-08-10 06:24:00+00:00,228.74,228.74,228.74,228.74,0.0,0
2026-08-10 06:25:00+00:00,228.74,228.74,228.74,228.74,0.0,0
2026-08-10 06:26:00+00:00,228.67,228.73,228.67,228.73,1.74,6
2026-08-10 06:27:00+00:00,228.73,228.73,228.73,228.73,0.0,0
2026-08-10 06:28:00+00:00,228.73,228.73,228.73,228.73,0.0,0
2026-08-10 06:29:00+00:00,228.43,228.47,228.43,228.47,0.22,3
2026-08-10 06:30:00+00:00,228.47,228.47,228.47,228.47,0.0,0
2026-08-10 06:31:00+00:00,228.47,228.47,228.47,228.47,0.0,0
2026-08-10 06:32:00+00:00,228.9,228.9,228.9,228.9,0.34,3
2026-08-10 06:33:00+00:00,228.85,228.85,228.85,228.85,0.17,1
2026-08-10 06:34:00+00:00,228.85,228.85,228.85,228.85,0.0,0
2026-08-10 06:35:00+00:00,228.85,228.85,228.85,228.85,0.0,0
2026-08-10 06:36:00+00:00,228.9,228.9,228.85,228.85,0.34,3
2026-08-10 06:37:00+00:00,228.83,228.86,228.76,228.78,27.4,17
2026-08-10 06:38:00+00:00,228.78,228.78,228.78,228.78,0.0,0
2026-08-10 06:39:00+00:00,228.78,228.78,228.78,228.78,0.0,0
2026-08-10 06:40:00+00:00,228.78,228.78,228.78,228.78,0.0,0
2026-08-10 06:41:00+00:00,228.73,228.73,228.73,228.73,0.1,1
2026-08-10 06:42:00+00:00,228.73,228.9,228.73,228.83,17.04,11
2026-08-10 06:43:00+00:00,228.89,228.91,228.89,228.91,2.18,3
2026-08-10 06:44:00+00:00,228.91,228.91,228.91,228.91,0.0,0
2026-08-10 06:45:00+00:00,228.92,228.95,228.92,228.95,0.44,3
2026-08-10 06:46:00+00:00,228.95,228.95,228.95,228.95,0.0,0
2026-08-10 06:47:00+00:00,228.95,228.95,228.95,228.95,0.0,0
2026-08-10 06:48:00+00:00,228.95,228.95,228.95,228.95,0.0,0
2026-08-10 06:49:00+00:00,228.64,228.67,228.54,228.62,110.77,24
2026-08-10 06:50:00+00:00,228.62,228.62,228.62,228.62,0.0,0
2026-08-10 06:51:00+00:00,228.62,228.62,228.62,228.62,0.08,1
2026-08-10 06:52:00+00:00,228.58,228.58,228.58,228.58,0.1,1
2026-08-10 06:53:00+00:00,228.58,228.58,228.58,228.58,0.0,0
2026-08-10 06:54:00+00:00,228.58,228.58,228.58,228.58,0.0,0
2026-08-10 06:55:00+00:00,228.55,228.55,228.55,228.55,0.1,1
2026-08-10 06:56:00+00:00,228.55,228.55,228.55,228.55,0.0,0
2026-08-10 06:57:00+00:00,228.55,228.55,228.55,228.55,0.0,0
2026-08-10 06:58:00+00:00,228.55,228.55,228.55,228.55,0.0,0
2026-08-10 06:59:00+00:00,228.6,228.6,228.56,228.56,2.27,4
2026-08-10 07:00:00+00:00,228.65,228.78,228.65,228.78,0.27,3
2026-08-10 07:01:00+00:00,228.54,228.54,228.54,228.54,0.09,1
2026-08-10 07:02:00+00:00,228.54,228.54,228.54,228.54,0.0,0
2026-08-10 07:03:00+00:00,228.54,228.54,228.54,228.54,0.0,0
2026-08-10 07:04:00+00:00,228.54,228.54,228.54,228.54,0.0,0
2026-08-10 07:05:00+00:00,228.76,228.76,228.76,228.76,0.07,1
2026-08-10 07:06:00+00:00,228.99,229.14,228.9,228.95,56.82,47
2026-08-10 07:07:00+00:00,228.97,229.15,228.93,228.93,1.97,11
2026-08-10 07:08:00+00:00,228.93,228.93,228.93,228.93,0.0,0
2026-08-10 07:09:00+00:00,228.93,228.93,228.93,228.93,0.0,0
2026-08-10 07:10:00+00:00,228.93,228.93,228.93,228.93,0.0,0
2026-08-10 07:11:00+00:00,228.93,228.93,228.93,228.93,0.0,0
2026-08-10 07:12:00+00:00,228.93,228.93,228.93,228.93,0.0,0
2026-08-10 07:13:00+00:00,228.93,228.93,228.93,228.93,0.0,0
2026-08-10 07:14:00+00:00,228.6,228.6,228.4,228.4,50.8,16
2026-08-10 07:15:00+00:00,228.45,228.45,228.45,228.45,0.49,4
2026-08-10 07:16:00+00:00,228.57,228.57,228.57,228.57,0.81,2
2026-08-10 07:17:00+00:00,228.45,228.45,228.13,228.4,178.65,19
2026-08-10 07:18:00+00:00,228.4,228.4,228.4,228.4,0.0,0
2026-08-10 07:19:00+00:00,228.3,228.35,228.16,228.33,175.36,43
2026-08-10 07:20:00+00:00,228.45,228.47,228.4,228.4,1.64,3
2026-08-10 07:21:00+00:00,228.4,228.4,228.4,228.4,0.0,0
2026-08-10 07:22:00+00:00,228.46,228.51,228.46,228.51,1.05,2
2026-08-10 07:23:00+00:00,228.42,228.5,228.42,228.5,0.85,2
2026-08-10 07:24:00+00:00,228.56,228.56,228.48,228.55,8.02,11
2026-08-10 07:25:00+00:00,228.55,228.55,228.55,228.55,0.0,0
2026-08-10 07:26:00+00:00,228.48,228.48,228.3,228.42,1.28,10
2026-08-10 07:27:00+00:00,228.3,228.3,228.3,228.3,1.26,6
2026-08-10 07:28:00+00:00,228.52,228.52,228.52,228.52,0.22,1
2026-08-10 07:29:00+00:00,228.52,228.52,228.52,228.52,0.0,0
2026-08-10 07:30:00+00:00,228.52,228.52,228.52,228.52,0.0,0
2026-08-10 07:31:00+00:00,228.57,228.59,228.57,228.59,24.01,4
2026-08-10 07:32:00+00:00,228.59,228.59,228.59,228.59,0.0,0
2026-08-10 07:33:00+00:00,228.59,228.59,228.59,228.59,0.0,0
2026-08-10 07:34:00+00:00,228.59,228.59,228.59,228.59,0.0,0
2026-08-10 07:35:00+00:00,228.59,228.59,228.59,228.59,0.0,0
2026-08-10 07:36:00+00:00,228.59,228.59,228.59,228.59,0.0,0
2026-08-10 07:37:00+00:00,228.59,228.59,228.59,228.59,0.0,0
2026-08-10 07:38:00+00:00,228.86,228.89,228.86,228.89,0.22,2
2026-08-10 07:39:00+00:00,228.89,228.89,228.89,228.89,0.0,0
2026-08-10 07:40:00+00:00,228.89,228.89,228.89,228.89,0.0,0
2026-08-10 07:41:00+00:00,228.89,228.89,228.89,228.89,0.0,0
2026-08-10 07:42:00+00:00,229.03,229.03,229.03,229.03,0.42,1
2026-08-10 07:43:00+00:00,229.03,229.03,229.03,229.03,0.0,0
2026-08-10 07:44:00+00:00,229.03,229.03,229.03,229.03,0.0,0
2026-08-10 07:45:00+00:00,229.12,229.12,229.12,229.12,0.09,1
2026-08-10 07:46:00+00:00,229.05,229.05,228.99,228.99,1.63,6
2026-08-10 07:47:00+00:00,228.94,228.94,228.94,228.94,0.74,3
2026-08-10 07:48:00+00:00,228.94,228.94,228.94,228.94,0.0,0
2026-08-10 07:49:00+00:00,228.94,228.94,228.94,228.94,0.0,0
2026-08-10 07:50:00+00:00,228.93,228.93,228.88,228.88,3.82,3
2026-08-10 07:51:00+00:00,228.9,228.91,228.88,228.88,0.48,4
2026-08-10 07:52:00+00:00,228.88,228.88,228.88,228.88,0.0,0
2026-08-10 07:53:00+00:00,228.88,228.88,228.88,228.88,0.0,0
2026-08-10 07:54:00+00:00,228.72,228.72,228.68,228.68,0.54,4
2026-08-10 07:55:00+00:00,228.68,228.68,228.68,228.68,0.0,0
2026-08-10 07:56:00+00:00,228.68,228.68,228.68,228.68,0.0,0
2026-08-10 07:57:00+00:00,228.8,228.81,228.8,228.81,0.14,2
2026-08-10 07:58:00+00:00,228.96,228.96,228.96,228.96,0.42,1
2026-08-10 07:59:00+00:00,228.93,228.93,228.93,228.93,0.11,1
2026-08-10 08:00:00+00:00,228.87,229.29,228.51,229.29,79.41,35
2026-08-10 08:01:00+00:00,229.11,229.14,228.81,229.14,24.86,35
2026-08-10 08:02:00+00:00,229.39,229.4,229.32,229.4,45.1,78
2026-08-10 08:03:00+00:00,229.64,230.51,229.64,230.42,76.83,71
2026-08-10 08:04:00+00:00,230.61,231.13,230.61,230.99,44.45,37
2026-08-10 08:05:00+00:00,230.96,231.02,230.74,230.79,2.48,13
2026-08-10 08:06:00+00:00,230.74,230.79,230.17,230.17,48.54,32
2026-08-10 08:07:00+00:00,230.35,230.69,230.35,230.69,5.25,7
2026-08-10 08:08:00+00:00,230.58,230.67,230.58,230.67,1.93,9
2026-08-10 08:09:00+00:00,230.71,230.97,230.68,230.97,12.12,14
2026-08-10 08:10:00+00:00,230.62,230.78,230.24,230.53,41.91,29
2026-08-10 08:11:00+00:00,230.53,230.53,230.16,230.16,4.0,14
2026-08-10 08:12:00+00:00,230.16,230.16,229.74,229.83,56.14,17
2026-08-10 08:13:00+00:00,229.84,229.84,229.56,229.74,53.44,17
2026-08-10 08:14:00+00:00,229.85,229.85,229.84,229.85,115.4,35
2026-08-10 08:15:00+00:00,229.87,229.87,229.66,229.68,53.32,25
2026-08-10 08:16:00+00:00,229.88,229.88,229.87,229.88,16.73,11
2026-08-10 08:17:00+00:00,229.88,230.24,229.88,230.15,66.3,15
2026-08-10 08:18:00+00:00,230.08,230.26,230.08,230.26,51.72,19
2026-08-10 08:19:00+00:00,230.08,230.48,230.08,230.15,1.75,8
2026-08-10 08:20:00+00:00,230.14,230.14,229.59,229.81,96.74,43
2026-08-10 08:21:00+00:00,229.76,229.95,229.74,229.81,87.83,38
2026-08-10 08:22:00+00:00,229.73,229.79,229.7,229.72,21.89,21
2026-08-10 08:23:00+00:00,229.72,229.88,229.7,229.85,32.47,26
2026-08-10 08:24:00+00:00,229.82,229.86,228.86,228.98,46.07,37
2026-08-10 08:25:00+00:00,229.06,229.08,228.98,229.03,2.07,10
2026-08-10 08:26:00+00:00,228.92,229.18,228.92,229.18,4.72,11
2026-08-10 08:27:00+00:00,229.18,229.21,229.18,229.21,2.38,5
2026-08-10 08:28:00+00:00,228.86,228.86,228.82,228.82,1.14,2
2026-08-10 08:29:00+00:00,228.55,228.58,228.55,228.58,1.15,7
2026-08-10 08:30:00+00:00,228.41,228.41,228.34,228.34,1.61,8
2026-08-10 08:31:00+00:00,228.34,228.34,228.27,228.27,0.93,5
2026-08-10 08:32:00+00:00,228.28,228.28,228.22,228.22,0.62,3
2026-08-10 08:33:00+00:00,228.22,228.42,228.22,228.42,1.11,6
2026-08-10 08:34:00+00:00,228.42,228.42,228.42,228.42,0.0,0
2026-08-10 08:35:00+00:00,228.42,228.42,228.42,228.42,0.0,0
2026-08-10 08:36:00+00:00,228.94,228.94,228.94,228.94,1.61,5
2026-08-10 08:37:00+00:00,228.94,228.94,228.94,228.94,0.0,0
2026-08-10 08:38:00+00:00,228.9,228.9,228.9,228.9,0.15,1
2026-08-10 08:39:00+00:00,228.9,228.9,228.84,228.9,8.85,8
2026-08-10 08:40:00+00:00,229.02,229.02,228.95,228.95,2.2,5
2026-08-10 08:41:00+00:00,229.31,229.31,229.2,229.2,0.44,3
2026-08-10 08:42:00+00:00,229.14,229.14,229.14,229.14,0.88,3
2026-08-10 08:43:00+00:00,229.15,229.15,229.09,229.09,3.96,9
2026-08-10 08:44:00+00:00,229.09,229.09,229.09,229.09,0.0,0
2026-08-10 08:45:00+00:00,229.09,229.09,229.09,229.09,0.0,0
2026-08-10 08:46:00+00:00,229.09,229.09,229.09,229.09,0.0,0
2026-08-10 08:47:00+00:00,229.09,229.09,229.09,229.09,0.0,0
2026-08-10 08:48:00+00:00,229.09,229.09,229.09,229.09,0.0,0
2026-08-10 08:49:00+00:00,228.87,228.87,228.87,228.87,0.5,2
2026-08-10 08:50:00+00:00,228.87,228.87,228.39,228.62,15.7,6
2026-08-10 08:51:00+00:00,228.62,228.62,228.62,228.62,0.0,0
2026-08-10 08:52:00+00:00,228.62,228.62,228.62,228.62,0.0,0
2026-08-10 08:53:00+00:00,229.2,229.2,229.2,229.2,13.12,2
2026-08-10 08:54:00+00:00,229.2,229.2,229.2,229.2,0.0,0
2026-08-10 08:55:00+00:00,229.2,229.2,229.2,229.2,0.0,0
2026-08-10 08:56:00+00:00,229.03,229.03,229.03,229.03,0.15,1
2026-08-10 08:57:00+00:00,229.03,229.03,229.03,229.03,0.0,0
2026-08-10 08:58:00+00:00,229.03,229.03,229.03,229.03,0.0,0
2026-08-10 08:59:00+00:00,229.11,229.15,228.93,228.97,51.13,37
2026-08-10 09:00:00+00:00,228.97,228.97,228.97,228.97,0.0,0
2026-08-10 09:01:00+00:00,229.08,229.17,229.01,229.17,3.08,16
2026-08-10 09:02:00+00:00,229.17,229.17,229.17,229.17,0.0,0
2026-08-10 09:03:00+00:00,229.17,229.17,229.17,229.17,0.0,0
2026-08-10 09:04:00+00:00,229.06,229.06,228.97,228.97,2.34,10
2026-08-10 09:05:00+00:00,228.97,228.97,228.97,228.97,0.0,0
2026-08-10 09:06:00+00:00,228.81,228.9,228.62,228.69,286.88,61
2026-08-10 09:07:00+00:00,228.74,228.74,228.13,228.15,81.52,23
2026-08-10 09:08:00+00:00,228.15,228.15,228.15,228.15,0.0,0
2026-08-10 09:09:00+00:00,228.08,228.08,228.0,228.03,14.02,9
2026-08-10 09:10:00+00:00,227.96,228.0,227.68,227.76,204.84,59
2026-08-10 09:11:00+00:00,227.75,227.75,227.74,227.74,0.81,3
2026-08-10 09:12:00+00:00,227.76,227.76,227.76,227.76,0.54,2
2026-08-10 09:13:00+00:00,227.7,227.71,227.55,227.71,112.42,43
2026-08-10 09:14:00+00:00,227.69,227.69,227.55,227.66,57.63,34
2026-08-10 09:15:00+00:00,227.65,227.77,227.65,227.69,54.6,37
2026-08-10 09:16:00+00:00,227.65,227.69,227.33,227.52,418.27,140
2026-08-10 09:17:00+00:00,227.66,227.95,227.66,227.95,2.15,10
2026-08-10 09:18:00+00:00,227.84,227.84,227.63,227.69,31.77,16
2026-08-10 09:19:00+00:00,227.7,227.71,227.34,227.57,17.5,18
2026-08-10 09:20:00+00:00,227.64,227.64,227.32,227.34,15.02,10
2026-08-10 09:21:00+00:00,227.31,227.31,227.29,227.29,2.18,2
2026-08-10 09:22:00+00:00,227.45,227.45,227.45,227.45,0.18,1
2026-08-10 09:23:00+00:00,227.75,227.75,227.75,227.75,0.18,1
2026-08-10 09:24:00+00:00,227.95,228.05,227.95,228.05,2.58,7
2026-08-10 09:25:00+00:00,228.0,228.0,228.0,228.0,0.54,4
2026-08-10 09:26:00+00:00,228.02,228.06,228.02,228.06,2.12,5
2026-08-10 09:27:00+00:00,228.08,228.08,228.08,228.08,10.89,1
2026-08-10 09:28:00+00:00,228.0,228.0,228.0,228.0,0.31,1
2026-08-10 09:29:00+00:00,227.95,228.09,227.9,227.95,32.18,20
2026-08-10 09:30:00+00:00,227.91,227.92,227.86,227.92,3.17,6
2026-08-10 09:31:00+00:00,227.92,227.92,227.92,227.92,0.0,0
2026-08-10 09:32:00+00:00,227.76,227.76,227.76,227.76,0.55,3
2026-08-10 09:33:00+00:00,227.77,227.85,227.77,227.85,3.82,6
2026-08-10 09:34:00+00:00,227.87,227.87,227.87,227.87,0.88,2
2026-08-10 09:35:00+00:00,227.8,227.8,227.8,227.8,0.15,1
2026-08-10 09:36:00+00:00,227.73,227.74,227.03,227.05,35.82,28
2026-08-10 09:37:00+00:00,227.04,227.19,226.98,226.98,6.21,10
2026-08-10 09:38:00+00:00,227.15,227.15,227.15,227.15,0.13,1
2026-08-10 09:39:00+00:00,227.15,227.15,227.15,227.15,0.0,0
2026-08-10 09:40:00+00:00,227.41,227.41,227.41,227.41,0.38,2
2026-08-10 09:41:00+00:00,227.7,227.7,227.68,227.68,8.0,15
2026-08-10 09:42:00+00:00,227.61,227.61,227.59,227.59,0.35,2
2026-08-10 09:43:00+00:00,227.59,227.59,227.59,227.59,0.0,0
2026-08-10 09:44:00+00:00,227.45,227.49,227.45,227.49,0.38,2
2026-08-10 09:45:00+00:00,227.33,227.37,227.33,227.37,7.09,4
2026-08-10 09:46:00+00:00,227.37,227.37,227.37,227.37,0.0,0
2026-08-10 09:47:00+00:00,227.03,227.09,227.03,227.09,20.0,7
2026-08-10 09:48:00+00:00,226.94,227.26,226.94,227.26,1.28,5
2026-08-10 09:49:00+00:00,227.25,227.25,227.17,227.17,0.81,5
2026-08-10 09:50:00+00:00,227.29,227.68,227.29,227.67,8.35,14
2026-08-10 09:51:00+00:00,227.65,227.7,227.61,227.61,65.55,41
2026-08-10 09:52:00+00:00,227.56,227.56,227.43,227.43,8.76,5
2026-08-10 09:53:00+00:00,227.43,227.43,227.43,227.43,0.0,0
2026-08-10 09:54:00+00:00,227.35,227.41,227.24,227.34,86.14,75
2026-08-10 09:55:00+00:00,227.35,227.4,227.31,227.4,22.03,18
2026-08-10 09:56:00+00:00,227.37,227.37,227.15,227.15,84.97,41
2026-08-10 09:57:00+00:00,227.13,227.45,227.12,227.45,39.59,15
2026-08-10 09:58:00+00:00,227.53,227.53,227.53,227.53,0.22,1
2026-08-10 09:59:00+00:00,227.21,227.21,227.21,227.21,0.22,1
2026-08-10 10:00:00+00:00,227.19,227.35,227.17,227.35,1.73,10
2026-08-10 10:01:00+00:00,227.15,227.15,227.13,227.13,0.65,3
2026-08-10 10:02:00+00:00,227.11,227.11,226.99,227.03,21.02,24
2026-08-10 10:03:00+00:00,227.39,227.44,227.34,227.44,2.76,9
2026-08-10 10:04:00+00:00,227.49,227.49,227.41,227.41,0.83,4
2026-08-10 10:05:00+00:00,227.39,227.39,227.39,227.39,0.21,2
2026-08-10 10:06:00+00:00,227.39,227.39,227.39,227.39,0.0,0
2026-08-10 10:07:00+00:00,227.16,227.16,227.0,227.0,0.66,3
2026-08-10 10:08:00+00:00,227.02,227.02,226.97,226.97,0.79,4
2026-08-10 10:09:00+00:00,226.92,226.92,226.92,226.92,0.22,1
2026-08-10 10:10:00+00:00,226.84,226.84,226.84,226.84,0.18,1
2026-08-10 10:11:00+00:00,226.75,226.75,226.66,226.66,20.58,18
2026-08-10 10:12:00+00:00,226.7,226.7,226.65,226.7,17.56,5
2026-08-10 10:13:00+00:00,226.7,226.7,226.7,226.7,0.0,0
2026-08-10 10:14:00+00:00,226.64,226.67,226.64,226.67,0.56,2
2026-08-10 10:15:00+00:00,226.52,226.52,226.15,226.15,81.44,5
2026-08-10 10:16:00+00:00,226.33,226.51,226.33,226.51,48.91,16
2026-08-10 10:17:00+00:00,226.52,226.52,226.52,226.52,0.22,2
2026-08-10 10:18:00+00:00,226.52,226.52,226.52,226.52,0.0,0
2026-08-10 10:19:00+00:00,226.61,226.61,226.28,226.28,256.68,30
2026-08-10 10:20:00+00:00,226.28,226.28,226.28,226.28,0.0,0
2026-08-10 10:21:00+00:00,227.03,227.03,227.03,227.03,0.36,1
2026-08-10 10:22:00+00:00,227.01,227.01,227.01,227.01,0.58,2
2026-08-10 10:23:00+00:00,227.01,227.01,227.01,227.01,0.0,0
2026-08-10 10:24:00+00:00,227.03,227.1,227.03,227.1,4.38,7
2026-08-10 10:25:00+00:00,227.05,227.05,226.95,226.95,8.62,7
2026-08-10 10:26:00+00:00,227.0,227.0,226.84,226.84,1.39,7
2026-08-10 10:27:00+00:00,226.84,226.84,226.84,226.84,0.0,0
2026-08-10 10:28:00+00:00,226.88,226.9,226.8,226.8,27.77,30
2026-08-10 10:29:00+00:00,226.96,226.96,226.96,226.96,19.7,1
2026-08-10 10:30:00+00:00,226.65,226.65,226.65,226.65,0.39,1
2026-08-10 10:31:00+00:00,226.67,226.67,226.67,226.67,0.41,1
2026-08-10 10:32:00+00:00,226.67,226.67,226.67,226.67,0.0,0
2026-08-10 10:33:00+00:00,226.57,226.57,226.48,226.49,1.2,4
2026-08-10 10:34:00+00:00,226.69,226.69,226.69,226.69,0.41,1
2026-08-10 10:35:00+00:00,226.69,226.69,226.69,226.69,0.0,0
2026-08-10 10:36:00+00:00,226.69,226.69,226.69,226.69,0.0,0
2026-08-10 10:37:00+00:00,226.43,226.49,226.1,226.1,1.12,4
2026-08-10 10:38:00+00:00,226.28,226.28,226.28,226.28,0.06,1
2026-08-10 10:39:00+00:00,226.05,226.32,226.05,226.32,9.34,9
2026-08-10 10:40:00+00:00,226.27,226.27,226.26,226.26,5.02,3
2026-08-10 10:41:00+00:00,226.25,226.29,226.16,226.25,11.29,15
2026-08-10 10:42:00+00:00,226.2,226.2,226.16,226.16,5.56,7
2026-08-10 10:43:00+00:00,226.35,226.35,226.35,226.35,0.65,1
2026-08-10 10:44:00+00:00,226.27,226.34,226.26,226.34,1.06,3
2026-08-10 10:45:00+00:00,226.48,226.54,226.48,226.54,9.81,6
2026-08-10 10:46:00+00:00,226.54,226.54,226.54,226.54,0.0,0
2026-08-10 10:47:00+00:00,226.58,226.58,226.58,226.58,0.24,1
2026-08-10 10:48:00+00:00,226.41,226.41,226.41,226.41,1.64,4
2026-08-10 10:49:00+00:00,226.48,226.48,226.48,226.48,0.43,1
2026-08-10 10:50:00+00:00,226.49,226.54,226.49,226.54,1.24,4
2026-08-10 10:51:00+00:00,226.55,226.55,226.55,226.55,0.44,1
2026-08-10 10:52:00+00:00,226.87,226.93,226.75,226.75,59.45,21
2026-08-10 10:53:00+00:00,226.71,226.71,226.67,226.67,8.94,9
2026-08-10 10:54:00+00:00,226.74,226.74,226.61,226.61,0.52,2
2026-08-10 10:55:00+00:00,226.44,226.44,226.42,226.42,5.55,3
2026-08-10 10:56:00+00:00,226.53,226.64,226.53,226.64,0.72,3
2026-08-10 10:57:00+00:00,226.75,226.77,226.26,226.26,3.52,9
2026-08-10 10:58:00+00:00,226.26,226.66,226.26,226.64,32.8,40
2026-08-10 10:59:00+00:00,226.58,226.7,226.58,226.64,13.24,9
2026-08-10 11:00:00+00:00,226.73,227.54,226.55,226.55,217.46,58
2026-08-10 11:01:00+00:00,226.45,226.78,226.45,226.78,19.24,5
2026-08-10 11:02:00+00:00,226.98,226.98,226.75,226.75,1.27,2
2026-08-10 11:03:00+00:00,226.47,226.47,226.47,226.47,0.44,1
2026-08-10 11:04:00+00:00,226.6,226.64,226.6,226.64,53.48,3
2026-08-10 11:05:00+00:00,226.64,226.64,226.64,226.64,0.0,0
2026-08-10 11:06:00+00:00,226.28,226.28,226.28,226.28,1.03,1
2026-08-10 11:07:00+00:00,226.28,226.28,226.28,226.28,0.0,0
2026-08-10 11:08:00+00:00,225.83,225.83,225.53,225.55,10.94,9
2026-08-10 11:09:00+00:00,225.26,225.26,225.26,225.26,0.7,1
2026-08-10 11:10:00+00:00,225.18,225.18,225.18,225.18,0.71,1
2026-08-10 11:11:00+00:00,225.24,225.24,225.24,225.24,4.13,3
2026-08-10 11:12:00+00:00,225.0,225.07,224.84,225.07,25.17,16
2026-08-10 11:13:00+00:00,224.92,225.01,224.84,225.01,60.82,10
2026-08-10 11:14:00+00:00,225.23,225.42,225.23,225.42,9.59,3
2026-08-10 11:15:00+00:00,225.56,225.73,225.56,225.73,3.1,3
2026-08-10 11:16:00+00:00,225.73,225.73,225.73,225.73,0.0,0
2026-08-10 11:17:00+00:00,225.49,225.53,225.49,225.53,5.45,8
2026-08-10 11:18:00+00:00,225.47,225.47,225.47,225.47,0.44,1
2026-08-10 11:19:00+00:00,225.35,225.35,225.35,225.35,0.12,1
2026-08-10 11:20:00+00:00,225.35,225.35,225.35,225.35,0.0,0
2026-08-10 11:21:00+00:00,225.52,225.53,225.52,225.53,0.44,2
2026-08-10 11:22:00+00:00,225.53,225.53,225.53,225.53,0.0,0
2026-08-10 11:23:00+00:00,225.08,225.08,224.99,224.99,14.44,22
2026-08-10 11:24:00+00:00,225.25,225.26,225.25,225.26,0.26,2
2026-08-10 11:25:00+00:00,225.39,225.74,225.29,225.74,35.03,29
2026-08-10 11:26:00+00:00,225.82,225.95,225.82,225.95,55.36,14
2026-08-10 11:27:00+00:00,226.0,226.05,226.0,226.04,1.6,6
2026-08-10 11:28:00+00:00,226.25,226.84,226.25,226.77,1.18,6
2026-08-10 11:29:00+00:00,226.83,227.17,226.83,227.01,3.45,20
2026-08-10 11:30:00+00:00,227.0,227.21,226.96,227.11,23.78,28
2026-08-10 11:31:00+00:00,226.9,227.42,226.9,226.93,216.4,21
2026-08-10 11:32:00+00:00,227.0,227.14,226.96,227.06,128.54,27
2026-08-10 11:33:00+00:00,227.06,227.32,227.05,227.14,129.43,19
2026-08-10 11:34:00+00:00,227.04,227.05,227.0,227.01,2.89,7
2026-08-10 11:35:00+00:00,227.01,227.01,226.98,226.98,0.65,2
2026-08-10 11:36:00+00:00,227.03,227.04,227.03,227.04,10.37,4
2026-08-10 11:37:00+00:00,227.03,227.1,226.96,226.96,5.84,10
2026-08-10 11:38:00+00:00,226.96,227.0,226.95,227.0,4.56,13
2026-08-10 11:39:00+00:00,227.2,227.2,227.0,227.0,0.4,2
2026-08-10 11:40:00+00:00,227.1,227.25,227.1,227.25,1.2,4
2026-08-10 11:41:00+00:00,226.99,226.99,226.84,226.96,15.04,19
2026-08-10 11:42:00+00:00,226.99,227.1,226.99,227.1,6.33,12
2026-08-10 11:43:00+00:00,227.14,227.14,227.1,227.1,0.55,3
2026-08-10 11:44:00+00:00,226.61,226.61,226.41,226.41,6.52,10
2026-08-10 11:45:00+00:00,226.47,226.53,226.47,226.53,10.04,6
2026-08-10 11:46:00+00:00,226.65,226.73,226.65,226.73,110.01,5
2026-08-10 11:47:00+00:00,226.7,226.7,226.7,226.7,1.35,1
2026-08-10 11:48:00+00:00,226.66,226.68,226.35,226.46,52.28,15
2026-08-10 11:49:00+00:00,226.36,226.36,226.28,226.28,1.32,5
2026-08-10 11:50:00+00:00,226.28,226.28,226.28,226.28,0.0,0
2026-08-10 11:51:00+00:00,226.74,227.69,226.74,226.96,281.34,27
2026-08-10 11:52:00+00:00,226.86,227.07,226.86,226.88,52.23,49
2026-08-10 11:53:00+00:00,227.03,227.07,226.92,227.01,26.44,14
2026-08-10 11:54:00+00:00,227.14,227.18,227.14,227.18,0.15,3
2026-08-10 11:55:00+00:00,227.09,227.09,227.09,227.09,0.43,1
2026-08-10 11:56:00+00:00,227.09,227.09,227.09,227.09,0.0,0
2026-08-10 11:57:00+00:00,227.0,227.0,227.0,227.0,18.19,2
2026-08-10 11:58:00+00:00,226.62,226.62,226.62,226.62,1.91,5
2026-08-10 11:59:00+00:00,226.62,226.62,226.62,226.62,0.0,0
2026-08-10 12:00:00+00:00,226.75,226.83,226.75,226.75,0.91,3
2026-08-10 12:01:00+00:00,226.64,226.64,226.34,226.34,2.08,9
2026-08-10 12:02:00+00:00,226.44,226.46,226.44,226.46,0.14,2
2026-08-10 12:03:00+00:00,226.26,226.33,226.26,226.33,12.3,4
2026-08-10 12:04:00+00:00,226.33,226.33,226.33,226.33,0.0,0
2026-08-10 12:05:00+00:00,226.47,226.47,226.28,226.28,180.15,18
2026-08-10 12:06:00+00:00,226.38,226.51,226.38,226.51,12.25,12
2026-08-10 12:07:00+00:00,226.51,226.51,226.51,226.51,0.0,0
2026-08-10 12:08:00+00:00,226.43,227.41,226.43,227.32,325.87,18
2026-08-10 12:09:00+00:00,227.4,227.42,227.36,227.36,1.79,3
2026-08-10 12:10:00+00:00,226.84,227.16,226.84,227.16,32.87,13
2026-08-10 12:11:00+00:00,227.16,227.16,227.16,227.16,0.0,0
2026-08-10 12:12:00+00:00,226.72,226.72,226.63,226.67,6.1,12
2026-08-10 12:13:00+00:00,226.63,226.63,226.3,226.4,97.55,48
2026-08-10 12:14:00+00:00,226.6,226.6,226.56,226.56,2.84,3
2026-08-10 12:15:00+00:00,226.33,226.33,226.0,226.0,6.56,9
2026-08-10 12:16:00+00:00,225.85,225.85,225.62,225.72,6.64,11
2026-08-10 12:17:00+00:00,225.61,225.68,225.04,225.34,41.27,45
2026-08-10 12:18:00+00:00,225.41,225.48,225.23,225.23,6.05,11
2026-08-10 12:19:00+00:00,225.23,225.23,225.23,225.23,0.0,0
2026-08-10 12:20:00+00:00,225.23,225.23,225.23,225.23,0.0,0
2026-08-10 12:21:00+00:00,225.0,225.0,224.98,224.98,4.37,2
2026-08-10 12:22:00+00:00,224.98,224.98,224.98,224.98,0.0,0
2026-08-10 12:23:00+00:00,225.0,225.05,225.0,225.03,12.27,4
2026-08-10 12:24:00+00:00,225.09,225.14,224.96,225.14,3.58,8
2026-08-10 12:25:00+00:00,225.25,225.25,225.24,225.24,0.49,2
2026-08-10 12:26:00+00:00,225.24,225.24,225.24,225.24,0.0,0
2026-08-10 12:27:00+00:00,225.24,225.24,225.24,225.24,0.0,0
2026-08-10 12:28:00+00:00,225.32,225.37,225.32,225.33,3.16,8
2026-08-10 12:29:00+00:00,225.33,225.33,225.33,225.33,0.0,0
2026-08-10 12:30:00+00:00,225.14,225.14,225.0,225.0,2.29,5
2026-08-10 12:31:00+00:00,225.0,225.0,225.0,225.0,0.0,0
2026-08-10 12:32:00+00:00,225.06,225.06,225.06,225.06,13.31,12
2026-08-10 12:33:00+00:00,225.17,225.31,225.16,225.31,0.64,6
2026-08-10 12:34:00+00:00,225.12,225.12,225.09,225.09,1.52,5
2026-08-10 12:35:00+00:00,225.12,225.17,225.06,225.14,14.12,11
2026-08-10 12:36:00+00:00,225.14,225.14,225.14,225.14,0.52,2
2026-08-10 12:37:00+00:00,225.09,225.09,225.09,225.09,0.2,1
2026-08-10 12:38:00+00:00,225.2,225.2,225.2,225.2,0.1,1
2026-08-10 12:39:00+00:00,224.98,224.98,224.98,224.98,1.44,1
2026-08-10 12:40:00+00:00,225.09,225.09,225.03,225.03,0.52,2
2026-08-10 12:41:00+00:00,225.03,225.03,225.03,225.03,0.0,0
2026-08-10 12:42:00+00:00,225.31,225.31,225.29,225.29,0.44,2
2026-08-10 12:43:00+00:00,225.29,225.29,225.29,225.29,0.0,0
2026-08-10 12:44:00+00:00,225.29,225.29,225.29,225.29,0.0,0
2026-08-10 12:45:00+00:00,225.38,225.38,225.38,225.38,0.21,1
2026-08-10 12:46:00+00:00,225.51,225.51,225.37,225.37,0.77,3
2026-08-10 12:47:00+00:00,225.6,225.6,225.6,225.6,0.21,1
2026-08-10 12:48:00+00:00,225.48,225.72,225.48,225.72,1.89,5
2026-08-10 12:49:00+00:00,225.95,225.95,225.74,225.75,2.37,7
2026-08-10 12:50:00+00:00,225.75,225.75,225.75,225.75,0.0,0
2026-08-10 12:51:00+00:00,225.75,225.75,225.75,225.75,0.0,0
2026-08-10 12:52:00+00:00,225.3,225.3,225.17,225.19,14.87,14
2026-08-10 12:53:00+00:00,225.24,225.36,225.22,225.36,28.43,6
2026-08-10 12:54:00+00:00,225.24,225.24,225.22,225.24,4.42,9
2026-08-10 12:55:00+00:00,225.3,225.3,225.3,225.3,0.24,1
2026-08-10 12:56:00+00:00,225.33,225.33,225.29,225.32,1.84,7
2026-08-10 12:57:00+00:00,225.2,225.2,225.2,225.2,0.2,1
2026-08-10 12:58:00+00:00,225.2,225.2,225.2,225.2,0.0,0
2026-08-10 12:59:00+00:00,225.2,225.2,225.2,225.2,0.0,0
2026-08-10 13:00:00+00:00,225.3,225.43,225.3,225.31,29.97,9
2026-08-10 13:01:00+00:00,225.31,225.43,225.2,225.42,2.45,11
2026-08-10 13:02:00+00:00,225.69,225.69,225.69,225.69,0.24,1
2026-08-10 13:03:00+00:00,225.64,225.64,225.64,225.64,0.2,1
2026-08-10 13:04:00+00:00,225.64,225.64,225.64,225.64,0.0,0
2026-08-10 13:05:00+00:00,225.81,225.81,225.81,225.81,0.66,7
2026-08-10 13:06:00+00:00,225.83,225.93,225.65,225.65,0.96,5
2026-08-10 13:07:00+00:00,225.65,225.65,225.65,225.65,0.0,0
2026-08-10 13:08:00+00:00,226.11,226.11,226.11,226.11,0.82,2
2026-08-10 13:09:00+00:00,226.11,226.11,226.11,226.11,0.0,0
2026-08-10 13:10:00+00:00,226.11,226.11,226.11,226.11,0.0,0
2026-08-10 13:11:00+00:00,226.18,226.18,226.06,226.06,1.49,5
2026-08-10 13:12:00+00:00,226.06,226.06,226.06,226.06,0.0,0
2026-08-10 13:13:00+00:00,226.01,226.01,225.95,225.95,0.83,4
2026-08-10 13:14:00+00:00,225.97,225.97,225.88,225.88,2.64,4
2026-08-10 13:15:00+00:00,225.91,225.91,225.91,225.91,0.69,1
2026-08-10 13:16:00+00:00,226.11,226.11,226.11,226.11,0.06,1
2026-08-10 13:17:00+00:00,226.11,226.11,226.11,226.11,0.0,0
2026-08-10 13:18:00+00:00,225.99,225.99,225.8,225.8,4.6,3
2026-08-10 13:19:00+00:00,225.8,225.8,225.8,225.8,0.0,0
2026-08-10 13:20:00+00:00,225.8,225.8,225.8,225.8,0.0,0
2026-08-10 13:21:00+00:00,226.05,226.07,226.01,226.01,4.0,10
2026-08-10 13:22:00+00:00,225.96,225.96,225.95,225.95,20.57,5
2026-08-10 13:23:00+00:00,226.34,226.34,226.34,226.34,0.39,1
2026-08-10 13:24:00+00:00,226.34,226.34,226.17,226.17,2.79,8
2026-08-10 13:25:00+00:00,226.19,226.36,226.19,226.36,5.14,3
2026-08-10 13:26:00+00:00,226.36,226.36,226.36,226.36,0.0,0
2026-08-10 13:27:00+00:00,226.02,226.04,226.02,226.04,0.48,2
2026-08-10 13:28:00+00:00,226.36,227.2,226.36,226.93,128.99,25
2026-08-10 13:29:00+00:00,227.46,227.46,227.4,227.4,6.43,7
2026-08-10 13:30:00+00:00,227.25,230.22,225.22,227.79,616.13,264
2026-08-10 13:31:00+00:00,227.63,229.65,226.68,229.4,227.18,81
2026-08-10 13:32:00+00:00,229.31,230.44,228.98,229.28,765.36,135
2026-08-10 13:33:00+00:00,229.1,232.32,228.58,228.58,718.86,161
2026-08-10 13:34:00+00:00,229.36,229.36,224.28,224.79,876.38,215
2026-08-10 13:35:00+00:00,224.55,228.6,224.29,228.12,283.82,129
2026-08-10 13:36:00+00:00,228.94,230.0,228.47,229.57,189.94,73
2026-08-10 13:37:00+00:00,228.76,230.65,228.18,229.49,488.37,222
2026-08-10 13:38:00+00:00,229.51,229.51,226.8,227.31,195.04,86
2026-08-10 13:39:00+00:00,227.31,227.31,225.77,226.84,96.52,92
2026-08-10 13:40:00+00:00,226.72,227.2,225.63,226.23,249.11,92
2026-08-10 13:41:00+00:00,225.99,227.08,225.89,227.08,137.73,57
2026-08-10 13:42:00+00:00,227.33,229.91,227.33,228.7,265.81,108
2026-08-10 13:43:00+00:00,228.67,229.28,227.01,228.12,128.5,85
2026-08-10 13:44:00+00:00,228.14,229.88,228.14,229.0,406.34,128
2026-08-10 13:45:00+00:00,229.02,229.61,227.91,228.01,193.09,97
2026-08-10 13:46:00+00:00,227.69,228.82,227.37,227.72,92.22,40
2026-08-10 13:47:00+00:00,228.61,230.8,228.61,230.8,411.8,127
2026-08-10 13:48:00+00:00,230.76,231.0,229.6,229.6,174.38,85
2026-08-10 13:49:00+00:00,229.88,232.04,229.88,231.63,477.13,150
2026-08-10 13:50:00+00:00,231.04,232.01,230.14,232.01,457.75,108
2026-08-10 13:51:00+00:00,232.26,232.4,230.46,230.65,250.5,51
2026-08-10 13:52:00+00:00,230.59,230.59,227.56,228.45,205.05,72
2026-08-10 13:53:00+00:00,228.3,228.3,226.37,226.44,73.49,50
2026-08-10 13:54:00+00:00,226.23,228.0,226.23,227.29,207.5,75
2026-08-10 13:55:00+00:00,227.0,227.41,226.76,226.99,50.48,35
2026-08-10 13:56:00+00:00,226.92,228.12,226.85,228.12,15.83,38
2026-08-10 13:57:00+00:00,229.08,229.32,228.68,229.01,79.19,64
2026-08-10 13:58:00+00:00,229.09,229.11,228.65,228.65,54.97,28
2026-08-10 13:59:00+00:00,228.68,228.68,227.64,228.33,24.68,36
2026-08-10 14:00:00+00:00,227.82,227.92,227.39,227.74,370.41,111
2026-08-10 14:01:00+00:00,227.96,227.96,226.65,227.69,149.57,29
2026-08-10 14:02:00+00:00,227.69,227.74,226.85,226.85,246.68,50
2026-08-10 14:03:00+00:00,225.92,226.34,225.74,225.76,59.47,51
2026-08-10 14:04:00+00:00,225.68,225.68,225.01,225.56,173.89,53
2026-08-10 14:05:00+00:00,225.85,226.22,225.65,225.78,358.6,68
2026-08-10 14:06:00+00:00,225.88,227.75,225.88,227.62,42.41,49
2026-08-10 14:07:00+00:00,227.49,227.92,227.46,227.64,18.98,14
2026-08-10 14:08:00+00:00,227.6,227.62,226.76,227.03,130.95,39
2026-08-10 14:09:00+00:00,226.18,227.37,226.18,227.37,3.28,12
2026-08-10 14:10:00+00:00,227.59,228.66,227.41,228.66,523.31,61
2026-08-10 14:11:00+00:00,229.09,229.52,228.2,228.67,127.06,47
2026-08-10 14:12:00+00:00,228.71,229.42,228.71,229.02,37.6,22
2026-08-10 14:13:00+00:00,228.85,228.85,227.64,227.64,12.84,26
2026-08-10 14:14:00+00:00,227.58,227.83,227.34,227.59,64.64,46
2026-08-10 14:15:00+00:00,227.54,228.0,227.41,227.41,91.54,47
2026-08-10 14:16:00+00:00,227.87,227.87,227.6,227.6,28.84,6
2026-08-10 14:17:00+00:00,227.63,227.99,227.59,227.59,53.41,25
2026-08-10 14:18:00+00:00,227.85,228.92,227.85,228.92,222.05,61
2026-08-10 14:19:00+00:00,228.13,228.4,226.85,227.12,122.86,48
2026-08-10 14:20:00+00:00,226.96,226.96,226.64,226.9,30.23,29
2026-08-10 14:21:00+00:00,226.94,226.94,226.65,226.65,26.36,9
2026-08-10 14:22:00+00:00,226.99,227.9,226.56,227.9,34.15,38
2026-08-10 14:23:00+00:00,227.54,227.54,227.0,227.0,6.98,16
2026-08-10 14:24:00+00:00,227.18,227.32,226.0,226.48,124.29,48
2026-08-10 14:25:00+00:00,226.6,227.56,226.29,227.56,22.22,43
2026-08-10 14:26:00+00:00,227.92,228.02,227.6,228.02,79.13,52
2026-08-10 14:27:00+00:00,228.26,228.69,227.99,227.99,38.91,38
2026-08-10 14:28:00+00:00,227.8,227.95,227.46,227.95,52.63,25
2026-08-10 14:29:00+00:00,228.1,228.92,227.76,228.33,64.53,26
2026-08-10 14:30:00+00:00,228.0,228.23,227.39,227.76,122.74,35
2026-08-10 14:31:00+00:00,227.64,228.4,227.5,228.39,36.41,22
2026-08-10 14:32:00+00:00,228.22,228.42,227.95,228.42,16.66,12
2026-08-10 14:33:00+00:00,228.49,228.49,227.51,227.51,98.0,21
2026-08-10 14:34:00+00:00,227.47,228.44,227.19,227.84,25.01,27
2026-08-10 14:35:00+00:00,227.76,229.5,227.76,229.19,109.74,26
2026-08-10 14:36:00+00:00,229.27,229.49,229.19,229.19,7.6,8
2026-08-10 14:37:00+00:00,229.27,229.67,229.23,229.67,4.81,9
2026-08-10 14:38:00+00:00,229.17,229.17,227.71,227.71,30.14,24
2026-08-10 14:39:00+00:00,227.93,228.14,227.4,228.1,32.18,21
2026-08-10 14:40:00+00:00,228.12,228.42,228.12,228.42,21.28,12
2026-08-10 14:41:00+00:00,228.66,229.15,228.66,228.88,32.73,14
2026-08-10 14:42:00+00:00,229.0,230.49,228.7,230.42,24.63,17
2026-08-10 14:43:00+00:00,230.34,230.46,229.79,230.39,15.03,22
2026-08-10 14:44:00+00:00,230.34,230.34,229.48,229.61,31.57,42
2026-08-10 14:45:00+00:00,229.63,230.04,229.63,230.04,9.33,7
2026-08-10 14:46:00+00:00,230.54,230.72,230.54,230.68,3.12,5
2026-08-10 14:47:00+00:00,230.68,230.87,230.58,230.87,4.79,13
2026-08-10 14:48:00+00:00,230.65,230.65,230.13,230.6,39.44,40
2026-08-10 14:49:00+00:00,230.6,230.7,230.09,230.21,34.22,31
2026-08-10 14:50:00+00:00,230.21,230.4,230.0,230.0,16.27,23
2026-08-10 14:51:00+00:00,229.81,230.02,229.63,229.63,74.57,15
2026-08-10 14:52:00+00:00,229.3,229.3,228.71,228.96,14.23,20
2026-08-10 14:53:00+00:00,228.78,229.17,228.53,228.53,67.79,67
2026-08-10 14:54:00+00:00,228.21,228.25,227.28,227.68,61.16,32
2026-08-10 14:55:00+00:00,227.3,228.16,227.24,227.9,211.54,58
2026-08-10 14:56:00+00:00,228.17,230.54,227.99,230.5,229.49,61
2026-08-10 14:57:00+00:00,230.53,231.05,230.24,230.66,90.25,71
2026-08-10 14:58:00+00:00,230.73,231.88,230.63,231.85,175.43,65
2026-08-10 14:59:00+00:00,231.81,232.0,231.33,231.39,165.46,52
2026-08-10 15:00:00+00:00,231.18,231.32,230.52,230.61,66.2,49
2026-08-10 15:01:00+00:00,230.28,231.46,230.12,231.46,95.29,90
2026-08-10 15:02:00+00:00,231.4,231.58,230.84,231.4,91.43,60
2026-08-10 15:03:00+00:00,231.4,232.07,231.4,231.59,29.74,18
2026-08-10 15:04:00+00:00,231.79,232.13,231.37,231.38,50.88,39
2026-08-10 15:05:00+00:00,231.4,231.95,231.38,231.38,7.4,6
2026-08-10 15:06:00+00:00,231.78,231.78,231.4,231.4,20.97,8
2026-08-10 15:07:00+00:00,232.37,232.38,230.64,230.71,24.93,16
2026-08-10 15:08:00+00:00,230.73,230.91,230.27,230.69,173.72,63
2026-08-10 15:09:00+00:00,230.52,230.52,229.14,229.14,31.62,34
2026-08-10 15:10:00+00:00,229.14,229.37,228.82,229.37,405.39,40
2026-08-10 15:11:00+00:00,229.34,229.64,228.97,229.18,33.25,11
2026-08-10 15:12:00+00:00,229.46,229.51,228.33,228.37,4.77,8
2026-08-10 15:13:00+00:00,227.94,229.16,227.94,228.99,21.69,19
2026-08-10 15:14:00+00:00,229.07,229.07,228.96,229.0,6.54,4
2026-08-10 15:15:00+00:00,229.22,229.23,228.9,229.11,40.83,11
2026-08-10 15:16:00+00:00,229.31,229.31,229.05,229.21,16.16,15
2026-08-10 15:17:00+00:00,229.25,229.31,228.5,228.66,179.89,58
2026-08-10 15:18:00+00:00,228.61,228.61,228.22,228.22,29.95,7
2026-08-10 15:19:00+00:00,228.38,229.48,228.38,229.48,59.91,26
2026-08-10 15:20:00+00:00,229.62,229.62,229.3,229.3,1.22,2
2026-08-10 15:21:00+00:00,228.79,229.17,228.68,229.17,155.26,27
2026-08-10 15:22:00+00:00,228.71,228.96,228.67,228.96,9.76,5
2026-08-10 15:23:00+00:00,228.77,229.1,228.75,229.1,8.19,9
2026-08-10 15:24:00+00:00,228.53,228.77,228.52,228.77,18.52,5
2026-08-10 15:25:00+00:00,228.81,228.81,228.81,228.81,0.89,1
2026-08-10 15:26:00+00:00,228.62,229.12,228.62,229.12,2.37,3
2026-08-10 15:27:00+00:00,229.36,230.22,229.28,230.15,34.66,17
2026-08-10 15:28:00+00:00,230.11,230.56,230.04,230.56,15.37,16
2026-08-10 15:29:00+00:00,230.98,231.04,230.63,230.84,28.66,14
2026-08-10 15:30:00+00:00,230.49,231.19,230.49,231.19,80.67,18
2026-08-10 15:31:00+00:00,231.58,231.92,231.2,231.92,14.64,25
2026-08-10 15:32:00+00:00,231.99,232.14,231.73,231.98,61.87,22
2026-08-10 15:33:00+00:00,232.01,232.4,231.73,231.74,49.13,17
2026-08-10 15:34:00+00:00,232.06,232.06,230.32,230.41,355.7,67
2026-08-10 15:35:00+00:00,230.7,231.32,230.7,231.32,37.46,14
2026-08-10 15:36:00+00:00,231.58,231.85,231.58,231.71,11.83,9
2026-08-10 15:37:00+00:00,231.73,232.18,231.73,232.18,7.98,11
2026-08-10 15:38:00+00:00,232.3,232.3,231.98,231.98,34.88,15
2026-08-10 15:39:00+00:00,232.17,232.52,232.17,232.52,226.03,55
2026-08-10 15:40:00+00:00,232.19,232.62,232.17,232.52,122.58,24
2026-08-10 15:41:00+00:00,232.63,233.1,232.48,233.1,25.85,23
2026-08-10 15:42:00+00:00,233.35,233.42,232.67,232.67,37.8,31
2026-08-10 15:43:00+00:00,232.37,232.75,232.37,232.75,6.71,10
2026-08-10 15:44:00+00:00,232.99,233.15,232.95,233.05,235.13,35
2026-08-10 15:45:00+00:00,233.08,233.17,232.89,232.89,11.85,13
2026-08-10 15:46:00+00:00,232.9,232.9,232.11,232.33,16.56,25
2026-08-10 15:47:00+00:00,232.3,232.54,232.21,232.21,9.05,13
2026-08-10 15:48:00+00:00,232.33,232.53,232.13,232.17,42.08,41
2026-08-10 15:49:00+00:00,232.11,232.72,232.11,232.55,9.08,8
2026-08-10 15:50:00+00:00,232.49,232.49,231.5,231.57,199.3,48
2026-08-10 15:51:00+00:00,231.66,231.7,231.5,231.7,7.37,10
2026-08-10 15:52:00+00:00,232.2,232.2,231.79,231.96,28.56,16
2026-08-10 15:53:00+00:00,231.98,232.15,231.71,231.74,31.69,19
2026-08-10 15:54:00+00:00,231.74,231.91,231.62,231.91,17.42,14
2026-08-10 15:55:00+00:00,231.72,231.72,231.72,231.72,1.0,1
2026-08-10 15:56:00+00:00,231.63,231.85,231.63,231.85,3.53,6
2026-08-10 15:57:00+00:00,232.29,232.33,231.99,231.99,21.97,17
2026-08-10 15:58:00+00:00,231.96,231.96,231.9,231.9,5.62,8
2026-08-10 15:59:00+00:00,231.8,231.89,231.8,231.89,4.51,5
2026-08-10 16:00:00+00:00,231.57,231.66,230.88,231.1,31.52,18
2026-08-10 16:01:00+00:00,231.46,231.62,231.18,231.18,4.88,6
2026-08-10 16:02:00+00:00,231.1,231.44,231.03,231.44,8.86,9
2026-08-10 16:03:00+00:00,231.38,231.38,231.0,231.19,4.02,5
2026-08-10 16:04:00+00:00,230.67,232.02,230.56,232.0,119.88,60
2026-08-10 16:05:00+00:00,232.3,232.42,232.1,232.42,25.27,15
2026-08-10 16:06:00+00:00,232.07,232.07,231.99,232.0,7.45,9
2026-08-10 16:07:00+00:00,231.98,232.05,231.9,231.9,10.44,8
2026-08-10 16:08:00+00:00,231.65,231.76,231.38,231.38,5.51,10
2026-08-10 16:09:00+00:00,231.17,231.17,230.65,230.91,25.73,14
2026-08-10 16:10:00+00:00,230.64,230.84,230.56,230.84,14.34,9
2026-08-10 16:11:00+00:00,230.85,230.85,230.85,230.85,0.71,1
2026-08-10 16:12:00+00:00,230.25,230.38,230.25,230.38,3.22,4
2026-08-10 16:13:00+00:00,229.78,229.93,229.73,229.93,6.74,7
2026-08-10 16:14:00+00:00,230.08,230.38,230.08,230.16,4.38,9
2026-08-10 16:15:00+00:00,230.15,230.59,229.85,230.59,25.34,18
2026-08-10 16:16:00+00:00,230.49,230.95,230.49,230.79,96.5,24
2026-08-10 16:17:00+00:00,231.15,231.15,230.97,230.97,5.63,8
2026-08-10 16:18:00+00:00,230.98,230.98,230.98,230.98,4.47,1
2026-08-10 16:19:00+00:00,230.79,230.79,230.56,230.56,10.39,3
2026-08-10 16:20:00+00:00,230.55,230.88,230.27,230.35,153.58,37
2026-08-10 16:21:00+00:00,230.35,230.37,230.12,230.17,32.73,16
2026-08-10 16:22:00+00:00,230.15,230.56,229.99,230.54,43.93,24
2026-08-10 16:23:00+00:00,230.91,230.94,230.61,230.94,16.11,10
2026-08-10 16:24:00+00:00,230.39,230.68,230.31,230.68,10.95,13
2026-08-10 16:25:00+00:00,230.68,230.7,230.39,230.7,15.15,15
2026-08-10 16:26:00+00:00,230.17,230.26,230.04,230.04,14.01,11
2026-08-10 16:27:00+00:00,230.22,230.22,229.88,229.96,25.81,12
2026-08-10 16:28:00+00:00,229.82,229.83,229.82,229.83,80.53,4
2026-08-10 16:29:00+00:00,229.83,229.83,229.83,229.83,0.0,0
2026-08-10 16:30:00+00:00,229.83,229.83,229.83,229.83,0.0,0
2026-08-10 16:31:00+00:00,229.74,229.74,229.38,229.38,52.82,9
2026-08-10 16:32:00+00:00,229.01,229.54,228.72,229.33,358.3,30
2026-08-10 16:33:00+00:00,229.18,229.44,229.18,229.44,93.61,15
2026-08-10 16:34:00+00:00,229.41,229.44,229.14,229.14,10.8,9
2026-08-10 16:35:00+00:00,229.17,229.56,229.14,229.34,83.86,42
2026-08-10 16:36:00+00:00,229.39,229.55,229.36,229.55,8.49,11
2026-08-10 16:37:00+00:00,229.88,230.04,229.88,229.92,26.51,22
2026-08-10 16:38:00+00:00,230.0,230.0,229.74,229.92,12.66,16
2026-08-10 16:39:00+00:00,229.86,229.86,229.59,229.6,1.46,3
2026-08-10 16:40:00+00:00,229.75,229.75,229.66,229.66,1.53,3
2026-08-10 16:41:00+00:00,229.81,229.81,229.18,229.41,8.02,13
2026-08-10 16:42:00+00:00,229.41,229.47,229.36,229.36,5.05,3
2026-08-10 16:43:00+00:00,229.43,229.43,228.91,228.98,1.81,3
2026-08-10 16:44:00+00:00,228.94,229.14,228.58,228.89,16.21,25
2026-08-10 16:45:00+00:00,228.96,229.03,228.66,229.03,20.63,26
2026-08-10 16:46:00+00:00,229.07,229.77,229.07,229.65,126.04,24
2026-08-10 16:47:00+00:00,229.61,229.89,229.55,229.89,9.03,9
2026-08-10 16:48:00+00:00,229.49,229.65,229.44,229.65,16.7,12
2026-08-10 16:49:00+00:00,229.53,229.54,229.53,229.53,2.4,4
2026-08-10 16:50:00+00:00,229.39,229.77,229.38,229.77,8.22,13
2026-08-10 16:51:00+00:00,229.61,229.61,229.59,229.59,1.36,2
2026-08-10 16:52:00+00:00,229.72,229.72,229.7,229.7,1.22,2
2026-08-10 16:53:00+00:00,228.99,228.99,228.68,228.82,117.59,26
2026-08-10 16:54:00+00:00,228.75,229.05,228.75,229.05,9.02,8
2026-08-10 16:55:00+00:00,229.18,229.47,229.16,229.18,12.0,13
2026-08-10 16:56:00+00:00,229.12,229.25,229.12,229.22,10.97,10
2026-08-10 16:57:00+00:00,229.22,229.22,229.22,229.22,0.0,0
2026-08-10 16:58:00+00:00,229.59,229.6,229.26,229.26,4.7,4
2026-08-10 16:59:00+00:00,229.54,229.54,229.31,229.31,2.14,4
2026-08-10 17:00:00+00:00,229.41,229.41,229.33,229.4,7.0,11
2026-08-10 17:01:00+00:00,229.45,229.51,229.18,229.18,15.18,23
2026-08-10 17:02:00+00:00,229.32,229.63,229.32,229.48,20.34,23
2026-08-10 17:03:00+00:00,229.47,229.74,229.26,229.55,14.19,25
2026-08-10 17:04:00+00:00,229.69,229.75,229.59,229.65,6.65,8
2026-08-10 17:05:00+00:00,229.54,229.54,229.54,229.54,1.18,1
2026-08-10 17:06:00+00:00,229.82,230.25,229.82,230.25,1.23,2
2026-08-10 17:07:00+00:00,230.25,230.3,230.25,230.29,2.72,3
2026-08-10 17:08:00+00:00,230.56,231.24,230.56,231.21,39.81,22
2026-08-10 17:09:00+00:00,231.39,231.44,231.3,231.3,177.0,41
2026-08-10 17:10:00+00:00,231.56,231.74,231.56,231.57,4.55,9
2026-08-10 17:11:00+00:00,231.64,231.75,231.58,231.72,22.78,26
2026-08-10 17:12:00+00:00,231.58,231.71,231.58,231.66,5.64,5
2026-08-10 17:13:00+00:00,231.76,232.0,231.73,232.0,22.28,20
2026-08-10 17:14:00+00:00,232.0,233.06,231.98,232.63,276.53,47
2026-08-10 17:15:00+00:00,232.58,232.64,232.4,232.61,110.73,46
2026-08-10 17:16:00+00:00,232.56,233.28,232.56,233.28,125.85,20
2026-08-10 17:17:00+00:00,233.12,233.12,232.88,233.0,20.58,16
2026-08-10 17:18:00+00:00,232.8,232.8,232.68,232.68,2.1,2
2026-08-10 17:19:00+00:00,232.88,232.88,232.44,232.54,3.05,6
2026-08-10 17:20:00+00:00,232.72,232.73,232.39,232.39,4.62,12
2026-08-10 17:21:00+00:00,232.2,232.24,231.66,231.66,35.96,29
2026-08-10 17:22:00+00:00,231.74,232.12,231.74,232.12,1.62,3
2026-08-10 17:23:00+00:00,232.29,232.33,232.22,232.33,6.35,9
2026-08-10 17:24:00+00:00,232.13,232.23,232.07,232.23,7.36,6
2026-08-10 17:25:00+00:00,232.85,232.88,232.35,232.35,2.6,5
2026-08-10 17:26:00+00:00,232.01,232.25,231.9,232.25,12.35,17
2026-08-10 17:27:00+00:00,232.25,232.25,232.25,232.25,0.0,0
2026-08-10 17:28:00+00:00,231.91,231.91,231.81,231.91,1.64,3
2026-08-10 17:29:00+00:00,232.01,232.01,231.73,231.73,0.36,2
2026-08-10 17:30:00+00:00,232.03,232.13,232.03,232.13,1.39,2
2026-08-10 17:31:00+00:00,232.52,232.52,232.52,232.52,0.05,1
2026-08-10 17:32:00+00:00,232.68,232.9,232.68,232.8,1.34,3
2026-08-10 17:33:00+00:00,232.78,232.8,232.36,232.66,8.57,10
2026-08-10 17:34:00+00:00,232.4,232.44,232.06,232.1,5.55,12
2026-08-10 17:35:00+00:00,232.27,232.34,232.13,232.13,4.93,7
2026-08-10 17:36:00+00:00,232.2,232.2,232.2,232.2,0.3,1
2026-08-10 17:37:00+00:00,231.85,231.89,231.78,231.78,3.57,4
2026-08-10 17:38:00+00:00,231.77,231.9,231.73,231.9,1.9,4
2026-08-10 17:39:00+00:00,231.52,231.52,231.49,231.49,4.37,2
2026-08-10 17:40:00+00:00,231.69,231.89,231.69,231.89,3.51,6
2026-08-10 17:41:00+00:00,231.87,231.87,231.87,231.87,0.54,1
2026-08-10 17:42:00+00:00,232.11,232.14,231.82,231.88,3.18,6
2026-08-10 17:43:00+00:00,231.88,231.88,231.88,231.88,0.0,0
2026-08-10 17:44:00+00:00,231.96,232.14,231.96,232.14,2.33,3
2026-08-10 17:45:00+00:00,232.15,232.21,232.1,232.21,3.87,6
2026-08-10 17:46:00+00:00,232.18,232.35,232.1,232.35,1.8,5
2026-08-10 17:47:00+00:00,232.39,233.3,232.39,233.14,12.11,15
2026-08-10 17:48:00+00:00,232.9,232.9,232.63,232.73,1.77,5
2026-08-10 17:49:00+00:00,232.78,232.78,232.02,232.02,3.06,4
2026-08-10 17:50:00+00:00,232.1,232.28,232.04,232.28,11.7,14
2026-08-10 17:51:00+00:00,232.17,232.3,232.17,232.3,0.78,2
2026-08-10 17:52:00+00:00,232.64,232.9,232.64,232.9,2.4,6
2026-08-10 17:53:00+00:00,232.87,232.87,232.56,232.64,30.07,23
2026-08-10 17:54:00+00:00,232.82,232.82,232.82,232.82,0.78,2
2026-08-10 17:55:00+00:00,232.94,232.96,232.71,232.71,2.43,7
2026-08-10 17:56:00+00:00,232.71,232.71,232.52,232.52,2.5,5
2026-08-10 17:57:00+00:00,232.94,233.07,232.91,233.07,1.67,5
2026-08-10 17:58:00+00:00,232.99,232.99,232.96,232.96,1.17,3
2026-08-10 17:59:00+00:00,233.35,233.69,233.35,233.56,5.33,9
2026-08-10 18:00:00+00:00,233.55,233.86,233.55,233.59,10.77,17
2026-08-10 18:01:00+00:00,233.34,233.34,233.06,233.14,5.74,16
2026-08-10 18:02:00+00:00,233.25,233.87,233.25,233.8,9.85,10
2026-08-10 18:03:00+00:00,233.67,234.09,233.64,234.09,2.91,9
2026-08-10 18:04:00+00:00,234.11,234.11,233.52,233.52,70.4,34
2026-08-10 18:05:00+00:00,233.62,233.87,233.58,233.87,15.59,21
2026-08-10 18:06:00+00:00,233.47,233.61,233.47,233.61,0.14,2
2026-08-10 18:07:00+00:00,233.54,233.54,233.51,233.51,30.63,2
2026-08-10 18:08:00+00:00,233.74,233.75,233.56,233.56,2.93,7
2026-08-10 18:09:00+00:00,233.11,233.11,232.98,232.98,32.91,18
2026-08-10 18:10:00+00:00,233.19,233.19,233.04,233.04,6.93,10
2026-08-10 18:11:00+00:00,232.96,232.96,232.96,232.96,0.33,1
2026-08-10 18:12:00+00:00,232.9,232.9,232.78,232.79,6.41,6
2026-08-10 18:13:00+00:00,232.06,232.1,232.06,232.1,0.97,2
2026-08-10 18:14:00+00:00,231.74,231.74,231.16,231.16,35.08,20
2026-08-10 18:15:00+00:00,231.36,231.69,231.36,231.5,15.99,14
2026-08-10 18:16:00+00:00,231.5,231.5,231.5,231.5,0.0,0
2026-08-10 18:17:00+00:00,231.62,231.62,231.46,231.46,13.32,5
2026-08-10 18:18:00+00:00,231.91,231.91,230.64,230.87,159.78,27
2026-08-10 18:19:00+00:00,230.56,230.8,230.42,230.57,29.93,25
2026-08-10 18:20:00+00:00,230.52,230.52,230.52,230.52,4.11,6
2026-08-10 18:21:00+00:00,230.44,230.62,230.44,230.62,119.0,55
2026-08-10 18:22:00+00:00,231.02,231.15,231.02,231.15,4.32,7
2026-08-10 18:23:00+00:00,231.07,231.09,231.07,231.07,0.84,3
2026-08-10 18:24:00+00:00,231.07,231.07,231.07,231.07,0.0,0
2026-08-10 18:25:00+00:00,231.26,231.26,231.03,231.09,59.6,26
2026-08-10 18:26:00+00:00,231.16,231.35,231.16,231.32,43.76,6
2026-08-10 18:27:00+00:00,231.28,231.28,231.16,231.16,2.5,4
2026-08-10 18:28:00+00:00,231.16,231.16,231.16,231.16,6.27,4
2026-08-10 18:29:00+00:00,231.37,231.37,231.29,231.29,0.45,2
2026-08-10 18:30:00+00:00,231.28,231.61,231.28,231.61,10.47,21
2026-08-10 18:31:00+00:00,231.55,231.78,231.49,231.77,9.61,25
2026-08-10 18:32:00+00:00,231.68,231.68,231.68,231.68,0.16,1
