ts,open,high,low,close,volume,trades
2026-05-01 01:00:00+00:00,190.0,190.0,190.0,190.0,1.16,2
2026-05-01 02:00:00+00:00,180.0,190.0,178.57,190.0,1.32,3
2026-05-01 03:00:00+00:00,178.57,178.57,178.57,178.57,0.16,1
2026-05-01 04:00:00+00:00,190.0,190.0,190.0,190.0,2.23,1
2026-05-01 05:00:00+00:00,190.0,195.0,190.0,195.0,5.26,3
2026-05-01 06:00:00+00:00,195.0,195.0,195.0,195.0,6.54,1
2026-05-01 07:00:00+00:00,210.07,211.0,210.07,211.0,5.89,2
2026-05-01 08:00:00+00:00,194.03,210.0,193.24,193.24,21.45,6
2026-05-01 09:00:00+00:00,210.99,218.74,207.0,218.74,31.3,14
2026-05-01 10:00:00+00:00,218.74,273.43,218.74,273.12,864.14,425
2026-05-01 11:00:00+00:00,273.43,314.14,251.18,251.93,1600.61,697
2026-05-01 12:00:00+00:00,251.83,262.6,235.23,248.0,1525.23,531
2026-05-01 13:00:00+00:00,248.0,255.59,226.97,246.6,2286.48,862
2026-05-01 14:00:00+00:00,247.27,268.0,247.27,259.3,1468.79,719
2026-05-01 15:00:00+00:00,259.3,276.78,254.22,275.0,1672.25,1047
2026-05-01 16:00:00+00:00,274.5,278.3,243.0,256.0,997.27,1017
2026-05-01 17:00:00+00:00,256.0,258.9,236.97,244.99,680.29,375
2026-05-01 18:00:00+00:00,245.44,260.2,245.32,256.0,555.89,974
2026-05-01 19:00:00+00:00,256.0,256.0,240.26,241.92,454.33,619
2026-05-01 20:00:00+00:00,240.57,266.33,240.0,252.21,1050.83,1032
2026-05-01 21:00:00+00:00,254.71,258.59,250.71,252.32,206.16,227
2026-05-01 22:00:00+00:00,252.22,260.6,248.1,257.0,622.97,831
2026-05-01 23:00:00+00:00,257.9,262.98,255.0,259.54,246.29,141
2026-05-02 00:00:00+00:00,256.54,271.0,252.84,258.01,474.12,544
2026-05-02 01:00:00+00:00,258.01,271.8,253.88,262.2,422.32,288
2026-05-02 02:00:00+00:00,265.42,274.0,261.63,267.63,536.37,463
2026-05-02 03:00:00+00:00,264.63,273.0,254.8,261.45,345.33,205
2026-05-02 04:00:00+00:00,261.55,270.65,252.59,259.94,234.72,242
2026-05-02 05:00:00+00:00,261.44,273.3,260.0,271.2,477.12,425
2026-05-02 06:00:00+00:00,270.1,285.71,266.0,285.71,1205.38,662
2026-05-02 07:00:00+00:00,285.6,287.0,278.4,286.08,226.63,347
2026-05-02 08:00:00+00:00,286.07,299.0,272.86,277.88,1279.64,909
2026-05-02 09:00:00+00:00,277.92,279.99,273.3,277.18,138.89,209
2026-05-02 10:00:00+00:00,277.18,298.4,271.6,282.96,332.42,566
2026-05-02 11:00:00+00:00,281.8,286.38,279.4,286.37,92.56,198
2026-05-02 12:00:00+00:00,286.37,286.37,276.4,284.7,130.55,644
2026-05-02 13:00:00+00:00,284.4,292.0,281.12,287.0,93.79,260
2026-05-02 14:00:00+00:00,287.1,290.4,277.1,282.8,270.66,508
2026-05-02 15:00:00+00:00,278.2,296.21,272.66,295.6,612.65,1118
2026-05-02 16:00:00+00:00,295.6,300.0,292.04,299.5,218.91,452
2026-05-02 17:00:00+00:00,295.6,306.6,282.31,302.09,757.01,768
2026-05-02 18:00:00+00:00,306.26,307.28,286.0,289.81,249.02,329
2026-05-02 19:00:00+00:00,289.82,299.0,289.5,290.21,95.52,274
2026-05-02 20:00:00+00:00,295.6,308.25,290.21,304.6,113.73,271
2026-05-02 21:00:00+00:00,304.72,311.0,298.04,306.2,631.89,328
2026-05-02 22:00:00+00:00,307.1,310.8,287.04,291.58,601.48,507
2026-05-02 23:00:00+00:00,291.58,317.4,288.8,313.99,1099.9,479
2026-05-03 00:00:00+00:00,312.0,318.89,304.48,304.94,750.35,325
2026-05-03 01:00:00+00:00,304.94,310.0,303.0,303.0,148.41,227
2026-05-03 02:00:00+00:00,303.0,318.89,303.0,311.43,173.21,454
2026-05-03 03:00:00+00:00,311.43,320.0,292.31,316.36,685.22,872
2026-05-03 04:00:00+00:00,316.36,316.63,285.48,304.79,736.58,1905
2026-05-03 05:00:00+00:00,304.79,316.15,297.0,316.14,266.9,586
2026-05-03 06:00:00+00:00,315.69,317.0,276.0,280.19,1218.25,908
2026-05-03 07:00:00+00:00,280.19,290.0,276.0,288.47,1154.01,550
2026-05-03 08:00:00+00:00,288.46,288.46,275.0,281.9,314.78,375
2026-05-03 09:00:00+00:00,281.9,287.0,280.42,285.23,112.58,237
2026-05-03 10:00:00+00:00,285.16,291.97,285.16,291.97,86.24,175
2026-05-03 11:00:00+00:00,289.92,295.0,286.57,290.13,205.03,213
2026-05-03 12:00:00+00:00,291.03,295.0,290.1,293.73,114.94,232
2026-05-03 13:00:00+00:00,293.73,294.0,281.11,285.57,261.72,409
2026-05-03 14:00:00+00:00,285.57,285.57,281.0,284.95,338.14,509
2026-05-03 15:00:00+00:00,284.95,289.0,283.63,288.69,123.61,443
2026-05-03 16:00:00+00:00,288.69,295.0,282.66,289.98,330.63,461
2026-05-03 17:00:00+00:00,291.81,292.0,281.0,287.6,407.21,770
2026-05-03 18:00:00+00:00,287.61,291.0,283.0,290.38,119.09,438
2026-05-03 19:00:00+00:00,290.38,290.38,283.4,286.81,78.35,474
2026-05-03 20:00:00+00:00,287.38,287.39,281.0,281.5,176.48,385
2026-05-03 21:00:00+00:00,281.49,284.0,275.1,279.0,400.53,597
2026-05-03 22:00:00+00:00,278.18,289.38,278.18,286.0,121.75,257
2026-05-03 23:00:00+00:00,288.99,289.0,277.77,283.42,101.01,91
2026-05-04 00:00:00+00:00,283.42,288.6,274.0,288.6,507.27,503
2026-05-04 01:00:00+00:00,285.4,294.9,281.39,293.03,704.26,818
2026-05-04 02:00:00+00:00,293.02,298.0,285.5,291.23,401.24,389
2026-05-04 03:00:00+00:00,294.71,305.0,277.0,297.84,499.86,598
2026-05-04 04:00:00+00:00,292.0,294.01,282.0,282.8,86.1,257
2026-05-04 05:00:00+00:00,282.6,284.44,280.0,281.07,144.03,271
2026-05-04 06:00:00+00:00,280.1,287.6,280.0,281.01,107.0,402
2026-05-04 07:00:00+00:00,281.49,281.54,280.23,280.8,172.12,44
2026-05-04 08:00:00+00:00,281.95,283.63,280.4,280.4,42.55,75
2026-05-04 09:00:00+00:00,280.76,281.7,280.23,280.41,54.44,21
2026-05-04 10:00:00+00:00,281.36,282.6,280.23,280.23,169.02,129
2026-05-04 11:00:00+00:00,281.08,281.08,280.0,281.06,36.32,24
2026-05-04 12:00:00+00:00,280.56,287.49,278.0,284.12,123.98,163
2026-05-04 13:00:00+00:00,284.0,287.94,281.85,286.99,126.9,203
2026-05-04 14:00:00+00:00,286.2,286.2,282.0,282.3,18.15,46
2026-05-04 15:00:00+00:00,282.3,284.68,256.18,267.22,3008.1,1317
2026-05-04 16:00:00+00:00,267.41,267.41,233.0,242.22,4524.14,1649
2026-05-04 17:00:00+00:00,242.28,247.9,205.08,210.0,10095.69,3170
2026-05-04 18:00:00+00:00,213.13,223.0,208.0,215.58,1617.91,771
2026-05-04 19:00:00+00:00,215.6,221.66,212.43,221.66,582.32,454
2026-05-04 20:00:00+00:00,222.45,224.8,214.87,218.4,874.63,824
2026-05-04 21:00:00+00:00,216.0,218.43,207.0,209.39,641.95,209
2026-05-04 22:00:00+00:00,210.44,216.0,201.0,204.61,1658.78,834
2026-05-04 23:00:00+00:00,204.61,210.59,200.0,207.97,580.11,309
2026-05-05 00:00:00+00:00,208.59,225.61,208.17,225.5,952.42,474
2026-05-05 01:00:00+00:00,225.3,226.0,209.65,212.03,264.42,122
2026-05-05 02:00:00+00:00,212.95,218.42,210.83,210.83,58.49,64
2026-05-05 03:00:00+00:00,216.05,218.07,202.6,210.0,462.99,379
2026-05-05 04:00:00+00:00,209.09,212.2,206.48,208.2,117.5,141
2026-05-05 05:00:00+00:00,209.49,256.34,209.49,253.0,1982.31,679
2026-05-05 06:00:00+00:00,254.97,282.86,251.09,267.0,1292.17,804
2026-05-05 07:00:00+00:00,269.92,282.5,214.85,226.66,3482.2,1565
2026-05-05 08:00:00+00:00,226.51,235.45,220.34,235.45,897.02,384
2026-05-05 09:00:00+00:00,235.45,250.66,222.0,230.0,842.59,819
2026-05-05 10:00:00+00:00,231.29,239.95,215.32,236.06,398.89,427
2026-05-05 11:00:00+00:00,236.06,239.88,233.5,237.34,120.92,74
2026-05-05 12:00:00+00:00,237.5,239.88,230.41,237.77,85.47,74
2026-05-05 13:00:00+00:00,237.64,237.64,220.8,228.58,208.3,640
2026-05-05 14:00:00+00:00,229.75,236.37,228.55,235.5,152.88,490
2026-05-05 15:00:00+00:00,232.51,242.8,230.25,235.57,209.45,620
2026-05-05 16:00:00+00:00,235.57,237.49,222.5,226.0,545.85,516
2026-05-05 17:00:00+00:00,225.8,229.45,223.99,229.22,315.9,556
2026-05-05 18:00:00+00:00,229.22,229.45,226.2,227.21,91.05,190
2026-05-05 19:00:00+00:00,227.22,229.35,227.2,229.22,109.15,60
2026-05-05 20:00:00+00:00,228.66,229.45,226.66,227.77,98.69,65
2026-05-05 21:00:00+00:00,229.44,229.69,225.93,229.69,593.46,79
2026-05-05 22:00:00+00:00,229.68,229.69,226.31,229.69,120.67,100
2026-05-05 23:00:00+00:00,229.69,229.69,220.0,229.69,94.03,147
2026-05-06 00:00:00+00:00,229.69,229.69,224.47,228.54,117.92,145
2026-05-06 01:00:00+00:00,228.54,241.25,225.0,234.69,493.04,351
2026-05-06 02:00:00+00:00,234.68,236.11,233.61,235.42,28.43,47
2026-05-06 03:00:00+00:00,235.98,243.94,234.94,238.12,78.93,160
2026-05-06 04:00:00+00:00,238.11,270.0,238.11,252.81,1591.77,840
2026-05-06 05:00:00+00:00,250.02,252.8,247.98,250.5,23.59,33
2026-05-06 06:00:00+00:00,250.49,265.15,249.29,258.74,103.48,264
2026-05-06 07:00:00+00:00,255.11,260.61,255.1,256.95,76.46,69
2026-05-06 08:00:00+00:00,256.95,257.0,255.0,257.0,77.95,177
2026-05-06 09:00:00+00:00,257.0,257.0,240.0,240.01,339.9,447
2026-05-06 10:00:00+00:00,240.12,248.47,240.0,248.47,171.33,222
2026-05-06 11:00:00+00:00,247.4,253.0,246.31,249.06,85.11,137
2026-05-06 12:00:00+00:00,249.06,249.07,240.0,248.01,171.11,146
2026-05-06 13:00:00+00:00,248.01,252.99,247.73,250.55,101.05,195
2026-05-06 14:00:00+00:00,250.55,269.75,242.0,251.99,843.16,683
2026-05-06 15:00:00+00:00,251.99,258.0,251.45,252.24,39.44,233
2026-05-06 16:00:00+00:00,252.41,257.8,251.16,251.23,33.29,101
2026-05-06 17:00:00+00:00,251.23,254.99,251.13,251.13,39.05,249
2026-05-06 18:00:00+00:00,254.99,257.8,236.34,236.7,393.78,122
2026-05-06 19:00:00+00:00,239.55,258.0,236.34,238.94,771.96,298
2026-05-06 20:00:00+00:00,238.94,257.52,236.36,252.8,252.29,214
2026-05-06 21:00:00+00:00,252.53,257.4,244.74,252.5,100.95,90
2026-05-06 22:00:00+00:00,253.8,258.0,245.0,257.0,84.44,90
2026-05-06 23:00:00+00:00,252.54,259.0,252.54,253.7,49.39,48
2026-05-07 00:00:00+00:00,257.5,260.0,252.22,260.0,54.26,20
2026-05-07 01:00:00+00:00,257.91,260.0,250.0,259.88,14.42,47
2026-05-07 02:00:00+00:00,257.51,260.0,255.92,260.0,40.26,22
2026-05-07 03:00:00+00:00,260.0,260.0,259.27,259.28,29.98,22
2026-05-07 04:00:00+00:00,259.28,260.0,258.55,260.0,30.53,10
2026-05-07 05:00:00+00:00,260.0,269.84,257.09,262.64,258.81,86
2026-05-07 06:00:00+00:00,264.6,270.0,258.49,270.0,154.39,62
2026-05-07 07:00:00+00:00,269.02,270.07,257.6,261.73,62.54,68
2026-05-07 08:00:00+00:00,262.49,263.0,257.91,257.91,37.85,15
2026-05-07 09:00:00+00:00,259.1,259.36,258.11,259.28,23.16,5
2026-05-07 10:00:00+00:00,259.31,259.31,258.63,258.63,14.24,9
2026-05-07 11:00:00+00:00,258.8,259.0,254.2,254.2,18.42,33
2026-05-07 12:00:00+00:00,257.25,265.46,254.3,265.46,109.18,42
2026-05-07 13:00:00+00:00,262.5,265.56,261.45,261.65,26.41,52
2026-05-07 14:00:00+00:00,261.97,263.94,260.17,260.17,33.02,23
2026-05-07 15:00:00+00:00,261.31,266.31,258.49,260.7,15.95,42
2026-05-07 16:00:00+00:00,257.5,257.5,241.0,247.25,975.72,220
2026-05-07 17:00:00+00:00,245.04,247.17,237.0,237.01,105.77,157
2026-05-07 18:00:00+00:00,237.01,241.97,237.0,241.2,24.93,55
2026-05-07 19:00:00+00:00,240.6,240.6,230.09,230.6,148.11,157
2026-05-07 20:00:00+00:00,230.6,234.0,227.0,229.99,378.69,291
2026-05-07 21:00:00+00:00,228.21,240.91,228.21,237.51,35.19,54
2026-05-07 22:00:00+00:00,237.51,242.61,231.77,235.76,5.89,34
2026-05-07 23:00:00+00:00,237.49,247.53,237.49,246.0,5.85,28
2026-05-08 00:00:00+00:00,245.01,245.04,240.0,240.39,12.26,16
2026-05-08 01:00:00+00:00,240.34,249.9,239.4,249.9,143.63,100
2026-05-08 02:00:00+00:00,249.9,249.9,243.88,248.39,14.48,85
2026-05-08 03:00:00+00:00,249.15,249.9,245.65,248.95,42.65,31
2026-05-08 04:00:00+00:00,249.99,250.0,241.99,243.0,71.71,59
2026-05-08 05:00:00+00:00,242.02,243.54,237.52,243.54,33.37,48
2026-05-08 06:00:00+00:00,243.53,243.53,236.95,238.33,11.62,92
2026-05-08 07:00:00+00:00,236.96,257.32,236.81,254.8,204.93,185
2026-05-08 08:00:00+00:00,254.8,262.14,250.95,250.95,158.84,52
2026-05-08 09:00:00+00:00,254.67,262.86,252.84,262.86,75.18,65
2026-05-08 10:00:00+00:00,260.0,265.0,257.03,263.0,104.27,54
2026-05-08 11:00:00+00:00,260.01,260.01,253.88,257.0,35.59,40
2026-05-08 12:00:00+00:00,256.99,262.5,248.0,262.5,87.79,101
2026-05-08 13:00:00+00:00,258.5,259.57,257.0,257.02,70.06,28
2026-05-08 14:00:00+00:00,259.36,259.99,257.0,259.99,108.47,81
2026-05-08 15:00:00+00:00,259.99,269.0,257.64,262.0,291.58,370
2026-05-08 16:00:00+00:00,262.0,269.0,245.0,253.7,266.08,333
2026-05-08 17:00:00+00:00,252.6,255.45,248.3,251.18,75.62,129
2026-05-08 18:00:00+00:00,251.65,269.21,248.41,265.52,241.95,262
2026-05-08 19:00:00+00:00,268.31,277.15,242.83,251.19,1170.4,729
2026-05-08 20:00:00+00:00,253.98,276.85,244.86,269.19,1126.89,445
2026-05-08 21:00:00+00:00,265.02,289.0,258.17,287.84,2444.51,1215
2026-05-08 22:00:00+00:00,287.0,290.99,276.93,289.71,1068.86,690
2026-05-08 23:00:00+00:00,290.2,291.31,273.95,285.0,427.9,485
2026-05-09 00:00:00+00:00,285.0,288.88,273.3,284.25,284.7,296
2026-05-09 01:00:00+00:00,284.25,296.22,277.0,296.22,595.72,426
2026-05-09 02:00:00+00:00,296.22,297.97,287.0,293.58,535.01,566
2026-05-09 03:00:00+00:00,293.67,295.0,287.0,290.0,195.19,84
2026-05-09 04:00:00+00:00,289.81,290.0,281.0,281.12,278.02,88
2026-05-09 05:00:00+00:00,283.8,289.49,281.0,285.01,55.28,52
2026-05-09 06:00:00+00:00,286.57,286.57,282.5,285.0,167.63,25
2026-05-09 07:00:00+00:00,282.8,290.0,282.51,289.99,142.77,77
2026-05-09 08:00:00+00:00,289.98,297.97,282.5,282.5,381.39,165
2026-05-09 09:00:00+00:00,286.79,286.99,278.21,279.62,448.92,94
2026-05-09 10:00:00+00:00,279.63,281.0,278.21,281.0,309.33,63
2026-05-09 11:00:00+00:00,280.01,282.0,280.0,282.0,89.44,13
2026-05-09 12:00:00+00:00,281.98,288.0,281.2,281.2,124.75,101
2026-05-09 13:00:00+00:00,282.43,288.0,281.1,282.36,20.24,55
2026-05-09 14:00:00+00:00,282.21,286.38,282.0,282.0,340.87,74
2026-05-09 15:00:00+00:00,283.6,291.46,283.21,286.34,85.74,71
2026-05-09 16:00:00+00:00,286.5,292.5,278.21,281.38,407.64,210
2026-05-09 17:00:00+00:00,283.65,287.0,278.21,278.4,77.19,86
2026-05-09 18:00:00+00:00,279.98,287.85,277.0,282.0,155.3,73
2026-05-09 19:00:00+00:00,282.8,288.0,280.4,281.63,8.39,31
2026-05-09 20:00:00+00:00,283.01,289.0,273.0,274.22,347.35,236
2026-05-09 21:00:00+00:00,274.5,280.8,273.2,278.8,47.63,106
2026-05-09 22:00:00+00:00,279.5,281.84,275.0,281.84,47.66,183
2026-05-09 23:00:00+00:00,279.88,289.8,278.28,288.99,111.54,168
2026-05-10 00:00:00+00:00,287.03,289.0,287.03,289.0,10.49,11
2026-05-10 01:00:00+00:00,287.25,289.8,279.99,283.23,151.2,85
2026-05-10 02:00:00+00:00,282.43,288.0,275.0,282.86,116.71,175
2026-05-10 03:00:00+00:00,287.99,302.18,282.67,302.0,730.27,658
2026-05-10 04:00:00+00:00,301.92,309.0,290.0,308.8,1122.35,696
2026-05-10 05:00:00+00:00,308.8,312.0,296.95,308.05,629.72,557
2026-05-10 06:00:00+00:00,312.0,314.93,299.46,308.88,677.25,829
2026-05-10 07:00:00+00:00,306.57,309.81,282.0,298.2,1304.16,805
2026-05-10 08:00:00+00:00,298.63,305.25,289.08,302.77,513.79,577
2026-05-10 09:00:00+00:00,301.91,305.98,285.79,289.6,781.49,964
2026-05-10 10:00:00+00:00,289.01,298.6,280.0,281.2,1408.05,991
2026-05-10 11:00:00+00:00,280.11,299.0,279.33,299.0,783.38,787
2026-05-10 12:00:00+00:00,299.0,308.47,282.0,285.49,1706.04,1297
2026-05-10 13:00:00+00:00,284.0,296.3,276.02,295.0,586.74,416
2026-05-10 14:00:00+00:00,295.1,295.55,286.89,295.12,369.04,336
2026-05-10 15:00:00+00:00,294.99,295.3,285.6,293.61,281.67,352
2026-05-10 16:00:00+00:00,293.6,294.23,288.7,293.94,190.53,406
2026-05-10 17:00:00+00:00,293.95,294.39,284.0,289.63,271.58,339
2026-05-10 18:00:00+00:00,289.63,292.44,284.0,289.9,165.52,399
2026-05-10 19:00:00+00:00,289.95,291.37,282.54,288.08,215.27,424
2026-05-10 20:00:00+00:00,288.07,289.33,282.5,285.03,149.56,368
2026-05-10 21:00:00+00:00,285.15,290.61,283.0,286.13,355.86,330
2026-05-10 22:00:00+00:00,285.4,294.0,283.0,293.99,130.39,196
2026-05-10 23:00:00+00:00,293.99,304.84,274.86,296.65,450.45,330
2026-05-11 00:00:00+00:00,300.99,305.74,277.0,295.22,625.03,1140
2026-05-11 01:00:00+00:00,295.44,300.0,280.32,300.0,295.2,411
2026-05-11 02:00:00+00:00,300.0,303.79,288.0,297.79,331.49,524
2026-05-11 03:00:00+00:00,297.79,309.9,277.04,308.4,985.49,733
2026-05-11 04:00:00+00:00,308.4,310.0,295.93,310.0,1055.2,677
2026-05-11 05:00:00+00:00,310.0,314.0,295.73,309.54,813.3,703
2026-05-11 06:00:00+00:00,306.58,316.27,299.4,311.86,1528.17,850
2026-05-11 07:00:00+00:00,308.21,316.77,299.68,310.45,2360.42,1062
2026-05-11 08:00:00+00:00,312.63,316.9,297.33,309.11,210.5,273
2026-05-11 09:00:00+00:00,313.31,314.2,286.59,304.75,299.06,317
2026-05-11 10:00:00+00:00,304.73,304.73,269.49,297.36,1355.7,945
2026-05-11 11:00:00+00:00,297.0,298.71,274.55,287.4,659.23,573
2026-05-11 12:00:00+00:00,287.14,298.62,283.0,298.2,236.59,338
2026-05-11 13:00:00+00:00,297.19,303.72,290.0,298.3,349.45,222
2026-05-11 14:00:00+00:00,298.97,299.88,281.2,283.29,1436.76,1355
2026-05-11 15:00:00+00:00,283.24,287.1,280.0,280.45,1237.02,980
2026-05-11 16:00:00+00:00,280.01,284.99,269.84,274.9,3452.21,1819
2026-05-11 17:00:00+00:00,273.09,288.2,271.5,287.07,1986.39,2213
2026-05-11 18:00:00+00:00,287.06,295.0,285.22,290.17,1083.31,1536
2026-05-11 19:00:00+00:00,289.09,293.1,281.7,286.0,704.77,1019
2026-05-11 20:00:00+00:00,285.88,289.58,276.02,289.58,215.78,437
2026-05-11 21:00:00+00:00,289.13,289.13,277.19,287.06,303.41,615
2026-05-11 22:00:00+00:00,287.08,287.12,277.2,282.69,236.51,554
2026-05-11 23:00:00+00:00,282.7,300.0,280.2,299.49,1010.01,866
2026-05-12 00:00:00+00:00,298.01,299.47,279.02,289.83,652.14,662
2026-05-12 01:00:00+00:00,293.16,300.72,285.9,292.03,825.68,882
2026-05-12 02:00:00+00:00,294.1,294.1,276.02,278.3,748.79,611
2026-05-12 03:00:00+00:00,278.75,295.5,276.0,292.93,561.8,626
2026-05-12 04:00:00+00:00,294.99,301.98,289.39,298.0,871.92,831
2026-05-12 05:00:00+00:00,301.75,309.26,294.45,306.01,1914.69,1042
2026-05-12 06:00:00+00:00,306.0,308.5,299.0,304.97,327.86,890
2026-05-12 07:00:00+00:00,304.98,307.6,295.25,303.42,419.95,522
2026-05-12 08:00:00+00:00,303.42,309.76,301.54,305.6,278.15,459
2026-05-12 09:00:00+00:00,305.59,308.79,295.84,302.0,448.86,773
2026-05-12 10:00:00+00:00,301.99,304.08,300.21,303.77,192.63,627
2026-05-12 11:00:00+00:00,303.77,305.04,296.7,300.8,299.99,741
2026-05-12 12:00:00+00:00,300.8,301.96,293.13,294.85,180.31,540
2026-05-12 13:00:00+00:00,295.0,297.06,293.13,296.96,155.13,388
2026-05-12 14:00:00+00:00,296.4,297.41,293.62,294.96,105.68,223
2026-05-12 15:00:00+00:00,294.96,295.51,290.01,290.08,508.73,1032
2026-05-12 16:00:00+00:00,291.24,295.71,290.0,292.99,301.96,402
2026-05-12 17:00:00+00:00,290.89,292.99,286.37,288.29,207.77,272
2026-05-12 18:00:00+00:00,288.26,289.33,285.0,286.11,117.02,247
2026-05-12 19:00:00+00:00,286.1,295.75,285.01,295.0,246.57,470
2026-05-12 20:00:00+00:00,295.0,297.99,289.0,295.01,285.55,501
2026-05-12 21:00:00+00:00,295.01,299.0,282.9,287.78,378.21,635
2026-05-12 22:00:00+00:00,287.8,295.49,283.09,286.02,521.9,577
2026-05-12 23:00:00+00:00,286.01,299.15,286.01,294.64,400.84,384
2026-05-13 00:00:00+00:00,294.69,299.15,294.25,297.32,157.18,334
2026-05-13 01:00:00+00:00,297.21,297.83,294.64,297.59,96.37,261
2026-05-13 02:00:00+00:00,296.41,298.0,296.39,298.0,87.73,107
2026-05-13 03:00:00+00:00,297.99,301.0,297.99,300.99,433.38,237
2026-05-13 04:00:00+00:00,300.99,304.0,300.73,303.8,811.87,809
2026-05-13 05:00:00+00:00,303.8,310.0,300.73,309.49,802.58,1025
2026-05-13 06:00:00+00:00,309.1,311.08,308.88,311.08,914.38,568
2026-05-13 07:00:00+00:00,311.08,312.7,309.0,312.68,418.74,309
2026-05-13 08:00:00+00:00,312.68,314.34,309.04,314.33,622.05,382
2026-05-13 09:00:00+00:00,314.34,320.0,305.67,312.0,1656.11,1058
2026-05-13 10:00:00+00:00,311.01,314.6,301.92,307.0,507.3,1118
2026-05-13 11:00:00+00:00,307.0,314.6,307.0,311.78,113.43,101
2026-05-13 12:00:00+00:00,311.22,314.5,300.0,302.85,1205.8,702
2026-05-13 13:00:00+00:00,302.87,308.5,295.0,297.02,736.77,1177
2026-05-13 14:00:00+00:00,297.17,304.1,296.68,303.86,1292.16,487
2026-05-13 15:00:00+00:00,303.86,323.18,300.31,308.16,2789.39,1731
2026-05-13 16:00:00+00:00,308.94,321.0,301.88,305.08,1061.42,904
2026-05-13 17:00:00+00:00,309.14,309.14,302.0,306.49,222.59,332
2026-05-13 18:00:00+00:00,306.57,314.8,305.0,310.5,562.99,986
2026-05-13 19:00:00+00:00,310.69,319.0,300.0,309.9,1572.5,1216
2026-05-13 20:00:00+00:00,309.63,309.98,285.0,288.61,5647.42,5047
2026-05-13 21:00:00+00:00,288.6,294.45,281.71,285.0,3831.65,4418
2026-05-13 22:00:00+00:00,284.59,297.2,282.2,288.15,2960.71,2794
2026-05-13 23:00:00+00:00,288.36,298.45,285.0,289.0,3601.83,3086
2026-05-14 00:00:00+00:00,289.68,295.89,287.0,293.45,2060.29,2912
2026-05-14 01:00:00+00:00,293.54,295.92,285.0,289.1,2283.43,2173
2026-05-14 02:00:00+00:00,289.1,297.0,287.8,293.28,3080.61,3584
2026-05-14 03:00:00+00:00,293.31,294.69,289.0,289.12,1733.13,3620
2026-05-14 04:00:00+00:00,289.49,291.0,284.0,288.63,1971.55,3163
2026-05-14 05:00:00+00:00,289.48,294.25,285.35,292.76,1083.32,3328
2026-05-14 06:00:00+00:00,293.38,299.42,292.0,292.1,3422.15,3650
2026-05-14 07:00:00+00:00,292.4,302.67,287.9,298.89,5817.31,3900
2026-05-14 08:00:00+00:00,298.91,303.38,295.0,299.09,5982.49,5129
2026-05-14 09:00:00+00:00,300.2,303.03,288.09,291.6,4625.51,4440
2026-05-14 10:00:00+00:00,291.62,299.0,288.22,288.3,4271.17,4115
2026-05-14 11:00:00+00:00,288.5,293.09,281.1,284.01,8933.55,5685
2026-05-14 12:00:00+00:00,284.02,297.45,281.1,290.4,9821.94,6968
2026-05-14 13:00:00+00:00,290.4,303.24,278.85,298.13,22397.79,12884
2026-05-14 14:00:00+00:00,297.81,392.42,289.78,369.85,238777.37,51702
2026-05-14 15:00:00+00:00,369.5,373.55,331.11,342.16,88915.97,25817
2026-05-14 16:00:00+00:00,342.66,376.73,338.0,376.73,60475.08,19000
2026-05-14 17:00:00+00:00,375.06,389.0,303.13,304.09,226737.07,37366
2026-05-14 18:00:00+00:00,303.9,327.1,301.11,318.4,76360.06,11186
2026-05-14 19:00:00+00:00,318.34,329.99,306.9,312.02,28512.74,5073
2026-05-14 20:00:00+00:00,311.69,323.65,306.63,320.65,10897.49,3785
2026-05-14 21:00:00+00:00,320.45,327.5,319.84,325.08,10527.38,3118
2026-05-14 22:00:00+00:00,325.23,335.0,323.13,333.54,10251.3,3061
2026-05-14 23:00:00+00:00,333.54,333.73,325.64,329.4,5196.78,2094
2026-05-15 00:00:00+00:00,329.77,338.0,328.07,330.51,5601.18,2932
2026-05-15 01:00:00+00:00,330.7,331.7,322.0,322.0,8726.73,1758
2026-05-15 02:00:00+00:00,322.76,329.0,320.01,328.39,2638.09,1987
2026-05-15 03:00:00+00:00,328.99,330.98,325.93,330.98,1239.71,1483
2026-05-15 04:00:00+00:00,330.96,331.48,323.18,326.99,2251.66,1934
2026-05-15 05:00:00+00:00,327.24,327.58,315.47,315.47,3894.62,2908
2026-05-15 06:00:00+00:00,315.48,328.9,310.0,326.09,8107.9,8232
2026-05-15 07:00:00+00:00,326.09,329.31,321.52,326.14,2892.31,3017
2026-05-15 08:00:00+00:00,326.2,332.62,316.12,316.12,13185.76,4560
2026-05-15 09:00:00+00:00,316.0,317.25,290.15,302.77,34415.58,7604
2026-05-15 10:00:00+00:00,302.47,307.0,296.81,306.5,14677.07,4725
2026-05-15 11:00:00+00:00,306.68,309.06,294.45,295.98,8877.65,4468
2026-05-15 12:00:00+00:00,296.28,308.49,292.12,306.02,9833.47,4361
2026-05-15 13:00:00+00:00,306.58,308.0,276.0,286.66,64079.67,9548
2026-05-15 14:00:00+00:00,286.78,299.41,286.36,296.83,24439.21,4825
2026-05-15 15:00:00+00:00,296.84,306.24,289.15,294.37,14128.04,3892
2026-05-15 16:00:00+00:00,294.38,300.42,293.2,299.32,6393.92,1614
2026-05-15 17:00:00+00:00,299.31,301.18,296.28,299.33,14780.39,2611
2026-05-15 18:00:00+00:00,299.44,299.96,294.01,294.79,12159.85,1562
2026-05-15 19:00:00+00:00,294.96,296.77,275.43,279.07,16283.8,3878
2026-05-15 20:00:00+00:00,279.39,283.55,277.11,280.77,8031.01,3549
2026-05-15 21:00:00+00:00,280.58,289.85,280.16,282.7,5129.42,1783
2026-05-15 22:00:00+00:00,282.62,284.69,281.39,281.5,2343.68,438
2026-05-15 23:00:00+00:00,281.76,283.66,278.58,278.77,2342.57,623
2026-05-16 00:00:00+00:00,279.26,282.11,279.0,280.23,574.87,438
2026-05-16 01:00:00+00:00,280.37,281.79,267.0,271.0,11344.28,5915
2026-05-16 02:00:00+00:00,271.0,274.96,266.08,266.98,7546.17,5208
2026-05-16 03:00:00+00:00,266.79,274.27,265.86,269.36,4598.62,3734
2026-05-16 04:00:00+00:00,269.36,272.73,268.42,272.57,1100.46,1269
2026-05-16 05:00:00+00:00,272.91,274.96,270.91,273.39,777.47,958
2026-05-16 06:00:00+00:00,273.74,274.96,270.02,273.23,1592.62,1694
2026-05-16 07:00:00+00:00,273.77,273.9,268.1,270.43,1442.41,1789
2026-05-16 08:00:00+00:00,270.89,273.0,270.11,271.95,600.91,1488
2026-05-16 09:00:00+00:00,272.5,273.5,270.52,273.5,433.3,1117
2026-05-16 10:00:00+00:00,273.09,273.62,272.11,272.11,124.95,386
2026-05-16 11:00:00+00:00,272.14,273.3,271.08,272.19,410.96,354
2026-05-16 12:00:00+00:00,272.19,273.32,270.7,271.36,413.75,537
2026-05-16 13:00:00+00:00,271.38,272.96,270.0,271.36,392.68,715
2026-05-16 14:00:00+00:00,271.35,271.35,269.05,269.61,834.19,811
2026-05-16 15:00:00+00:00,269.9,274.82,269.54,273.28,1032.56,1120
2026-05-16 16:00:00+00:00,273.46,274.0,270.98,272.39,339.88,502
2026-05-16 17:00:00+00:00,272.29,272.34,270.0,271.56,380.12,462
2026-05-16 18:00:00+00:00,271.56,271.56,270.0,270.78,400.56,221
2026-05-16 19:00:00+00:00,270.72,271.97,270.21,271.97,274.55,324
2026-05-16 20:00:00+00:00,271.92,273.92,271.92,273.89,368.56,446
2026-05-16 21:00:00+00:00,273.84,274.68,272.96,273.26,113.87,188
2026-05-16 22:00:00+00:00,273.05,273.77,272.41,273.42,68.19,146
2026-05-16 23:00:00+00:00,272.57,273.54,272.09,272.49,83.12,134
2026-05-17 00:00:00+00:00,272.51,272.52,271.6,272.01,159.62,348
2026-05-17 01:00:00+00:00,272.02,272.02,271.61,271.71,220.42,239
2026-05-17 02:00:00+00:00,271.7,272.28,270.51,271.95,383.12,495
2026-05-17 03:00:00+00:00,271.94,273.68,271.24,273.63,468.81,601
2026-05-17 04:00:00+00:00,273.63,273.68,272.27,273.1,206.21,472
2026-05-17 05:00:00+00:00,273.1,273.95,273.03,273.36,119.83,439
2026-05-17 06:00:00+00:00,273.38,273.66,272.5,273.52,294.82,480
2026-05-17 07:00:00+00:00,273.52,273.65,273.5,273.65,82.32,60
2026-05-17 08:00:00+00:00,273.63,274.14,272.67,273.0,264.6,259
2026-05-17 09:00:00+00:00,272.99,273.0,271.64,271.64,403.04,197
2026-05-17 10:00:00+00:00,272.03,273.18,271.55,271.64,118.98,123
2026-05-17 11:00:00+00:00,271.64,272.47,271.37,272.27,98.74,125
2026-05-17 12:00:00+00:00,272.02,273.32,272.01,273.29,108.13,85
2026-05-17 13:00:00+00:00,273.19,274.68,273.19,274.56,333.51,251
2026-05-17 14:00:00+00:00,274.53,276.73,274.52,275.22,738.37,406
2026-05-17 15:00:00+00:00,275.22,278.81,274.3,277.25,1697.51,998
2026-05-17 16:00:00+00:00,277.25,278.31,276.99,277.86,438.38,628
2026-05-17 17:00:00+00:00,277.86,277.87,273.13,275.15,1076.34,1244
2026-05-17 18:00:00+00:00,275.04,277.23,274.96,276.82,287.53,448
2026-05-17 19:00:00+00:00,276.58,278.65,275.2,277.11,837.77,347
2026-05-17 20:00:00+00:00,276.96,286.38,268.0,269.37,8877.65,4486
2026-05-17 21:00:00+00:00,269.49,272.19,262.0,271.93,15765.86,6722
2026-05-17 22:00:00+00:00,271.94,274.15,269.39,273.8,2284.27,2087
2026-05-17 23:00:00+00:00,273.94,274.21,263.03,265.93,4399.51,2941
2026-05-18 00:00:00+00:00,265.18,272.01,260.0,263.12,17640.31,4373
2026-05-18 01:00:00+00:00,263.35,266.49,262.21,266.49,3023.26,1761
2026-05-18 02:00:00+00:00,266.47,273.31,264.71,267.69,3743.84,2284
2026-05-18 03:00:00+00:00,267.67,271.93,266.58,271.86,1914.81,2202
2026-05-18 04:00:00+00:00,271.87,272.35,266.32,269.91,1816.58,1793
2026-05-18 05:00:00+00:00,269.91,273.79,269.03,273.55,1794.35,1925
2026-05-18 06:00:00+00:00,273.25,273.56,270.5,272.63,1405.01,1861
2026-05-18 07:00:00+00:00,272.63,275.4,272.36,272.61,2051.38,1803
2026-05-18 08:00:00+00:00,272.62,286.94,271.91,285.95,8022.73,3819
2026-05-18 09:00:00+00:00,285.96,286.95,283.82,285.23,3551.68,1950
2026-05-18 10:00:00+00:00,285.23,285.66,276.53,279.25,4290.03,2500
2026-05-18 11:00:00+00:00,279.3,284.1,278.03,283.03,4132.67,2982
2026-05-18 12:00:00+00:00,283.14,297.04,280.01,294.43,7566.53,3247
2026-05-18 13:00:00+00:00,294.43,302.44,281.08,297.34,24594.0,5696
2026-05-18 14:00:00+00:00,297.64,298.99,272.65,287.89,28930.55,6352
2026-05-18 15:00:00+00:00,288.01,297.41,287.57,296.19,15956.2,4178
2026-05-18 16:00:00+00:00,296.2,296.3,283.52,290.81,16889.69,5476
2026-05-18 17:00:00+00:00,291.15,300.99,290.93,298.5,11739.49,5905
2026-05-18 18:00:00+00:00,298.55,299.0,293.35,298.14,11119.11,4751
2026-05-18 19:00:00+00:00,298.15,301.44,291.25,296.68,8153.88,2089
2026-05-18 20:00:00+00:00,296.5,303.66,294.16,303.48,3547.48,1662
2026-05-18 21:00:00+00:00,303.5,303.51,300.2,302.88,908.06,490
2026-05-18 22:00:00+00:00,302.82,302.82,300.01,300.17,1252.61,541
2026-05-18 23:00:00+00:00,300.26,305.43,300.26,302.65,1705.14,637
2026-05-19 00:00:00+00:00,302.65,308.73,302.47,304.8,1662.68,663
2026-05-19 01:00:00+00:00,304.32,304.32,296.76,297.95,2403.54,470
2026-05-19 02:00:00+00:00,297.91,302.49,296.83,298.09,1506.8,263
2026-05-19 03:00:00+00:00,298.09,298.26,292.63,294.14,3740.24,1010
2026-05-19 04:00:00+00:00,294.46,296.54,292.55,296.54,2701.98,747
2026-05-19 05:00:00+00:00,296.47,300.7,294.7,299.49,1214.73,336
2026-05-19 06:00:00+00:00,299.43,301.55,297.0,301.55,602.37,236
2026-05-19 07:00:00+00:00,301.43,304.27,300.06,301.93,1871.94,376
2026-05-19 08:00:00+00:00,302.2,302.55,296.99,299.37,1315.17,524
2026-05-19 09:00:00+00:00,299.31,299.31,292.15,295.08,1818.04,621
2026-05-19 10:00:00+00:00,294.69,295.58,292.38,295.02,2512.98,387
2026-05-19 11:00:00+00:00,294.71,294.71,286.0,288.5,1434.55,885
2026-05-19 12:00:00+00:00,288.45,292.52,286.69,290.95,934.07,645
2026-05-19 13:00:00+00:00,290.77,319.5,286.37,311.58,19013.55,4487
2026-05-19 14:00:00+00:00,312.03,324.24,308.0,323.65,31946.15,6623
2026-05-19 15:00:00+00:00,323.69,331.72,318.76,325.21,31361.5,5436
2026-05-19 16:00:00+00:00,325.21,333.38,316.37,327.87,17675.75,5052
2026-05-19 17:00:00+00:00,328.03,328.18,310.8,313.6,20203.04,4278
2026-05-19 18:00:00+00:00,313.71,320.57,310.46,314.47,13181.52,3562
2026-05-19 19:00:00+00:00,314.47,318.0,301.17,303.89,11535.54,3198
2026-05-19 20:00:00+00:00,303.66,310.38,301.6,306.17,4453.04,1440
2026-05-19 21:00:00+00:00,306.11,308.49,305.96,307.21,3607.79,770
2026-05-19 22:00:00+00:00,307.21,308.48,305.84,306.37,3345.91,541
2026-05-19 23:00:00+00:00,306.39,308.49,306.01,306.99,1580.19,467
2026-05-20 00:00:00+00:00,307.05,307.63,304.29,307.63,4268.83,986
2026-05-20 01:00:00+00:00,307.5,307.52,305.41,307.25,2438.98,768
2026-05-20 02:00:00+00:00,307.19,316.22,307.16,311.64,3186.56,1159
2026-05-20 03:00:00+00:00,311.68,312.6,308.89,309.52,1316.4,621
2026-05-20 04:00:00+00:00,309.34,309.95,306.57,307.11,1126.29,513
2026-05-20 05:00:00+00:00,306.79,312.5,306.78,310.52,716.79,466
2026-05-20 06:00:00+00:00,310.53,312.49,307.81,309.1,993.21,525
2026-05-20 07:00:00+00:00,308.79,313.97,308.79,311.27,1479.13,643
2026-05-20 08:00:00+00:00,311.0,315.04,311.0,313.69,2972.55,1286
2026-05-20 09:00:00+00:00,313.66,316.2,312.86,313.39,1468.2,540
2026-05-20 10:00:00+00:00,313.45,317.13,313.27,316.38,726.48,505
2026-05-20 11:00:00+00:00,316.36,317.63,312.15,313.53,1621.49,521
2026-05-20 12:00:00+00:00,313.5,316.06,312.5,315.6,4420.46,733
2026-05-20 13:00:00+00:00,315.94,337.0,314.66,327.61,20592.03,4664
2026-05-20 14:00:00+00:00,327.52,327.89,314.33,316.64,26041.12,6892
2026-05-20 15:00:00+00:00,316.54,316.84,290.89,293.92,22847.2,6109
2026-05-20 16:00:00+00:00,293.92,297.41,288.0,291.23,7910.56,1888
2026-05-20 17:00:00+00:00,291.05,297.24,290.94,294.55,3914.3,1033
2026-05-20 18:00:00+00:00,294.64,297.93,293.0,293.3,3672.08,1249
2026-05-20 19:00:00+00:00,293.1,295.63,284.44,291.17,5358.56,1778
2026-05-20 20:00:00+00:00,290.85,296.67,287.64,295.95,3553.38,1232
2026-05-20 21:00:00+00:00,295.9,295.95,292.0,292.02,4348.91,928
2026-05-20 22:00:00+00:00,292.1,292.1,288.08,290.22,2115.0,756
2026-05-20 23:00:00+00:00,290.24,290.31,286.8,288.62,2032.54,539
2026-05-21 00:00:00+00:00,288.89,295.55,287.28,294.79,2487.35,597
2026-05-21 01:00:00+00:00,294.86,294.86,287.73,292.18,1722.32,523
2026-05-21 02:00:00+00:00,292.28,293.33,291.15,291.16,672.19,203
2026-05-21 03:00:00+00:00,291.1,292.34,290.61,291.46,268.54,183
2026-05-21 04:00:00+00:00,291.35,293.1,291.35,292.38,265.73,156
2026-05-21 05:00:00+00:00,292.41,292.42,290.96,291.73,931.24,415
2026-05-21 06:00:00+00:00,291.69,291.84,285.0,285.07,3385.72,1101
2026-05-21 07:00:00+00:00,285.22,289.41,284.63,289.15,2417.94,647
2026-05-21 08:00:00+00:00,289.15,294.0,289.1,290.95,1488.43,831
2026-05-21 09:00:00+00:00,291.06,292.44,288.59,290.73,1109.89,520
2026-05-21 10:00:00+00:00,290.69,292.95,288.0,291.32,2377.68,850
2026-05-21 11:00:00+00:00,291.16,296.65,290.39,294.45,1837.22,540
2026-05-21 12:00:00+00:00,294.26,295.62,291.35,291.56,1363.51,360
2026-05-21 13:00:00+00:00,291.47,293.83,283.62,288.7,12939.26,2698
2026-05-21 14:00:00+00:00,287.86,293.38,284.64,289.81,11910.65,2127
2026-05-21 15:00:00+00:00,289.4,289.87,276.87,277.03,15149.46,2668
2026-05-21 16:00:00+00:00,277.25,281.72,277.17,277.43,7916.33,1661
2026-05-21 17:00:00+00:00,277.42,284.7,275.74,284.46,5661.21,1532
2026-05-21 18:00:00+00:00,284.4,285.08,278.04,278.52,3980.04,951
2026-05-21 19:00:00+00:00,278.51,281.84,277.22,281.84,985.95,417
2026-05-21 20:00:00+00:00,281.88,282.24,278.66,281.67,835.96,293
2026-05-21 21:00:00+00:00,281.53,282.57,281.43,282.19,456.99,79
2026-05-21 22:00:00+00:00,282.2,283.53,282.19,283.12,849.11,188
2026-05-21 23:00:00+00:00,282.92,283.49,282.83,282.83,672.29,148
2026-05-22 00:00:00+00:00,283.25,283.39,280.87,281.74,1718.97,240
2026-05-22 01:00:00+00:00,281.85,282.59,280.66,280.89,451.03,206
2026-05-22 02:00:00+00:00,281.07,283.64,281.07,283.48,2395.53,246
2026-05-22 03:00:00+00:00,283.49,284.55,282.96,284.32,3821.66,503
2026-05-22 04:00:00+00:00,284.34,284.92,282.94,283.19,2417.29,509
2026-05-22 05:00:00+00:00,283.19,284.78,283.06,284.38,1693.78,348
2026-05-22 06:00:00+00:00,284.34,285.5,284.02,284.79,2440.75,413
2026-05-22 07:00:00+00:00,284.73,286.22,283.49,285.91,4631.34,781
2026-05-22 08:00:00+00:00,285.96,288.87,283.54,283.66,7119.28,1289
2026-05-22 09:00:00+00:00,283.77,284.73,278.34,281.56,5376.32,1205
2026-05-22 10:00:00+00:00,281.41,282.46,279.93,281.17,1437.06,466
2026-05-22 11:00:00+00:00,281.17,283.71,281.13,283.6,3356.51,530
2026-05-22 12:00:00+00:00,283.6,285.55,283.49,284.63,1974.57,380
2026-05-22 13:00:00+00:00,284.62,285.13,266.6,267.32,20541.57,3531
2026-05-22 14:00:00+00:00,266.81,266.81,253.6,258.4,54385.65,8412
2026-05-22 15:00:00+00:00,258.4,271.47,257.94,271.44,12887.9,2347
2026-05-22 16:00:00+00:00,271.22,271.32,262.27,264.05,12863.62,2044
2026-05-22 17:00:00+00:00,264.18,264.42,256.93,259.29,5680.93,1168
2026-05-22 18:00:00+00:00,259.35,260.0,252.48,252.48,6817.49,1288
2026-05-22 19:00:00+00:00,252.45,258.15,250.18,256.53,13075.08,1839
2026-05-22 20:00:00+00:00,256.8,256.8,253.14,254.85,1183.74,276
2026-05-22 21:00:00+00:00,255.14,255.41,254.22,255.34,1410.11,618
2026-05-22 22:00:00+00:00,255.34,256.45,254.81,255.85,833.09,282
2026-05-22 23:00:00+00:00,255.82,256.19,252.18,252.55,3781.87,1173
2026-05-23 00:00:00+00:00,252.4,252.55,249.82,250.43,2284.3,963
2026-05-23 01:00:00+00:00,250.58,252.0,248.29,250.89,2612.54,1192
2026-05-23 02:00:00+00:00,250.96,251.97,249.99,251.53,1410.07,576
2026-05-23 03:00:00+00:00,251.53,252.0,249.99,250.47,508.47,214
2026-05-23 04:00:00+00:00,250.58,251.97,250.57,251.24,515.72,209
2026-05-23 05:00:00+00:00,251.3,251.3,249.8,250.79,867.17,395
2026-05-23 06:00:00+00:00,250.78,250.8,249.5,249.79,410.34,171
2026-05-23 07:00:00+00:00,249.89,251.43,249.0,249.48,600.78,230
2026-05-23 08:00:00+00:00,249.49,249.98,245.0,247.47,2861.71,1108
2026-05-23 09:00:00+00:00,247.35,248.96,246.39,247.21,592.79,369
2026-05-23 10:00:00+00:00,247.61,247.97,246.58,246.58,348.41,189
2026-05-23 11:00:00+00:00,246.78,248.37,246.56,247.64,483.67,299
2026-05-23 12:00:00+00:00,247.43,248.16,247.33,247.99,257.39,113
2026-05-23 13:00:00+00:00,248.03,249.08,247.26,247.94,246.12,118
2026-05-23 14:00:00+00:00,248.24,253.0,247.73,251.35,2273.35,580
2026-05-23 15:00:00+00:00,251.48,252.98,250.45,251.48,656.6,426
2026-05-23 16:00:00+00:00,251.66,252.98,251.57,252.65,345.59,249
2026-05-23 17:00:00+00:00,252.26,253.0,252.17,252.67,571.46,301
2026-05-23 18:00:00+00:00,252.65,255.99,252.0,255.63,1342.45,801
2026-05-23 19:00:00+00:00,255.24,258.15,255.18,256.67,821.88,738
2026-05-23 20:00:00+00:00,256.82,259.36,255.36,259.21,857.55,404
2026-05-23 21:00:00+00:00,259.28,262.54,258.08,260.79,1595.76,1480
2026-05-23 22:00:00+00:00,260.89,262.57,259.48,260.95,395.21,591
2026-05-23 23:00:00+00:00,261.62,261.62,259.63,259.66,321.76,399
2026-05-24 00:00:00+00:00,259.89,261.5,257.91,261.49,1029.39,792
2026-05-24 01:00:00+00:00,261.49,261.5,258.57,259.1,1618.0,771
2026-05-24 02:00:00+00:00,259.2,260.14,256.73,258.4,799.26,502
2026-05-24 03:00:00+00:00,258.41,258.95,256.4,257.63,500.5,325
2026-05-24 04:00:00+00:00,257.63,258.92,257.41,258.87,220.95,282
2026-05-24 05:00:00+00:00,258.82,258.95,258.03,258.84,238.01,268
2026-05-24 06:00:00+00:00,258.84,259.02,258.07,259.02,354.79,372
2026-05-24 07:00:00+00:00,259.07,261.5,258.71,261.38,536.84,390
2026-05-24 08:00:00+00:00,261.38,261.5,259.76,261.5,571.23,360
2026-05-24 09:00:00+00:00,261.5,261.5,260.8,261.31,545.52,345
2026-05-24 10:00:00+00:00,261.29,261.5,260.64,261.49,581.4,424
2026-05-24 11:00:00+00:00,261.49,261.5,260.6,261.06,826.23,455
2026-05-24 12:00:00+00:00,261.3,261.5,260.21,261.41,414.89,342
2026-05-24 13:00:00+00:00,261.38,261.5,257.85,259.0,803.77,539
2026-05-24 14:00:00+00:00,258.99,261.49,255.0,261.21,1455.39,1062
2026-05-24 15:00:00+00:00,261.4,261.5,256.88,258.86,728.73,519
2026-05-24 16:00:00+00:00,258.92,259.68,257.74,258.63,317.27,393
2026-05-24 17:00:00+00:00,258.96,259.73,257.42,258.9,192.93,319
2026-05-24 18:00:00+00:00,259.06,261.5,258.93,261.5,215.79,319
2026-05-24 19:00:00+00:00,261.5,261.5,260.28,261.1,240.35,349
2026-05-24 20:00:00+00:00,260.99,264.95,260.54,263.55,1207.58,526
2026-05-24 21:00:00+00:00,263.54,263.79,260.8,260.92,152.32,346
2026-05-24 22:00:00+00:00,260.92,263.58,260.92,263.54,142.53,233
2026-05-24 23:00:00+00:00,263.18,263.66,262.52,262.97,258.54,233
2026-05-25 00:00:00+00:00,262.94,264.11,262.77,263.25,170.4,528
2026-05-25 01:00:00+00:00,263.11,263.5,260.55,261.3,178.14,508
2026-05-25 02:00:00+00:00,261.38,261.95,258.57,259.66,371.89,234
2026-05-25 03:00:00+00:00,259.96,261.74,259.49,260.17,132.16,231
2026-05-25 04:00:00+00:00,260.12,261.55,260.12,261.03,75.72,133
2026-05-25 05:00:00+00:00,261.27,262.41,260.99,262.13,213.63,201
2026-05-25 06:00:00+00:00,262.25,262.58,261.24,262.39,114.68,137
2026-05-25 07:00:00+00:00,262.57,265.35,262.26,264.13,597.22,396
2026-05-25 08:00:00+00:00,264.04,265.48,263.49,265.41,234.94,417
2026-05-25 09:00:00+00:00,265.41,265.62,263.85,264.75,276.39,495
2026-05-25 10:00:00+00:00,264.66,269.5,264.1,268.16,717.82,724
2026-05-25 11:00:00+00:00,268.1,269.75,265.48,265.98,578.32,651
2026-05-25 12:00:00+00:00,266.15,266.69,263.34,265.73,405.03,568
2026-05-25 13:00:00+00:00,265.7,267.38,262.65,264.27,1082.89,711
2026-05-25 14:00:00+00:00,264.22,266.23,264.0,265.53,205.21,277
2026-05-25 15:00:00+00:00,265.52,265.55,263.81,264.83,127.31,191
2026-05-25 16:00:00+00:00,264.84,265.83,264.66,265.54,222.58,160
2026-05-25 17:00:00+00:00,265.54,266.13,265.1,265.8,34.09,39
2026-05-25 18:00:00+00:00,265.97,266.46,265.97,266.08,35.23,27
2026-05-25 19:00:00+00:00,265.87,266.19,265.07,266.05,113.06,42
2026-05-25 20:00:00+00:00,266.15,266.34,264.89,265.01,86.11,35
2026-05-25 21:00:00+00:00,264.84,265.48,264.78,265.3,32.09,56
2026-05-25 22:00:00+00:00,265.35,265.35,262.93,263.98,431.08,161
2026-05-25 23:00:00+00:00,263.83,264.61,263.44,263.73,27.13,37
2026-05-26 00:00:00+00:00,263.55,263.57,258.31,258.77,1852.11,650
2026-05-26 01:00:00+00:00,258.86,259.98,257.04,257.13,531.88,184
2026-05-26 02:00:00+00:00,257.1,257.59,254.81,255.81,980.81,333
2026-05-26 03:00:00+00:00,255.91,258.38,255.41,257.14,2859.17,647
2026-05-26 04:00:00+00:00,257.46,257.82,255.2,255.34,769.37,266
2026-05-26 05:00:00+00:00,255.7,256.45,254.52,255.56,805.32,215
2026-05-26 06:00:00+00:00,255.82,256.41,254.77,255.68,187.65,91
2026-05-26 07:00:00+00:00,255.65,256.17,255.02,256.06,296.49,150
2026-05-26 08:00:00+00:00,256.32,256.32,251.55,253.51,1814.91,273
2026-05-26 09:00:00+00:00,253.65,258.37,253.65,258.13,2127.11,376
2026-05-26 10:00:00+00:00,258.13,260.89,257.53,257.87,1475.35,310
2026-05-26 11:00:00+00:00,257.57,260.67,257.08,259.81,1355.16,393
2026-05-26 12:00:00+00:00,259.9,262.46,259.28,261.0,15919.76,1133
2026-05-26 13:00:00+00:00,260.94,262.17,236.24,237.17,34213.26,5587
2026-05-26 14:00:00+00:00,237.24,247.89,237.09,242.85,24158.35,4046
2026-05-26 15:00:00+00:00,242.73,255.76,242.44,251.62,20597.02,2938
2026-05-26 16:00:00+00:00,251.6,254.31,246.6,247.19,8203.37,1655
2026-05-26 17:00:00+00:00,247.3,249.99,242.92,243.1,5338.63,806
2026-05-26 18:00:00+00:00,243.33,244.89,241.3,241.72,4479.52,889
2026-05-26 19:00:00+00:00,241.81,244.4,241.21,241.96,3923.04,752
2026-05-26 20:00:00+00:00,242.29,243.0,241.63,241.9,1067.79,305
2026-05-26 21:00:00+00:00,242.07,242.22,240.99,241.3,747.31,145
2026-05-26 22:00:00+00:00,241.31,241.47,240.66,240.87,584.68,164
2026-05-26 23:00:00+00:00,240.9,241.18,240.66,241.09,811.26,188
2026-05-27 00:00:00+00:00,241.09,244.19,236.32,241.31,2998.08,751
2026-05-27 01:00:00+00:00,241.34,243.02,240.82,242.64,1288.84,400
2026-05-27 02:00:00+00:00,242.62,243.18,241.84,242.8,1075.85,350
2026-05-27 03:00:00+00:00,242.8,243.2,241.29,242.47,2341.47,521
2026-05-27 04:00:00+00:00,242.41,243.07,241.47,242.13,1597.1,259
2026-05-27 05:00:00+00:00,242.45,242.54,241.38,242.54,154.97,98
2026-05-27 06:00:00+00:00,242.46,242.67,241.42,242.27,1505.38,201
2026-05-27 07:00:00+00:00,242.3,243.03,242.0,242.68,1796.31,260
2026-05-27 08:00:00+00:00,242.56,248.42,242.33,246.44,2272.47,512
2026-05-27 09:00:00+00:00,246.66,246.82,245.16,246.17,1437.62,457
2026-05-27 10:00:00+00:00,246.54,246.78,245.53,245.78,2816.68,500
2026-05-27 11:00:00+00:00,245.78,246.04,244.15,245.81,1942.02,525
2026-05-27 12:00:00+00:00,245.69,245.69,243.71,244.39,3354.05,918
2026-05-27 13:00:00+00:00,244.37,260.0,243.31,257.73,23929.23,3911
2026-05-27 14:00:00+00:00,257.6,266.39,254.92,259.76,36729.23,5515
2026-05-27 15:00:00+00:00,259.58,259.58,255.06,256.26,11847.24,2713
2026-05-27 16:00:00+00:00,255.94,256.5,249.65,254.67,7800.88,2205
2026-05-27 17:00:00+00:00,254.56,263.82,254.3,262.56,8309.95,2213
2026-05-27 18:00:00+00:00,262.73,263.27,258.58,261.29,6836.73,1490
2026-05-27 19:00:00+00:00,261.35,269.25,257.68,266.81,8392.42,1598
2026-05-27 20:00:00+00:00,266.96,270.56,265.58,269.5,6559.35,1275
2026-05-27 21:00:00+00:00,269.44,269.97,267.13,267.56,1772.97,467
2026-05-27 22:00:00+00:00,267.73,268.57,267.13,267.39,1274.45,276
2026-05-27 23:00:00+00:00,267.38,267.76,263.0,263.01,557.42,273
2026-05-28 00:00:00+00:00,263.24,267.22,261.7,267.21,1250.84,348
2026-05-28 01:00:00+00:00,267.22,267.5,265.44,265.57,1119.05,254
2026-05-28 02:00:00+00:00,265.5,266.4,264.96,265.72,1351.95,462
2026-05-28 03:00:00+00:00,265.96,266.56,255.57,256.46,6906.05,1130
2026-05-28 04:00:00+00:00,256.55,258.08,252.73,257.2,4250.65,880
2026-05-28 05:00:00+00:00,257.4,263.89,255.85,263.23,3597.15,846
2026-05-28 06:00:00+00:00,263.55,264.83,262.72,264.66,1394.64,373
2026-05-28 07:00:00+00:00,264.78,265.19,263.2,263.67,1343.94,244
2026-05-28 08:00:00+00:00,263.41,264.0,261.17,262.87,1136.47,446
2026-05-28 09:00:00+00:00,263.2,263.85,261.19,262.7,629.03,200
2026-05-28 10:00:00+00:00,262.43,262.9,261.39,261.87,1570.6,299
2026-05-28 11:00:00+00:00,261.79,262.8,259.0,261.8,887.4,388
2026-05-28 12:00:00+00:00,261.79,264.81,260.57,263.65,2210.9,514
2026-05-28 13:00:00+00:00,263.48,266.41,257.51,262.01,11296.99,2373
2026-05-28 14:00:00+00:00,261.96,261.96,256.61,258.08,10800.89,1964
2026-05-28 15:00:00+00:00,257.97,268.66,257.64,262.69,12274.54,2915
2026-05-28 16:00:00+00:00,262.69,262.84,246.83,249.34,15536.93,3150
2026-05-28 17:00:00+00:00,249.09,249.24,242.91,246.09,20082.97,3606
2026-05-28 18:00:00+00:00,245.82,248.2,244.61,247.12,2960.02,804
2026-05-28 19:00:00+00:00,247.15,248.48,241.51,242.51,3190.04,771
2026-05-28 20:00:00+00:00,242.69,244.56,241.4,244.32,1826.32,522
2026-05-28 21:00:00+00:00,244.12,244.73,243.93,244.73,525.11,189
2026-05-28 22:00:00+00:00,244.85,245.36,243.86,244.57,432.11,167
2026-05-28 23:00:00+00:00,244.42,245.68,244.42,245.48,782.86,210
2026-05-29 00:00:00+00:00,245.38,248.46,244.92,245.69,921.63,325
2026-05-29 01:00:00+00:00,246.22,246.22,241.83,243.24,5509.64,1414
2026-05-29 02:00:00+00:00,243.3,244.15,242.68,243.57,529.29,226
2026-05-29 03:00:00+00:00,243.62,244.01,243.19,243.27,301.09,189
2026-05-29 04:00:00+00:00,243.21,244.6,242.39,244.2,780.5,504
2026-05-29 05:00:00+00:00,243.95,244.4,242.59,242.65,944.25,810
2026-05-29 06:00:00+00:00,242.81,243.28,242.46,242.81,720.8,632
2026-05-29 07:00:00+00:00,242.84,243.32,242.59,243.2,541.33,279
2026-05-29 08:00:00+00:00,243.19,246.08,243.05,245.05,1884.25,411
2026-05-29 09:00:00+00:00,244.93,247.48,243.96,246.51,1431.34,372
2026-05-29 10:00:00+00:00,246.51,247.26,246.3,246.87,561.06,200
2026-05-29 11:00:00+00:00,246.61,246.63,245.12,245.43,799.65,109
2026-05-29 12:00:00+00:00,245.58,246.2,245.05,245.4,733.13,142
2026-05-29 13:00:00+00:00,245.22,250.0,239.15,245.3,12578.47,2203
2026-05-29 14:00:00+00:00,245.16,246.87,232.59,234.16,10841.98,2401
2026-05-29 15:00:00+00:00,234.16,235.65,232.55,234.59,13827.97,2466
2026-05-29 16:00:00+00:00,234.34,239.31,234.34,236.57,6538.48,813
2026-05-29 17:00:00+00:00,236.25,238.11,235.93,236.07,2588.23,470
2026-05-29 18:00:00+00:00,235.97,237.53,235.0,235.64,1510.31,388
2026-05-29 19:00:00+00:00,235.62,237.6,233.15,237.6,2952.13,656
2026-05-29 20:00:00+00:00,237.21,237.24,235.06,235.75,2640.62,819
2026-05-29 21:00:00+00:00,235.76,235.9,235.2,235.53,161.58,118
2026-05-29 22:00:00+00:00,235.51,236.68,235.45,236.68,492.3,146
2026-05-29 23:00:00+00:00,236.53,237.25,236.46,236.65,402.01,100
2026-05-30 00:00:00+00:00,236.67,238.69,236.47,238.45,287.63,269
2026-05-30 01:00:00+00:00,238.46,238.55,237.65,238.16,103.09,124
2026-05-30 02:00:00+00:00,238.3,238.45,236.64,237.47,277.72,133
2026-05-30 03:00:00+00:00,237.04,237.21,235.96,236.22,107.64,91
2026-05-30 04:00:00+00:00,236.23,236.6,235.32,236.07,201.31,103
2026-05-30 05:00:00+00:00,236.49,237.95,236.2,237.65,376.64,94
2026-05-30 06:00:00+00:00,237.45,238.43,237.01,238.0,56.46,48
2026-05-30 07:00:00+00:00,237.94,237.94,236.87,237.3,138.69,47
2026-05-30 08:00:00+00:00,237.18,237.19,235.44,236.76,476.59,84
2026-05-30 09:00:00+00:00,236.64,236.64,236.06,236.35,61.56,63
2026-05-30 10:00:00+00:00,236.37,236.74,236.3,236.74,10.11,19
2026-05-30 11:00:00+00:00,236.81,237.01,236.51,236.82,13.23,25
2026-05-30 12:00:00+00:00,236.94,237.45,236.57,236.82,68.87,53
2026-05-30 13:00:00+00:00,236.46,236.61,233.62,234.85,180.39,162
2026-05-30 14:00:00+00:00,235.0,235.98,234.45,235.12,187.9,113
2026-05-30 15:00:00+00:00,235.14,236.0,235.14,235.7,175.76,169
2026-05-30 16:00:00+00:00,235.72,235.99,234.26,234.31,73.46,204
2026-05-30 17:00:00+00:00,234.32,237.68,233.15,237.68,1147.34,819
2026-05-30 18:00:00+00:00,237.38,237.72,236.1,236.89,223.43,267
2026-05-30 19:00:00+00:00,237.26,238.01,236.71,237.8,147.05,72
2026-05-30 20:00:00+00:00,237.8,238.49,237.8,237.97,51.17,37
2026-05-30 21:00:00+00:00,238.0,238.35,237.68,237.7,131.39,72
2026-05-30 22:00:00+00:00,237.94,238.32,237.6,238.14,103.34,91
2026-05-30 23:00:00+00:00,238.15,238.37,237.91,238.12,65.99,145
2026-05-31 00:00:00+00:00,237.88,238.36,237.7,237.98,33.03,158
2026-05-31 01:00:00+00:00,237.98,238.1,237.62,237.73,73.09,53
2026-05-31 02:00:00+00:00,238.06,238.16,237.6,237.93,46.07,28
2026-05-31 03:00:00+00:00,237.94,239.36,237.94,239.05,95.19,135
2026-05-31 04:00:00+00:00,239.16,239.3,238.52,239.05,121.41,140
2026-05-31 05:00:00+00:00,239.05,240.02,239.0,239.62,121.77,209
2026-05-31 06:00:00+00:00,239.65,240.19,239.21,240.02,246.39,360
2026-05-31 07:00:00+00:00,240.13,240.31,240.0,240.02,73.26,134
2026-05-31 08:00:00+00:00,240.02,240.53,239.86,240.25,45.99,61
2026-05-31 09:00:00+00:00,240.17,240.7,239.97,240.6,42.72,27
2026-05-31 10:00:00+00:00,240.55,240.71,240.47,240.67,73.48,64
2026-05-31 11:00:00+00:00,240.64,241.0,240.22,240.38,213.85,285
2026-05-31 12:00:00+00:00,240.39,240.41,240.06,240.38,87.16,254
2026-05-31 13:00:00+00:00,240.41,240.41,239.02,239.02,177.45,190
2026-05-31 14:00:00+00:00,239.08,240.08,239.0,239.19,237.36,199
2026-05-31 15:00:00+00:00,239.2,240.0,239.2,239.53,46.04,70
2026-05-31 16:00:00+00:00,239.57,239.89,239.1,239.62,132.03,125
2026-05-31 17:00:00+00:00,239.53,240.01,239.01,239.88,387.38,265
2026-05-31 18:00:00+00:00,239.89,240.25,239.66,240.17,67.37,70
2026-05-31 19:00:00+00:00,240.16,240.22,239.11,239.93,73.29,77
2026-05-31 20:00:00+00:00,239.94,240.44,239.83,240.26,35.41,100
2026-05-31 21:00:00+00:00,240.26,240.72,239.77,239.77,130.3,118
2026-05-31 22:00:00+00:00,239.94,241.24,239.38,241.17,131.62,235
2026-05-31 23:00:00+00:00,241.14,242.5,240.99,242.5,252.43,299
2026-06-01 00:00:00+00:00,242.3,242.75,236.36,236.57,2690.79,809
2026-06-01 01:00:00+00:00,236.19,236.19,233.56,235.07,847.66,456
2026-06-01 02:00:00+00:00,234.93,234.93,233.83,234.56,783.17,200
2026-06-01 03:00:00+00:00,234.76,237.36,234.62,236.46,431.23,319
2026-06-01 04:00:00+00:00,236.62,237.1,235.31,236.44,590.01,151
2026-06-01 05:00:00+00:00,236.58,237.05,236.13,236.71,173.17,92
2026-06-01 06:00:00+00:00,236.71,236.8,234.74,235.06,337.82,137
2026-06-01 07:00:00+00:00,235.07,235.42,232.43,234.15,777.56,211
2026-06-01 08:00:00+00:00,234.16,234.84,230.03,232.86,2410.98,800
2026-06-01 09:00:00+00:00,233.08,234.0,231.78,232.49,311.87,162
2026-06-01 10:00:00+00:00,232.72,234.66,232.72,234.42,547.98,136
2026-06-01 11:00:00+00:00,234.45,235.56,233.18,233.51,456.9,144
2026-06-01 12:00:00+00:00,233.78,234.31,232.93,233.73,367.98,152
2026-06-01 13:00:00+00:00,233.9,234.0,219.22,219.25,12631.65,2304
2026-06-01 14:00:00+00:00,219.43,222.1,217.81,219.34,9917.93,1708
2026-06-01 15:00:00+00:00,219.35,224.21,219.35,222.34,3571.92,954
2026-06-01 16:00:00+00:00,222.47,223.69,221.15,221.5,1463.37,479
2026-06-01 17:00:00+00:00,221.27,221.73,219.72,219.89,1867.02,426
2026-06-01 18:00:00+00:00,219.92,220.04,215.68,216.38,3766.95,535
2026-06-01 19:00:00+00:00,216.41,217.68,212.54,212.8,3986.47,581
2026-06-01 20:00:00+00:00,213.3,214.12,212.1,212.72,2723.5,555
2026-06-01 21:00:00+00:00,212.79,213.73,212.54,213.65,595.16,232
2026-06-01 22:00:00+00:00,213.5,213.65,212.8,213.0,1013.78,154
2026-06-01 23:00:00+00:00,213.23,214.17,213.2,214.09,410.3,189
2026-06-02 00:00:00+00:00,214.05,215.38,212.54,212.94,2012.29,445
2026-06-02 01:00:00+00:00,212.99,213.44,212.78,212.81,773.46,139
2026-06-02 02:00:00+00:00,212.82,213.63,212.57,212.97,935.37,256
2026-06-02 03:00:00+00:00,213.09,213.28,210.85,211.22,1159.28,293
2026-06-02 04:00:00+00:00,211.32,212.35,209.33,211.15,11771.22,1985
2026-06-02 05:00:00+00:00,211.15,213.18,210.93,213.18,1225.35,284
2026-06-02 06:00:00+00:00,213.13,214.79,212.45,214.2,1524.97,387
2026-06-02 07:00:00+00:00,214.27,214.27,212.67,214.1,727.17,142
2026-06-02 08:00:00+00:00,214.4,218.0,214.29,217.61,2340.59,595
2026-06-02 09:00:00+00:00,217.6,221.03,216.61,219.9,4437.15,777
2026-06-02 10:00:00+00:00,219.96,221.88,219.82,221.73,2395.3,590
2026-06-02 11:00:00+00:00,221.49,221.49,217.58,219.06,4117.71,1035
2026-06-02 12:00:00+00:00,218.97,220.59,217.95,220.02,2297.66,642
2026-06-02 13:00:00+00:00,219.96,229.25,216.8,228.89,9840.61,2153
2026-06-02 14:00:00+00:00,228.95,232.45,225.84,227.54,15334.94,2366
2026-06-02 15:00:00+00:00,227.34,239.7,225.75,233.92,8910.81,1630
2026-06-02 16:00:00+00:00,234.03,235.91,229.62,234.63,5781.52,1191
2026-06-02 17:00:00+00:00,234.57,234.98,231.67,232.68,2280.35,527
2026-06-02 18:00:00+00:00,232.67,240.17,230.83,239.3,2679.21,794
2026-06-02 19:00:00+00:00,239.41,241.25,235.44,236.55,3183.49,739
2026-06-02 20:00:00+00:00,236.75,238.6,234.93,237.52,1973.56,843
2026-06-02 21:00:00+00:00,237.52,238.57,236.84,237.08,364.16,244
2026-06-02 22:00:00+00:00,237.14,239.68,237.03,238.48,1626.24,582
2026-06-02 23:00:00+00:00,238.58,238.58,234.41,235.06,1172.52,650
2026-06-03 00:00:00+00:00,235.4,236.32,234.9,235.59,962.75,356
2026-06-03 01:00:00+00:00,235.76,236.47,233.33,236.09,1154.08,408
2026-06-03 02:00:00+00:00,236.32,239.18,235.34,238.08,1405.82,260
2026-06-03 03:00:00+00:00,237.86,238.5,235.89,236.19,706.37,273
2026-06-03 04:00:00+00:00,236.2,238.02,235.82,237.71,812.39,255
2026-06-03 05:00:00+00:00,237.86,238.0,236.33,236.64,566.46,303
2026-06-03 06:00:00+00:00,236.62,238.23,236.49,238.04,1703.41,505
2026-06-03 07:00:00+00:00,238.04,238.08,237.23,238.08,629.6,225
2026-06-03 08:00:00+00:00,237.74,240.32,237.7,237.97,1057.17,456
2026-06-03 09:00:00+00:00,238.24,239.18,226.38,230.27,3409.68,728
2026-06-03 10:00:00+00:00,230.14,233.22,229.88,232.52,1841.61,491
2026-06-03 11:00:00+00:00,232.56,234.78,232.04,234.78,967.65,314
2026-06-03 12:00:00+00:00,234.76,235.29,230.6,231.32,1031.31,258
2026-06-03 13:00:00+00:00,231.19,235.36,217.67,219.94,9938.6,2258
2026-06-03 14:00:00+00:00,219.91,222.63,217.9,219.43,4429.18,1311
2026-06-03 15:00:00+00:00,219.62,219.78,216.14,216.8,2372.49,1156
2026-06-03 16:00:00+00:00,216.83,218.1,214.76,215.53,2046.42,618
2026-06-03 17:00:00+00:00,215.49,215.6,213.21,214.3,2159.27,464
2026-06-03 18:00:00+00:00,214.29,217.36,213.56,215.27,1291.14,438
2026-06-03 19:00:00+00:00,214.41,216.49,213.94,214.97,777.04,312
2026-06-03 20:00:00+00:00,215.2,215.46,212.8,212.85,4338.7,758
2026-06-03 21:00:00+00:00,213.35,213.67,211.35,211.59,723.6,322
2026-06-03 22:00:00+00:00,211.63,211.88,210.72,211.16,464.36,209
2026-06-03 23:00:00+00:00,211.16,211.55,210.73,211.01,492.18,195
2026-06-04 00:00:00+00:00,210.8,214.8,210.8,214.6,1415.66,451
2026-06-04 01:00:00+00:00,214.8,216.68,212.8,214.16,911.51,284
2026-06-04 02:00:00+00:00,214.01,216.0,213.32,215.53,1357.98,260
2026-06-04 03:00:00+00:00,215.5,216.2,214.2,214.5,1473.18,286
2026-06-04 04:00:00+00:00,214.8,215.7,214.2,215.0,147.31,75
2026-06-04 05:00:00+00:00,215.17,215.86,214.8,215.04,342.39,99
2026-06-04 06:00:00+00:00,215.23,216.4,215.0,216.14,318.84,101
2026-06-04 07:00:00+00:00,216.18,216.66,215.27,215.76,336.55,105
2026-06-04 08:00:00+00:00,215.76,216.67,212.47,213.64,1066.36,491
2026-06-04 09:00:00+00:00,213.4,213.6,208.0,211.96,3015.76,910
2026-06-04 10:00:00+00:00,211.82,211.99,210.17,210.62,1219.9,219
2026-06-04 11:00:00+00:00,211.1,212.94,208.69,210.84,2264.2,410
2026-06-04 12:00:00+00:00,210.64,214.27,210.32,213.17,783.74,256
2026-06-04 13:00:00+00:00,213.08,213.78,207.44,209.79,4104.19,868
2026-06-04 14:00:00+00:00,209.46,209.51,206.29,206.94,4030.76,546
2026-06-04 15:00:00+00:00,206.98,210.58,205.27,206.59,2784.23,473
2026-06-04 16:00:00+00:00,206.53,211.55,205.84,210.26,1132.31,290
2026-06-04 17:00:00+00:00,210.2,217.24,209.26,216.72,5564.48,1045
2026-06-04 18:00:00+00:00,217.17,218.98,215.36,218.25,1577.92,483
2026-06-04 19:00:00+00:00,217.92,219.12,214.41,215.45,2326.97,595
2026-06-04 20:00:00+00:00,215.76,216.5,212.96,214.28,1016.85,354
2026-06-04 21:00:00+00:00,214.26,215.28,214.05,214.21,1828.16,519
2026-06-04 22:00:00+00:00,213.95,214.33,212.81,214.02,584.41,202
2026-06-04 23:00:00+00:00,213.78,213.93,211.93,212.35,546.48,328
2026-06-05 00:00:00+00:00,212.21,212.94,206.19,210.13,2085.56,353
2026-06-05 01:00:00+00:00,210.02,211.35,208.2,211.27,245.3,120
2026-06-05 02:00:00+00:00,211.17,211.35,210.56,210.93,37.86,45
2026-06-05 03:00:00+00:00,211.21,211.51,210.26,210.48,66.14,38
2026-06-05 04:00:00+00:00,210.68,211.07,209.88,211.0,72.69,47
2026-06-05 05:00:00+00:00,211.0,211.44,209.86,209.86,401.5,162
2026-06-05 06:00:00+00:00,209.98,210.25,207.67,207.96,615.64,189
2026-06-05 07:00:00+00:00,207.79,209.03,207.6,208.82,195.84,105
2026-06-05 08:00:00+00:00,209.05,211.32,208.51,208.51,628.67,245
2026-06-05 09:00:00+00:00,208.72,211.09,208.72,210.34,281.64,152
2026-06-05 10:00:00+00:00,210.63,210.64,209.51,209.92,129.52,204
2026-06-05 11:00:00+00:00,210.03,210.93,209.74,209.74,313.01,151
2026-06-05 12:00:00+00:00,209.76,209.79,207.47,208.21,1478.04,416
2026-06-05 13:00:00+00:00,208.09,213.85,206.9,213.12,5494.55,1383
2026-06-05 14:00:00+00:00,213.11,222.35,212.96,215.64,7718.16,1966
2026-06-05 15:00:00+00:00,215.77,215.77,210.0,210.33,2325.33,912
2026-06-05 16:00:00+00:00,210.27,210.38,205.82,209.82,2869.92,788
2026-06-05 17:00:00+00:00,209.57,209.57,203.58,204.65,4700.96,886
2026-06-05 18:00:00+00:00,204.43,204.54,196.6,198.37,2737.41,764
2026-06-05 19:00:00+00:00,198.11,201.43,197.09,200.55,3641.1,907
2026-06-05 20:00:00+00:00,200.73,200.74,198.88,199.63,1132.07,551
2026-06-05 21:00:00+00:00,199.99,200.44,199.4,199.81,617.81,212
2026-06-05 22:00:00+00:00,200.08,200.33,199.81,200.2,274.44,159
2026-06-05 23:00:00+00:00,200.36,200.41,199.25,199.79,1315.86,324
2026-06-06 00:00:00+00:00,199.73,200.45,199.54,200.32,66.69,70
2026-06-06 01:00:00+00:00,200.46,200.79,199.91,199.91,268.43,128
2026-06-06 02:00:00+00:00,199.91,199.91,191.3,191.3,2482.17,918
2026-06-06 03:00:00+00:00,191.27,192.29,182.51,189.82,14484.61,5039
2026-06-06 04:00:00+00:00,190.4,192.28,185.18,186.79,3189.53,2614
2026-06-06 05:00:00+00:00,186.36,190.04,185.38,189.95,2582.97,867
2026-06-06 06:00:00+00:00,189.93,190.37,189.51,189.76,514.72,499
2026-06-06 07:00:00+00:00,189.78,190.21,189.59,189.92,312.15,160
2026-06-06 08:00:00+00:00,189.89,190.99,188.89,188.89,301.67,280
2026-06-06 09:00:00+00:00,188.89,193.14,188.74,193.03,938.72,538
2026-06-06 10:00:00+00:00,193.01,193.03,191.34,191.71,467.31,308
2026-06-06 11:00:00+00:00,191.7,192.12,191.59,191.64,95.66,110
2026-06-06 12:00:00+00:00,191.75,192.37,191.47,192.15,72.09,62
2026-06-06 13:00:00+00:00,192.13,193.03,192.05,192.96,299.83,116
2026-06-06 14:00:00+00:00,192.97,193.08,192.84,192.95,345.55,73
2026-06-06 15:00:00+00:00,192.95,192.99,192.2,192.2,147.42,109
2026-06-06 16:00:00+00:00,192.2,194.82,191.75,194.78,265.07,144
2026-06-06 17:00:00+00:00,194.76,194.97,194.38,194.81,384.36,138
2026-06-06 18:00:00+00:00,194.88,194.93,194.63,194.78,30.57,31
2026-06-06 19:00:00+00:00,194.91,196.21,194.91,195.99,385.88,103
2026-06-06 20:00:00+00:00,195.84,196.38,195.65,196.08,142.81,85
2026-06-06 21:00:00+00:00,196.22,196.49,195.83,196.48,77.86,65
2026-06-06 22:00:00+00:00,196.48,196.62,195.87,196.13,574.14,170
2026-06-06 23:00:00+00:00,196.17,198.45,196.07,197.7,265.98,216
2026-06-07 00:00:00+00:00,197.7,198.17,197.3,197.96,253.8,105
2026-06-07 01:00:00+00:00,197.96,198.61,197.87,198.39,237.9,116
2026-06-07 02:00:00+00:00,198.6,198.62,198.0,198.42,158.04,56
2026-06-07 03:00:00+00:00,198.53,199.14,198.53,199.03,167.66,92
2026-06-07 04:00:00+00:00,198.78,199.63,198.78,199.02,156.29,72
2026-06-07 05:00:00+00:00,198.83,199.32,198.75,199.04,34.06,36
2026-06-07 06:00:00+00:00,199.02,201.52,199.02,200.78,1011.97,212
2026-06-07 07:00:00+00:00,200.81,201.92,200.62,201.55,158.58,76
2026-06-07 08:00:00+00:00,201.38,202.0,201.0,201.73,58.12,50
2026-06-07 09:00:00+00:00,201.84,202.65,201.59,201.93,257.67,172
2026-06-07 10:00:00+00:00,201.84,201.95,201.19,201.7,343.1,151
2026-06-07 11:00:00+00:00,201.89,204.96,201.81,204.31,905.22,235
2026-06-07 12:00:00+00:00,204.46,205.86,203.77,205.62,486.81,255
2026-06-07 13:00:00+00:00,205.74,205.75,204.97,205.55,223.4,138
2026-06-07 14:00:00+00:00,205.73,207.68,205.44,206.93,588.39,236
2026-06-07 15:00:00+00:00,206.93,207.15,205.21,205.39,453.14,286
2026-06-07 16:00:00+00:00,205.39,205.8,205.3,205.43,46.92,152
2026-06-07 17:00:00+00:00,205.43,205.49,203.56,203.71,249.08,155
2026-06-07 18:00:00+00:00,203.63,203.94,202.19,202.63,111.59,214
2026-06-07 19:00:00+00:00,202.54,202.54,197.41,197.82,926.98,606
2026-06-07 20:00:00+00:00,198.14,199.03,197.81,198.68,365.78,380
2026-06-07 21:00:00+00:00,198.68,198.68,198.01,198.33,139.8,143
2026-06-07 22:00:00+00:00,198.2,199.72,194.47,199.47,889.4,642
2026-06-07 23:00:00+00:00,199.56,199.56,198.8,198.99,802.68,197
2026-06-08 00:00:00+00:00,198.98,207.51,198.66,206.08,2409.15,911
2026-06-08 01:00:00+00:00,206.11,206.18,200.24,200.78,1033.08,595
2026-06-08 02:00:00+00:00,201.05,202.56,200.5,201.92,945.31,416
2026-06-08 03:00:00+00:00,202.01,202.12,201.3,201.55,192.77,113
2026-06-08 04:00:00+00:00,201.36,203.3,200.94,202.76,298.71,111
2026-06-08 05:00:00+00:00,203.11,203.48,200.73,200.8,758.69,199
2026-06-08 06:00:00+00:00,200.92,201.79,200.55,201.79,857.8,122
2026-06-08 07:00:00+00:00,201.76,206.29,201.74,205.6,720.79,165
2026-06-08 08:00:00+00:00,205.62,208.18,203.52,206.19,2219.38,563
2026-06-08 09:00:00+00:00,206.43,209.94,206.23,209.0,2338.37,455
2026-06-08 10:00:00+00:00,209.15,212.61,207.2,210.14,2206.07,583
2026-06-08 11:00:00+00:00,209.5,212.77,208.36,212.64,2327.13,396
2026-06-08 12:00:00+00:00,212.41,214.53,211.65,213.51,2057.06,324
2026-06-08 13:00:00+00:00,213.35,223.83,204.45,222.72,11071.03,2171
2026-06-08 14:00:00+00:00,222.69,239.05,221.67,236.12,16990.82,2981
2026-06-08 15:00:00+00:00,235.97,240.73,232.57,237.22,7931.31,1381
2026-06-08 16:00:00+00:00,237.42,247.31,236.76,247.04,4415.0,1012
2026-06-08 17:00:00+00:00,247.22,247.46,239.68,245.85,7265.56,1073
2026-06-08 18:00:00+00:00,245.61,249.35,243.74,244.74,7069.87,953
2026-06-08 19:00:00+00:00,244.47,244.47,236.5,237.93,2974.49,813
2026-06-08 20:00:00+00:00,238.08,242.58,237.46,242.58,2293.26,420
2026-06-08 21:00:00+00:00,242.42,242.68,240.19,241.32,1274.52,369
2026-06-08 22:00:00+00:00,241.42,242.26,238.48,239.49,1154.49,361
2026-06-08 23:00:00+00:00,239.64,242.07,238.43,240.07,1352.76,419
2026-06-09 00:00:00+00:00,239.86,239.86,236.17,236.53,1268.92,334
2026-06-09 01:00:00+00:00,236.76,240.79,236.55,240.59,607.36,214
2026-06-09 02:00:00+00:00,240.69,242.63,240.0,242.36,889.07,301
2026-06-09 03:00:00+00:00,242.24,243.92,240.93,241.24,1370.01,564
2026-06-09 04:00:00+00:00,241.24,243.01,240.69,242.64,1580.77,608
2026-06-09 05:00:00+00:00,242.53,243.84,241.82,243.28,1353.02,590
2026-06-09 06:00:00+00:00,243.47,243.94,241.94,242.27,1491.74,475
2026-06-09 07:00:00+00:00,242.36,244.53,240.86,241.29,1629.85,463
2026-06-09 08:00:00+00:00,241.3,247.49,241.3,245.94,2618.99,925
2026-06-09 09:00:00+00:00,245.87,246.71,245.45,246.2,1215.6,593
2026-06-09 10:00:00+00:00,246.23,248.47,242.65,244.62,1263.07,614
2026-06-09 11:00:00+00:00,244.46,247.23,243.68,245.08,969.21,488
2026-06-09 12:00:00+00:00,245.01,247.05,244.59,246.41,849.43,331
2026-06-09 13:00:00+00:00,246.27,247.07,225.76,233.53,17397.88,2993
2026-06-09 14:00:00+00:00,232.8,233.67,222.76,224.4,8392.58,2091
2026-06-09 15:00:00+00:00,224.61,225.28,217.24,217.58,7460.5,1607
2026-06-09 16:00:00+00:00,217.89,219.38,214.83,217.97,6853.36,1793
2026-06-09 17:00:00+00:00,218.3,229.27,217.68,227.73,4652.88,1175
2026-06-09 18:00:00+00:00,227.7,229.15,226.65,228.58,1582.38,580
2026-06-09 19:00:00+00:00,228.44,230.05,225.83,226.52,2742.29,816
2026-06-09 20:00:00+00:00,226.54,227.43,224.14,225.04,2164.62,554
2026-06-09 21:00:00+00:00,225.21,225.64,223.55,223.9,1524.05,391
2026-06-09 22:00:00+00:00,223.87,225.52,223.45,223.75,1595.62,484
2026-06-09 23:00:00+00:00,223.73,224.55,222.1,223.89,671.55,303
2026-06-10 00:00:00+00:00,224.19,228.68,224.19,227.12,2903.1,617
2026-06-10 01:00:00+00:00,227.01,227.55,225.97,226.08,1173.43,218
2026-06-10 02:00:00+00:00,226.26,226.26,221.97,222.06,1043.5,286
2026-06-10 03:00:00+00:00,222.13,223.87,221.03,221.21,935.29,271
2026-06-10 04:00:00+00:00,221.24,221.48,217.87,218.98,1784.35,443
2026-06-10 05:00:00+00:00,219.35,221.88,218.21,221.34,711.11,211
2026-06-10 06:00:00+00:00,221.46,223.14,221.11,223.14,421.84,148
2026-06-10 07:00:00+00:00,222.81,223.3,221.93,222.52,496.33,120
2026-06-10 08:00:00+00:00,222.3,222.71,217.86,220.11,1183.89,403
2026-06-10 09:00:00+00:00,220.17,221.41,218.98,219.93,2349.9,658
2026-06-10 10:00:00+00:00,219.97,221.88,219.97,221.68,1714.7,318
2026-06-10 11:00:00+00:00,221.79,222.59,217.18,218.59,2373.31,512
2026-06-10 12:00:00+00:00,218.74,225.01,217.17,222.55,6022.03,952
2026-06-10 13:00:00+00:00,222.57,250.0,220.9,247.69,27570.41,3539
2026-06-10 14:00:00+00:00,247.46,253.64,237.71,240.0,25851.87,4636
2026-06-10 15:00:00+00:00,240.12,245.71,236.32,245.43,11515.04,3091
2026-06-10 16:00:00+00:00,245.62,247.02,233.96,238.02,7228.73,2096
2026-06-10 17:00:00+00:00,238.18,240.14,235.28,239.3,1651.97,845
2026-06-10 18:00:00+00:00,239.71,240.54,236.71,237.49,1709.16,406
2026-06-10 19:00:00+00:00,237.49,241.62,235.78,237.31,1723.34,430
2026-06-10 20:00:00+00:00,237.29,238.2,234.91,235.15,1938.15,370
2026-06-10 21:00:00+00:00,235.14,236.2,234.25,234.4,5053.95,515
2026-06-10 22:00:00+00:00,234.57,234.57,228.09,228.43,6378.23,972
2026-06-10 23:00:00+00:00,228.45,233.0,228.07,231.56,1891.43,693
2026-06-11 00:00:00+00:00,231.33,237.45,230.01,236.91,1431.15,569
2026-06-11 01:00:00+00:00,236.4,240.0,236.4,238.04,2347.62,556
2026-06-11 02:00:00+00:00,238.31,238.31,234.65,237.25,915.18,347
2026-06-11 03:00:00+00:00,237.25,238.67,236.6,238.29,1623.59,282
2026-06-11 04:00:00+00:00,238.33,238.61,236.81,238.51,906.66,171
2026-06-11 05:00:00+00:00,238.65,238.65,235.14,237.25,736.74,218
2026-06-11 06:00:00+00:00,237.38,240.6,237.0,240.07,959.06,270
2026-06-11 07:00:00+00:00,240.08,243.83,240.08,241.84,1268.73,285
2026-06-11 08:00:00+00:00,242.51,246.88,241.37,243.61,2889.41,513
2026-06-11 09:00:00+00:00,244.0,244.56,243.05,244.12,1225.3,184
2026-06-11 10:00:00+00:00,244.17,244.49,243.11,243.11,1066.51,138
2026-06-11 11:00:00+00:00,243.55,248.11,241.62,246.76,2053.7,287
2026-06-11 12:00:00+00:00,246.67,246.84,240.22,243.42,2273.54,676
2026-06-11 13:00:00+00:00,243.24,243.31,229.23,231.22,8089.97,1494
2026-06-11 14:00:00+00:00,230.97,234.79,223.69,228.87,6563.86,1505
2026-06-11 15:00:00+00:00,228.82,230.99,225.78,227.05,3257.07,837
2026-06-11 16:00:00+00:00,227.78,229.47,223.72,223.82,2666.01,559
2026-06-11 17:00:00+00:00,223.27,228.29,220.58,225.86,6301.22,1165
2026-06-11 18:00:00+00:00,226.23,227.25,222.64,227.02,3257.59,621
2026-06-11 19:00:00+00:00,226.66,228.54,225.63,226.47,1881.77,557
2026-06-11 20:00:00+00:00,226.79,227.53,226.46,227.14,244.24,111
2026-06-11 21:00:00+00:00,227.17,228.27,226.75,227.86,592.78,204
2026-06-11 22:00:00+00:00,227.85,229.5,227.59,229.14,434.63,244
2026-06-11 23:00:00+00:00,229.11,229.26,227.65,229.06,622.22,346
2026-06-12 00:00:00+00:00,229.26,231.11,228.41,229.58,1224.63,463
2026-06-12 01:00:00+00:00,229.47,229.47,226.26,227.66,1602.34,680
2026-06-12 02:00:00+00:00,227.73,229.01,226.59,228.41,1214.27,807
2026-06-12 03:00:00+00:00,228.35,228.41,226.92,227.95,324.31,645
2026-06-12 04:00:00+00:00,227.86,228.47,226.87,228.12,452.86,656
2026-06-12 05:00:00+00:00,228.16,228.55,226.15,226.59,817.68,531
2026-06-12 06:00:00+00:00,226.74,227.49,225.54,226.31,649.66,388
2026-06-12 07:00:00+00:00,226.3,226.3,222.72,225.28,2260.47,438
2026-06-12 08:00:00+00:00,225.08,228.92,225.08,227.98,777.81,254
2026-06-12 09:00:00+00:00,227.76,229.81,227.44,229.15,944.01,405
2026-06-12 10:00:00+00:00,229.18,229.71,227.86,228.0,338.89,307
2026-06-12 11:00:00+00:00,228.0,230.5,228.0,229.68,589.53,436
2026-06-12 12:00:00+00:00,229.65,229.76,225.82,226.99,783.87,462
2026-06-12 13:00:00+00:00,226.84,230.1,211.05,212.84,7080.64,1699
2026-06-12 14:00:00+00:00,213.28,215.86,208.16,210.89,21179.19,2224
2026-06-12 15:00:00+00:00,210.89,213.88,208.9,209.18,3564.09,865
2026-06-12 16:00:00+00:00,209.17,216.08,208.34,214.57,13248.12,1985
2026-06-12 17:00:00+00:00,214.79,219.98,214.13,216.63,7673.47,1080
2026-06-12 18:00:00+00:00,216.69,216.77,213.22,214.39,1487.3,455
2026-06-12 19:00:00+00:00,214.37,216.4,213.49,213.92,2075.68,537
2026-06-12 20:00:00+00:00,213.95,214.95,213.95,214.51,342.04,185
2026-06-12 21:00:00+00:00,214.53,215.33,214.53,215.3,200.66,100
2026-06-12 22:00:00+00:00,215.25,216.11,215.16,215.45,339.81,158
2026-06-12 23:00:00+00:00,215.33,216.19,215.18,215.91,401.39,117
2026-06-13 00:00:00+00:00,216.09,217.66,215.95,216.66,432.22,186
2026-06-13 01:00:00+00:00,216.61,217.38,216.52,217.38,77.28,45
2026-06-13 02:00:00+00:00,217.32,217.98,216.65,216.94,1266.13,238
2026-06-13 03:00:00+00:00,216.92,217.01,216.44,216.71,40.6,34
2026-06-13 04:00:00+00:00,216.63,216.92,215.41,215.94,112.16,98
2026-06-13 05:00:00+00:00,215.94,216.11,215.4,215.82,32.53,133
2026-06-13 06:00:00+00:00,215.79,216.55,215.75,216.55,12.03,23
2026-06-13 07:00:00+00:00,216.45,216.46,216.27,216.39,33.63,20
2026-06-13 08:00:00+00:00,216.4,217.09,216.22,217.04,52.87,41
2026-06-13 09:00:00+00:00,217.05,217.16,215.59,215.59,33.02,40
2026-06-13 10:00:00+00:00,215.6,215.76,215.41,215.41,20.75,16
2026-06-13 11:00:00+00:00,215.77,215.77,215.47,215.47,6.89,10
2026-06-13 12:00:00+00:00,215.5,216.04,215.5,215.96,3.64,7
2026-06-13 13:00:00+00:00,216.14,216.55,215.97,216.01,37.5,32
2026-06-13 14:00:00+00:00,216.15,216.15,215.1,215.11,42.32,139
2026-06-13 15:00:00+00:00,215.17,215.93,215.17,215.74,8.02,16
2026-06-13 16:00:00+00:00,215.5,215.5,214.13,214.35,45.97,55
2026-06-13 17:00:00+00:00,214.49,215.05,214.49,214.8,96.81,39
2026-06-13 18:00:00+00:00,215.24,216.74,215.24,216.22,43.72,56
2026-06-13 19:00:00+00:00,216.22,218.16,216.0,218.05,1133.17,149
2026-06-13 20:00:00+00:00,217.84,217.91,217.44,217.8,65.13,44
2026-06-13 21:00:00+00:00,217.99,218.0,217.27,217.61,34.79,33
2026-06-13 22:00:00+00:00,217.31,217.93,217.31,217.9,72.63,46
2026-06-13 23:00:00+00:00,217.9,218.13,217.66,217.94,21.13,24
2026-06-14 00:00:00+00:00,217.93,217.93,217.04,217.35,10.38,14
2026-06-14 01:00:00+00:00,217.25,217.39,216.9,217.07,271.49,51
2026-06-14 02:00:00+00:00,217.1,217.36,217.1,217.35,2.0,5
2026-06-14 03:00:00+00:00,217.32,217.69,217.02,217.63,226.15,42
2026-06-14 04:00:00+00:00,217.35,217.6,216.65,216.84,289.52,68
2026-06-14 05:00:00+00:00,216.71,216.71,216.12,216.22,72.2,208
2026-06-14 06:00:00+00:00,216.23,217.04,215.92,216.88,29.07,219
2026-06-14 07:00:00+00:00,216.66,218.35,216.6,218.35,75.22,45
2026-06-14 08:00:00+00:00,218.38,218.48,217.96,218.07,34.44,53
2026-06-14 09:00:00+00:00,217.86,218.81,217.47,218.79,145.46,151
2026-06-14 10:00:00+00:00,218.78,219.11,217.64,217.98,768.63,382
2026-06-14 11:00:00+00:00,217.99,218.26,217.75,217.93,96.21,88
2026-06-14 12:00:00+00:00,217.75,218.08,215.29,215.74,243.71,138
2026-06-14 13:00:00+00:00,215.73,215.87,215.29,215.45,21.31,27
2026-06-14 14:00:00+00:00,215.5,215.5,214.51,214.64,52.99,45
2026-06-14 15:00:00+00:00,215.1,215.94,215.06,215.94,311.93,147
2026-06-14 16:00:00+00:00,215.82,216.11,215.1,215.1,318.85,67
2026-06-14 17:00:00+00:00,215.17,215.41,214.52,214.52,38.47,35
2026-06-14 18:00:00+00:00,214.56,214.89,214.25,214.63,116.06,110
2026-06-14 19:00:00+00:00,214.78,215.27,214.77,214.77,46.13,113
2026-06-14 20:00:00+00:00,214.53,215.06,214.53,215.06,33.03,15
2026-06-14 21:00:00+00:00,215.08,219.37,215.06,218.53,473.58,242
2026-06-14 22:00:00+00:00,218.64,219.55,218.09,218.42,423.57,205
2026-06-14 23:00:00+00:00,218.4,218.7,217.32,218.7,380.06,143
2026-06-15 00:00:00+00:00,218.5,221.76,218.04,218.05,2873.02,616
2026-06-15 01:00:00+00:00,218.04,218.74,215.24,215.71,2001.3,703
2026-06-15 02:00:00+00:00,215.73,217.36,214.84,216.18,824.95,340
2026-06-15 03:00:00+00:00,216.03,217.33,215.44,217.1,643.28,203
2026-06-15 04:00:00+00:00,217.18,218.56,217.1,218.05,886.75,241
2026-06-15 05:00:00+00:00,218.21,219.05,217.63,217.78,378.65,137
2026-06-15 06:00:00+00:00,217.87,218.81,217.44,218.78,650.09,134
2026-06-15 07:00:00+00:00,218.6,220.04,218.23,218.78,1915.29,319
2026-06-15 08:00:00+00:00,218.83,223.44,218.16,222.21,1430.63,405
2026-06-15 09:00:00+00:00,222.35,222.52,219.25,220.69,618.69,453
2026-06-15 10:00:00+00:00,220.67,222.85,220.24,222.66,1230.73,460
2026-06-15 11:00:00+00:00,222.39,222.72,221.68,222.26,708.3,240
2026-06-15 12:00:00+00:00,222.18,223.06,221.25,222.11,727.22,242
2026-06-15 13:00:00+00:00,222.07,225.66,213.38,216.05,8606.51,1568
2026-06-15 14:00:00+00:00,215.93,217.46,211.63,216.73,8108.61,1403
2026-06-15 15:00:00+00:00,216.73,217.34,212.89,216.64,5838.41,782
2026-06-15 16:00:00+00:00,216.62,216.62,213.45,214.25,2039.45,513
2026-06-15 17:00:00+00:00,214.15,217.18,212.48,216.83,1509.4,382
2026-06-15 18:00:00+00:00,216.72,216.84,214.45,215.93,1272.62,340
2026-06-15 19:00:00+00:00,216.09,220.9,215.02,217.31,4124.94,695
2026-06-15 20:00:00+00:00,217.81,217.92,217.08,217.48,864.47,253
2026-06-15 21:00:00+00:00,217.49,218.26,217.29,217.98,526.37,279
2026-06-15 22:00:00+00:00,217.98,218.16,216.5,217.27,622.21,317
2026-06-15 23:00:00+00:00,217.28,217.75,216.96,217.75,210.01,186
2026-06-16 00:00:00+00:00,217.95,218.03,215.01,215.51,2760.64,545
2026-06-16 01:00:00+00:00,215.46,218.12,215.46,216.9,1600.72,399
2026-06-16 02:00:00+00:00,216.87,217.54,216.23,216.44,712.0,221
2026-06-16 03:00:00+00:00,216.25,217.41,216.25,217.1,1052.61,177
2026-06-16 04:00:00+00:00,217.18,217.78,216.94,217.61,519.39,147
2026-06-16 05:00:00+00:00,217.71,219.45,217.58,217.85,298.42,97
2026-06-16 06:00:00+00:00,217.98,219.04,217.78,218.51,1854.89,148
2026-06-16 07:00:00+00:00,218.49,219.13,218.02,218.27,760.82,214
2026-06-16 08:00:00+00:00,218.45,219.58,217.93,219.12,652.24,213
2026-06-16 09:00:00+00:00,219.05,219.41,218.38,218.88,634.88,201
2026-06-16 10:00:00+00:00,218.83,220.87,218.83,220.46,247.22,83
2026-06-16 11:00:00+00:00,220.17,221.42,219.98,219.99,807.11,241
2026-06-16 12:00:00+00:00,220.1,220.1,216.9,216.9,1377.11,306
2026-06-16 13:00:00+00:00,216.55,218.85,208.79,210.6,5051.36,1129
2026-06-16 14:00:00+00:00,210.7,210.81,202.24,204.07,7355.25,1124
2026-06-16 15:00:00+00:00,204.21,206.58,203.7,206.17,1817.67,269
2026-06-16 16:00:00+00:00,206.17,208.59,206.17,208.14,1757.7,261
2026-06-16 17:00:00+00:00,208.2,213.93,208.05,213.2,2993.65,494
2026-06-16 18:00:00+00:00,213.15,215.01,212.46,213.29,1359.61,213
2026-06-16 19:00:00+00:00,213.02,214.2,209.19,211.93,3496.0,599
2026-06-16 20:00:00+00:00,212.01,212.08,209.75,211.76,559.39,175
2026-06-16 21:00:00+00:00,211.77,211.9,211.2,211.32,1219.35,174
2026-06-16 22:00:00+00:00,211.38,211.87,210.93,211.52,395.65,137
2026-06-16 23:00:00+00:00,211.49,211.75,211.14,211.4,816.6,143
2026-06-17 00:00:00+00:00,211.46,212.96,211.02,211.68,730.93,183
2026-06-17 01:00:00+00:00,211.92,212.89,211.82,212.05,220.99,87
2026-06-17 02:00:00+00:00,212.16,212.28,211.86,212.01,450.7,86
2026-06-17 03:00:00+00:00,211.93,212.32,211.67,212.3,172.15,65
2026-06-17 04:00:00+00:00,212.3,213.44,212.28,213.43,240.4,54
2026-06-17 05:00:00+00:00,213.84,214.39,213.02,214.18,204.69,57
2026-06-17 06:00:00+00:00,213.93,214.11,213.22,213.81,285.31,48
2026-06-17 07:00:00+00:00,213.81,214.93,213.67,213.91,756.8,272
2026-06-17 08:00:00+00:00,213.9,215.85,213.53,214.53,751.37,444
2026-06-17 09:00:00+00:00,214.54,215.23,214.43,214.74,50.68,40
2026-06-17 10:00:00+00:00,214.66,214.75,213.9,213.9,461.11,102
2026-06-17 11:00:00+00:00,213.76,214.28,212.22,212.36,424.05,242
2026-06-17 12:00:00+00:00,212.53,215.15,212.43,214.3,642.74,284
2026-06-17 13:00:00+00:00,214.4,230.4,209.92,223.93,10850.32,2476
2026-06-17 14:00:00+00:00,223.61,230.42,220.3,223.36,6703.57,2354
2026-06-17 15:00:00+00:00,223.65,225.48,222.06,224.68,1617.0,1485
2026-06-17 16:00:00+00:00,225.19,225.19,221.83,222.07,684.7,429
2026-06-17 17:00:00+00:00,222.08,222.27,220.43,221.08,324.51,308
2026-06-17 18:00:00+00:00,220.98,223.15,218.95,220.82,1848.18,989
2026-06-17 19:00:00+00:00,221.26,221.59,213.02,213.85,1834.92,803
2026-06-17 20:00:00+00:00,214.01,215.85,214.01,215.55,391.3,181
2026-06-17 21:00:00+00:00,215.5,216.53,215.49,216.03,505.81,262
2026-06-17 22:00:00+00:00,216.01,217.39,215.88,217.05,373.44,235
2026-06-17 23:00:00+00:00,217.05,219.04,217.04,218.32,200.46,238
2026-06-18 00:00:00+00:00,218.46,219.89,214.61,219.1,1106.11,376
2026-06-18 01:00:00+00:00,219.07,219.4,218.53,218.74,624.0,155
2026-06-18 02:00:00+00:00,218.77,218.78,218.17,218.76,134.76,45
2026-06-18 03:00:00+00:00,218.88,219.44,218.63,219.03,454.84,103
2026-06-18 04:00:00+00:00,219.07,219.07,216.63,216.63,1608.41,213
2026-06-18 05:00:00+00:00,216.75,217.08,216.71,216.92,363.66,124
2026-06-18 06:00:00+00:00,217.02,218.05,217.0,218.05,179.03,91
2026-06-18 07:00:00+00:00,218.07,218.72,217.7,217.7,342.38,127
2026-06-18 08:00:00+00:00,218.43,219.28,217.53,218.44,556.92,232
2026-06-18 09:00:00+00:00,218.46,221.07,218.29,220.95,464.68,179
2026-06-18 10:00:00+00:00,220.95,221.44,219.75,219.88,486.36,193
2026-06-18 11:00:00+00:00,219.62,220.29,218.54,220.1,320.46,232
2026-06-18 12:00:00+00:00,220.15,221.45,219.35,221.45,848.02,239
2026-06-18 13:00:00+00:00,221.3,224.42,215.27,216.04,6169.75,1165
2026-06-18 14:00:00+00:00,216.21,240.65,216.16,240.63,5728.96,1478
2026-06-18 15:00:00+00:00,240.39,244.88,232.65,234.0,8138.55,1456
2026-06-18 16:00:00+00:00,233.99,234.28,225.01,226.29,33504.92,3906
2026-06-18 17:00:00+00:00,226.21,229.16,224.9,228.5,2403.37,724
2026-06-18 18:00:00+00:00,228.2,229.62,227.22,228.7,1152.15,514
2026-06-18 19:00:00+00:00,228.61,235.87,228.15,234.41,5634.71,1092
2026-06-18 20:00:00+00:00,234.42,237.04,233.79,236.9,1114.47,346
2026-06-18 21:00:00+00:00,237.05,237.6,236.19,236.67,1451.5,328
2026-06-18 22:00:00+00:00,236.8,236.83,235.82,236.03,290.43,117
2026-06-18 23:00:00+00:00,236.09,236.62,235.92,236.08,249.84,177
2026-06-19 00:00:00+00:00,236.21,237.76,236.01,237.39,390.8,399
2026-06-19 01:00:00+00:00,237.5,237.72,235.31,237.71,557.8,376
2026-06-19 02:00:00+00:00,237.71,238.02,235.39,235.6,481.63,352
2026-06-19 03:00:00+00:00,235.62,235.7,233.1,234.06,392.71,382
2026-06-19 04:00:00+00:00,233.99,235.03,231.51,232.04,1149.8,953
2026-06-19 05:00:00+00:00,232.15,233.4,230.97,233.12,219.73,232
2026-06-19 06:00:00+00:00,232.93,233.85,232.33,233.53,138.42,133
2026-06-19 07:00:00+00:00,233.61,234.33,232.11,232.79,135.38,117
2026-06-19 08:00:00+00:00,232.55,235.06,232.16,234.9,452.49,180
2026-06-19 09:00:00+00:00,235.11,235.49,231.83,232.49,356.38,391
2026-06-19 10:00:00+00:00,232.33,233.59,231.93,232.85,103.89,183
2026-06-19 11:00:00+00:00,232.71,233.52,232.22,232.69,111.48,207
2026-06-19 12:00:00+00:00,232.69,233.55,230.94,233.35,404.22,421
2026-06-19 13:00:00+00:00,233.36,236.68,232.99,235.93,921.49,561
2026-06-19 14:00:00+00:00,235.76,236.41,234.66,235.07,534.81,217
2026-06-19 15:00:00+00:00,234.71,235.26,233.9,234.31,168.66,106
2026-06-19 16:00:00+00:00,234.01,234.95,233.99,234.22,359.9,100
2026-06-19 17:00:00+00:00,233.75,233.78,232.87,233.19,201.06,117
2026-06-19 18:00:00+00:00,232.87,233.93,232.32,232.86,115.12,94
2026-06-19 19:00:00+00:00,232.81,233.4,232.81,233.09,82.06,68
2026-06-19 20:00:00+00:00,232.98,233.99,232.72,233.99,248.31,113
2026-06-19 21:00:00+00:00,233.62,233.96,233.14,233.4,87.01,124
2026-06-19 22:00:00+00:00,233.19,233.85,233.01,233.85,19.82,34
2026-06-19 23:00:00+00:00,233.89,234.19,233.89,234.17,17.18,31
2026-06-20 00:00:00+00:00,234.19,234.46,233.97,234.21,121.18,81
2026-06-20 01:00:00+00:00,234.2,234.21,233.4,233.4,60.48,52
2026-06-20 02:00:00+00:00,233.4,233.61,233.35,233.61,46.44,78
2026-06-20 03:00:00+00:00,233.36,233.42,232.53,232.87,56.08,46
2026-06-20 04:00:00+00:00,232.99,233.12,232.36,233.08,46.36,48
2026-06-20 05:00:00+00:00,233.29,233.93,233.29,233.42,30.76,47
2026-06-20 06:00:00+00:00,233.56,234.35,233.36,234.06,39.87,73
2026-06-20 07:00:00+00:00,233.85,233.95,232.88,233.18,24.12,47
2026-06-20 08:00:00+00:00,233.21,234.61,233.08,233.29,68.74,94
2026-06-20 09:00:00+00:00,233.29,233.53,232.81,233.11,37.76,64
2026-06-20 10:00:00+00:00,233.03,233.05,231.68,231.79,37.27,56
2026-06-20 11:00:00+00:00,231.68,232.22,231.48,231.91,198.78,117
2026-06-20 12:00:00+00:00,231.83,231.99,231.55,231.99,20.71,38
2026-06-20 13:00:00+00:00,232.16,232.16,230.49,230.63,66.88,88
2026-06-20 14:00:00+00:00,230.41,231.22,230.33,231.12,267.61,133
2026-06-20 15:00:00+00:00,231.27,231.29,230.09,230.49,582.59,181
2026-06-20 16:00:00+00:00,230.43,230.68,230.09,230.23,258.63,128
2026-06-20 17:00:00+00:00,230.0,230.05,229.71,229.89,93.48,79
2026-06-20 18:00:00+00:00,229.89,229.98,229.75,229.97,26.24,52
2026-06-20 19:00:00+00:00,229.78,230.15,229.78,229.99,15.08,18
2026-06-20 20:00:00+00:00,230.09,230.15,230.09,230.15,9.43,18
2026-06-20 21:00:00+00:00,230.2,231.31,230.11,231.31,157.51,133
2026-06-20 22:00:00+00:00,231.21,232.09,231.21,232.09,97.59,143
2026-06-20 23:00:00+00:00,232.09,232.27,232.02,232.08,58.65,94
2026-06-21 00:00:00+00:00,232.09,232.22,231.88,232.06,49.57,137
2026-06-21 01:00:00+00:00,232.06,232.36,231.85,232.23,31.75,162
2026-06-21 02:00:00+00:00,232.23,233.77,232.15,233.19,490.5,235
2026-06-21 03:00:00+00:00,233.1,233.31,231.18,231.59,71.1,91
2026-06-21 04:00:00+00:00,231.85,232.67,231.84,232.61,66.87,115
2026-06-21 05:00:00+00:00,232.59,233.29,232.59,233.08,61.7,70
2026-06-21 06:00:00+00:00,233.27,234.03,232.85,233.64,42.75,63
2026-06-21 07:00:00+00:00,233.58,234.31,233.58,234.17,846.31,163
2026-06-21 08:00:00+00:00,234.15,236.77,234.15,234.98,265.03,188
2026-06-21 09:00:00+00:00,235.23,235.67,235.21,235.6,106.63,87
2026-06-21 10:00:00+00:00,235.68,235.85,235.46,235.59,23.44,54
2026-06-21 11:00:00+00:00,235.75,236.69,235.73,236.69,201.78,192
2026-06-21 12:00:00+00:00,236.45,236.64,236.0,236.49,160.08,339
2026-06-21 13:00:00+00:00,236.45,239.99,234.29,236.07,5005.88,1211
2026-06-21 14:00:00+00:00,236.09,236.09,234.97,235.36,346.29,143
2026-06-21 15:00:00+00:00,235.26,235.92,235.15,235.66,31.04,56
2026-06-21 16:00:00+00:00,235.55,235.55,234.75,234.92,100.08,81
2026-06-21 17:00:00+00:00,234.92,235.27,234.85,234.99,547.67,73
2026-06-21 18:00:00+00:00,234.86,235.43,234.86,235.36,52.15,80
2026-06-21 19:00:00+00:00,235.17,235.4,235.06,235.4,21.71,25
2026-06-21 20:00:00+00:00,235.32,235.38,232.94,232.99,1097.0,208
2026-06-21 21:00:00+00:00,232.94,233.53,232.42,232.98,173.53,144
2026-06-21 22:00:00+00:00,232.76,233.24,231.55,231.98,199.95,159
2026-06-21 23:00:00+00:00,231.92,231.92,230.0,230.4,360.18,355
2026-06-22 00:00:00+00:00,230.78,235.35,227.74,235.11,3230.02,929
2026-06-22 01:00:00+00:00,235.09,236.85,234.67,234.95,1453.49,506
2026-06-22 02:00:00+00:00,235.19,235.28,232.88,233.29,1326.72,283
2026-06-22 03:00:00+00:00,233.27,233.89,232.03,232.71,1014.53,281
2026-06-22 04:00:00+00:00,232.72,232.84,231.84,232.77,368.72,137
2026-06-22 05:00:00+00:00,232.86,234.08,232.76,234.08,963.61,224
2026-06-22 06:00:00+00:00,234.02,236.41,234.02,235.62,1380.67,402
2026-06-22 07:00:00+00:00,235.78,236.43,235.26,235.41,805.13,281
2026-06-22 08:00:00+00:00,235.28,235.67,233.28,234.35,990.57,311
2026-06-22 09:00:00+00:00,234.21,235.75,234.21,235.63,2122.67,360
2026-06-22 10:00:00+00:00,235.6,236.23,234.04,234.6,1122.07,332
2026-06-22 11:00:00+00:00,234.65,236.68,234.45,235.32,4479.27,675
2026-06-22 12:00:00+00:00,235.24,236.28,234.93,236.15,781.92,322
2026-06-22 13:00:00+00:00,236.5,241.24,229.81,239.73,10124.9,1535
2026-06-22 14:00:00+00:00,239.72,241.23,229.38,230.67,11088.47,1631
2026-06-22 15:00:00+00:00,230.66,232.67,227.4,228.23,24415.15,1595
2026-06-22 16:00:00+00:00,228.22,228.56,224.06,227.78,5176.83,730
2026-06-22 17:00:00+00:00,227.79,231.66,226.47,231.49,3067.61,476
2026-06-22 18:00:00+00:00,231.36,233.26,230.19,230.97,2607.6,362
2026-06-22 19:00:00+00:00,231.13,232.4,223.89,224.08,3548.5,816
2026-06-22 20:00:00+00:00,223.92,225.51,223.92,224.9,1706.58,480
2026-06-22 21:00:00+00:00,224.76,228.09,224.64,226.79,3573.84,754
2026-06-22 22:00:00+00:00,226.8,226.8,224.98,225.66,1195.54,456
2026-06-22 23:00:00+00:00,225.32,225.52,224.51,225.05,898.81,285
2026-06-23 00:00:00+00:00,224.91,225.0,219.29,222.28,7351.17,1108
2026-06-23 01:00:00+00:00,222.35,222.51,218.62,218.83,2434.47,661
2026-06-23 02:00:00+00:00,218.78,221.49,216.25,221.06,1695.8,546
2026-06-23 03:00:00+00:00,221.1,221.1,214.64,218.67,4300.48,1003
2026-06-23 04:00:00+00:00,218.73,219.29,217.34,217.38,1315.46,365
2026-06-23 05:00:00+00:00,216.96,217.58,212.99,214.59,1694.36,584
2026-06-23 06:00:00+00:00,214.52,217.33,212.93,216.28,1323.78,563
2026-06-23 07:00:00+00:00,216.29,217.21,214.83,215.26,729.68,402
2026-06-23 08:00:00+00:00,214.99,216.52,212.96,215.35,2223.1,816
2026-06-23 09:00:00+00:00,215.45,216.46,215.25,215.5,1298.38,272
2026-06-23 10:00:00+00:00,215.52,216.29,213.93,214.13,1424.99,319
2026-06-23 11:00:00+00:00,214.33,218.5,214.33,217.62,2025.84,489
2026-06-23 12:00:00+00:00,217.22,217.89,213.74,213.77,1460.01,441
2026-06-23 13:00:00+00:00,213.75,222.8,210.0,222.16,19359.68,2928
2026-06-23 14:00:00+00:00,222.1,223.56,214.31,214.81,12624.6,2107
2026-06-23 15:00:00+00:00,214.92,215.64,212.81,215.41,6425.0,1065
2026-06-23 16:00:00+00:00,215.56,229.21,215.56,226.12,11598.2,1650
2026-06-23 17:00:00+00:00,226.39,236.47,223.3,232.29,7178.86,1575
2026-06-23 18:00:00+00:00,231.74,235.37,226.09,228.51,8689.47,1793
2026-06-23 19:00:00+00:00,228.31,235.89,226.48,226.85,10343.85,1996
2026-06-23 20:00:00+00:00,226.97,236.41,203.3,209.94,86872.72,7771
2026-06-23 21:00:00+00:00,210.5,211.97,202.0,203.01,30164.73,3633
2026-06-23 22:00:00+00:00,203.14,204.56,199.68,201.75,18451.86,2062
2026-06-23 23:00:00+00:00,201.75,202.03,199.33,200.8,6106.53,996
2026-06-24 00:00:00+00:00,201.09,202.8,198.72,201.9,6351.51,1945
2026-06-24 01:00:00+00:00,201.9,202.13,200.28,201.62,2072.57,1330
2026-06-24 02:00:00+00:00,201.68,202.15,201.33,202.15,686.74,1102
2026-06-24 03:00:00+00:00,202.07,204.76,201.79,203.9,2102.52,2576
2026-06-24 04:00:00+00:00,203.96,204.17,199.23,200.7,4256.02,2228
2026-06-24 05:00:00+00:00,200.7,202.17,200.62,201.06,1352.2,1312
2026-06-24 06:00:00+00:00,201.01,202.69,201.0,202.33,2154.49,1219
2026-06-24 07:00:00+00:00,202.22,202.78,199.98,200.18,1957.44,1151
2026-06-24 08:00:00+00:00,200.48,201.77,193.38,193.98,11085.21,2539
2026-06-24 09:00:00+00:00,193.98,195.73,192.99,193.37,3880.39,1257
2026-06-24 10:00:00+00:00,193.4,198.61,193.38,198.35,4139.91,1093
2026-06-24 11:00:00+00:00,198.61,204.95,198.39,202.76,7390.54,1722
2026-06-24 12:00:00+00:00,203.05,210.92,200.64,205.02,9595.08,2172
2026-06-24 13:00:00+00:00,205.1,210.27,191.25,195.45,30994.63,4122
2026-06-24 14:00:00+00:00,195.14,198.17,188.67,189.72,22860.94,2474
2026-06-24 15:00:00+00:00,189.72,192.14,185.23,186.59,12521.61,2211
2026-06-24 16:00:00+00:00,186.6,192.28,186.6,189.9,7946.73,1329
2026-06-24 17:00:00+00:00,189.85,190.67,185.38,185.38,4716.71,1078
2026-06-24 18:00:00+00:00,185.41,188.78,185.4,186.49,3365.22,814
2026-06-24 19:00:00+00:00,186.5,186.68,181.44,182.29,10523.37,1574
2026-06-24 20:00:00+00:00,182.46,186.68,181.94,185.03,7668.92,1624
2026-06-24 21:00:00+00:00,185.04,185.96,182.88,185.96,4459.54,1034
2026-06-24 22:00:00+00:00,185.97,189.56,185.4,188.15,5235.5,1025
2026-06-24 23:00:00+00:00,188.16,188.2,187.23,187.86,1229.59,401
2026-06-25 00:00:00+00:00,187.83,190.74,185.3,185.57,2479.38,1874
2026-06-25 01:00:00+00:00,185.47,186.7,185.35,186.23,1734.85,801
2026-06-25 02:00:00+00:00,186.23,186.56,185.0,186.31,795.42,1146
2026-06-25 03:00:00+00:00,186.26,186.35,185.01,185.97,739.51,1021
2026-06-25 04:00:00+00:00,185.97,186.36,185.35,186.14,503.36,1014
2026-06-25 05:00:00+00:00,186.12,186.62,185.83,186.26,2385.45,874
2026-06-25 06:00:00+00:00,186.29,187.52,186.16,186.29,424.13,491
2026-06-25 07:00:00+00:00,186.47,186.7,185.45,185.57,518.4,557
2026-06-25 08:00:00+00:00,185.63,187.26,185.3,185.87,4901.39,1072
2026-06-25 09:00:00+00:00,185.87,186.51,184.19,184.2,699.49,346
2026-06-25 10:00:00+00:00,184.33,186.17,184.13,185.35,2183.94,700
2026-06-25 11:00:00+00:00,185.4,186.66,183.15,184.28,3078.81,1139
2026-06-25 12:00:00+00:00,184.37,191.93,184.31,186.1,12534.87,2702
2026-06-25 13:00:00+00:00,186.19,192.83,163.15,163.61,37247.52,5737
2026-06-25 14:00:00+00:00,163.61,169.89,161.49,167.51,34189.06,5341
2026-06-25 15:00:00+00:00,167.68,173.0,165.9,168.27,8067.45,1646
2026-06-25 16:00:00+00:00,168.6,175.2,168.1,171.67,10507.1,1957
2026-06-25 17:00:00+00:00,171.51,172.86,170.35,172.16,3448.42,998
2026-06-25 18:00:00+00:00,172.07,172.56,167.63,167.68,2640.56,768
2026-06-25 19:00:00+00:00,167.68,168.75,164.98,168.69,2867.45,750
2026-06-25 20:00:00+00:00,168.36,170.87,167.97,169.07,2263.52,639
2026-06-25 21:00:00+00:00,169.15,169.96,168.94,169.67,1676.94,409
2026-06-25 22:00:00+00:00,169.51,169.53,166.75,167.91,1540.8,339
2026-06-25 23:00:00+00:00,168.01,169.22,167.76,168.95,642.47,286
2026-06-26 00:00:00+00:00,168.93,171.43,167.74,167.98,2327.08,2042
2026-06-26 01:00:00+00:00,167.89,168.11,165.53,166.02,758.64,1569
2026-06-26 02:00:00+00:00,166.0,166.01,163.23,164.0,3251.5,1345
2026-06-26 03:00:00+00:00,163.98,164.44,162.27,164.3,3035.01,1715
2026-06-26 04:00:00+00:00,164.53,165.56,163.33,163.98,2754.95,1482
2026-06-26 05:00:00+00:00,164.04,165.11,163.76,164.67,664.31,908
2026-06-26 06:00:00+00:00,164.62,166.61,163.83,165.78,792.55,1012
2026-06-26 07:00:00+00:00,165.86,166.7,165.63,166.69,685.61,1092
2026-06-26 08:00:00+00:00,166.68,167.04,164.34,164.68,644.85,369
2026-06-26 09:00:00+00:00,164.71,164.98,162.96,163.25,2598.36,543
2026-06-26 10:00:00+00:00,163.21,165.13,162.61,164.36,1563.44,512
2026-06-26 11:00:00+00:00,164.29,166.04,164.24,165.57,970.83,304
2026-06-26 12:00:00+00:00,165.43,165.46,163.96,163.96,758.98,245
2026-06-26 13:00:00+00:00,163.97,166.24,160.76,164.89,16569.72,2435
2026-06-26 14:00:00+00:00,165.02,172.97,165.02,172.92,9166.11,1133
2026-06-26 15:00:00+00:00,173.29,175.54,171.24,172.96,4364.35,705
2026-06-26 16:00:00+00:00,173.12,174.69,170.5,174.15,4498.56,593
2026-06-26 17:00:00+00:00,174.18,181.85,174.18,179.82,24874.34,1963
2026-06-26 18:00:00+00:00,179.99,183.81,179.25,180.94,13614.38,1797
2026-06-26 19:00:00+00:00,180.9,182.54,177.35,181.81,10769.42,1557
2026-06-26 20:00:00+00:00,181.7,182.44,180.8,181.2,966.73,296
2026-06-26 21:00:00+00:00,181.3,181.36,180.01,181.01,1767.13,423
2026-06-26 22:00:00+00:00,181.13,181.86,180.69,181.86,1723.24,306
2026-06-26 23:00:00+00:00,181.8,182.4,181.28,181.43,854.57,161
2026-06-27 00:00:00+00:00,181.39,182.48,181.38,182.3,288.45,127
2026-06-27 01:00:00+00:00,182.25,182.25,180.59,180.99,365.55,135
2026-06-27 02:00:00+00:00,180.99,182.64,180.96,182.45,1089.52,222
2026-06-27 03:00:00+00:00,182.23,182.73,181.61,181.8,1124.73,423
2026-06-27 04:00:00+00:00,181.81,181.93,181.43,181.72,50.85,51
2026-06-27 05:00:00+00:00,181.49,181.49,179.82,180.31,533.45,306
2026-06-27 06:00:00+00:00,180.31,195.37,180.16,193.6,25776.07,4634
2026-06-27 07:00:00+00:00,193.49,194.15,190.19,190.57,6413.94,3184
2026-06-27 08:00:00+00:00,190.89,194.61,190.1,191.94,4251.32,2642
2026-06-27 09:00:00+00:00,191.92,193.35,191.58,193.34,1549.27,1374
2026-06-27 10:00:00+00:00,193.26,194.32,192.03,194.29,1241.98,1045
2026-06-27 11:00:00+00:00,194.36,195.02,188.46,190.6,10437.54,2092
2026-06-27 12:00:00+00:00,190.59,191.21,188.65,190.29,2981.46,1180
2026-06-27 13:00:00+00:00,190.25,191.73,189.78,190.6,1614.59,834
2026-06-27 14:00:00+00:00,190.59,192.24,190.5,191.41,1021.53,634
2026-06-27 15:00:00+00:00,191.37,192.62,191.02,192.07,1058.66,575
2026-06-27 16:00:00+00:00,192.36,192.42,191.29,191.61,757.76,281
2026-06-27 17:00:00+00:00,191.73,191.88,190.81,191.12,577.39,195
2026-06-27 18:00:00+00:00,190.9,191.03,190.67,190.98,446.34,284
2026-06-27 19:00:00+00:00,190.98,191.63,190.0,190.99,702.3,576
2026-06-27 20:00:00+00:00,191.14,193.7,191.14,193.69,1575.15,705
2026-06-27 21:00:00+00:00,193.61,194.76,191.47,194.47,4189.23,1039
2026-06-27 22:00:00+00:00,194.33,199.63,193.79,196.07,11414.67,2677
2026-06-27 23:00:00+00:00,196.04,196.19,193.5,194.92,2420.05,814
2026-06-28 00:00:00+00:00,194.81,196.24,194.66,195.55,992.96,399
2026-06-28 01:00:00+00:00,195.51,195.51,193.5,194.78,744.0,296
2026-06-28 02:00:00+00:00,194.81,196.3,194.81,195.66,593.82,229
2026-06-28 03:00:00+00:00,195.66,196.37,195.35,195.52,1171.04,303
2026-06-28 04:00:00+00:00,195.52,195.55,193.59,194.07,419.09,359
2026-06-28 05:00:00+00:00,194.05,194.17,191.83,193.71,4301.67,599
2026-06-28 06:00:00+00:00,193.63,193.82,192.39,192.43,350.54,111
2026-06-28 07:00:00+00:00,192.44,195.64,192.43,194.55,309.1,153
2026-06-28 08:00:00+00:00,194.8,195.57,194.09,194.48,495.43,190
2026-06-28 09:00:00+00:00,194.37,195.09,193.93,194.5,342.0,238
2026-06-28 10:00:00+00:00,194.5,194.96,194.11,194.96,130.83,143
2026-06-28 11:00:00+00:00,194.85,194.85,194.57,194.57,1010.23,268
2026-06-28 12:00:00+00:00,194.57,194.59,192.22,192.63,601.73,363
2026-06-28 13:00:00+00:00,192.66,192.66,191.49,191.8,691.68,332
2026-06-28 14:00:00+00:00,191.8,192.42,191.29,191.61,277.6,156
2026-06-28 15:00:00+00:00,191.57,192.17,191.44,191.58,258.38,131
2026-06-28 16:00:00+00:00,191.52,192.0,191.15,191.98,488.0,161
2026-06-28 17:00:00+00:00,191.96,191.96,191.14,191.5,351.57,182
2026-06-28 18:00:00+00:00,191.69,192.0,191.61,191.91,241.3,91
2026-06-28 19:00:00+00:00,192.01,192.07,190.91,190.91,768.29,199
2026-06-28 20:00:00+00:00,191.0,191.83,190.97,191.7,802.65,213
2026-06-28 21:00:00+00:00,191.7,191.93,190.76,190.79,843.84,153
2026-06-28 22:00:00+00:00,191.0,192.98,189.9,190.51,1382.98,472
2026-06-28 23:00:00+00:00,190.28,193.22,190.24,192.45,1481.41,453
2026-06-29 00:00:00+00:00,192.31,195.26,185.17,185.17,13687.47,2442
2026-06-29 01:00:00+00:00,185.2,187.33,183.43,184.88,4147.08,719
2026-06-29 02:00:00+00:00,184.88,185.78,183.51,185.44,2739.3,503
2026-06-29 03:00:00+00:00,185.64,187.38,185.27,186.97,895.5,259
2026-06-29 04:00:00+00:00,186.91,187.97,185.62,186.21,2741.31,491
2026-06-29 05:00:00+00:00,186.49,187.2,185.46,187.11,888.69,314
2026-06-29 06:00:00+00:00,187.13,188.24,186.62,187.06,1235.24,531
2026-06-29 07:00:00+00:00,187.03,187.74,186.72,187.53,1071.64,511
2026-06-29 08:00:00+00:00,187.44,191.81,186.71,190.6,6230.77,1406
2026-06-29 09:00:00+00:00,190.51,191.05,189.26,189.46,1781.72,764
2026-06-29 10:00:00+00:00,189.74,190.45,189.29,189.72,1266.34,394
2026-06-29 11:00:00+00:00,189.72,189.82,186.09,187.58,3882.84,1180
2026-06-29 12:00:00+00:00,187.56,188.3,183.44,185.05,5596.12,1146
2026-06-29 13:00:00+00:00,184.95,196.08,182.34,193.49,20016.54,2424
2026-06-29 14:00:00+00:00,193.42,201.46,188.04,199.23,15182.8,2064
2026-06-29 15:00:00+00:00,199.29,200.9,195.34,200.9,4760.94,1047
2026-06-29 16:00:00+00:00,200.98,210.99,200.88,210.41,7431.48,1339
2026-06-29 17:00:00+00:00,210.66,218.89,210.35,214.19,12566.86,1719
2026-06-29 18:00:00+00:00,214.04,219.78,212.68,218.51,5609.42,831
2026-06-29 19:00:00+00:00,218.11,220.32,215.18,216.12,9081.27,1358
2026-06-29 20:00:00+00:00,215.9,216.63,214.62,215.1,1500.63,334
2026-06-29 21:00:00+00:00,215.05,215.54,214.47,214.47,2025.04,352
2026-06-29 22:00:00+00:00,214.47,214.81,213.77,214.54,1669.77,339
2026-06-29 23:00:00+00:00,214.54,215.14,214.52,214.74,1122.98,215
2026-06-30 00:00:00+00:00,214.54,215.71,211.23,213.62,2721.88,1482
2026-06-30 01:00:00+00:00,213.51,218.42,212.09,216.39,1750.47,1933
2026-06-30 02:00:00+00:00,216.38,218.99,215.99,216.42,2567.57,1414
2026-06-30 03:00:00+00:00,216.43,217.58,216.24,216.68,830.92,466
2026-06-30 04:00:00+00:00,216.84,216.91,214.96,216.64,768.65,378
2026-06-30 05:00:00+00:00,216.65,216.76,215.0,215.76,246.83,250
2026-06-30 06:00:00+00:00,215.76,215.88,214.33,215.17,858.96,970
2026-06-30 07:00:00+00:00,215.2,215.74,214.65,214.68,475.32,593
2026-06-30 08:00:00+00:00,214.76,215.8,211.23,212.36,3636.48,1005
2026-06-30 09:00:00+00:00,212.23,213.55,211.96,212.95,1552.41,573
2026-06-30 10:00:00+00:00,213.04,214.28,212.89,214.18,377.95,201
2026-06-30 11:00:00+00:00,214.51,214.9,212.34,214.25,1309.4,338
2026-06-30 12:00:00+00:00,214.25,214.25,210.56,210.56,1067.61,346
2026-06-30 13:00:00+00:00,210.54,212.02,201.9,206.45,20919.62,3216
2026-06-30 14:00:00+00:00,206.72,209.15,202.71,203.65,12103.68,1758
2026-06-30 15:00:00+00:00,203.63,209.32,203.55,208.7,4785.39,1306
2026-06-30 16:00:00+00:00,208.68,215.93,207.84,214.22,5417.89,1451
2026-06-30 17:00:00+00:00,214.34,217.24,213.06,216.6,3416.41,896
2026-06-30 18:00:00+00:00,216.49,218.0,214.58,215.44,3376.73,760
2026-06-30 19:00:00+00:00,215.49,221.65,212.93,220.95,4139.4,1056
2026-06-30 20:00:00+00:00,221.0,223.74,219.43,219.76,3622.06,818
2026-06-30 21:00:00+00:00,219.76,219.81,216.91,219.37,1367.72,543
2026-06-30 22:00:00+00:00,219.35,220.01,219.0,219.4,476.79,262
2026-06-30 23:00:00+00:00,219.48,219.68,218.4,218.45,517.02,572
2026-07-01 00:00:00+00:00,218.45,221.36,217.27,218.99,1230.63,1324
2026-07-01 01:00:00+00:00,219.03,219.25,215.48,216.06,3057.97,2165
2026-07-01 02:00:00+00:00,216.04,216.62,214.15,215.92,704.34,1302
2026-07-01 03:00:00+00:00,215.92,218.78,215.91,218.39,529.44,852
2026-07-01 04:00:00+00:00,218.5,220.11,218.17,219.13,999.98,839
2026-07-01 05:00:00+00:00,219.19,219.59,218.03,218.26,393.04,760
2026-07-01 06:00:00+00:00,218.33,218.5,216.54,216.54,874.73,671
2026-07-01 07:00:00+00:00,216.73,217.25,215.63,217.08,1345.13,1466
2026-07-01 08:00:00+00:00,216.97,216.97,214.53,215.37,3053.32,1134
2026-07-01 09:00:00+00:00,215.37,215.45,214.12,215.25,585.93,500
2026-07-01 10:00:00+00:00,215.37,216.45,214.46,216.25,378.38,537
2026-07-01 11:00:00+00:00,216.4,217.33,215.61,216.25,898.58,582
2026-07-01 12:00:00+00:00,216.35,217.25,211.34,212.57,2080.58,1092
2026-07-01 13:00:00+00:00,212.35,228.27,207.34,220.46,17508.96,4103
2026-07-01 14:00:00+00:00,220.59,224.76,215.83,217.28,11087.89,3101
2026-07-01 15:00:00+00:00,217.4,222.32,216.83,218.3,6609.26,1929
2026-07-01 16:00:00+00:00,218.4,224.51,218.4,220.87,2764.79,881
2026-07-01 17:00:00+00:00,220.89,225.87,218.65,223.85,5585.17,937
2026-07-01 18:00:00+00:00,224.03,225.74,222.61,223.36,4693.07,1003
2026-07-01 19:00:00+00:00,223.6,226.17,220.84,220.84,4214.16,1240
2026-07-01 20:00:00+00:00,220.97,221.47,215.53,217.76,3910.89,1210
2026-07-01 21:00:00+00:00,217.69,218.46,216.24,218.46,2563.04,585
2026-07-01 22:00:00+00:00,218.55,218.57,217.26,217.59,836.46,174
2026-07-01 23:00:00+00:00,217.55,218.08,215.2,215.56,649.12,253
2026-07-02 00:00:00+00:00,215.62,219.14,215.01,216.96,1965.53,1872
2026-07-02 01:00:00+00:00,216.87,220.28,216.39,220.14,583.78,1000
2026-07-02 02:00:00+00:00,220.12,220.94,218.77,219.65,1585.8,2259
2026-07-02 03:00:00+00:00,219.65,219.84,217.98,219.58,854.91,1715
2026-07-02 04:00:00+00:00,219.73,219.74,217.3,217.92,218.3,351
2026-07-02 05:00:00+00:00,217.6,218.98,217.22,217.95,533.65,844
2026-07-02 06:00:00+00:00,217.95,218.25,215.16,215.33,635.72,968
2026-07-02 07:00:00+00:00,215.14,215.85,213.63,214.53,1410.25,1109
2026-07-02 08:00:00+00:00,214.55,217.24,213.2,216.83,2766.16,1076
2026-07-02 09:00:00+00:00,216.84,216.84,214.87,214.88,703.13,281
2026-07-02 10:00:00+00:00,214.87,215.59,214.24,215.59,1838.82,395
2026-07-02 11:00:00+00:00,215.55,219.18,215.53,217.57,2352.24,480
2026-07-02 12:00:00+00:00,217.35,224.21,216.23,221.24,2359.73,747
2026-07-02 13:00:00+00:00,221.33,223.59,215.0,216.66,11680.72,1789
2026-07-02 14:00:00+00:00,216.26,216.26,208.77,213.04,10301.37,1348
2026-07-02 15:00:00+00:00,212.87,217.47,210.58,212.62,4727.32,858
2026-07-02 16:00:00+00:00,212.72,212.88,204.7,206.0,9140.62,1026
2026-07-02 17:00:00+00:00,206.03,206.25,203.67,204.84,2382.93,506
2026-07-02 18:00:00+00:00,204.99,210.0,204.99,209.53,1613.4,423
2026-07-02 19:00:00+00:00,209.64,210.03,203.85,205.03,3980.95,609
2026-07-02 20:00:00+00:00,205.34,206.03,203.66,205.06,945.44,145
2026-07-02 21:00:00+00:00,204.99,204.99,204.52,204.75,206.29,52
2026-07-02 22:00:00+00:00,204.99,205.17,204.64,204.78,200.5,37
2026-07-02 23:00:00+00:00,204.78,204.78,203.98,204.15,299.81,71
2026-07-03 00:00:00+00:00,204.59,205.13,202.47,202.71,593.14,292
2026-07-03 01:00:00+00:00,202.61,205.05,202.57,204.61,547.76,273
2026-07-03 02:00:00+00:00,204.46,205.17,203.77,204.74,250.61,113
2026-07-03 03:00:00+00:00,204.49,204.49,203.31,203.94,94.98,123
2026-07-03 04:00:00+00:00,203.76,205.26,203.76,204.68,253.31,120
2026-07-03 05:00:00+00:00,204.68,204.89,203.03,203.55,383.27,230
2026-07-03 06:00:00+00:00,203.61,203.83,202.7,203.05,646.98,263
2026-07-03 07:00:00+00:00,203.03,203.83,202.48,202.55,1386.51,338
2026-07-03 08:00:00+00:00,202.55,203.21,201.5,201.64,429.76,297
2026-07-03 09:00:00+00:00,201.7,201.75,199.74,201.25,3874.9,678
2026-07-03 10:00:00+00:00,201.25,201.61,200.85,200.97,203.66,201
2026-07-03 11:00:00+00:00,200.91,200.92,199.98,200.12,210.13,195
2026-07-03 12:00:00+00:00,200.11,201.48,200.06,200.68,1034.31,387
2026-07-03 13:00:00+00:00,200.74,200.93,199.96,200.46,557.81,241
2026-07-03 14:00:00+00:00,200.56,201.53,200.32,201.52,324.13,160
2026-07-03 15:00:00+00:00,201.43,201.43,200.18,200.22,388.23,466
2026-07-03 16:00:00+00:00,200.2,203.06,200.14,201.73,938.26,751
2026-07-03 17:00:00+00:00,201.79,202.34,201.42,201.62,530.92,352
2026-07-03 18:00:00+00:00,201.76,202.03,201.26,201.56,163.76,143
2026-07-03 19:00:00+00:00,201.54,202.54,201.47,201.9,244.25,146
2026-07-03 20:00:00+00:00,201.85,202.77,201.24,202.77,337.32,281
2026-07-03 21:00:00+00:00,202.84,202.84,202.02,202.6,284.19,137
2026-07-03 22:00:00+00:00,202.34,202.43,201.35,201.76,191.19,181
2026-07-03 23:00:00+00:00,201.52,201.67,200.83,201.13,85.43,86
2026-07-04 00:00:00+00:00,201.02,201.49,200.75,201.46,47.64,82
2026-07-04 01:00:00+00:00,201.2,201.2,200.71,201.05,154.31,110
2026-07-04 02:00:00+00:00,201.0,201.0,200.35,200.6,70.55,52
2026-07-04 03:00:00+00:00,200.68,201.32,200.58,201.18,245.49,126
2026-07-04 04:00:00+00:00,201.25,203.4,201.16,202.83,514.54,444
2026-07-04 05:00:00+00:00,202.97,203.18,201.92,203.18,298.84,168
2026-07-04 06:00:00+00:00,203.34,203.68,202.73,202.91,97.56,79
2026-07-04 07:00:00+00:00,202.82,203.41,202.53,203.02,126.81,97
2026-07-04 08:00:00+00:00,203.22,203.48,203.0,203.12,77.13,103
2026-07-04 09:00:00+00:00,203.25,203.55,203.01,203.34,231.52,88
2026-07-04 10:00:00+00:00,203.2,203.51,203.02,203.17,81.67,37
2026-07-04 11:00:00+00:00,203.06,203.19,202.3,202.95,163.0,106
2026-07-04 12:00:00+00:00,202.96,203.23,202.17,202.31,263.27,146
2026-07-04 13:00:00+00:00,202.19,202.49,201.84,202.41,445.93,251
2026-07-04 14:00:00+00:00,202.4,202.59,201.83,202.31,312.55,172
2026-07-04 15:00:00+00:00,202.3,203.06,201.95,202.91,310.4,195
2026-07-04 16:00:00+00:00,202.83,203.54,202.49,203.03,257.13,107
2026-07-04 17:00:00+00:00,202.99,203.17,202.86,203.08,258.81,120
2026-07-04 18:00:00+00:00,203.11,203.39,202.29,202.42,222.21,99
2026-07-04 19:00:00+00:00,202.56,202.98,202.32,202.66,298.72,163
2026-07-04 20:00:00+00:00,202.66,203.3,202.62,203.3,43.2,36
2026-07-04 21:00:00+00:00,203.18,203.95,202.87,203.28,94.61,72
2026-07-04 22:00:00+00:00,203.33,203.79,203.29,203.73,69.4,35
2026-07-04 23:00:00+00:00,203.73,203.98,203.26,203.79,78.67,32
2026-07-05 00:00:00+00:00,203.81,204.0,203.57,203.57,53.12,21
2026-07-05 01:00:00+00:00,203.78,203.93,203.47,203.93,143.5,77
2026-07-05 02:00:00+00:00,204.0,204.0,203.73,203.94,135.21,46
2026-07-05 03:00:00+00:00,204.0,204.11,203.81,203.81,47.67,14
2026-07-05 04:00:00+00:00,204.02,204.3,204.02,204.08,30.45,7
2026-07-05 05:00:00+00:00,204.11,204.11,202.68,203.06,198.56,151
2026-07-05 06:00:00+00:00,203.05,203.72,203.0,203.72,22.59,19
2026-07-05 07:00:00+00:00,203.67,204.09,203.46,204.02,45.63,30
2026-07-05 08:00:00+00:00,204.09,204.15,203.91,204.15,24.67,11
2026-07-05 09:00:00+00:00,204.25,204.25,203.83,203.83,24.48,7
2026-07-05 10:00:00+00:00,203.88,204.32,203.86,204.31,55.46,52
2026-07-05 11:00:00+00:00,204.22,204.46,204.16,204.46,4.33,6
2026-07-05 12:00:00+00:00,204.04,204.3,203.87,204.13,174.04,64
2026-07-05 13:00:00+00:00,204.23,204.69,204.02,204.69,34.77,15
2026-07-05 14:00:00+00:00,204.41,204.51,204.37,204.48,25.0,13
2026-07-05 15:00:00+00:00,204.41,204.69,204.11,204.31,51.93,36
2026-07-05 16:00:00+00:00,204.23,204.25,203.56,204.05,160.02,48
2026-07-05 17:00:00+00:00,204.07,204.21,203.71,203.91,55.98,33
2026-07-05 18:00:00+00:00,203.86,204.49,203.79,204.49,89.74,31
2026-07-05 19:00:00+00:00,204.42,204.93,204.25,204.62,110.03,51
2026-07-05 20:00:00+00:00,204.74,205.21,204.42,204.87,759.36,173
2026-07-05 21:00:00+00:00,204.94,205.41,204.09,204.18,704.2,301
2026-07-05 22:00:00+00:00,204.41,205.37,203.77,204.52,677.31,361
2026-07-05 23:00:00+00:00,204.56,204.99,202.13,203.1,2118.76,598
2026-07-06 00:00:00+00:00,203.28,210.37,202.91,207.45,4535.93,1505
2026-07-06 01:00:00+00:00,207.38,208.5,206.04,206.26,346.88,231
2026-07-06 02:00:00+00:00,206.38,207.32,204.4,205.67,487.51,322
2026-07-06 03:00:00+00:00,205.75,206.76,205.43,205.71,213.33,119
2026-07-06 04:00:00+00:00,205.79,207.79,205.55,207.79,134.88,68
2026-07-06 05:00:00+00:00,207.6,207.81,205.75,206.91,756.57,215
2026-07-06 06:00:00+00:00,207.11,207.46,206.41,207.01,302.14,64
2026-07-06 07:00:00+00:00,206.87,207.71,206.79,207.13,259.78,176
2026-07-06 08:00:00+00:00,207.12,209.09,207.05,208.29,1513.52,715
2026-07-06 09:00:00+00:00,208.28,208.69,207.63,208.41,794.68,391
2026-07-06 10:00:00+00:00,208.41,208.64,207.15,207.9,740.4,396
2026-07-06 11:00:00+00:00,207.96,209.48,206.57,208.57,583.99,451
2026-07-06 12:00:00+00:00,208.56,210.65,208.4,208.96,1804.66,845
2026-07-06 13:00:00+00:00,208.82,208.82,193.27,194.1,19628.92,2562
2026-07-06 14:00:00+00:00,194.2,199.54,191.08,199.04,10060.78,2164
2026-07-06 15:00:00+00:00,198.75,200.39,194.89,194.89,2008.91,782
2026-07-06 16:00:00+00:00,194.99,198.78,194.77,198.24,3322.28,1027
2026-07-06 17:00:00+00:00,198.6,199.8,195.12,195.49,2900.28,730
2026-07-06 18:00:00+00:00,195.53,197.38,194.36,194.71,1495.57,466
2026-07-06 19:00:00+00:00,194.69,196.79,191.73,191.87,1715.18,588
2026-07-06 20:00:00+00:00,191.7,193.34,190.67,193.13,2158.2,512
2026-07-06 21:00:00+00:00,193.28,193.78,192.99,193.5,869.46,156
2026-07-06 22:00:00+00:00,193.24,193.88,192.65,192.65,693.82,158
2026-07-06 23:00:00+00:00,192.77,193.35,191.19,191.3,982.77,220
2026-07-07 00:00:00+00:00,191.27,191.95,188.66,191.45,2235.23,1710
2026-07-07 01:00:00+00:00,191.45,191.68,188.87,191.28,482.36,654
2026-07-07 02:00:00+00:00,191.32,191.53,189.3,189.39,475.76,451
2026-07-07 03:00:00+00:00,189.36,190.07,186.59,187.26,1983.98,1602
2026-07-07 04:00:00+00:00,187.26,188.09,186.42,187.2,435.49,745
2026-07-07 05:00:00+00:00,187.07,190.23,186.15,189.97,757.5,1281
2026-07-07 06:00:00+00:00,189.86,190.68,188.16,190.57,477.82,699
2026-07-07 07:00:00+00:00,190.54,190.64,189.2,189.22,382.46,620
2026-07-07 08:00:00+00:00,189.54,190.29,188.32,188.7,925.5,316
2026-07-07 09:00:00+00:00,188.75,189.6,185.0,186.28,2902.55,513
2026-07-07 10:00:00+00:00,186.55,187.63,185.97,186.69,1440.51,248
2026-07-07 11:00:00+00:00,187.17,187.27,186.32,187.12,650.24,196
2026-07-07 12:00:00+00:00,187.19,189.03,186.43,186.43,1965.07,286
2026-07-07 13:00:00+00:00,186.38,187.31,176.19,177.23,14674.46,2443
2026-07-07 14:00:00+00:00,177.03,177.89,173.29,176.93,20533.52,1489
2026-07-07 15:00:00+00:00,176.48,177.39,173.92,175.57,3514.5,760
2026-07-07 16:00:00+00:00,175.71,182.37,175.48,178.59,3993.06,683
2026-07-07 17:00:00+00:00,178.88,179.56,178.29,178.8,2284.87,485
2026-07-07 18:00:00+00:00,178.92,181.16,178.45,178.53,2751.2,712
2026-07-07 19:00:00+00:00,178.4,179.64,176.13,176.91,1662.4,478
2026-07-07 20:00:00+00:00,176.77,178.16,175.96,177.63,973.53,324
2026-07-07 21:00:00+00:00,177.63,177.91,176.78,176.78,916.79,313
2026-07-07 22:00:00+00:00,176.87,177.78,176.19,177.78,942.94,281
2026-07-07 23:00:00+00:00,177.75,177.8,175.34,175.69,756.26,276
2026-07-08 00:00:00+00:00,175.68,179.87,175.56,179.78,5550.14,1882
2026-07-08 01:00:00+00:00,179.7,179.84,177.09,177.35,916.81,1133
2026-07-08 02:00:00+00:00,177.21,178.14,176.39,177.85,537.6,601
2026-07-08 03:00:00+00:00,177.93,182.04,177.79,181.24,1172.93,589
2026-07-08 04:00:00+00:00,181.39,182.17,177.44,178.69,1644.64,931
2026-07-08 05:00:00+00:00,178.71,179.61,176.94,177.84,780.37,810
2026-07-08 06:00:00+00:00,177.87,178.15,176.21,177.79,1962.56,785
2026-07-08 07:00:00+00:00,177.77,178.36,176.77,177.3,855.79,586
2026-07-08 08:00:00+00:00,177.36,178.21,169.07,172.21,12232.5,1302
2026-07-08 09:00:00+00:00,172.3,172.58,169.94,172.58,1087.69,219
2026-07-08 10:00:00+00:00,172.76,173.47,171.78,172.96,568.63,158
2026-07-08 11:00:00+00:00,172.85,174.07,171.86,173.94,909.7,184
2026-07-08 12:00:00+00:00,173.76,175.7,173.26,174.68,610.79,185
2026-07-08 13:00:00+00:00,174.75,185.6,174.1,184.02,10632.68,1169
2026-07-08 14:00:00+00:00,184.15,188.4,181.48,183.14,5972.74,857
2026-07-08 15:00:00+00:00,183.06,184.56,180.31,180.92,4667.59,585
2026-07-08 16:00:00+00:00,181.09,183.96,180.1,183.31,3683.05,341
2026-07-08 17:00:00+00:00,183.23,183.9,181.34,181.4,2562.05,298
2026-07-08 18:00:00+00:00,181.73,183.83,181.73,182.0,1794.69,282
2026-07-08 19:00:00+00:00,182.27,182.62,180.75,181.83,2166.01,377
2026-07-08 20:00:00+00:00,181.77,182.41,181.36,182.09,857.68,167
2026-07-08 21:00:00+00:00,181.8,183.17,181.76,182.25,3936.24,396
2026-07-08 22:00:00+00:00,182.4,182.88,182.34,182.81,2178.59,578
2026-07-08 23:00:00+00:00,182.81,184.75,182.63,184.58,3610.19,549
2026-07-09 00:00:00+00:00,184.53,187.94,183.48,186.83,5520.36,956
2026-07-09 01:00:00+00:00,186.9,187.07,184.15,184.17,4187.37,893
2026-07-09 02:00:00+00:00,184.11,185.5,182.96,183.15,3381.08,506
2026-07-09 03:00:00+00:00,183.12,184.38,181.69,183.56,3731.06,804
2026-07-09 04:00:00+00:00,183.7,184.37,183.47,183.79,2465.69,910
2026-07-09 05:00:00+00:00,183.73,186.59,183.26,186.53,3504.43,475
2026-07-09 06:00:00+00:00,186.27,186.66,185.04,186.09,1241.29,183
2026-07-09 07:00:00+00:00,186.13,187.04,185.26,187.04,4500.95,490
2026-07-09 08:00:00+00:00,187.17,190.7,186.47,189.19,1840.05,325
2026-07-09 09:00:00+00:00,189.26,196.03,188.76,194.09,7526.72,823
2026-07-09 10:00:00+00:00,193.97,194.63,192.38,192.41,641.62,166
2026-07-09 11:00:00+00:00,192.45,195.31,190.52,193.2,3198.95,384
2026-07-09 12:00:00+00:00,193.05,194.08,191.49,192.83,3600.33,573
2026-07-09 13:00:00+00:00,193.08,195.06,186.84,193.66,41343.86,2421
2026-07-09 14:00:00+00:00,193.71,195.56,186.26,194.58,9605.11,1344
2026-07-09 15:00:00+00:00,195.02,204.42,194.57,204.05,20855.91,1406
2026-07-09 16:00:00+00:00,204.08,204.52,198.36,198.84,10134.36,1012
2026-07-09 17:00:00+00:00,198.83,202.04,198.64,201.13,11174.11,885
2026-07-09 18:00:00+00:00,201.19,201.97,199.74,200.17,2995.5,334
2026-07-09 19:00:00+00:00,200.28,201.88,197.21,198.45,5783.54,892
2026-07-09 20:00:00+00:00,197.86,198.94,197.86,198.94,2355.41,337
2026-07-09 21:00:00+00:00,198.94,198.99,198.39,198.51,1131.55,148
2026-07-09 22:00:00+00:00,198.7,200.49,198.58,200.49,1419.15,152
2026-07-09 23:00:00+00:00,200.27,200.74,199.93,199.99,843.61,84
2026-07-10 00:00:00+00:00,199.52,201.64,197.34,200.98,3125.47,420
2026-07-10 01:00:00+00:00,201.36,202.99,200.53,202.36,3459.13,373
2026-07-10 02:00:00+00:00,202.35,204.6,202.34,203.01,1083.24,120
2026-07-10 03:00:00+00:00,203.01,204.14,201.37,201.92,638.21,144
2026-07-10 04:00:00+00:00,201.97,201.97,198.53,198.53,865.74,131
2026-07-10 05:00:00+00:00,198.75,199.41,198.63,198.87,1094.35,86
2026-07-10 06:00:00+00:00,199.04,199.38,198.49,199.22,518.42,108
2026-07-10 07:00:00+00:00,199.24,199.71,197.84,197.84,1361.94,201
2026-07-10 08:00:00+00:00,198.17,199.39,197.54,197.99,1035.72,326
2026-07-10 09:00:00+00:00,198.27,198.37,197.29,198.16,294.1,83
2026-07-10 10:00:00+00:00,198.48,199.93,198.35,198.5,337.04,87
2026-07-10 11:00:00+00:00,198.75,201.31,198.72,198.96,1135.97,178
2026-07-10 12:00:00+00:00,198.91,200.33,196.17,196.52,2327.89,294
2026-07-10 13:00:00+00:00,196.35,210.68,191.47,204.46,12229.38,1524
2026-07-10 14:00:00+00:00,204.62,206.23,198.94,201.47,10454.23,1061
2026-07-10 15:00:00+00:00,201.87,216.07,201.18,211.8,22735.56,1868
2026-07-10 16:00:00+00:00,211.85,214.36,210.68,211.56,3944.27,667
2026-07-10 17:00:00+00:00,211.56,212.43,208.45,211.15,6369.86,1451
2026-07-10 18:00:00+00:00,211.3,214.36,210.95,213.8,6043.07,539
2026-07-10 19:00:00+00:00,213.52,215.0,213.02,215.0,3950.92,550
2026-07-10 20:00:00+00:00,214.84,215.39,213.31,214.97,3068.74,472
2026-07-10 21:00:00+00:00,215.03,215.21,213.39,214.26,691.58,212
2026-07-10 22:00:00+00:00,214.15,214.79,213.68,214.72,865.71,206
2026-07-10 23:00:00+00:00,214.5,215.22,214.38,214.75,199.65,88
2026-07-11 00:00:00+00:00,214.66,214.85,213.61,213.89,67.53,64
2026-07-11 01:00:00+00:00,213.9,214.45,213.75,214.02,103.5,56
2026-07-11 02:00:00+00:00,214.13,217.39,214.1,216.84,652.41,314
2026-07-11 03:00:00+00:00,216.69,216.96,213.69,213.96,254.24,248
2026-07-11 04:00:00+00:00,213.94,215.36,213.25,213.61,143.54,178
2026-07-11 05:00:00+00:00,213.4,213.97,213.35,213.74,102.53,62
2026-07-11 06:00:00+00:00,214.0,214.29,213.45,213.97,62.95,41
2026-07-11 07:00:00+00:00,213.87,214.33,213.62,214.02,43.56,25
2026-07-11 08:00:00+00:00,213.96,214.0,213.7,213.86,19.7,24
2026-07-11 09:00:00+00:00,213.77,215.03,213.56,213.68,232.07,145
2026-07-11 10:00:00+00:00,213.61,213.7,213.2,213.45,332.84,109
2026-07-11 11:00:00+00:00,213.44,213.46,213.22,213.27,64.01,51
2026-07-11 12:00:00+00:00,213.23,213.39,210.86,210.86,301.81,146
2026-07-11 13:00:00+00:00,210.9,211.59,209.8,211.2,320.85,200
2026-07-11 14:00:00+00:00,210.98,210.98,209.93,210.29,115.49,169
2026-07-11 15:00:00+00:00,210.29,211.97,210.1,211.57,1689.67,396
2026-07-11 16:00:00+00:00,211.54,211.54,210.75,210.78,92.81,93
2026-07-11 17:00:00+00:00,210.81,211.48,210.63,211.09,65.83,50
2026-07-11 18:00:00+00:00,210.95,212.06,210.86,211.7,321.79,106
2026-07-11 19:00:00+00:00,211.57,211.68,211.3,211.35,30.61,39
2026-07-11 20:00:00+00:00,211.25,211.55,210.97,211.36,288.01,62
2026-07-11 21:00:00+00:00,211.5,213.06,211.5,213.06,187.18,135
2026-07-11 22:00:00+00:00,212.93,213.09,211.75,211.79,184.6,159
2026-07-11 23:00:00+00:00,211.99,212.23,210.86,210.86,221.91,153
2026-07-12 00:00:00+00:00,210.81,211.12,209.46,209.91,511.93,207
2026-07-12 01:00:00+00:00,209.9,210.89,209.71,210.81,30.54,49
2026-07-12 02:00:00+00:00,210.65,211.16,210.41,211.13,122.9,92
2026-07-12 03:00:00+00:00,211.11,212.41,211.11,211.68,127.56,147
2026-07-12 04:00:00+00:00,211.6,212.15,211.6,212.14,10.82,22
2026-07-12 05:00:00+00:00,212.25,212.46,211.7,211.7,48.49,48
2026-07-12 06:00:00+00:00,211.93,212.7,211.88,212.44,165.53,170
2026-07-12 07:00:00+00:00,212.48,212.97,212.38,212.41,10.0,23
2026-07-12 08:00:00+00:00,212.45,213.68,212.37,213.28,43.08,60
2026-07-12 09:00:00+00:00,213.14,213.3,212.04,212.16,34.92,42
2026-07-12 10:00:00+00:00,212.24,212.55,211.53,211.94,87.96,54
2026-07-12 11:00:00+00:00,211.9,213.26,211.9,213.26,35.41,37
2026-07-12 12:00:00+00:00,213.2,213.51,212.68,213.13,353.01,142
2026-07-12 13:00:00+00:00,213.14,213.21,212.49,212.71,66.75,38
2026-07-12 14:00:00+00:00,212.66,213.41,212.61,213.04,93.11,41
2026-07-12 15:00:00+00:00,212.82,213.9,212.82,213.75,58.52,46
2026-07-12 16:00:00+00:00,213.79,213.81,212.92,213.53,55.85,182
2026-07-12 17:00:00+00:00,213.51,213.99,213.37,213.89,45.67,268
2026-07-12 18:00:00+00:00,213.94,214.08,212.79,212.91,347.67,259
2026-07-12 19:00:00+00:00,213.04,213.72,212.96,213.58,69.69,195
2026-07-12 20:00:00+00:00,213.52,213.65,213.28,213.48,63.35,158
2026-07-12 21:00:00+00:00,213.48,213.94,212.52,213.91,157.84,230
2026-07-12 22:00:00+00:00,213.8,214.28,212.48,213.24,569.64,312
2026-07-12 23:00:00+00:00,213.21,213.34,210.72,210.72,783.86,451
2026-07-13 00:00:00+00:00,210.71,215.5,210.28,210.73,4877.76,1337
2026-07-13 01:00:00+00:00,210.47,210.7,207.54,207.97,4827.07,1518
2026-07-13 02:00:00+00:00,207.91,208.67,206.52,206.56,2286.53,537
2026-07-13 03:00:00+00:00,206.51,206.81,201.31,203.9,29997.14,2625
2026-07-13 04:00:00+00:00,203.83,204.27,202.09,204.15,10723.83,1178
2026-07-13 05:00:00+00:00,204.12,208.25,203.82,207.8,6821.21,811
2026-07-13 06:00:00+00:00,207.99,208.4,205.73,206.15,1260.16,555
2026-07-13 07:00:00+00:00,206.17,207.06,204.61,204.81,4968.74,1174
2026-07-13 08:00:00+00:00,205.1,208.29,203.12,207.76,10638.13,983
2026-07-13 09:00:00+00:00,207.81,209.18,207.07,208.82,419.61,154
2026-07-13 10:00:00+00:00,208.99,208.99,207.03,208.1,254.0,135
2026-07-13 11:00:00+00:00,207.98,210.25,207.98,208.3,1435.31,383
2026-07-13 12:00:00+00:00,208.27,208.61,206.15,207.89,1645.74,607
2026-07-13 13:00:00+00:00,208.02,212.05,205.08,208.07,15998.64,1287
2026-07-13 14:00:00+00:00,208.24,208.81,203.01,208.7,15208.28,1559
2026-07-13 15:00:00+00:00,208.64,213.57,206.8,208.6,6341.05,1187
2026-07-13 16:00:00+00:00,208.66,210.52,204.41,205.62,7799.15,867
2026-07-13 17:00:00+00:00,205.58,206.76,204.23,204.73,2767.49,460
2026-07-13 18:00:00+00:00,204.94,206.11,203.36,205.14,5471.91,478
2026-07-13 19:00:00+00:00,204.94,208.14,204.0,204.48,2415.26,309
2026-07-13 20:00:00+00:00,204.49,205.0,202.94,203.91,1225.03,213
2026-07-13 21:00:00+00:00,203.86,203.94,203.35,203.6,399.73,81
2026-07-13 22:00:00+00:00,203.87,203.92,202.47,202.59,589.14,132
2026-07-13 23:00:00+00:00,202.43,202.81,199.86,201.5,2842.66,263
2026-07-14 00:00:00+00:00,201.6,204.99,201.3,204.85,2997.17,773
2026-07-14 01:00:00+00:00,204.86,204.86,202.53,202.53,1225.79,374
2026-07-14 02:00:00+00:00,202.79,203.32,199.32,199.86,2342.8,365
2026-07-14 03:00:00+00:00,199.65,199.65,195.65,198.85,3389.95,402
2026-07-14 04:00:00+00:00,198.74,202.85,198.69,202.27,3317.32,529
2026-07-14 05:00:00+00:00,202.28,204.9,202.15,204.56,1687.28,264
2026-07-14 06:00:00+00:00,204.54,205.71,204.49,204.72,416.18,92
2026-07-14 07:00:00+00:00,204.67,205.81,204.18,204.25,895.91,162
2026-07-14 08:00:00+00:00,204.4,206.35,204.4,204.42,842.65,221
2026-07-14 09:00:00+00:00,204.23,205.14,203.81,205.14,611.75,140
2026-07-14 10:00:00+00:00,205.05,205.42,204.57,204.58,161.87,51
2026-07-14 11:00:00+00:00,205.11,207.48,202.55,206.48,2659.39,340
2026-07-14 12:00:00+00:00,206.44,210.59,204.14,207.98,5022.58,754
2026-07-14 13:00:00+00:00,207.65,209.04,191.16,193.69,11427.27,1475
2026-07-14 14:00:00+00:00,193.46,195.06,187.65,193.98,7182.58,941
2026-07-14 15:00:00+00:00,194.22,196.98,192.32,193.56,3669.76,567
2026-07-14 16:00:00+00:00,193.81,195.42,192.87,195.19,2735.47,450
2026-07-14 17:00:00+00:00,195.22,199.11,194.74,198.51,4337.53,495
2026-07-14 18:00:00+00:00,198.46,199.12,195.34,196.72,3364.12,346
2026-07-14 19:00:00+00:00,196.51,204.34,196.51,203.7,2659.94,420
2026-07-14 20:00:00+00:00,203.57,204.05,202.42,203.41,3721.67,455
2026-07-14 21:00:00+00:00,203.41,204.23,202.78,203.7,2042.3,286
2026-07-14 22:00:00+00:00,203.38,204.0,203.0,203.77,1585.6,168
2026-07-14 23:00:00+00:00,203.87,204.17,203.46,203.6,1519.03,313
2026-07-15 00:00:00+00:00,203.77,203.85,200.74,201.7,1579.17,270
2026-07-15 01:00:00+00:00,201.98,203.49,201.52,203.39,1005.41,205
2026-07-15 02:00:00+00:00,203.37,204.06,203.05,203.94,327.0,62
2026-07-15 03:00:00+00:00,203.63,204.16,202.45,204.0,4470.69,287
2026-07-15 04:00:00+00:00,204.02,207.88,204.02,207.7,4074.09,323
2026-07-15 05:00:00+00:00,207.7,208.15,205.71,206.2,2415.03,383
2026-07-15 06:00:00+00:00,206.2,206.46,205.75,206.13,294.48,140
2026-07-15 07:00:00+00:00,206.55,206.57,203.7,204.02,4049.48,459
2026-07-15 08:00:00+00:00,203.98,204.13,201.25,202.75,6563.0,920
2026-07-15 09:00:00+00:00,202.96,203.21,202.16,202.16,1113.95,150
2026-07-15 10:00:00+00:00,202.14,204.0,202.13,202.73,4545.59,579
2026-07-15 11:00:00+00:00,202.85,203.42,202.32,202.62,811.89,115
2026-07-15 12:00:00+00:00,202.47,204.44,201.72,204.28,3089.74,247
2026-07-15 13:00:00+00:00,204.19,205.08,196.13,198.05,11118.55,965
2026-07-15 14:00:00+00:00,198.04,198.48,190.07,190.74,11120.06,938
2026-07-15 15:00:00+00:00,190.73,191.19,183.57,185.21,4052.94,686
2026-07-15 16:00:00+00:00,185.23,187.14,182.08,186.92,8486.41,1422
2026-07-15 17:00:00+00:00,186.93,189.48,186.8,188.36,4481.28,1039
2026-07-15 18:00:00+00:00,188.36,188.85,183.93,183.93,1905.76,333
2026-07-15 19:00:00+00:00,184.02,186.77,183.87,184.07,1678.44,317
2026-07-15 20:00:00+00:00,183.97,185.35,183.95,185.14,1265.38,293
2026-07-15 21:00:00+00:00,185.14,185.76,184.82,185.29,4538.39,556
2026-07-15 22:00:00+00:00,185.29,185.51,184.27,184.66,2295.34,297
2026-07-15 23:00:00+00:00,184.65,184.96,184.26,184.36,1643.1,207
2026-07-16 00:00:00+00:00,184.36,184.52,180.28,182.75,4291.86,837
2026-07-16 01:00:00+00:00,182.81,184.59,182.25,183.93,1152.34,249
2026-07-16 02:00:00+00:00,183.61,184.55,183.2,184.48,133.56,87
2026-07-16 03:00:00+00:00,184.27,184.58,183.88,184.48,1311.04,232
2026-07-16 04:00:00+00:00,184.61,184.61,183.36,184.06,307.73,107
2026-07-16 05:00:00+00:00,184.09,185.82,183.34,183.77,2679.76,413
2026-07-16 06:00:00+00:00,183.72,184.49,183.23,183.81,820.95,188
2026-07-16 07:00:00+00:00,183.51,183.59,181.41,181.49,1104.55,220
2026-07-16 08:00:00+00:00,181.52,182.81,180.46,181.97,6128.73,865
2026-07-16 09:00:00+00:00,181.99,183.76,181.99,182.44,1162.8,328
2026-07-16 10:00:00+00:00,182.21,182.38,181.63,181.77,915.28,206
2026-07-16 11:00:00+00:00,181.7,181.71,178.28,178.98,3158.97,713
2026-07-16 12:00:00+00:00,178.97,179.74,176.01,177.73,18917.72,2175
2026-07-16 13:00:00+00:00,177.78,180.58,174.68,176.03,11451.43,1854
2026-07-16 14:00:00+00:00,176.03,179.14,175.7,179.06,7591.73,1229
2026-07-16 15:00:00+00:00,179.09,179.28,176.33,176.85,2050.39,513
2026-07-16 16:00:00+00:00,176.81,184.59,175.92,183.73,4101.71,826
2026-07-16 17:00:00+00:00,183.77,185.76,179.78,179.86,4422.68,711
2026-07-16 18:00:00+00:00,179.61,183.1,177.09,177.59,3006.29,569
2026-07-16 19:00:00+00:00,177.59,180.65,177.24,180.2,1097.42,391
2026-07-16 20:00:00+00:00,180.23,180.53,178.73,179.64,3298.64,457
2026-07-16 21:00:00+00:00,179.68,180.31,179.61,179.89,468.31,123
2026-07-16 22:00:00+00:00,179.87,179.89,178.57,178.85,1107.37,165
2026-07-16 23:00:00+00:00,178.66,178.82,176.95,178.14,716.07,275
2026-07-17 00:00:00+00:00,178.23,180.46,178.23,179.93,3458.69,1060
2026-07-17 01:00:00+00:00,179.92,180.54,178.28,178.39,1571.01,272
2026-07-17 02:00:00+00:00,178.16,178.18,176.58,177.08,458.14,142
2026-07-17 03:00:00+00:00,177.34,179.84,177.17,178.74,840.94,216
2026-07-17 04:00:00+00:00,178.7,178.71,176.76,176.8,1986.79,222
2026-07-17 05:00:00+00:00,176.47,176.91,173.29,173.61,2369.5,449
2026-07-17 06:00:00+00:00,173.64,175.99,173.64,174.76,2075.2,425
2026-07-17 07:00:00+00:00,174.81,175.96,174.22,174.38,1259.6,207
2026-07-17 08:00:00+00:00,174.51,175.64,170.72,171.81,5153.36,981
2026-07-17 09:00:00+00:00,171.91,174.24,171.21,174.07,2457.57,834
2026-07-17 10:00:00+00:00,174.27,176.66,174.09,175.72,2421.37,662
2026-07-17 11:00:00+00:00,175.82,175.89,174.55,175.04,995.19,325
2026-07-17 12:00:00+00:00,175.1,175.17,173.03,174.18,1112.79,375
2026-07-17 13:00:00+00:00,174.17,175.23,168.42,173.54,11549.39,1503
2026-07-17 14:00:00+00:00,173.69,176.03,167.64,167.65,7012.0,1085
2026-07-17 15:00:00+00:00,167.76,170.53,162.36,170.43,7974.62,1464
2026-07-17 16:00:00+00:00,170.43,173.13,169.85,172.64,2529.07,558
2026-07-17 17:00:00+00:00,172.65,175.17,172.65,173.1,3378.33,576
2026-07-17 18:00:00+00:00,172.98,173.29,170.52,170.7,3195.9,438
2026-07-17 19:00:00+00:00,170.42,173.64,169.26,172.84,2472.57,404
2026-07-17 20:00:00+00:00,172.53,173.99,171.13,171.31,3732.06,481
2026-07-17 21:00:00+00:00,171.31,172.56,171.05,171.87,1915.2,251
2026-07-17 22:00:00+00:00,171.79,172.07,171.36,171.86,367.37,101
2026-07-17 23:00:00+00:00,171.88,172.08,171.52,171.66,131.18,54
2026-07-18 00:00:00+00:00,171.58,171.58,170.78,171.02,115.86,90
2026-07-18 01:00:00+00:00,171.31,171.33,171.0,171.01,66.52,40
2026-07-18 02:00:00+00:00,171.06,171.1,170.58,171.09,31.24,33
2026-07-18 03:00:00+00:00,171.1,171.45,171.05,171.36,130.14,53
2026-07-18 04:00:00+00:00,171.4,171.68,171.27,171.57,114.23,40
2026-07-18 05:00:00+00:00,171.41,171.41,170.99,171.14,78.55,27
2026-07-18 06:00:00+00:00,171.33,171.39,171.0,171.19,64.48,21
2026-07-18 07:00:00+00:00,171.36,172.26,171.36,172.26,53.08,32
2026-07-18 08:00:00+00:00,172.06,172.41,172.0,172.23,31.45,19
2026-07-18 09:00:00+00:00,172.38,172.38,171.81,171.98,82.89,28
2026-07-18 10:00:00+00:00,172.06,172.3,171.9,172.29,12.61,14
2026-07-18 11:00:00+00:00,172.24,172.29,172.13,172.28,4.41,8
2026-07-18 12:00:00+00:00,172.07,172.33,171.39,171.44,58.98,27
2026-07-18 13:00:00+00:00,171.29,171.56,171.09,171.45,16.24,28
2026-07-18 14:00:00+00:00,171.17,171.17,170.52,170.78,109.03,33
2026-07-18 15:00:00+00:00,170.7,170.73,170.56,170.56,33.51,23
2026-07-18 16:00:00+00:00,170.56,170.56,169.81,170.17,112.77,42
2026-07-18 17:00:00+00:00,169.9,169.9,169.74,169.77,26.33,12
2026-07-18 18:00:00+00:00,169.84,170.15,169.13,169.13,75.58,46
2026-07-18 19:00:00+00:00,169.16,169.27,168.92,168.92,14.47,30
2026-07-18 20:00:00+00:00,168.96,168.97,168.18,168.6,24.15,30
2026-07-18 21:00:00+00:00,168.54,169.01,167.95,168.89,121.81,56
2026-07-18 22:00:00+00:00,168.81,168.99,168.27,168.28,50.85,28
2026-07-18 23:00:00+00:00,168.33,168.48,168.31,168.36,30.67,13
2026-07-19 00:00:00+00:00,168.4,168.78,168.18,168.76,140.93,41
2026-07-19 01:00:00+00:00,168.74,169.56,168.38,169.54,119.69,50
2026-07-19 02:00:00+00:00,169.69,170.22,169.61,169.83,78.66,79
2026-07-19 03:00:00+00:00,169.92,170.46,169.92,170.33,28.47,30
2026-07-19 04:00:00+00:00,170.58,171.35,170.58,171.17,58.52,21
2026-07-19 05:00:00+00:00,171.24,171.57,171.01,171.47,37.23,15
2026-07-19 06:00:00+00:00,171.51,171.99,171.25,171.99,37.17,27
2026-07-19 07:00:00+00:00,172.1,172.42,172.06,172.42,1.84,10
2026-07-19 08:00:00+00:00,172.49,173.0,172.47,172.82,65.89,46
2026-07-19 09:00:00+00:00,172.71,172.71,171.95,172.56,123.27,49
2026-07-19 10:00:00+00:00,172.48,172.66,172.35,172.66,14.86,15
2026-07-19 11:00:00+00:00,172.55,172.69,172.11,172.35,40.99,31
2026-07-19 12:00:00+00:00,172.34,172.34,171.66,172.12,87.74,46
2026-07-19 13:00:00+00:00,172.12,172.12,171.68,171.86,218.34,47
2026-07-19 14:00:00+00:00,171.41,171.41,170.18,170.22,1233.96,200
2026-07-19 15:00:00+00:00,170.21,170.21,168.87,168.93,221.32,138
2026-07-19 16:00:00+00:00,168.99,169.37,168.26,168.48,304.39,195
2026-07-19 17:00:00+00:00,168.3,169.9,168.29,169.28,442.3,173
2026-07-19 18:00:00+00:00,169.31,169.43,168.71,169.05,163.59,68
2026-07-19 19:00:00+00:00,169.08,169.59,169.05,169.44,21.73,25
2026-07-19 20:00:00+00:00,169.23,169.42,168.95,169.42,247.87,78
2026-07-19 21:00:00+00:00,169.48,170.11,169.15,169.86,228.91,101
2026-07-19 22:00:00+00:00,170.09,171.53,168.84,171.04,363.82,231
2026-07-19 23:00:00+00:00,171.26,171.62,169.73,170.9,536.21,276
2026-07-20 00:00:00+00:00,170.76,175.75,170.76,173.36,15560.28,2074
2026-07-20 01:00:00+00:00,173.47,174.02,171.73,172.38,1455.64,349
2026-07-20 02:00:00+00:00,172.24,174.24,172.16,173.69,2181.23,342
2026-07-20 03:00:00+00:00,173.77,173.84,172.36,172.96,396.5,163
2026-07-20 04:00:00+00:00,173.23,174.19,173.14,173.3,974.81,214
2026-07-20 05:00:00+00:00,173.45,173.45,171.72,172.03,2895.47,472
2026-07-20 06:00:00+00:00,172.03,175.79,172.03,174.75,1525.03,346
2026-07-20 07:00:00+00:00,175.25,176.82,174.76,176.21,1005.35,412
2026-07-20 08:00:00+00:00,176.14,176.52,174.5,175.45,4201.22,714
2026-07-20 09:00:00+00:00,175.48,176.91,175.48,176.21,1082.96,330
2026-07-20 10:00:00+00:00,176.31,176.36,175.09,175.74,547.7,203
2026-07-20 11:00:00+00:00,175.91,177.13,174.9,176.7,1343.66,459
2026-07-20 12:00:00+00:00,176.66,176.66,175.48,175.79,1406.75,434
2026-07-20 13:00:00+00:00,175.95,177.14,169.68,172.06,13087.23,1382
2026-07-20 14:00:00+00:00,172.23,172.58,164.5,169.64,5034.94,836
2026-07-20 15:00:00+00:00,169.22,174.9,167.4,174.71,3222.59,725
2026-07-20 16:00:00+00:00,174.55,179.76,173.56,177.05,2663.92,689
2026-07-20 17:00:00+00:00,176.98,177.87,174.43,177.87,823.28,415
2026-07-20 18:00:00+00:00,177.86,181.67,176.94,177.11,2229.2,382
2026-07-20 19:00:00+00:00,177.26,180.06,175.64,176.74,1265.75,270
2026-07-20 20:00:00+00:00,177.29,178.19,175.75,176.29,1268.89,383
2026-07-20 21:00:00+00:00,176.93,177.79,175.91,176.81,634.22,260
2026-07-20 22:00:00+00:00,176.79,176.92,176.28,176.68,264.98,134
2026-07-20 23:00:00+00:00,176.62,176.97,176.45,176.93,387.96,238
2026-07-21 00:00:00+00:00,176.62,177.31,173.64,177.06,1344.76,557
2026-07-21 01:00:00+00:00,177.0,178.99,176.82,177.86,556.85,260
2026-07-21 02:00:00+00:00,177.87,179.11,177.06,179.11,269.08,202
2026-07-21 03:00:00+00:00,178.98,180.57,178.44,180.5,529.36,326
2026-07-21 04:00:00+00:00,180.59,180.59,179.5,179.6,299.53,248
2026-07-21 05:00:00+00:00,179.67,179.84,178.45,179.37,747.27,243
2026-07-21 06:00:00+00:00,179.42,180.36,179.41,179.86,639.82,191
2026-07-21 07:00:00+00:00,179.94,180.32,179.6,180.0,1350.64,511
2026-07-21 08:00:00+00:00,180.21,183.43,179.83,183.41,1206.22,351
2026-07-21 09:00:00+00:00,183.38,183.45,181.74,182.38,961.14,680
2026-07-21 10:00:00+00:00,182.36,183.06,181.78,182.18,1187.1,782
2026-07-21 11:00:00+00:00,181.87,182.42,180.4,181.41,1391.66,929
2026-07-21 12:00:00+00:00,181.56,182.59,180.37,182.46,348.28,537
2026-07-21 13:00:00+00:00,182.5,191.5,179.85,191.42,6846.91,1178
2026-07-21 14:00:00+00:00,191.53,197.17,191.41,193.3,3921.98,1004
2026-07-21 15:00:00+00:00,193.29,199.0,192.0,197.19,2386.0,692
2026-07-21 16:00:00+00:00,197.39,203.99,197.39,203.67,7250.04,1149
2026-07-21 17:00:00+00:00,204.03,207.97,203.45,205.62,2879.3,812
2026-07-21 18:00:00+00:00,205.55,208.31,203.54,206.64,5159.85,1080
2026-07-21 19:00:00+00:00,206.65,210.76,203.21,208.18,3937.01,733
2026-07-21 20:00:00+00:00,208.27,208.79,207.52,207.52,4734.55,632
2026-07-21 21:00:00+00:00,207.77,208.55,206.54,206.72,3286.98,1365
2026-07-21 22:00:00+00:00,206.71,206.85,205.62,206.24,1312.99,650
2026-07-21 23:00:00+00:00,206.2,207.46,206.19,207.46,573.7,373
2026-07-22 00:00:00+00:00,207.39,207.76,205.71,206.5,2627.17,991
2026-07-22 01:00:00+00:00,206.52,207.82,205.74,207.09,1957.94,890
2026-07-22 02:00:00+00:00,206.99,207.03,205.8,206.05,339.17,442
2026-07-22 03:00:00+00:00,206.06,206.11,204.5,205.12,2043.18,658
2026-07-22 04:00:00+00:00,205.1,206.16,204.95,205.24,417.92,264
2026-07-22 05:00:00+00:00,205.24,205.24,201.26,201.99,939.28,486
2026-07-22 06:00:00+00:00,202.23,202.96,200.54,202.96,726.53,433
2026-07-22 07:00:00+00:00,202.95,202.95,200.65,201.4,1012.46,198
2026-07-22 08:00:00+00:00,201.08,202.84,201.08,201.78,1647.06,531
2026-07-22 09:00:00+00:00,201.79,203.68,201.27,201.92,884.16,334
2026-07-22 10:00:00+00:00,201.93,203.42,201.74,202.32,1127.23,467
2026-07-22 11:00:00+00:00,202.48,202.99,200.31,200.57,2457.58,678
2026-07-22 12:00:00+00:00,200.64,201.16,198.5,200.21,4459.91,955
2026-07-22 13:00:00+00:00,200.2,243.06,200.2,242.08,42530.26,7238
2026-07-22 14:00:00+00:00,242.54,243.11,213.59,218.9,41248.2,5898
2026-07-22 15:00:00+00:00,219.0,223.4,218.82,220.39,6621.4,1577
2026-07-22 16:00:00+00:00,220.02,220.02,211.43,215.3,3992.53,812
2026-07-22 17:00:00+00:00,215.41,216.13,205.46,206.42,7855.41,964
2026-07-22 18:00:00+00:00,206.11,206.89,203.43,206.36,3697.57,803
2026-07-22 19:00:00+00:00,206.02,209.81,205.98,209.35,2102.89,437
2026-07-22 20:00:00+00:00,209.3,211.14,207.46,210.07,1497.89,540
2026-07-22 21:00:00+00:00,210.35,211.59,209.1,209.54,2486.81,711
2026-07-22 22:00:00+00:00,209.38,209.87,207.99,209.32,813.85,491
2026-07-22 23:00:00+00:00,209.31,210.96,207.44,210.71,1948.02,799
2026-07-23 00:00:00+00:00,210.85,214.46,209.73,210.78,2134.1,933
2026-07-23 01:00:00+00:00,210.62,211.76,209.8,209.99,793.57,458
2026-07-23 02:00:00+00:00,209.99,210.86,209.23,209.68,396.16,295
2026-07-23 03:00:00+00:00,209.68,211.17,208.57,210.69,490.27,233
2026-07-23 04:00:00+00:00,210.38,211.34,209.85,210.54,1564.44,876
2026-07-23 05:00:00+00:00,210.47,211.75,210.19,211.61,2091.3,1722
2026-07-23 06:00:00+00:00,211.61,211.61,209.56,209.95,1102.76,540
2026-07-23 07:00:00+00:00,210.02,210.02,208.1,209.1,1722.44,771
2026-07-23 08:00:00+00:00,209.19,215.63,209.07,215.23,5983.64,2071
2026-07-23 09:00:00+00:00,215.17,215.94,212.94,213.09,2264.91,494
2026-07-23 10:00:00+00:00,213.08,214.37,212.71,213.22,1341.09,464
2026-07-23 11:00:00+00:00,213.32,213.59,208.82,209.83,3655.47,695
2026-07-23 12:00:00+00:00,210.14,210.14,202.46,204.95,6946.73,973
2026-07-23 13:00:00+00:00,205.04,212.18,201.42,208.56,23290.94,2101
2026-07-23 14:00:00+00:00,208.67,214.49,203.62,203.62,7701.6,1450
2026-07-23 15:00:00+00:00,203.76,213.69,202.28,211.92,5584.07,1454
2026-07-23 16:00:00+00:00,211.81,219.15,209.85,217.36,21281.84,2701
2026-07-23 17:00:00+00:00,217.37,235.64,216.25,217.51,37420.5,4280
2026-07-23 18:00:00+00:00,217.23,219.39,214.01,217.4,5960.9,1153
2026-07-23 19:00:00+00:00,217.44,220.34,215.17,219.69,8070.23,1117
2026-07-23 20:00:00+00:00,219.69,223.58,219.69,221.76,4923.2,1024
2026-07-23 21:00:00+00:00,221.82,221.95,218.7,219.66,2349.41,561
2026-07-23 22:00:00+00:00,219.52,220.44,218.61,219.33,2142.72,471
2026-07-23 23:00:00+00:00,219.27,219.56,218.32,218.52,286.94,114
2026-07-24 00:00:00+00:00,218.61,219.92,216.91,218.37,1010.39,239
2026-07-24 01:00:00+00:00,218.26,219.34,217.76,217.76,520.28,180
2026-07-24 02:00:00+00:00,217.72,217.72,214.25,214.25,1702.45,542
2026-07-24 03:00:00+00:00,214.81,215.57,212.68,213.01,904.89,309
2026-07-24 04:00:00+00:00,213.02,216.84,212.95,216.79,1071.16,659
2026-07-24 05:00:00+00:00,216.86,218.61,216.55,217.49,676.88,385
2026-07-24 06:00:00+00:00,217.45,217.98,216.35,217.02,489.89,271
2026-07-24 07:00:00+00:00,216.98,221.26,216.88,220.31,1308.34,504
2026-07-24 08:00:00+00:00,220.33,221.26,218.52,219.17,1989.16,575
2026-07-24 09:00:00+00:00,219.53,221.62,219.16,221.62,338.49,141
2026-07-24 10:00:00+00:00,221.5,221.51,219.57,220.3,1164.82,308
2026-07-24 11:00:00+00:00,220.01,220.57,218.52,219.84,852.19,433
2026-07-24 12:00:00+00:00,219.32,219.83,218.58,218.81,3661.77,427
2026-07-24 13:00:00+00:00,218.8,218.84,196.37,198.13,15006.12,1926
2026-07-24 14:00:00+00:00,198.25,199.79,192.73,196.83,14944.44,1576
2026-07-24 15:00:00+00:00,196.89,201.36,196.21,201.1,6081.53,874
2026-07-24 16:00:00+00:00,201.29,204.59,200.21,200.34,22954.43,1994
2026-07-24 17:00:00+00:00,200.26,201.4,196.59,199.21,3395.51,600
2026-07-24 18:00:00+00:00,199.21,199.3,196.06,197.52,2853.25,589
2026-07-24 19:00:00+00:00,197.42,198.76,195.17,198.76,4345.66,582
2026-07-24 20:00:00+00:00,198.88,200.27,198.18,199.75,3279.35,568
2026-07-24 21:00:00+00:00,199.6,200.01,197.86,198.91,1918.13,566
2026-07-24 22:00:00+00:00,199.09,199.42,197.72,197.97,306.53,188
2026-07-24 23:00:00+00:00,197.85,198.48,197.7,197.92,323.08,121
2026-07-25 00:00:00+00:00,197.9,199.26,197.71,199.09,187.16,114
2026-07-25 01:00:00+00:00,199.15,200.37,199.15,199.94,160.65,156
2026-07-25 02:00:00+00:00,199.93,202.7,199.67,201.55,490.21,182
2026-07-25 03:00:00+00:00,201.34,201.7,200.77,200.77,74.79,77
2026-07-25 04:00:00+00:00,200.73,201.09,199.57,199.59,240.82,294
2026-07-25 05:00:00+00:00,199.64,199.7,198.22,198.48,115.94,171
2026-07-25 06:00:00+00:00,198.52,198.58,197.65,197.81,80.02,171
2026-07-25 07:00:00+00:00,197.82,198.05,197.65,197.65,117.64,168
2026-07-25 08:00:00+00:00,197.65,197.68,197.27,197.3,109.78,160
2026-07-25 09:00:00+00:00,197.3,197.32,196.71,196.72,49.39,138
2026-07-25 10:00:00+00:00,196.72,198.55,196.71,198.33,223.93,234
2026-07-25 11:00:00+00:00,198.39,198.52,197.47,197.94,181.35,221
2026-07-25 12:00:00+00:00,197.94,198.45,197.66,197.67,62.3,162
2026-07-25 13:00:00+00:00,197.55,197.55,196.69,196.69,54.07,164
2026-07-25 14:00:00+00:00,196.6,196.6,196.17,196.32,118.77,152
2026-07-25 15:00:00+00:00,196.27,196.35,196.07,196.09,102.5,181
2026-07-25 16:00:00+00:00,196.1,196.35,195.89,196.34,57.23,55
2026-07-25 17:00:00+00:00,196.2,197.51,196.2,197.18,102.85,59
2026-07-25 18:00:00+00:00,197.38,198.28,197.38,198.1,99.84,48
2026-07-25 19:00:00+00:00,197.8,198.5,197.8,198.5,25.14,24
2026-07-25 20:00:00+00:00,198.38,198.99,198.38,198.99,60.47,40
2026-07-25 21:00:00+00:00,199.11,199.79,199.11,199.32,58.62,68
2026-07-25 22:00:00+00:00,199.12,199.21,199.04,199.05,7.62,19
2026-07-25 23:00:00+00:00,199.18,200.12,199.18,200.07,53.5,54
2026-07-26 00:00:00+00:00,200.07,200.39,200.07,200.29,109.33,105
2026-07-26 01:00:00+00:00,200.38,200.89,200.07,200.07,136.93,204
2026-07-26 02:00:00+00:00,200.09,200.23,199.64,199.64,94.94,66
2026-07-26 03:00:00+00:00,199.82,200.42,199.64,199.72,28.6,19
2026-07-26 04:00:00+00:00,199.77,199.88,199.43,199.49,28.21,49
2026-07-26 05:00:00+00:00,199.23,199.29,197.2,198.16,140.1,106
2026-07-26 06:00:00+00:00,198.35,199.41,198.05,199.21,22.83,21
2026-07-26 07:00:00+00:00,198.4,198.86,198.14,198.79,86.84,41
2026-07-26 08:00:00+00:00,198.8,199.05,198.4,199.05,51.09,29
2026-07-26 09:00:00+00:00,199.01,199.01,198.38,198.47,49.04,21
2026-07-26 10:00:00+00:00,198.55,199.78,198.49,199.78,107.2,43
2026-07-26 11:00:00+00:00,199.47,199.67,199.11,199.35,46.69,27
2026-07-26 12:00:00+00:00,198.56,199.04,198.23,198.28,75.22,45
2026-07-26 13:00:00+00:00,198.19,200.39,198.17,199.51,154.96,68
2026-07-26 14:00:00+00:00,199.48,200.28,199.48,200.05,151.95,88
2026-07-26 15:00:00+00:00,199.92,200.39,199.8,200.16,115.29,58
2026-07-26 16:00:00+00:00,200.14,200.49,199.93,200.31,135.08,45
2026-07-26 17:00:00+00:00,200.08,200.3,200.08,200.18,86.61,36
2026-07-26 18:00:00+00:00,200.21,201.26,200.14,201.04,172.85,136
2026-07-26 19:00:00+00:00,201.25,201.65,201.03,201.12,38.43,18
2026-07-26 20:00:00+00:00,200.74,200.83,200.42,200.51,40.79,28
2026-07-26 21:00:00+00:00,200.69,200.94,200.49,200.66,112.67,85
2026-07-26 22:00:00+00:00,201.03,203.82,201.03,202.23,771.61,533
2026-07-26 23:00:00+00:00,203.07,203.9,202.19,203.78,157.78,156
2026-07-27 00:00:00+00:00,203.33,203.69,199.9,201.5,5465.18,1443
2026-07-27 01:00:00+00:00,201.84,202.04,200.55,201.58,830.69,341
2026-07-27 02:00:00+00:00,201.65,203.05,201.5,202.04,494.51,250
2026-07-27 03:00:00+00:00,201.98,203.22,201.72,202.04,327.93,148
2026-07-27 04:00:00+00:00,202.15,203.52,202.03,203.52,66.46,107
2026-07-27 05:00:00+00:00,203.52,204.58,203.38,204.17,428.28,364
2026-07-27 06:00:00+00:00,204.11,205.09,204.07,204.97,499.37,169
2026-07-27 07:00:00+00:00,204.92,205.58,203.79,204.3,447.05,189
2026-07-27 08:00:00+00:00,204.42,205.66,203.34,204.16,7029.1,1591
2026-07-27 09:00:00+00:00,203.91,204.37,203.09,204.35,935.37,363
2026-07-27 10:00:00+00:00,204.33,204.76,203.47,203.62,1270.13,230
2026-07-27 11:00:00+00:00,203.42,203.42,201.42,202.5,3947.88,946
2026-07-27 12:00:00+00:00,202.78,203.79,201.72,203.79,3092.62,524
2026-07-27 13:00:00+00:00,203.82,204.58,186.25,191.05,25632.42,2954
2026-07-27 14:00:00+00:00,190.93,191.58,181.73,187.76,10236.64,1866
2026-07-27 15:00:00+00:00,187.76,187.76,181.72,182.46,6751.41,1669
2026-07-27 16:00:00+00:00,182.81,185.03,182.03,183.59,6654.18,1073
2026-07-27 17:00:00+00:00,183.45,185.89,182.95,185.82,2217.87,572
2026-07-27 18:00:00+00:00,186.1,186.72,183.83,186.5,1192.81,541
2026-07-27 19:00:00+00:00,186.42,188.47,186.13,188.26,1395.43,534
2026-07-27 20:00:00+00:00,188.37,189.0,187.91,188.47,1095.57,632
2026-07-27 21:00:00+00:00,188.52,189.01,188.09,188.6,837.65,312
2026-07-27 22:00:00+00:00,188.64,188.71,186.57,186.58,1210.58,502
2026-07-27 23:00:00+00:00,186.65,188.07,186.12,187.53,933.65,498
2026-07-28 00:00:00+00:00,187.48,187.93,186.07,186.26,959.07,578
2026-07-28 01:00:00+00:00,186.49,186.61,184.91,185.39,909.82,447
2026-07-28 02:00:00+00:00,185.11,185.79,183.52,184.11,1476.21,583
2026-07-28 03:00:00+00:00,184.0,186.27,183.44,186.2,952.09,447
2026-07-28 04:00:00+00:00,186.07,186.07,184.3,184.49,2192.98,725
2026-07-28 05:00:00+00:00,184.35,184.78,183.25,183.7,914.66,370
2026-07-28 06:00:00+00:00,183.86,184.15,181.6,184.11,4576.57,959
2026-07-28 07:00:00+00:00,184.0,184.98,183.35,183.99,1353.21,294
2026-07-28 08:00:00+00:00,183.9,185.4,182.55,184.02,4803.94,1679
2026-07-28 09:00:00+00:00,183.98,184.4,182.43,182.65,1377.16,312
2026-07-28 10:00:00+00:00,182.71,182.9,181.0,181.93,832.85,255
2026-07-28 11:00:00+00:00,181.86,182.36,179.9,182.27,3343.94,720
2026-07-28 12:00:00+00:00,182.23,183.69,181.84,182.47,3626.43,958
2026-07-28 13:00:00+00:00,182.43,183.85,173.88,174.4,11834.32,2108
2026-07-28 14:00:00+00:00,174.3,180.7,173.67,177.11,15508.63,2962
2026-07-28 15:00:00+00:00,177.18,190.28,176.62,187.44,14762.27,2777
2026-07-28 16:00:00+00:00,187.51,191.54,182.18,191.47,4125.75,1306
2026-07-28 17:00:00+00:00,191.59,192.86,188.2,190.8,7501.1,2119
2026-07-28 18:00:00+00:00,190.58,191.15,187.02,188.66,4024.78,844
2026-07-28 19:00:00+00:00,188.71,192.76,188.7,192.35,3887.17,1020
2026-07-28 20:00:00+00:00,192.22,192.83,189.71,191.37,4961.57,1250
2026-07-28 21:00:00+00:00,191.1,191.76,190.85,190.89,766.17,305
2026-07-28 22:00:00+00:00,191.11,191.7,186.37,186.77,2117.47,499
2026-07-28 23:00:00+00:00,186.25,192.18,185.53,191.79,2100.09,1117
2026-07-29 00:00:00+00:00,191.67,194.77,191.19,191.27,2665.99,1058
2026-07-29 01:00:00+00:00,191.45,191.67,186.91,187.34,975.95,488
2026-07-29 02:00:00+00:00,187.25,189.14,186.55,186.98,1784.06,608
2026-07-29 03:00:00+00:00,187.18,188.05,185.16,185.21,1316.43,330
2026-07-29 04:00:00+00:00,185.2,186.3,182.7,186.15,3436.73,956
2026-07-29 05:00:00+00:00,186.26,188.08,185.71,186.99,2315.64,494
2026-07-29 06:00:00+00:00,186.85,189.47,186.24,189.19,449.12,152
2026-07-29 07:00:00+00:00,189.04,189.58,188.09,188.51,194.47,165
2026-07-29 08:00:00+00:00,188.11,190.72,188.11,189.87,4317.13,1021
2026-07-29 09:00:00+00:00,189.96,194.0,189.96,193.35,5359.04,781
2026-07-29 10:00:00+00:00,193.29,193.67,191.3,191.59,1822.07,834
2026-07-29 11:00:00+00:00,191.88,192.32,190.82,191.45,1862.17,420
2026-07-29 12:00:00+00:00,191.47,191.85,188.83,189.82,1469.87,353
2026-07-29 13:00:00+00:00,189.47,191.32,181.29,182.27,9904.36,1727
2026-07-29 14:00:00+00:00,182.1,184.23,176.97,178.48,8022.58,2096
2026-07-29 15:00:00+00:00,178.47,179.21,174.52,175.43,15026.08,2947
2026-07-29 16:00:00+00:00,175.46,176.19,173.44,175.09,16650.5,2855
2026-07-29 17:00:00+00:00,175.08,178.4,174.98,178.21,5868.67,1000
2026-07-29 18:00:00+00:00,178.21,183.24,177.77,182.82,8695.24,1367
2026-07-29 19:00:00+00:00,182.71,183.68,168.13,169.28,17063.76,1931
2026-07-29 20:00:00+00:00,169.27,170.81,167.82,169.12,51072.56,5118
2026-07-29 21:00:00+00:00,169.17,169.56,167.87,168.15,4861.52,642
2026-07-29 22:00:00+00:00,168.15,174.64,168.1,172.45,7326.62,1109
2026-07-29 23:00:00+00:00,172.33,173.71,172.13,173.05,1078.52,441
2026-07-30 00:00:00+00:00,173.03,176.09,171.15,172.63,9041.54,1300
2026-07-30 01:00:00+00:00,172.63,175.49,172.57,175.08,2291.21,570
2026-07-30 02:00:00+00:00,175.04,175.23,171.85,171.88,805.23,412
2026-07-30 03:00:00+00:00,171.97,172.55,171.28,172.0,536.84,207
2026-07-30 04:00:00+00:00,172.19,172.47,170.0,170.07,935.9,363
2026-07-30 05:00:00+00:00,170.07,172.17,169.22,171.44,1093.12,355
2026-07-30 06:00:00+00:00,171.32,171.78,170.29,170.44,516.85,201
2026-07-30 07:00:00+00:00,170.33,171.76,170.33,170.43,637.94,282
2026-07-30 08:00:00+00:00,170.42,173.25,170.08,172.4,5288.43,969
2026-07-30 09:00:00+00:00,172.54,173.73,172.22,173.52,2055.04,352
2026-07-30 10:00:00+00:00,173.38,175.47,173.02,174.87,1285.01,406
2026-07-30 11:00:00+00:00,174.95,176.98,174.65,176.75,5173.53,1046
2026-07-30 12:00:00+00:00,176.75,179.04,176.6,178.54,5447.6,1248
2026-07-30 13:00:00+00:00,178.61,196.05,175.44,194.13,20909.47,3174
2026-07-30 14:00:00+00:00,194.38,202.55,191.48,200.52,20074.86,3587
2026-07-30 15:00:00+00:00,200.7,201.71,194.23,195.22,6486.57,2188
2026-07-30 16:00:00+00:00,195.25,200.52,195.24,200.15,4197.22,1112
2026-07-30 17:00:00+00:00,200.44,204.54,200.11,202.13,9596.65,1412
2026-07-30 18:00:00+00:00,202.27,202.44,200.16,200.31,1818.77,617
2026-07-30 19:00:00+00:00,200.33,203.53,200.31,203.02,2179.59,698
2026-07-30 20:00:00+00:00,202.86,204.34,202.69,203.84,1637.75,706
2026-07-30 21:00:00+00:00,203.69,204.31,203.25,204.21,2054.62,860
2026-07-30 22:00:00+00:00,204.2,209.52,204.01,206.09,3636.1,1094
2026-07-30 23:00:00+00:00,206.05,207.13,205.91,207.07,767.58,471
2026-07-31 00:00:00+00:00,206.84,207.33,202.73,207.33,1657.75,953
2026-07-31 01:00:00+00:00,207.26,208.27,205.0,205.52,428.6,365
2026-07-31 02:00:00+00:00,205.37,205.37,203.44,204.81,408.0,201
2026-07-31 03:00:00+00:00,205.21,205.34,203.62,204.22,505.25,254
2026-07-31 04:00:00+00:00,204.22,207.65,204.06,207.65,297.34,345
2026-07-31 05:00:00+00:00,207.56,208.41,206.68,207.6,560.36,308
2026-07-31 06:00:00+00:00,207.86,208.29,204.21,205.84,3040.86,724
2026-07-31 07:00:00+00:00,205.49,207.5,205.17,206.66,657.51,191
2026-07-31 08:00:00+00:00,206.5,208.53,205.85,208.32,1025.87,272
2026-07-31 09:00:00+00:00,208.45,209.23,206.68,206.93,632.05,324
2026-07-31 10:00:00+00:00,206.91,208.17,206.84,207.32,458.78,313
2026-07-31 11:00:00+00:00,207.79,209.51,206.57,209.21,3412.22,773
2026-07-31 12:00:00+00:00,209.14,209.14,205.31,205.71,1992.23,545
2026-07-31 13:00:00+00:00,205.44,213.68,201.95,203.74,15748.9,2662
2026-07-31 14:00:00+00:00,203.7,209.61,199.39,201.84,11828.48,2123
2026-07-31 15:00:00+00:00,201.73,204.41,196.49,197.97,5264.64,1037
2026-07-31 16:00:00+00:00,198.03,203.59,195.83,201.78,4583.84,1290
2026-07-31 17:00:00+00:00,201.69,202.99,201.0,202.11,2554.33,664
2026-07-31 18:00:00+00:00,201.71,202.02,199.63,200.85,1872.98,533
2026-07-31 19:00:00+00:00,201.1,202.85,198.65,198.67,4584.46,1180
2026-07-31 20:00:00+00:00,198.63,198.9,197.27,197.51,1016.52,484
2026-07-31 21:00:00+00:00,197.57,198.14,196.52,196.81,477.19,396
2026-07-31 22:00:00+00:00,196.87,197.28,196.35,196.85,303.46,240
2026-07-31 23:00:00+00:00,196.82,197.07,196.45,196.53,38.58,46
2026-08-01 00:00:00+00:00,196.6,198.21,195.63,195.94,447.2,267
2026-08-01 01:00:00+00:00,195.82,196.59,195.53,195.82,43.21,75
2026-08-01 02:00:00+00:00,195.91,196.44,195.23,195.57,379.17,265
2026-08-01 03:00:00+00:00,195.38,195.72,195.33,195.42,40.85,65
2026-08-01 04:00:00+00:00,195.42,195.74,195.22,195.56,161.29,202
2026-08-01 05:00:00+00:00,195.53,195.8,195.15,195.47,164.78,149
2026-08-01 06:00:00+00:00,195.52,195.9,193.28,194.96,1094.86,866
2026-08-01 07:00:00+00:00,194.96,195.37,194.17,195.34,277.97,126
2026-08-01 08:00:00+00:00,195.27,195.64,195.11,195.32,522.33,136
2026-08-01 09:00:00+00:00,195.01,195.21,194.35,194.82,163.99,131
2026-08-01 10:00:00+00:00,194.86,195.38,194.77,195.3,269.9,197
2026-08-01 11:00:00+00:00,195.08,195.61,194.8,195.09,63.31,73
2026-08-01 12:00:00+00:00,195.06,195.64,194.75,195.33,427.25,395
2026-08-01 13:00:00+00:00,195.32,195.32,194.31,194.47,109.99,188
2026-08-01 14:00:00+00:00,194.56,194.8,194.24,194.8,187.67,272
2026-08-01 15:00:00+00:00,194.61,194.65,194.25,194.3,122.34,252
2026-08-01 16:00:00+00:00,194.3,194.54,193.73,194.25,93.05,282
2026-08-01 17:00:00+00:00,194.26,194.98,194.04,194.14,51.4,157
2026-08-01 18:00:00+00:00,194.22,194.36,192.84,193.13,187.25,307
2026-08-01 19:00:00+00:00,193.06,193.76,192.85,193.1,113.1,231
2026-08-01 20:00:00+00:00,192.96,193.27,192.67,193.02,151.03,311
2026-08-01 21:00:00+00:00,193.03,194.74,192.63,194.64,466.41,512
2026-08-01 22:00:00+00:00,194.8,194.85,193.4,194.27,46.91,159
2026-08-01 23:00:00+00:00,194.21,194.61,193.95,194.6,35.31,156
2026-08-02 00:00:00+00:00,194.61,197.37,194.6,196.34,447.65,568
2026-08-02 01:00:00+00:00,196.41,196.45,194.74,195.04,155.89,237
2026-08-02 02:00:00+00:00,194.97,199.6,194.77,197.74,557.45,723
2026-08-02 03:00:00+00:00,197.56,197.97,194.07,195.03,2333.7,1652
2026-08-02 04:00:00+00:00,195.07,196.04,194.66,195.04,453.61,423
2026-08-02 05:00:00+00:00,195.06,195.86,194.72,195.12,50.64,173
2026-08-02 06:00:00+00:00,195.0,197.57,194.06,194.06,3778.33,792
2026-08-02 07:00:00+00:00,194.04,194.8,193.6,194.45,168.52,265
2026-08-02 08:00:00+00:00,194.61,196.24,194.45,194.85,587.37,342
2026-08-02 09:00:00+00:00,194.84,195.68,194.25,195.56,345.86,317
2026-08-02 10:00:00+00:00,195.5,196.0,194.87,195.06,238.26,307
2026-08-02 11:00:00+00:00,194.91,195.06,193.26,194.17,290.48,284
2026-08-02 12:00:00+00:00,194.15,195.4,193.94,194.84,713.13,554
2026-08-02 13:00:00+00:00,194.84,195.11,194.49,194.5,140.81,239
2026-08-02 14:00:00+00:00,194.5,194.8,194.49,194.62,155.62,465
2026-08-02 15:00:00+00:00,194.66,195.96,194.65,195.7,289.8,271
2026-08-02 16:00:00+00:00,195.69,195.79,195.15,195.36,65.51,191
2026-08-02 17:00:00+00:00,195.35,196.18,194.7,194.73,119.82,241
2026-08-02 18:00:00+00:00,194.73,195.36,194.62,194.81,253.6,333
2026-08-02 19:00:00+00:00,194.87,196.07,194.73,195.47,597.44,343
2026-08-02 20:00:00+00:00,195.56,195.67,195.18,195.19,140.98,202
2026-08-02 21:00:00+00:00,195.18,198.61,195.14,197.29,1646.17,433
2026-08-02 22:00:00+00:00,197.32,197.96,196.59,196.87,1897.72,597
2026-08-02 23:00:00+00:00,196.93,198.28,196.21,197.3,285.58,200
2026-08-03 00:00:00+00:00,196.98,202.31,196.16,200.98,9238.1,2564
2026-08-03 01:00:00+00:00,200.98,201.51,199.64,200.9,1050.55,1033
2026-08-03 02:00:00+00:00,200.87,201.78,200.56,201.43,569.34,508
2026-08-03 03:00:00+00:00,201.43,202.14,200.79,201.33,473.41,349
2026-08-03 04:00:00+00:00,201.44,201.93,200.77,201.56,453.68,522
2026-08-03 05:00:00+00:00,201.3,201.71,200.6,201.1,1443.25,1692
2026-08-03 06:00:00+00:00,201.16,201.8,199.35,199.4,579.42,618
2026-08-03 07:00:00+00:00,199.26,200.45,198.98,199.69,455.55,448
2026-08-03 08:00:00+00:00,199.92,200.15,197.28,199.03,5487.17,1536
2026-08-03 09:00:00+00:00,199.11,199.24,197.75,198.81,2840.55,787
2026-08-03 10:00:00+00:00,198.81,198.97,195.42,196.89,1951.66,611
2026-08-03 11:00:00+00:00,196.79,197.26,194.19,194.42,3137.44,694
2026-08-03 12:00:00+00:00,194.08,195.56,193.26,194.5,1329.12,362
2026-08-03 13:00:00+00:00,194.35,202.84,184.75,202.84,23018.32,3129
2026-08-03 14:00:00+00:00,202.71,209.56,199.48,208.67,17792.39,2448
2026-08-03 15:00:00+00:00,208.57,214.64,205.96,214.4,5450.25,1008
2026-08-03 16:00:00+00:00,214.35,216.55,212.22,215.77,6857.16,1266
2026-08-03 17:00:00+00:00,215.93,219.65,214.84,218.24,7488.64,1457
2026-08-03 18:00:00+00:00,218.12,219.44,216.31,217.14,4731.76,900
2026-08-03 19:00:00+00:00,217.07,222.18,216.85,219.63,5184.18,996
2026-08-03 20:00:00+00:00,219.88,220.6,219.1,219.73,2415.56,686
2026-08-03 21:00:00+00:00,219.52,219.86,219.17,219.51,383.12,186
2026-08-03 22:00:00+00:00,219.61,220.5,219.35,220.5,351.27,220
2026-08-03 23:00:00+00:00,220.39,221.18,220.05,220.72,362.74,236
2026-08-04 00:00:00+00:00,220.79,220.92,217.86,218.0,2853.25,863
2026-08-04 01:00:00+00:00,217.85,221.24,217.55,221.24,1580.11,500
2026-08-04 02:00:00+00:00,221.12,221.15,218.93,219.42,285.51,207
2026-08-04 03:00:00+00:00,219.39,220.1,218.99,220.08,282.64,129
2026-08-04 04:00:00+00:00,220.16,220.86,218.93,220.78,389.99,118
2026-08-04 05:00:00+00:00,220.54,222.07,219.88,222.04,523.47,445
2026-08-04 06:00:00+00:00,222.08,222.82,221.31,222.29,963.29,558
2026-08-04 07:00:00+00:00,222.29,223.22,221.98,222.9,758.03,534
2026-08-04 08:00:00+00:00,222.89,224.59,221.87,222.58,2511.84,1251
2026-08-04 09:00:00+00:00,222.36,222.52,220.69,221.64,1006.44,514
2026-08-04 10:00:00+00:00,221.9,224.52,221.42,222.31,3131.03,1091
2026-08-04 11:00:00+00:00,222.55,225.13,221.54,224.68,3568.52,1083
2026-08-04 12:00:00+00:00,224.66,224.73,220.09,221.53,3199.29,1161
2026-08-04 13:00:00+00:00,221.59,231.26,213.92,216.55,20915.94,3251
2026-08-04 14:00:00+00:00,217.08,220.67,215.21,218.92,5817.78,1197
2026-08-04 15:00:00+00:00,218.45,220.85,217.51,218.54,2469.61,593
2026-08-04 16:00:00+00:00,218.81,219.58,216.6,217.94,3281.18,874
2026-08-04 17:00:00+00:00,218.05,220.34,215.35,218.93,5480.57,1322
2026-08-04 18:00:00+00:00,219.25,224.63,218.36,223.83,5620.29,1358
2026-08-04 19:00:00+00:00,223.97,227.81,223.4,227.22,5291.46,1418
2026-08-04 20:00:00+00:00,227.08,227.54,220.52,222.26,5766.87,2307
2026-08-04 21:00:00+00:00,222.12,222.69,221.41,221.91,1544.75,1332
2026-08-04 22:00:00+00:00,221.9,222.73,221.18,222.44,683.93,630
2026-08-04 23:00:00+00:00,222.42,223.88,222.0,223.73,763.45,894
2026-08-05 00:00:00+00:00,223.66,224.44,221.91,222.22,341.52,353
2026-08-05 01:00:00+00:00,222.08,222.5,220.35,222.34,278.13,345
2026-08-05 02:00:00+00:00,222.38,222.86,221.75,222.36,500.48,304
2026-08-05 03:00:00+00:00,222.36,223.57,222.32,223.57,85.64,141
2026-08-05 04:00:00+00:00,223.57,225.53,223.36,225.2,332.43,450
2026-08-05 05:00:00+00:00,225.22,226.69,225.02,226.51,860.73,773
2026-08-05 06:00:00+00:00,226.44,226.56,225.51,226.22,744.18,778
2026-08-05 07:00:00+00:00,226.14,226.32,223.67,224.61,1279.46,881
2026-08-05 08:00:00+00:00,224.48,226.25,220.53,222.5,4066.59,3706
2026-08-05 09:00:00+00:00,222.5,223.37,221.27,222.68,1075.02,1816
2026-08-05 10:00:00+00:00,222.67,223.31,221.6,222.45,1008.9,1256
2026-08-05 11:00:00+00:00,222.44,223.4,220.36,221.41,1464.81,1207
2026-08-05 12:00:00+00:00,221.38,222.11,220.36,221.08,2264.73,1356
2026-08-05 13:00:00+00:00,221.21,225.48,213.12,224.65,16230.25,4984
2026-08-05 14:00:00+00:00,224.47,226.57,215.89,217.36,9410.05,3656
2026-08-05 15:00:00+00:00,217.31,219.95,216.26,218.79,4944.39,1850
2026-08-05 16:00:00+00:00,218.74,223.43,218.48,221.42,2757.86,1239
2026-08-05 17:00:00+00:00,221.51,221.63,218.03,219.26,1676.93,788
2026-08-05 18:00:00+00:00,219.28,219.62,216.83,217.15,510.68,346
2026-08-05 19:00:00+00:00,217.06,219.7,213.79,214.02,2294.85,1102
2026-08-05 20:00:00+00:00,214.12,214.33,212.44,213.98,2792.41,1114
2026-08-05 21:00:00+00:00,213.93,214.78,212.86,213.32,601.72,600
2026-08-05 22:00:00+00:00,213.55,214.52,213.18,214.03,651.15,596
2026-08-05 23:00:00+00:00,213.98,214.35,213.05,213.4,310.19,377
2026-08-06 00:00:00+00:00,213.68,214.39,212.42,212.43,218.55,430
2026-08-06 01:00:00+00:00,212.42,212.72,210.91,212.4,264.47,503
2026-08-06 02:00:00+00:00,212.31,213.86,211.99,213.68,186.64,486
2026-08-06 03:00:00+00:00,213.71,213.95,212.93,213.32,238.82,560
2026-08-06 04:00:00+00:00,213.6,214.3,212.78,213.48,744.64,454
2026-08-06 05:00:00+00:00,213.52,214.19,212.95,213.31,608.84,815
2026-08-06 06:00:00+00:00,213.18,213.54,212.57,213.14,884.81,1358
2026-08-06 07:00:00+00:00,213.14,213.98,212.86,213.09,387.2,535
2026-08-06 08:00:00+00:00,213.01,213.87,211.42,213.81,1584.74,1035
2026-08-06 09:00:00+00:00,213.71,213.71,212.58,213.3,1117.46,518
2026-08-06 10:00:00+00:00,213.22,213.37,212.0,212.3,473.52,317
2026-08-06 11:00:00+00:00,212.12,212.48,209.68,212.06,1152.06,745
2026-08-06 12:00:00+00:00,212.1,212.1,209.13,209.55,1183.4,505
2026-08-06 13:00:00+00:00,209.45,214.14,204.75,211.66,18717.4,3937
2026-08-06 14:00:00+00:00,211.81,216.67,210.14,213.34,7417.39,2202
2026-08-06 15:00:00+00:00,213.58,218.88,213.28,214.98,6138.88,1476
2026-08-06 16:00:00+00:00,215.13,215.45,211.24,214.41,5280.66,1188
2026-08-06 17:00:00+00:00,214.79,215.3,212.1,213.72,1912.26,527
2026-08-06 18:00:00+00:00,213.91,214.25,211.44,212.3,3855.16,627
2026-08-06 19:00:00+00:00,212.3,213.38,209.24,211.03,2010.39,974
2026-08-06 20:00:00+00:00,211.02,211.34,210.15,210.98,1308.04,961
2026-08-06 21:00:00+00:00,211.04,211.73,210.84,211.0,436.99,381
2026-08-06 22:00:00+00:00,211.08,211.92,210.88,211.5,355.41,302
2026-08-06 23:00:00+00:00,211.49,212.18,211.17,212.17,72.16,167
2026-08-07 00:00:00+00:00,212.33,213.08,211.14,212.87,370.89,682
2026-08-07 01:00:00+00:00,212.85,213.16,210.69,211.28,1047.01,653
2026-08-07 02:00:00+00:00,211.23,211.7,210.65,211.6,232.36,497
2026-08-07 03:00:00+00:00,211.57,212.12,211.04,211.05,128.06,187
2026-08-07 04:00:00+00:00,210.99,211.42,210.24,211.28,583.31,176
2026-08-07 05:00:00+00:00,211.24,212.42,211.24,212.26,128.99,174
2026-08-07 06:00:00+00:00,212.12,213.24,212.09,213.13,94.21,197
2026-08-07 07:00:00+00:00,213.13,213.81,212.93,213.49,430.89,746
2026-08-07 08:00:00+00:00,213.53,215.82,213.46,215.47,1184.33,775
2026-08-07 09:00:00+00:00,215.29,215.31,214.15,214.25,417.64,244
2026-08-07 10:00:00+00:00,214.2,214.27,213.44,213.63,281.53,278
2026-08-07 11:00:00+00:00,213.74,214.96,213.5,213.5,654.99,418
2026-08-07 12:00:00+00:00,213.49,216.34,212.91,215.49,4923.38,1093
2026-08-07 13:00:00+00:00,215.56,218.42,203.94,205.8,17541.26,3748
2026-08-07 14:00:00+00:00,205.68,216.5,204.83,212.84,20710.52,3644
2026-08-07 15:00:00+00:00,212.82,228.07,212.48,226.6,11165.12,2183
2026-08-07 16:00:00+00:00,226.63,228.56,222.27,223.55,3610.22,960
2026-08-07 17:00:00+00:00,223.45,227.38,222.37,226.92,2179.38,754
2026-08-07 18:00:00+00:00,226.76,227.21,222.0,222.5,2525.28,895
2026-08-07 19:00:00+00:00,222.61,226.82,222.16,226.71,3556.33,1150
2026-08-07 20:00:00+00:00,226.64,228.21,224.39,226.37,3061.07,1471
2026-08-07 21:00:00+00:00,226.26,227.95,226.26,227.21,520.98,450
2026-08-07 22:00:00+00:00,227.25,228.06,227.09,227.54,546.24,512
2026-08-07 23:00:00+00:00,227.59,228.82,227.26,228.51,421.59,405
2026-08-08 00:00:00+00:00,228.54,229.27,227.77,229.0,383.46,261
2026-08-08 01:00:00+00:00,229.0,229.29,228.45,229.12,166.06,173
2026-08-08 02:00:00+00:00,229.12,229.52,228.94,228.97,232.85,228
2026-08-08 03:00:00+00:00,228.94,228.97,227.98,228.32,383.06,216
2026-08-08 04:00:00+00:00,228.21,228.3,227.68,227.77,38.85,73
2026-08-08 05:00:00+00:00,227.59,227.77,227.19,227.31,343.61,389
2026-08-08 06:00:00+00:00,227.22,227.5,226.34,226.71,284.14,322
2026-08-08 07:00:00+00:00,226.74,227.24,226.73,227.06,185.92,197
2026-08-08 08:00:00+00:00,227.07,227.07,226.76,227.01,33.02,59
2026-08-08 09:00:00+00:00,227.06,227.11,226.94,226.96,44.63,49
2026-08-08 10:00:00+00:00,226.9,227.76,226.9,227.18,127.07,165
2026-08-08 11:00:00+00:00,227.07,227.88,227.07,227.46,46.29,64
2026-08-08 12:00:00+00:00,227.35,227.51,227.2,227.35,49.71,74
2026-08-08 13:00:00+00:00,227.54,228.4,227.34,227.7,59.76,127
2026-08-08 14:00:00+00:00,227.68,227.81,227.07,227.57,233.69,166
2026-08-08 15:00:00+00:00,227.57,228.97,227.55,228.46,472.12,309
2026-08-08 16:00:00+00:00,228.37,228.91,228.2,228.57,61.54,125
2026-08-08 17:00:00+00:00,228.57,229.26,228.56,229.25,185.06,200
2026-08-08 18:00:00+00:00,228.87,229.74,228.13,228.33,45.15,113
2026-08-08 19:00:00+00:00,228.41,229.75,228.36,228.93,51.96,95
2026-08-08 20:00:00+00:00,228.44,228.94,228.39,228.75,36.21,76
2026-08-08 21:00:00+00:00,228.89,228.89,228.42,228.61,36.44,93
2026-08-08 22:00:00+00:00,228.56,228.79,228.15,228.26,58.1,38
2026-08-08 23:00:00+00:00,228.32,229.14,227.6,227.87,348.77,158
2026-08-09 00:00:00+00:00,227.7,227.78,227.32,227.61,39.36,83
2026-08-09 01:00:00+00:00,227.83,227.99,227.17,227.62,37.35,82
2026-08-09 02:00:00+00:00,227.66,227.68,227.23,227.61,18.03,58
2026-08-09 03:00:00+00:00,227.61,227.79,227.04,227.28,44.18,88
2026-08-09 04:00:00+00:00,227.07,227.26,225.44,226.09,1097.1,433
2026-08-09 05:00:00+00:00,226.09,226.29,225.8,226.1,50.34,98
2026-08-09 06:00:00+00:00,226.1,226.78,226.03,226.65,43.5,72
2026-08-09 07:00:00+00:00,226.67,226.83,225.44,225.55,608.37,621
2026-08-09 08:00:00+00:00,225.7,225.91,225.06,225.07,196.93,256
2026-08-09 09:00:00+00:00,225.06,225.9,225.01,225.74,110.89,141
2026-08-09 10:00:00+00:00,225.68,225.8,225.36,225.39,28.69,68
2026-08-09 11:00:00+00:00,225.4,226.04,225.39,225.81,200.56,163
2026-08-09 12:00:00+00:00,225.67,226.51,225.61,226.49,150.43,197
2026-08-09 13:00:00+00:00,226.42,227.77,225.57,226.77,213.6,237
2026-08-09 14:00:00+00:00,226.77,226.97,226.47,226.73,43.16,65
2026-08-09 15:00:00+00:00,226.94,226.95,226.41,226.62,22.68,75
2026-08-09 16:00:00+00:00,226.66,227.44,226.44,227.04,62.46,126
2026-08-09 17:00:00+00:00,226.93,227.08,226.73,226.84,27.4,62
2026-08-09 18:00:00+00:00,226.82,226.92,226.34,226.8,65.9,145
2026-08-09 19:00:00+00:00,226.74,227.02,226.74,227.02,12.8,31
2026-08-09 20:00:00+00:00,227.08,227.65,227.08,227.38,182.83,124
2026-08-09 21:00:00+00:00,227.23,228.08,226.69,227.21,129.68,100
2026-08-09 22:00:00+00:00,227.36,227.49,226.62,226.8,41.6,97
2026-08-09 23:00:00+00:00,227.05,227.2,226.28,226.28,18.73,37
2026-08-10 00:00:00+00:00,225.95,229.51,225.0,227.61,1417.47,935
2026-08-10 01:00:00+00:00,227.0,229.06,226.49,228.55,544.33,403
2026-08-10 02:00:00+00:00,228.48,228.83,228.11,228.78,181.73,107
2026-08-10 03:00:00+00:00,228.89,229.0,228.21,228.34,274.5,193
2026-08-10 04:00:00+00:00,228.37,228.44,227.97,228.1,161.26,156
2026-08-10 05:00:00+00:00,228.04,228.99,228.04,228.89,112.79,126
2026-08-10 06:00:00+00:00,228.93,229.19,228.43,228.56,283.41,131
2026-08-10 07:00:00+00:00,228.65,229.15,228.13,228.93,512.27,214
2026-08-10 08:00:00+00:00,228.87,231.13,228.22,228.97,1201.1,825
2026-08-10 09:00:00+00:00,229.08,229.17,226.94,227.21,1759.4,843
2026-08-10 10:00:00+00:00,227.19,227.49,226.05,226.64,692.85,357
2026-08-10 11:00:00+00:00,226.73,227.69,224.84,226.62,1634.04,541
2026-08-10 12:00:00+00:00,226.75,227.42,224.96,225.2,849.79,348
2026-08-10 13:00:00+00:00,225.3,232.4,224.28,228.33,8627.55,3099
2026-08-10 14:00:00+00:00,227.82,232.0,225.01,231.39,5123.44,2061
2026-08-10 15:00:00+00:00,231.18,233.42,227.94,231.89,3383.31,1301
2026-08-10 16:00:00+00:00,231.57,232.42,228.58,229.31,1831.23,741
2026-08-10 17:00:00+00:00,229.41,233.69,229.18,233.56,1075.22,615
2026-08-10 18:00:00+00:00,233.55,234.11,230.34,230.62,829.36,584
2026-08-10 19:00:00+00:00,230.62,231.74,229.7,229.9,1945.53,835
2026-08-10 20:00:00+00:00,229.85,230.2,228.65,230.07,1299.53,474
2026-08-10 21:00:00+00:00,229.91,230.07,228.99,229.53,567.75,306
2026-08-10 22:00:00+00:00,229.64,229.89,229.3,229.8,202.29,119
2026-08-10 23:00:00+00:00,229.68,230.21,229.4,230.02,122.98,106
2026-08-11 00:00:00+00:00,230.21,232.04,229.59,231.23,1785.64,547
2026-08-11 01:00:00+00:00,231.11,232.8,230.71,231.13,367.04,244
2026-08-11 02:00:00+00:00,230.97,231.28,230.45,230.7,144.32,184
2026-08-11 03:00:00+00:00,230.57,231.04,230.51,230.69,159.77,100
2026-08-11 04:00:00+00:00,230.71,231.29,230.5,230.6,160.92,99
2026-08-11 05:00:00+00:00,230.65,230.84,228.39,228.5,990.6,229
2026-08-11 06:00:00+00:00,228.57,229.27,228.47,228.76,696.66,313
2026-08-11 07:00:00+00:00,228.85,228.96,227.93,228.48,466.37,280
2026-08-11 08:00:00+00:00,228.74,229.77,227.42,227.7,996.74,487
2026-08-11 09:00:00+00:00,227.91,228.34,226.92,227.98,985.28,511
2026-08-11 10:00:00+00:00,228.15,229.75,227.54,229.35,1262.64,515
2026-08-11 11:00:00+00:00,229.49,231.19,229.23,231.17,468.74,418
2026-08-11 12:00:00+00:00,231.17,231.55,230.06,230.06,745.37,404
2026-08-11 13:00:00+00:00,230.07,232.09,220.56,225.32,8766.47,2431
2026-08-11 14:00:00+00:00,224.6,231.28,223.94,229.2,4085.98,1461
2026-08-11 15:00:00+00:00,229.31,231.95,227.92,228.33,1982.04,851
2026-08-11 16:00:00+00:00,228.39,230.29,226.52,229.85,1157.81,636
2026-08-11 17:00:00+00:00,230.0,232.84,229.34,230.95,1208.72,799
2026-08-11 18:00:00+00:00,231.02,231.99,229.31,231.6,629.62,516
2026-08-11 19:00:00+00:00,231.2,236.46,231.17,234.29,3313.15,3101
2026-08-11 20:00:00+00:00,234.51,236.45,233.91,234.97,3168.92,1273
2026-08-11 21:00:00+00:00,234.89,235.21,233.97,234.59,409.89,360
2026-08-11 22:00:00+00:00,234.51,235.15,234.33,234.98,416.58,285
2026-08-11 23:00:00+00:00,235.01,235.66,234.83,235.66,483.13,163
2026-08-12 00:00:00+00:00,235.3,236.09,234.53,235.25,273.81,372
2026-08-12 01:00:00+00:00,235.17,235.47,234.8,235.12,571.46,422
2026-08-12 02:00:00+00:00,235.25,236.04,235.0,236.04,50.75,93
2026-08-12 03:00:00+00:00,236.04,236.32,235.41,235.56,246.78,168
2026-08-12 04:00:00+00:00,235.46,235.8,235.26,235.62,78.14,75
2026-08-12 05:00:00+00:00,235.57,235.73,234.62,235.73,115.79,117
2026-08-12 06:00:00+00:00,235.62,235.83,235.37,235.73,107.0,109
2026-08-12 07:00:00+00:00,235.66,236.43,235.66,236.17,718.52,522
2026-08-12 08:00:00+00:00,236.07,238.76,236.05,237.35,1402.59,1261
2026-08-12 09:00:00+00:00,237.34,238.85,237.3,237.62,348.33,401
2026-08-12 10:00:00+00:00,237.74,238.34,237.6,238.02,220.8,178
2026-08-12 11:00:00+00:00,237.96,239.74,237.64,239.74,1009.63,437
2026-08-12 12:00:00+00:00,239.77,245.14,239.45,244.93,6158.1,2371
2026-08-12 13:00:00+00:00,245.1,252.36,241.58,248.26,23126.33,5628
2026-08-12 14:00:00+00:00,248.27,252.84,245.32,251.71,8024.51,2609
2026-08-12 15:00:00+00:00,251.81,258.39,251.12,257.35,9616.45,2707
2026-08-12 16:00:00+00:00,257.35,262.62,257.23,259.98,7113.87,2083
2026-08-12 17:00:00+00:00,259.65,265.28,257.24,262.78,3569.77,1657
2026-08-12 18:00:00+00:00,262.87,263.58,260.92,262.0,3383.42,1342
2026-08-12 19:00:00+00:00,262.0,264.74,258.49,261.77,7526.38,2525
2026-08-12 20:00:00+00:00,261.81,263.0,214.62,224.64,126983.53,19705
2026-08-12 21:00:00+00:00,224.59,229.34,219.53,220.36,19547.1,6085
2026-08-12 22:00:00+00:00,220.36,220.88,218.38,220.16,4224.05,1852
2026-08-12 23:00:00+00:00,220.09,221.06,218.26,218.33,8673.09,4563
2026-08-13 00:00:00+00:00,218.25,220.35,215.6,218.13,4787.3,3368
2026-08-13 01:00:00+00:00,218.15,218.48,217.15,217.5,2090.75,1858
2026-08-13 02:00:00+00:00,217.48,217.5,216.9,216.99,4035.41,1597
2026-08-13 03:00:00+00:00,216.98,217.54,216.69,217.36,1462.67,755
2026-08-13 04:00:00+00:00,217.26,217.33,216.43,216.91,379.06,513
2026-08-13 05:00:00+00:00,216.82,217.42,216.66,217.21,770.98,734
2026-08-13 06:00:00+00:00,217.21,217.56,216.23,216.93,1125.36,884
2026-08-13 07:00:00+00:00,216.89,216.91,215.07,215.71,2405.43,1004
2026-08-13 08:00:00+00:00,215.71,216.59,213.09,215.86,5556.45,2428
2026-08-13 09:00:00+00:00,215.84,216.37,213.48,214.69,2304.55,1775
2026-08-13 10:00:00+00:00,214.69,215.0,211.28,214.76,4376.12,2041
2026-08-13 11:00:00+00:00,214.93,222.83,214.18,222.42,10732.08,4542
2026-08-13 12:00:00+00:00,222.37,223.02,216.96,217.03,4896.61,2517
2026-08-13 13:00:00+00:00,217.1,239.2,215.99,227.36,46206.66,8819
2026-08-13 14:00:00+00:00,227.46,236.89,226.15,226.36,32048.98,4485
2026-08-13 15:00:00+00:00,226.36,228.13,224.13,226.45,6934.5,1897
2026-08-13 16:00:00+00:00,226.55,231.95,222.11,224.81,7927.26,2298
2026-08-13 17:00:00+00:00,224.65,229.13,224.18,227.04,12052.42,2712
2026-08-13 18:00:00+00:00,227.06,229.43,226.22,229.21,3791.79,1531
2026-08-13 19:00:00+00:00,229.11,232.52,225.84,231.02,6468.17,2675
2026-08-13 20:00:00+00:00,230.87,231.58,230.14,230.2,1683.12,950
2026-08-13 21:00:00+00:00,230.09,230.9,229.95,230.84,881.12,450
2026-08-13 22:00:00+00:00,230.84,231.81,230.67,231.56,790.96,451
2026-08-13 23:00:00+00:00,231.57,232.63,231.23,231.78,660.05,435
2026-08-14 00:00:00+00:00,231.79,232.81,231.15,231.96,1034.69,422
2026-08-14 01:00:00+00:00,231.96,232.0,230.9,230.9,509.36,258
2026-08-14 02:00:00+00:00,231.07,231.51,230.81,230.96,1104.3,272
2026-08-14 03:00:00+00:00,230.95,231.55,230.82,231.15,342.27,223
2026-08-14 04:00:00+00:00,231.11,231.39,230.52,230.87,571.76,477
2026-08-14 05:00:00+00:00,230.83,231.6,230.67,231.43,999.5,553
2026-08-14 06:00:00+00:00,231.48,232.02,230.45,230.59,919.32,652
2026-08-14 07:00:00+00:00,230.6,231.06,230.17,230.87,446.26,320
2026-08-14 08:00:00+00:00,230.63,233.07,229.16,229.58,2274.26,1197
2026-08-14 09:00:00+00:00,229.59,229.68,228.33,228.91,892.39,685
2026-08-14 10:00:00+00:00,228.94,229.64,228.38,228.68,904.61,337
2026-08-14 11:00:00+00:00,229.31,231.46,228.27,228.29,1461.24,728
2026-08-14 12:00:00+00:00,228.42,229.96,227.57,228.18,2138.45,929
2026-08-14 13:00:00+00:00,228.48,229.61,220.28,224.59,17241.21,4029
2026-08-14 14:00:00+00:00,224.55,226.87,219.7,221.42,7726.04,3576
2026-08-14 15:00:00+00:00,221.5,224.08,217.24,223.73,9230.63,3646
2026-08-14 16:00:00+00:00,224.14,225.81,221.07,221.19,5728.1,2315
2026-08-14 17:00:00+00:00,220.81,223.47,218.43,219.55,3166.47,1912
2026-08-14 18:00:00+00:00,219.53,219.93,215.97,218.49,5348.49,1996
2026-08-14 19:00:00+00:00,218.39,219.32,217.12,218.82,1392.55,605
2026-08-14 20:00:00+00:00,218.74,219.32,218.11,219.23,556.96,247
2026-08-14 21:00:00+00:00,219.23,220.0,218.48,219.86,834.92,394
2026-08-14 22:00:00+00:00,219.78,219.96,219.75,219.77,141.01,91
2026-08-14 23:00:00+00:00,219.97,219.97,218.6,219.06,514.06,374
2026-08-15 00:00:00+00:00,219.0,219.68,218.87,219.44,274.1,299
2026-08-15 01:00:00+00:00,219.42,220.34,219.39,220.07,260.16,127
2026-08-15 02:00:00+00:00,220.07,220.26,219.75,220.17,91.29,92
2026-08-15 03:00:00+00:00,220.17,220.31,220.0,220.0,42.65,40
2026-08-15 04:00:00+00:00,219.99,220.31,219.75,219.85,108.34,130
2026-08-15 05:00:00+00:00,219.87,219.87,218.59,218.63,137.77,114
2026-08-15 06:00:00+00:00,218.72,218.72,218.43,218.61,46.15,55
2026-08-15 07:00:00+00:00,218.6,218.99,218.35,218.85,85.88,70
2026-08-15 08:00:00+00:00,218.9,219.21,218.88,219.21,29.38,26
2026-08-15 09:00:00+00:00,219.16,219.45,219.16,219.45,40.2,34
2026-08-15 10:00:00+00:00,219.09,219.45,219.09,219.45,35.26,35
2026-08-15 11:00:00+00:00,219.55,220.47,219.55,219.9,209.94,119
2026-08-15 12:00:00+00:00,219.88,220.61,219.84,220.01,209.32,177
2026-08-15 13:00:00+00:00,220.17,220.57,220.02,220.55,164.6,172
2026-08-15 14:00:00+00:00,220.53,220.62,220.08,220.15,105.83,133
2026-08-15 15:00:00+00:00,220.15,220.63,220.07,220.63,45.44,56
2026-08-15 16:00:00+00:00,220.73,220.87,220.34,220.62,163.01,127
2026-08-15 17:00:00+00:00,220.65,221.0,220.07,220.99,61.01,139
2026-08-15 18:00:00+00:00,221.0,221.1,220.87,221.1,40.84,159
2026-08-15 19:00:00+00:00,221.08,221.33,220.82,221.01,57.3,180
2026-08-15 20:00:00+00:00,221.03,221.24,220.9,220.9,26.13,114
2026-08-15 21:00:00+00:00,220.84,221.27,220.72,221.15,21.01,42
2026-08-15 22:00:00+00:00,220.92,221.03,220.89,221.03,11.14,15
