ts,open,high,low,close,volume,trades
2026-05-01 01:30:00+00:00,190.0,190.0,190.0,190.0,1.16,2
2026-05-01 02:00:00+00:00,180.0,180.0,178.57,178.57,1.0,2
2026-05-01 02:30:00+00:00,190.0,190.0,190.0,190.0,0.32,1
2026-05-01 03:00:00+00:00,190.0,190.0,190.0,190.0,0.0,0
2026-05-01 03:30:00+00:00,178.57,178.57,178.57,178.57,0.16,1
2026-05-01 04:00:00+00:00,190.0,190.0,190.0,190.0,2.23,1
2026-05-01 04:30:00+00:00,190.0,190.0,190.0,190.0,0.0,0
2026-05-01 05:00:00+00:00,190.0,190.0,190.0,190.0,0.0,0
2026-05-01 05:30:00+00:00,190.0,195.0,190.0,195.0,5.26,3
2026-05-01 06:00:00+00:00,195.0,195.0,195.0,195.0,6.54,1
2026-05-01 06:30:00+00:00,195.0,195.0,195.0,195.0,0.0,0
2026-05-01 07:00:00+00:00,210.07,211.0,210.07,211.0,5.89,2
2026-05-01 07:30:00+00:00,211.0,211.0,211.0,211.0,0.0,0
2026-05-01 08:00:00+00:00,211.0,211.0,211.0,211.0,0.0,0
2026-05-01 08:30:00+00:00,194.03,210.0,193.24,193.24,21.45,6
2026-05-01 09:00:00+00:00,210.99,211.0,210.99,211.0,4.73,4
2026-05-01 09:30:00+00:00,218.0,218.74,207.0,218.74,26.57,10
2026-05-01 10:00:00+00:00,218.74,260.88,218.74,260.88,451.79,192
2026-05-01 10:30:00+00:00,263.0,273.43,242.0,273.12,412.35,233
2026-05-01 11:00:00+00:00,273.43,273.43,273.4,273.43,31.27,18
2026-05-01 11:30:00+00:00,273.43,314.14,251.18,251.93,1569.34,679
2026-05-01 12:00:00+00:00,251.83,260.0,235.23,253.2,777.79,237
2026-05-01 12:30:00+00:00,253.2,262.6,235.5,248.0,747.44,294
2026-05-01 13:00:00+00:00,248.0,253.0,226.97,243.18,1678.68,604
2026-05-01 13:30:00+00:00,244.69,255.59,239.1,246.6,607.8,258
2026-05-01 14:00:00+00:00,247.27,268.0,247.27,261.72,1050.04,421
2026-05-01 14:30:00+00:00,262.93,265.45,254.84,259.3,418.75,298
2026-05-01 15:00:00+00:00,259.3,270.0,254.22,268.12,1054.53,543
2026-05-01 15:30:00+00:00,268.12,276.78,267.76,275.0,617.72,504
2026-05-01 16:00:00+00:00,274.5,278.3,267.18,267.18,341.26,402
2026-05-01 16:30:00+00:00,267.3,267.3,243.0,256.0,656.01,615
2026-05-01 17:00:00+00:00,256.0,258.9,241.5,249.11,379.83,248
2026-05-01 17:30:00+00:00,245.19,257.39,236.97,244.99,300.46,127
2026-05-01 18:00:00+00:00,245.44,260.0,245.32,254.26,137.59,141
2026-05-01 18:30:00+00:00,255.77,260.2,248.06,256.0,418.3,833
2026-05-01 19:00:00+00:00,256.0,256.0,240.65,243.08,264.78,300
2026-05-01 19:30:00+00:00,244.0,251.73,240.26,241.92,189.55,319
2026-05-01 20:00:00+00:00,240.57,255.9,240.0,255.9,448.08,443
2026-05-01 20:30:00+00:00,255.68,266.33,249.6,252.21,602.75,589
2026-05-01 21:00:00+00:00,254.71,258.59,252.21,258.59,40.03,58
2026-05-01 21:30:00+00:00,258.2,258.2,250.71,252.32,166.13,169
2026-05-01 22:00:00+00:00,252.22,254.7,248.1,251.21,311.41,397
2026-05-01 22:30:00+00:00,251.21,260.6,249.2,257.0,311.56,434
2026-05-01 23:00:00+00:00,257.9,260.6,256.0,258.01,175.62,109
2026-05-01 23:30:00+00:00,256.54,262.98,255.0,259.54,70.67,32
2026-05-02 00:00:00+00:00,256.54,271.0,255.01,259.02,265.95,243
2026-05-02 00:30:00+00:00,258.33,267.2,252.84,258.01,208.17,301
2026-05-02 01:00:00+00:00,258.01,270.9,258.01,270.9,145.57,63
2026-05-02 01:30:00+00:00,269.79,271.8,253.88,262.2,276.75,225
2026-05-02 02:00:00+00:00,265.42,272.1,261.9,269.0,236.62,210
2026-05-02 02:30:00+00:00,270.6,274.0,261.63,267.63,299.75,253
2026-05-02 03:00:00+00:00,264.63,273.0,255.44,261.64,196.96,154
2026-05-02 03:30:00+00:00,261.64,262.3,254.8,261.45,148.37,51
2026-05-02 04:00:00+00:00,261.55,270.65,252.59,258.43,191.92,202
2026-05-02 04:30:00+00:00,257.0,262.5,252.9,259.94,42.8,40
2026-05-02 05:00:00+00:00,261.44,267.49,260.0,261.5,71.74,23
2026-05-02 05:30:00+00:00,262.96,273.3,262.96,271.2,405.38,402
2026-05-02 06:00:00+00:00,270.1,271.8,266.0,267.51,97.52,212
2026-05-02 06:30:00+00:00,271.2,285.71,266.7,285.71,1107.86,450
2026-05-02 07:00:00+00:00,285.6,287.0,279.15,287.0,130.42,177
2026-05-02 07:30:00+00:00,287.0,287.0,278.4,286.08,96.21,170
2026-05-02 08:00:00+00:00,286.07,294.03,282.7,293.2,279.09,241
2026-05-02 08:30:00+00:00,293.37,299.0,272.86,277.88,1000.55,668
2026-05-02 09:00:00+00:00,277.92,279.99,273.3,275.57,97.22,114
2026-05-02 09:30:00+00:00,275.57,277.28,274.71,277.18,41.67,95
2026-05-02 10:00:00+00:00,277.18,298.4,271.6,289.47,231.43,396
2026-05-02 10:30:00+00:00,289.47,289.47,273.8,282.96,100.99,170
2026-05-02 11:00:00+00:00,281.8,285.8,279.4,285.0,29.96,111
2026-05-02 11:30:00+00:00,285.0,286.38,279.9,286.37,62.6,87
2026-05-02 12:00:00+00:00,286.37,286.37,279.2,280.26,52.27,304
2026-05-02 12:30:00+00:00,282.8,285.0,276.4,284.7,78.28,340
2026-05-02 13:00:00+00:00,284.4,289.37,281.12,289.2,32.69,110
2026-05-02 13:30:00+00:00,289.19,292.0,283.2,287.0,61.1,150
2026-05-02 14:00:00+00:00,287.1,290.4,279.48,286.4,178.09,184
2026-05-02 14:30:00+00:00,282.01,290.4,277.1,282.8,92.57,324
2026-05-02 15:00:00+00:00,278.2,292.0,272.66,284.0,375.5,457
2026-05-02 15:30:00+00:00,282.0,296.21,280.53,295.6,237.15,661
2026-05-02 16:00:00+00:00,295.6,300.0,292.04,298.0,169.36,267
2026-05-02 16:30:00+00:00,298.0,299.5,295.1,299.5,49.55,185
2026-05-02 17:00:00+00:00,295.6,303.0,282.31,285.6,449.56,415
2026-05-02 17:30:00+00:00,285.77,306.6,285.77,302.09,307.45,353
2026-05-02 18:00:00+00:00,306.26,307.28,295.28,296.0,136.01,203
2026-05-02 18:30:00+00:00,296.03,296.1,286.0,289.81,113.01,126
2026-05-02 19:00:00+00:00,289.82,299.0,289.5,294.3,8.37,101
2026-05-02 19:30:00+00:00,294.2,297.5,290.01,290.21,87.15,173
2026-05-02 20:00:00+00:00,295.6,301.99,290.21,296.94,23.42,157
2026-05-02 20:30:00+00:00,295.6,308.25,293.2,304.6,90.31,114
2026-05-02 21:00:00+00:00,304.72,310.33,298.04,309.6,220.81,99
2026-05-02 21:30:00+00:00,305.2,311.0,300.8,306.2,411.08,229
2026-05-02 22:00:00+00:00,307.1,310.8,298.31,298.31,248.36,198
2026-05-02 22:30:00+00:00,300.97,303.4,287.04,291.58,353.12,309
2026-05-02 23:00:00+00:00,291.58,314.78,288.8,312.8,594.69,243
2026-05-02 23:30:00+00:00,312.46,317.4,296.17,313.99,505.21,236
2026-05-03 00:00:00+00:00,312.0,318.89,311.37,312.0,481.64,188
2026-05-03 00:30:00+00:00,312.41,316.5,304.48,304.94,268.71,137
2026-05-03 01:00:00+00:00,304.94,310.0,304.48,305.11,72.5,88
2026-05-03 01:30:00+00:00,305.12,310.0,303.0,303.0,75.91,139
2026-05-03 02:00:00+00:00,303.0,311.05,303.0,311.04,17.87,179
2026-05-03 02:30:00+00:00,311.03,318.89,308.5,311.43,155.34,275
2026-05-03 03:00:00+00:00,311.43,320.0,292.31,317.0,470.38,319
2026-05-03 03:30:00+00:00,316.49,320.0,302.7,316.36,214.84,553
2026-05-03 04:00:00+00:00,316.36,316.63,305.0,311.86,83.4,301
2026-05-03 04:30:00+00:00,311.82,314.33,285.48,304.79,653.18,1604
2026-05-03 05:00:00+00:00,304.79,310.31,297.0,302.97,218.61,485
2026-05-03 05:30:00+00:00,302.97,316.15,299.6,316.14,48.29,101
2026-05-03 06:00:00+00:00,315.69,317.0,286.73,303.74,164.2,225
2026-05-03 06:30:00+00:00,288.43,309.84,276.0,280.19,1054.05,683
2026-05-03 07:00:00+00:00,280.19,280.39,276.0,279.0,731.45,365
2026-05-03 07:30:00+00:00,279.0,290.0,276.0,288.47,422.56,185
2026-05-03 08:00:00+00:00,288.46,288.46,284.14,285.0,177.98,209
2026-05-03 08:30:00+00:00,285.0,285.5,275.0,281.9,136.8,166
2026-05-03 09:00:00+00:00,281.9,287.0,280.42,285.87,90.09,125
2026-05-03 09:30:00+00:00,285.87,286.0,283.2,285.23,22.49,112
2026-05-03 10:00:00+00:00,285.16,287.0,285.16,285.86,11.61,35
2026-05-03 10:30:00+00:00,286.98,291.97,286.42,291.97,74.63,140
2026-05-03 11:00:00+00:00,289.92,295.0,289.92,293.7,146.08,157
2026-05-03 11:30:00+00:00,293.7,295.0,286.57,290.13,58.95,56
2026-05-03 12:00:00+00:00,291.03,295.0,290.1,290.25,71.26,67
2026-05-03 12:30:00+00:00,293.49,295.0,290.8,293.73,43.68,165
2026-05-03 13:00:00+00:00,293.73,294.0,281.11,286.18,239.87,304
2026-05-03 13:30:00+00:00,286.18,286.2,284.35,285.57,21.85,105
2026-05-03 14:00:00+00:00,285.57,285.57,282.03,282.03,40.61,137
2026-05-03 14:30:00+00:00,284.01,285.0,281.0,284.95,297.53,372
2026-05-03 15:00:00+00:00,284.95,288.0,283.63,287.95,85.65,240
2026-05-03 15:30:00+00:00,287.95,289.0,286.23,288.69,37.96,203
2026-05-03 16:00:00+00:00,288.69,295.0,282.66,292.45,304.98,308
2026-05-03 16:30:00+00:00,292.45,292.47,289.98,289.98,25.65,153
2026-05-03 17:00:00+00:00,291.81,291.81,284.0,285.7,60.51,312
2026-05-03 17:30:00+00:00,285.7,292.0,281.0,287.6,346.7,458
2026-05-03 18:00:00+00:00,287.61,291.0,283.0,286.31,83.13,270
2026-05-03 18:30:00+00:00,286.31,290.38,286.31,290.38,35.96,168
2026-05-03 19:00:00+00:00,290.38,290.38,283.4,286.81,59.86,332
2026-05-03 19:30:00+00:00,286.81,289.06,285.85,286.81,18.49,142
2026-05-03 20:00:00+00:00,287.38,287.39,283.39,283.39,67.44,155
2026-05-03 20:30:00+00:00,284.09,284.81,281.0,281.5,109.04,230
2026-05-03 21:00:00+00:00,281.49,284.0,281.0,281.0,122.14,302
2026-05-03 21:30:00+00:00,281.0,281.94,275.1,279.0,278.39,295
2026-05-03 22:00:00+00:00,278.18,285.04,278.18,285.0,53.74,86
2026-05-03 22:30:00+00:00,284.99,289.38,284.59,286.0,68.01,171
2026-05-03 23:00:00+00:00,288.99,289.0,281.06,284.05,38.14,38
2026-05-03 23:30:00+00:00,284.05,284.6,277.77,283.42,62.87,53
2026-05-04 00:00:00+00:00,283.42,283.46,275.7,275.8,48.26,63
2026-05-04 00:30:00+00:00,276.2,288.6,274.0,288.6,459.01,440
2026-05-04 01:00:00+00:00,285.4,294.9,283.8,291.6,606.86,588
2026-05-04 01:30:00+00:00,291.14,294.81,281.39,293.03,97.4,230
2026-05-04 02:00:00+00:00,293.02,295.4,292.76,295.4,119.2,85
2026-05-04 02:30:00+00:00,295.32,298.0,285.5,291.23,282.04,304
2026-05-04 03:00:00+00:00,294.71,305.0,290.5,305.0,256.98,364
2026-05-04 03:30:00+00:00,297.01,305.0,277.0,297.84,242.88,234
2026-05-04 04:00:00+00:00,292.0,294.01,282.66,283.65,37.8,31
2026-05-04 04:30:00+00:00,282.33,289.8,282.0,282.8,48.3,226
2026-05-04 05:00:00+00:00,282.6,284.44,280.0,281.72,118.2,247
2026-05-04 05:30:00+00:00,281.48,281.48,280.0,281.07,25.83,24
2026-05-04 06:00:00+00:00,280.1,287.6,280.0,280.0,65.85,354
2026-05-04 06:30:00+00:00,280.48,282.29,280.46,281.01,41.15,48
2026-05-04 07:00:00+00:00,281.49,281.54,280.23,280.23,22.67,34
2026-05-04 07:30:00+00:00,280.45,281.25,280.45,280.8,149.45,10
2026-05-04 08:00:00+00:00,281.95,283.63,280.5,280.8,30.26,67
2026-05-04 08:30:00+00:00,280.5,280.5,280.4,280.4,12.29,8
2026-05-04 09:00:00+00:00,280.76,281.7,280.23,281.51,54.26,20
2026-05-04 09:30:00+00:00,280.41,280.41,280.41,280.41,0.18,1
2026-05-04 10:00:00+00:00,281.36,282.6,280.23,282.4,113.3,62
2026-05-04 10:30:00+00:00,281.5,282.08,280.23,280.23,55.72,67
2026-05-04 11:00:00+00:00,281.08,281.08,280.0,281.01,33.21,16
2026-05-04 11:30:00+00:00,280.98,281.08,280.01,281.06,3.11,8
2026-05-04 12:00:00+00:00,280.56,282.08,280.55,282.08,4.97,15
2026-05-04 12:30:00+00:00,280.58,287.49,278.0,284.12,119.01,148
2026-05-04 13:00:00+00:00,284.0,287.94,282.29,287.41,85.08,125
2026-05-04 13:30:00+00:00,287.4,287.4,281.85,286.99,41.82,78
2026-05-04 14:00:00+00:00,286.2,286.2,283.05,285.0,1.95,9
2026-05-04 14:30:00+00:00,284.99,285.0,282.0,282.3,16.2,37
2026-05-04 15:00:00+00:00,282.3,284.68,275.33,275.7,1370.11,353
2026-05-04 15:30:00+00:00,277.01,278.98,256.18,267.22,1637.99,964
2026-05-04 16:00:00+00:00,267.41,267.41,254.0,255.0,507.06,321
2026-05-04 16:30:00+00:00,255.77,259.1,233.0,242.22,4017.08,1328
2026-05-04 17:00:00+00:00,242.28,247.9,205.08,206.26,7239.11,2374
2026-05-04 17:30:00+00:00,207.83,224.16,206.17,210.0,2856.58,796
2026-05-04 18:00:00+00:00,213.13,223.0,208.0,221.6,1005.19,331
2026-05-04 18:30:00+00:00,220.81,221.6,212.48,215.58,612.72,440
2026-05-04 19:00:00+00:00,215.6,220.0,212.43,218.75,253.79,257
2026-05-04 19:30:00+00:00,218.75,221.66,217.2,221.66,328.53,197
2026-05-04 20:00:00+00:00,222.45,224.8,216.9,216.9,588.82,669
2026-05-04 20:30:00+00:00,216.9,223.95,214.87,218.4,285.81,155
2026-05-04 21:00:00+00:00,216.0,218.4,216.0,217.55,42.4,26
2026-05-04 21:30:00+00:00,216.72,218.43,207.0,209.39,599.55,183
2026-05-04 22:00:00+00:00,210.44,216.0,201.0,203.2,1532.96,760
2026-05-04 22:30:00+00:00,203.42,207.21,201.3,204.61,125.82,74
2026-05-04 23:00:00+00:00,204.61,207.74,200.0,207.73,273.46,141
2026-05-04 23:30:00+00:00,207.73,210.59,202.45,207.97,306.65,168
2026-05-05 00:00:00+00:00,208.59,224.93,208.17,223.92,834.73,416
2026-05-05 00:30:00+00:00,224.55,225.61,221.1,225.5,117.69,58
2026-05-05 01:00:00+00:00,225.3,226.0,217.84,225.99,134.93,47
2026-05-05 01:30:00+00:00,222.18,225.99,209.65,212.03,129.49,75
2026-05-05 02:00:00+00:00,212.95,218.42,211.98,214.65,37.63,29
2026-05-05 02:30:00+00:00,214.6,218.29,210.83,210.83,20.86,35
2026-05-05 03:00:00+00:00,216.05,218.07,207.33,209.97,80.71,121
2026-05-05 03:30:00+00:00,208.0,213.93,202.6,210.0,382.28,258
2026-05-05 04:00:00+00:00,209.09,212.2,206.48,206.48,75.66,61
2026-05-05 04:30:00+00:00,206.48,210.31,206.48,208.2,41.84,80
2026-05-05 05:00:00+00:00,209.49,256.34,209.49,254.25,1724.78,496
2026-05-05 05:30:00+00:00,254.25,256.34,250.0,253.0,257.53,183
2026-05-05 06:00:00+00:00,254.97,256.34,251.09,255.68,102.02,94
2026-05-05 06:30:00+00:00,255.12,282.86,255.12,267.0,1190.15,710
2026-05-05 07:00:00+00:00,269.92,282.5,265.31,275.87,618.54,335
2026-05-05 07:30:00+00:00,275.87,275.88,214.85,226.66,2863.66,1230
2026-05-05 08:00:00+00:00,226.51,234.85,220.34,230.0,839.49,303
2026-05-05 08:30:00+00:00,233.29,235.45,232.82,235.45,57.53,81
2026-05-05 09:00:00+00:00,235.45,248.98,222.0,242.5,640.56,571
2026-05-05 09:30:00+00:00,242.5,250.66,230.0,230.0,202.03,248
2026-05-05 10:00:00+00:00,231.29,239.1,215.32,236.9,340.17,285
2026-05-05 10:30:00+00:00,234.28,239.95,219.37,236.06,58.72,142
2026-05-05 11:00:00+00:00,236.06,239.88,233.5,233.5,115.49,64
2026-05-05 11:30:00+00:00,237.11,237.34,237.1,237.34,5.43,10
2026-05-05 12:00:00+00:00,237.5,239.88,230.41,237.54,65.42,32
2026-05-05 12:30:00+00:00,239.85,239.85,237.25,237.77,20.05,42
2026-05-05 13:00:00+00:00,237.64,237.64,220.8,225.51,151.29,346
2026-05-05 13:30:00+00:00,225.51,235.21,225.27,228.58,57.01,294
2026-05-05 14:00:00+00:00,229.75,235.0,228.55,229.06,87.44,283
2026-05-05 14:30:00+00:00,229.06,236.37,229.06,235.5,65.44,207
2026-05-05 15:00:00+00:00,232.51,242.2,230.25,238.29,67.76,265
2026-05-05 15:30:00+00:00,237.82,242.8,235.1,235.57,141.69,355
2026-05-05 16:00:00+00:00,235.57,237.49,225.5,227.0,294.31,300
2026-05-05 16:30:00+00:00,226.51,228.7,222.5,226.0,251.54,216
2026-05-05 17:00:00+00:00,225.8,229.45,223.99,229.4,237.8,354
2026-05-05 17:30:00+00:00,229.4,229.45,227.01,229.22,78.1,202
2026-05-05 18:00:00+00:00,229.22,229.45,228.02,229.35,7.99,69
2026-05-05 18:30:00+00:00,228.22,229.0,226.2,227.21,83.06,121
2026-05-05 19:00:00+00:00,227.22,228.88,227.2,227.7,4.63,34
2026-05-05 19:30:00+00:00,227.72,229.35,227.4,229.22,104.52,26
2026-05-05 20:00:00+00:00,228.66,229.45,226.68,228.21,85.38,53
2026-05-05 20:30:00+00:00,226.71,229.45,226.66,227.77,13.31,12
2026-05-05 21:00:00+00:00,229.44,229.44,225.93,228.96,114.93,48
2026-05-05 21:30:00+00:00,227.59,229.69,226.52,229.69,478.53,31
2026-05-05 22:00:00+00:00,229.68,229.69,226.33,229.69,100.17,34
2026-05-05 22:30:00+00:00,229.69,229.69,226.31,229.69,20.5,66
2026-05-05 23:00:00+00:00,229.69,229.69,220.0,229.67,87.65,99
2026-05-05 23:30:00+00:00,229.6,229.69,228.11,229.69,6.38,48
2026-05-06 00:00:00+00:00,229.69,229.69,228.1,228.2,38.42,9
2026-05-06 00:30:00+00:00,228.2,229.69,224.47,228.54,79.5,136
2026-05-06 01:00:00+00:00,228.54,236.85,225.0,235.87,411.49,244
2026-05-06 01:30:00+00:00,236.49,241.25,231.99,234.69,81.55,107
2026-05-06 02:00:00+00:00,234.68,235.25,233.61,233.61,3.93,24
2026-05-06 02:30:00+00:00,234.09,236.11,234.09,235.42,24.5,23
2026-05-06 03:00:00+00:00,235.98,243.94,234.94,234.94,55.38,105
2026-05-06 03:30:00+00:00,236.99,242.5,235.55,238.12,23.55,55
2026-05-06 04:00:00+00:00,238.11,270.0,238.11,265.99,1506.05,568
2026-05-06 04:30:00+00:00,266.0,268.9,246.85,252.81,85.72,272
2026-05-06 05:00:00+00:00,250.02,252.8,247.98,249.79,18.5,20
2026-05-06 05:30:00+00:00,249.79,251.85,249.79,250.5,5.09,13
2026-05-06 06:00:00+00:00,250.49,256.14,249.79,249.79,42.53,86
2026-05-06 06:30:00+00:00,249.8,265.15,249.29,258.74,60.95,178
2026-05-06 07:00:00+00:00,255.11,260.61,255.1,260.61,41.24,37
2026-05-06 07:30:00+00:00,257.5,257.53,255.31,256.95,35.22,32
2026-05-06 08:00:00+00:00,256.95,257.0,255.0,256.5,58.65,95
2026-05-06 08:30:00+00:00,256.49,257.0,255.4,257.0,19.3,82
2026-05-06 09:00:00+00:00,257.0,257.0,254.37,254.37,39.81,156
2026-05-06 09:30:00+00:00,254.37,255.47,240.0,240.01,300.09,291
2026-05-06 10:00:00+00:00,240.12,246.2,240.0,243.63,95.96,107
2026-05-06 10:30:00+00:00,245.99,248.47,245.39,248.47,75.37,115
2026-05-06 11:00:00+00:00,247.4,249.73,246.31,249.72,25.85,58
2026-05-06 11:30:00+00:00,249.72,253.0,247.24,249.06,59.26,79
2026-05-06 12:00:00+00:00,249.06,249.07,240.0,248.6,162.14,90
2026-05-06 12:30:00+00:00,248.6,248.6,247.43,248.01,8.97,56
2026-05-06 13:00:00+00:00,248.01,250.9,247.74,249.76,38.81,84
2026-05-06 13:30:00+00:00,249.76,252.99,247.73,250.55,62.24,111
2026-05-06 14:00:00+00:00,250.55,269.75,242.0,247.53,712.69,451
2026-05-06 14:30:00+00:00,249.14,252.0,247.48,251.99,130.47,232
2026-05-06 15:00:00+00:00,251.99,258.0,251.45,256.97,19.28,161
2026-05-06 15:30:00+00:00,256.97,256.97,252.22,252.24,20.16,72
2026-05-06 16:00:00+00:00,252.41,257.8,252.41,252.5,25.12,30
2026-05-06 16:30:00+00:00,252.31,257.6,251.16,251.23,8.17,71
2026-05-06 17:00:00+00:00,251.23,254.41,251.13,251.13,20.26,123
2026-05-06 17:30:00+00:00,251.13,254.99,251.13,251.13,18.79,126
2026-05-06 18:00:00+00:00,254.99,257.8,247.48,247.48,185.95,45
2026-05-06 18:30:00+00:00,247.57,247.69,236.34,236.7,207.83,77
2026-05-06 19:00:00+00:00,239.55,258.0,236.34,240.0,714.21,231
2026-05-06 19:30:00+00:00,239.81,246.0,237.06,238.94,57.75,67
2026-05-06 20:00:00+00:00,238.94,247.49,236.36,246.4,32.97,42
2026-05-06 20:30:00+00:00,246.4,257.52,246.4,252.8,219.32,172
2026-05-06 21:00:00+00:00,252.53,252.53,247.49,250.0,44.18,26
2026-05-06 21:30:00+00:00,249.8,257.4,244.74,252.5,56.77,64
2026-05-06 22:00:00+00:00,253.8,258.0,245.0,250.0,82.78,66
2026-05-06 22:30:00+00:00,252.49,257.0,247.2,257.0,1.66,24
2026-05-06 23:00:00+00:00,252.54,259.0,252.54,259.0,48.9,40
2026-05-06 23:30:00+00:00,255.0,257.49,252.65,253.7,0.49,8
2026-05-07 00:00:00+00:00,257.5,260.0,252.22,252.22,14.81,12
2026-05-07 00:30:00+00:00,254.99,260.0,254.99,260.0,39.45,8
2026-05-07 01:00:00+00:00,257.91,260.0,250.0,259.11,10.29,26
2026-05-07 01:30:00+00:00,258.14,260.0,258.14,259.88,4.13,21
2026-05-07 02:00:00+00:00,257.51,259.98,255.92,259.98,2.06,10
2026-05-07 02:30:00+00:00,259.43,260.0,259.4,260.0,38.2,12
2026-05-07 03:00:00+00:00,260.0,260.0,260.0,260.0,10.62,6
2026-05-07 03:30:00+00:00,259.87,259.87,259.27,259.28,19.36,16
2026-05-07 04:00:00+00:00,259.28,259.28,258.55,258.55,6.17,6
2026-05-07 04:30:00+00:00,259.1,260.0,259.1,260.0,24.36,4
2026-05-07 05:00:00+00:00,260.0,261.03,258.94,261.03,70.67,16
2026-05-07 05:30:00+00:00,262.0,269.84,257.09,262.64,188.14,70
2026-05-07 06:00:00+00:00,264.6,269.6,258.49,267.0,78.76,46
2026-05-07 06:30:00+00:00,269.6,270.0,267.05,270.0,75.63,16
2026-05-07 07:00:00+00:00,269.02,270.07,263.74,263.74,51.22,48
2026-05-07 07:30:00+00:00,263.73,263.75,257.6,261.73,11.32,20
2026-05-07 08:00:00+00:00,262.49,263.0,259.37,259.38,37.77,14
2026-05-07 08:30:00+00:00,257.91,257.91,257.91,257.91,0.08,1
2026-05-07 09:00:00+00:00,259.1,259.1,259.1,259.1,0.11,1
2026-05-07 09:30:00+00:00,258.11,259.36,258.11,259.28,23.05,4
2026-05-07 10:00:00+00:00,259.31,259.31,259.0,259.0,7.12,5
2026-05-07 10:30:00+00:00,258.9,259.0,258.63,258.63,7.12,4
2026-05-07 11:00:00+00:00,258.8,259.0,257.94,258.0,7.68,9
2026-05-07 11:30:00+00:00,257.92,257.92,254.2,254.2,10.74,24
2026-05-07 12:00:00+00:00,257.25,257.26,254.3,254.31,1.17,8
2026-05-07 12:30:00+00:00,257.27,265.46,257.07,265.46,108.01,34
2026-05-07 13:00:00+00:00,262.5,265.56,262.13,263.13,9.08,23
2026-05-07 13:30:00+00:00,263.3,264.92,261.45,261.65,17.33,29
2026-05-07 14:00:00+00:00,261.97,263.94,261.97,263.94,5.07,3
2026-05-07 14:30:00+00:00,263.85,263.94,260.17,260.17,27.95,20
2026-05-07 15:00:00+00:00,261.31,264.92,260.31,261.09,7.75,22
2026-05-07 15:30:00+00:00,264.47,266.31,258.49,260.7,8.2,20
2026-05-07 16:00:00+00:00,257.5,257.5,242.55,245.81,877.74,172
2026-05-07 16:30:00+00:00,245.8,249.0,241.0,247.25,97.98,48
2026-05-07 17:00:00+00:00,245.04,245.04,245.02,245.02,0.34,2
2026-05-07 17:30:00+00:00,245.07,247.17,237.0,237.01,105.43,155
2026-05-07 18:00:00+00:00,237.01,239.69,237.0,239.36,19.28,36
2026-05-07 18:30:00+00:00,239.61,241.97,239.61,241.2,5.65,19
2026-05-07 19:00:00+00:00,240.6,240.6,237.0,239.18,5.5,16
2026-05-07 19:30:00+00:00,237.04,237.04,230.09,230.6,142.61,141
2026-05-07 20:00:00+00:00,230.6,233.7,227.0,229.99,344.57,233
2026-05-07 20:30:00+00:00,230.0,234.0,227.0,229.99,34.12,58
2026-05-07 21:00:00+00:00,228.21,239.9,228.21,238.66,34.61,48
2026-05-07 21:30:00+00:00,239.67,240.91,237.51,237.51,0.58,6
2026-05-07 22:00:00+00:00,237.51,237.51,234.47,237.49,0.89,9
2026-05-07 22:30:00+00:00,237.5,242.61,231.77,235.76,5.0,25
2026-05-07 23:00:00+00:00,237.49,247.53,237.49,247.53,5.45,27
2026-05-07 23:30:00+00:00,246.0,246.0,246.0,246.0,0.4,1
2026-05-08 00:00:00+00:00,245.01,245.04,240.87,240.87,8.43,7
2026-05-08 00:30:00+00:00,240.9,242.26,240.0,240.39,3.83,9
2026-05-08 01:00:00+00:00,240.34,244.9,239.4,243.36,17.39,32
2026-05-08 01:30:00+00:00,242.76,249.9,242.67,249.9,126.24,68
2026-05-08 02:00:00+00:00,249.9,249.9,248.99,249.9,11.78,75
2026-05-08 02:30:00+00:00,248.88,248.88,243.88,248.39,2.7,10
2026-05-08 03:00:00+00:00,249.15,249.9,245.65,245.65,21.94,26
2026-05-08 03:30:00+00:00,248.0,249.9,248.0,248.95,20.71,5
2026-05-08 04:00:00+00:00,249.99,250.0,242.19,242.4,20.72,35
2026-05-08 04:30:00+00:00,242.4,243.0,241.99,243.0,50.99,24
2026-05-08 05:00:00+00:00,242.02,243.54,237.52,243.54,32.41,46
2026-05-08 05:30:00+00:00,243.53,243.54,243.53,243.54,0.96,2
2026-05-08 06:00:00+00:00,243.53,243.53,243.53,243.53,0.1,1
2026-05-08 06:30:00+00:00,240.91,242.8,236.95,238.33,11.52,91
2026-05-08 07:00:00+00:00,236.96,244.1,236.81,244.1,40.59,76
2026-05-08 07:30:00+00:00,244.1,257.32,244.1,254.8,164.34,109
2026-05-08 08:00:00+00:00,254.8,262.14,254.8,259.47,153.21,40
2026-05-08 08:30:00+00:00,255.89,255.89,250.95,250.95,5.63,12
2026-05-08 09:00:00+00:00,254.67,259.4,252.84,257.5,61.86,35
2026-05-08 09:30:00+00:00,257.5,262.86,255.0,262.86,13.32,30
2026-05-08 10:00:00+00:00,260.0,265.0,257.03,263.0,102.3,52
2026-05-08 10:30:00+00:00,263.0,263.0,263.0,263.0,1.97,2
2026-05-08 11:00:00+00:00,260.01,260.01,254.42,254.42,21.35,18
2026-05-08 11:30:00+00:00,254.64,257.49,253.88,257.0,14.24,22
2026-05-08 12:00:00+00:00,256.99,256.99,256.0,256.5,21.72,12
2026-05-08 12:30:00+00:00,256.01,262.5,248.0,262.5,66.07,89
2026-05-08 13:00:00+00:00,258.5,259.15,257.0,259.14,60.28,11
2026-05-08 13:30:00+00:00,257.51,259.57,257.0,257.02,9.78,17
2026-05-08 14:00:00+00:00,259.36,259.37,257.0,257.15,8.5,12
2026-05-08 14:30:00+00:00,257.3,259.99,257.23,259.99,99.97,69
2026-05-08 15:00:00+00:00,259.99,269.0,257.64,263.33,241.86,209
2026-05-08 15:30:00+00:00,263.33,266.57,262.0,262.0,49.72,161
2026-05-08 16:00:00+00:00,262.0,269.0,259.04,266.33,96.45,87
2026-05-08 16:30:00+00:00,265.64,265.64,245.0,253.7,169.63,246
2026-05-08 17:00:00+00:00,252.6,255.45,248.3,248.3,60.49,105
2026-05-08 17:30:00+00:00,250.77,251.93,248.3,251.18,15.13,24
2026-05-08 18:00:00+00:00,251.65,253.7,248.41,253.2,14.71,38
2026-05-08 18:30:00+00:00,254.79,269.21,252.09,265.52,227.24,224
2026-05-08 19:00:00+00:00,268.31,277.15,242.83,245.86,1087.01,632
2026-05-08 19:30:00+00:00,250.0,257.23,250.0,251.19,83.39,97
2026-05-08 20:00:00+00:00,253.98,257.0,244.86,255.5,475.99,85
2026-05-08 20:30:00+00:00,255.51,276.85,255.03,269.19,650.9,360
2026-05-08 21:00:00+00:00,265.02,274.8,258.17,262.5,336.22,220
2026-05-08 21:30:00+00:00,263.71,289.0,261.11,287.84,2108.29,995
2026-05-08 22:00:00+00:00,287.0,290.61,276.93,279.62,907.5,411
2026-05-08 22:30:00+00:00,284.78,290.99,278.8,289.71,161.36,279
2026-05-08 23:00:00+00:00,290.2,290.2,273.95,287.95,288.58,344
2026-05-08 23:30:00+00:00,287.96,291.31,277.33,285.0,139.32,141
2026-05-09 00:00:00+00:00,285.0,285.0,273.3,284.89,178.23,180
2026-05-09 00:30:00+00:00,284.0,288.88,279.21,284.25,106.47,116
2026-05-09 01:00:00+00:00,284.25,288.97,277.0,284.0,181.02,122
2026-05-09 01:30:00+00:00,284.0,296.22,282.0,296.22,414.7,304
2026-05-09 02:00:00+00:00,296.22,297.97,287.0,292.02,341.48,400
2026-05-09 02:30:00+00:00,292.02,295.0,287.0,293.58,193.53,166
2026-05-09 03:00:00+00:00,293.67,294.45,289.5,289.5,27.59,29
2026-05-09 03:30:00+00:00,293.99,295.0,287.0,290.0,167.6,55
2026-05-09 04:00:00+00:00,289.81,290.0,287.0,287.01,34.96,28
2026-05-09 04:30:00+00:00,287.02,287.02,281.0,281.12,243.06,60
2026-05-09 05:00:00+00:00,283.8,286.52,281.0,286.51,13.08,22
2026-05-09 05:30:00+00:00,286.51,289.49,285.01,285.01,42.2,30
2026-05-09 06:00:00+00:00,286.57,286.57,284.02,284.03,108.96,17
2026-05-09 06:30:00+00:00,284.01,285.0,282.5,285.0,58.67,8
2026-05-09 07:00:00+00:00,282.8,285.0,282.51,284.8,18.1,15
2026-05-09 07:30:00+00:00,283.6,290.0,283.6,289.99,124.67,62
2026-05-09 08:00:00+00:00,289.98,295.01,286.24,295.0,128.51,50
2026-05-09 08:30:00+00:00,295.63,297.97,282.5,282.5,252.88,115
2026-05-09 09:00:00+00:00,286.79,286.99,278.21,278.56,430.34,67
2026-05-09 09:30:00+00:00,278.57,281.0,278.21,279.62,18.58,27
2026-05-09 10:00:00+00:00,279.63,281.0,278.21,281.0,187.17,23
2026-05-09 10:30:00+00:00,278.22,281.0,278.21,281.0,122.16,40
2026-05-09 11:00:00+00:00,280.01,281.0,280.0,281.0,12.85,9
2026-05-09 11:30:00+00:00,280.53,282.0,280.53,282.0,76.59,4
2026-05-09 12:00:00+00:00,281.98,282.68,281.82,282.68,30.48,10
2026-05-09 12:30:00+00:00,282.97,288.0,281.2,281.2,94.27,91
2026-05-09 13:00:00+00:00,282.43,286.4,281.1,286.4,3.48,12
2026-05-09 13:30:00+00:00,286.29,288.0,282.3,282.36,16.76,43
2026-05-09 14:00:00+00:00,282.21,286.38,282.0,282.0,243.93,65
2026-05-09 14:30:00+00:00,282.0,282.01,282.0,282.0,96.94,9
2026-05-09 15:00:00+00:00,283.6,287.01,283.21,283.22,4.58,8
2026-05-09 15:30:00+00:00,284.65,291.46,284.65,286.34,81.16,63
2026-05-09 16:00:00+00:00,286.5,292.5,284.65,285.0,76.58,75
2026-05-09 16:30:00+00:00,287.21,287.21,278.21,281.38,331.06,135
2026-05-09 17:00:00+00:00,283.65,284.24,281.24,281.27,0.97,7
2026-05-09 17:30:00+00:00,281.28,287.0,278.21,278.4,76.22,79
2026-05-09 18:00:00+00:00,279.98,281.0,277.0,280.47,68.12,30
2026-05-09 18:30:00+00:00,280.0,287.85,280.0,282.0,87.18,43
2026-05-09 19:00:00+00:00,282.8,288.0,280.4,283.04,8.12,27
2026-05-09 19:30:00+00:00,284.38,284.39,281.63,281.63,0.27,4
2026-05-09 20:00:00+00:00,283.01,288.0,283.0,288.0,2.64,6
2026-05-09 20:30:00+00:00,288.0,289.0,273.0,274.22,344.71,230
2026-05-09 21:00:00+00:00,274.5,280.8,273.2,278.24,36.61,87
2026-05-09 21:30:00+00:00,278.47,278.96,277.2,278.8,11.02,19
2026-05-09 22:00:00+00:00,279.5,281.7,275.0,281.01,31.79,74
2026-05-09 22:30:00+00:00,281.01,281.84,276.27,281.84,15.87,109
2026-05-09 23:00:00+00:00,279.88,289.0,278.28,289.0,25.76,55
2026-05-09 23:30:00+00:00,283.83,289.8,283.75,288.99,85.78,113
2026-05-10 00:00:00+00:00,287.03,289.0,287.03,289.0,4.16,7
2026-05-10 00:30:00+00:00,289.0,289.0,289.0,289.0,6.33,4
2026-05-10 01:00:00+00:00,287.25,289.8,286.28,288.0,26.55,17
2026-05-10 01:30:00+00:00,288.0,288.0,279.99,283.23,124.65,68
2026-05-10 02:00:00+00:00,282.43,283.0,280.42,283.0,49.51,30
2026-05-10 02:30:00+00:00,283.0,288.0,275.0,282.86,67.2,145
2026-05-10 03:00:00+00:00,287.99,300.01,282.67,300.01,493.42,302
2026-05-10 03:30:00+00:00,300.01,302.18,291.9,302.0,236.85,356
2026-05-10 04:00:00+00:00,301.92,306.95,292.65,301.58,475.26,315
2026-05-10 04:30:00+00:00,300.68,309.0,290.0,308.8,647.09,381
2026-05-10 05:00:00+00:00,308.8,309.33,300.3,308.8,142.02,246
2026-05-10 05:30:00+00:00,308.59,312.0,296.95,308.05,487.7,311
2026-05-10 06:00:00+00:00,312.0,314.93,306.51,314.7,237.12,268
2026-05-10 06:30:00+00:00,305.76,314.7,299.46,308.88,440.13,561
2026-05-10 07:00:00+00:00,306.57,309.81,294.86,307.29,222.56,318
2026-05-10 07:30:00+00:00,307.29,307.7,282.0,298.2,1081.6,487
2026-05-10 08:00:00+00:00,298.63,305.25,289.08,303.76,360.78,286
2026-05-10 08:30:00+00:00,303.77,304.89,300.31,302.77,153.01,291
2026-05-10 09:00:00+00:00,301.91,305.98,292.0,297.71,367.04,395
2026-05-10 09:30:00+00:00,298.99,299.0,285.79,289.6,414.45,569
2026-05-10 10:00:00+00:00,289.01,298.6,287.25,293.0,192.44,302
2026-05-10 10:30:00+00:00,293.0,296.13,280.0,281.2,1215.61,689
2026-05-10 11:00:00+00:00,280.11,294.06,279.33,294.0,520.67,534
2026-05-10 11:30:00+00:00,294.0,299.0,291.18,299.0,262.71,253
2026-05-10 12:00:00+00:00,299.0,306.57,288.61,306.57,728.83,649
2026-05-10 12:30:00+00:00,297.18,308.47,282.0,285.49,977.21,648
2026-05-10 13:00:00+00:00,284.0,291.51,276.02,287.25,461.94,216
2026-05-10 13:30:00+00:00,287.73,296.3,284.42,295.0,124.8,200
2026-05-10 14:00:00+00:00,295.1,295.55,286.89,292.69,265.03,150
2026-05-10 14:30:00+00:00,292.57,295.2,286.91,295.12,104.01,186
2026-05-10 15:00:00+00:00,294.99,295.3,285.6,293.13,244.74,228
2026-05-10 15:30:00+00:00,293.02,294.5,288.7,293.61,36.93,124
2026-05-10 16:00:00+00:00,293.6,293.61,288.7,292.26,122.97,292
2026-05-10 16:30:00+00:00,292.29,294.23,291.62,293.94,67.56,114
2026-05-10 17:00:00+00:00,293.95,294.39,288.05,292.4,206.49,184
2026-05-10 17:30:00+00:00,291.97,292.55,284.0,289.63,65.09,155
2026-05-10 18:00:00+00:00,289.63,291.63,288.84,291.63,28.73,160
2026-05-10 18:30:00+00:00,291.63,292.44,284.0,289.9,136.79,239
2026-05-10 19:00:00+00:00,289.95,291.37,282.54,290.31,196.43,327
2026-05-10 19:30:00+00:00,289.84,289.94,285.96,288.08,18.84,97
2026-05-10 20:00:00+00:00,288.07,289.33,285.0,285.0,32.35,154
2026-05-10 20:30:00+00:00,286.18,286.8,282.5,285.03,117.21,214
2026-05-10 21:00:00+00:00,285.15,286.6,283.0,283.4,109.72,124
2026-05-10 21:30:00+00:00,283.45,290.61,283.0,286.13,246.14,206
2026-05-10 22:00:00+00:00,285.4,286.0,283.0,286.0,20.73,37
2026-05-10 22:30:00+00:00,285.9,294.0,285.28,293.99,109.66,159
2026-05-10 23:00:00+00:00,293.99,304.84,274.86,298.3,409.5,263
2026-05-10 23:30:00+00:00,298.3,301.84,294.43,296.65,40.95,67
2026-05-11 00:00:00+00:00,300.99,305.74,290.79,300.42,349.66,680
2026-05-11 00:30:00+00:00,300.43,305.74,277.0,295.22,275.37,460
2026-05-11 01:00:00+00:00,295.44,299.19,280.32,298.85,234.05,286
2026-05-11 01:30:00+00:00,298.73,300.0,290.98,300.0,61.15,125
2026-05-11 02:00:00+00:00,300.0,303.79,293.63,301.63,137.91,226
2026-05-11 02:30:00+00:00,295.52,303.79,288.0,297.79,193.58,298
2026-05-11 03:00:00+00:00,297.79,309.9,287.48,287.82,430.12,287
2026-05-11 03:30:00+00:00,300.95,309.9,277.04,308.4,555.37,446
2026-05-11 04:00:00+00:00,308.4,310.0,295.93,308.5,392.06,321
2026-05-11 04:30:00+00:00,303.53,310.0,303.22,310.0,663.14,356
2026-05-11 05:00:00+00:00,310.0,314.0,295.73,309.32,516.24,222
2026-05-11 05:30:00+00:00,303.68,312.0,299.4,309.54,297.06,481
2026-05-11 06:00:00+00:00,306.58,314.0,303.99,309.6,973.98,397
2026-05-11 06:30:00+00:00,310.92,316.27,299.4,311.86,554.19,453
2026-05-11 07:00:00+00:00,308.21,316.2,299.68,311.39,1491.44,503
2026-05-11 07:30:00+00:00,309.8,316.77,307.25,310.45,868.98,559
2026-05-11 08:00:00+00:00,312.63,316.9,307.55,309.77,74.02,125
2026-05-11 08:30:00+00:00,311.84,316.8,297.33,309.11,136.48,148
2026-05-11 09:00:00+00:00,313.31,314.2,295.52,307.7,178.13,220
2026-05-11 09:30:00+00:00,307.52,307.52,286.59,304.75,120.93,97
2026-05-11 10:00:00+00:00,304.73,304.73,270.42,301.68,671.07,359
2026-05-11 10:30:00+00:00,278.11,301.63,269.49,297.36,684.63,586
2026-05-11 11:00:00+00:00,297.0,298.71,277.6,285.0,164.69,224
2026-05-11 11:30:00+00:00,288.09,294.44,274.55,287.4,494.54,349
2026-05-11 12:00:00+00:00,287.14,296.17,283.0,290.86,183.39,263
2026-05-11 12:30:00+00:00,291.83,298.62,288.65,298.2,53.2,75
2026-05-11 13:00:00+00:00,297.19,303.72,290.0,297.85,173.66,149
2026-05-11 13:30:00+00:00,299.52,302.0,293.5,298.3,175.79,73
2026-05-11 14:00:00+00:00,298.97,299.88,285.0,286.6,568.33,372
2026-05-11 14:30:00+00:00,285.1,289.8,281.2,283.29,868.43,983
2026-05-11 15:00:00+00:00,283.24,287.1,280.2,281.17,704.35,723
2026-05-11 15:30:00+00:00,280.25,280.95,280.0,280.45,532.67,257
2026-05-11 16:00:00+00:00,280.01,281.0,272.5,276.71,1959.12,797
2026-05-11 16:30:00+00:00,276.0,284.99,269.84,274.9,1493.09,1022
2026-05-11 17:00:00+00:00,273.09,287.48,271.5,286.99,1099.0,1426
2026-05-11 17:30:00+00:00,286.97,288.2,285.0,287.07,887.39,787
2026-05-11 18:00:00+00:00,287.06,295.0,285.22,287.48,858.72,890
2026-05-11 18:30:00+00:00,287.49,294.6,287.09,290.17,224.59,646
2026-05-11 19:00:00+00:00,289.09,293.0,284.21,288.98,324.79,429
2026-05-11 19:30:00+00:00,288.8,293.1,281.7,286.0,379.98,590
2026-05-11 20:00:00+00:00,285.88,289.58,276.02,288.74,192.7,307
2026-05-11 20:30:00+00:00,288.77,289.58,285.74,289.58,23.08,130
2026-05-11 21:00:00+00:00,289.13,289.13,277.19,287.22,245.83,318
2026-05-11 21:30:00+00:00,283.94,288.77,282.17,287.06,57.58,297
2026-05-11 22:00:00+00:00,287.08,287.12,277.2,284.08,124.62,325
2026-05-11 22:30:00+00:00,283.8,283.8,279.0,282.69,111.89,229
2026-05-11 23:00:00+00:00,282.7,295.35,280.2,294.8,496.34,389
2026-05-11 23:30:00+00:00,295.74,300.0,288.97,299.49,513.67,477
2026-05-12 00:00:00+00:00,298.01,299.47,279.02,288.95,414.81,384
2026-05-12 00:30:00+00:00,288.95,295.0,284.0,289.83,237.33,278
2026-05-12 01:00:00+00:00,293.16,300.72,289.03,292.8,715.04,522
2026-05-12 01:30:00+00:00,292.87,297.97,285.9,292.03,110.64,360
2026-05-12 02:00:00+00:00,294.1,294.1,292.0,292.9,33.97,230
2026-05-12 02:30:00+00:00,293.7,293.85,276.02,278.3,714.82,381
2026-05-12 03:00:00+00:00,278.75,282.31,276.0,277.21,213.4,294
2026-05-12 03:30:00+00:00,278.76,295.5,276.6,292.93,348.4,332
2026-05-12 04:00:00+00:00,294.99,299.99,289.39,295.81,468.0,476
2026-05-12 04:30:00+00:00,299.69,301.98,294.97,298.0,403.92,355
2026-05-12 05:00:00+00:00,301.75,309.26,298.66,308.4,1398.3,421
2026-05-12 05:30:00+00:00,308.4,308.76,294.45,306.01,516.39,621
2026-05-12 06:00:00+00:00,306.0,308.5,299.0,301.0,270.37,600
2026-05-12 06:30:00+00:00,301.0,306.26,299.0,304.97,57.49,290
2026-05-12 07:00:00+00:00,304.98,307.6,295.25,304.0,374.29,303
2026-05-12 07:30:00+00:00,301.21,304.0,300.6,303.42,45.66,219
2026-05-12 08:00:00+00:00,303.42,307.8,301.54,307.8,120.46,231
2026-05-12 08:30:00+00:00,307.8,309.76,305.0,305.6,157.69,228
2026-05-12 09:00:00+00:00,305.59,308.79,295.84,305.2,354.06,433
2026-05-12 09:30:00+00:00,304.99,307.84,300.0,302.0,94.8,340
2026-05-12 10:00:00+00:00,301.99,304.08,300.21,303.07,93.12,342
2026-05-12 10:30:00+00:00,302.4,303.77,300.7,303.77,99.51,285
2026-05-12 11:00:00+00:00,303.77,305.04,300.0,300.03,141.45,377
2026-05-12 11:30:00+00:00,300.21,301.96,296.7,300.8,158.54,364
2026-05-12 12:00:00+00:00,300.8,301.96,296.0,299.3,40.07,196
2026-05-12 12:30:00+00:00,301.4,301.6,293.13,294.85,140.24,344
2026-05-12 13:00:00+00:00,295.0,295.79,293.13,294.62,74.44,146
2026-05-12 13:30:00+00:00,294.63,297.06,293.4,296.96,80.69,242
2026-05-12 14:00:00+00:00,296.4,297.41,294.08,295.44,36.13,114
2026-05-12 14:30:00+00:00,295.36,295.36,293.62,294.96,69.55,109
2026-05-12 15:00:00+00:00,294.96,295.0,293.13,293.58,206.36,660
2026-05-12 15:30:00+00:00,293.14,295.51,290.01,290.08,302.37,372
2026-05-12 16:00:00+00:00,291.24,292.97,290.0,290.05,126.64,224
2026-05-12 16:30:00+00:00,290.56,295.71,290.05,292.99,175.32,178
2026-05-12 17:00:00+00:00,290.89,292.99,290.05,291.81,73.82,99
2026-05-12 17:30:00+00:00,290.09,291.45,286.37,288.29,133.95,173
2026-05-12 18:00:00+00:00,288.26,288.82,285.0,286.67,105.52,156
2026-05-12 18:30:00+00:00,286.95,289.33,285.97,286.11,11.5,91
2026-05-12 19:00:00+00:00,286.1,287.53,285.01,285.01,21.29,144
2026-05-12 19:30:00+00:00,285.01,295.75,285.01,295.0,225.28,326
2026-05-12 20:00:00+00:00,295.0,297.0,289.0,294.02,136.12,295
2026-05-12 20:30:00+00:00,294.42,297.99,294.1,295.01,149.43,206
2026-05-12 21:00:00+00:00,295.01,299.0,282.9,284.01,346.22,410
2026-05-12 21:30:00+00:00,286.44,287.96,283.24,287.78,31.99,225
2026-05-12 22:00:00+00:00,287.8,295.49,283.09,286.8,450.03,421
2026-05-12 22:30:00+00:00,286.24,286.93,284.07,286.02,71.87,156
2026-05-12 23:00:00+00:00,286.01,286.93,286.01,286.02,14.76,87
2026-05-12 23:30:00+00:00,286.45,299.15,286.01,294.64,386.08,297
2026-05-13 00:00:00+00:00,294.69,299.15,294.25,296.7,114.35,230
2026-05-13 00:30:00+00:00,296.83,298.0,295.97,297.32,42.83,104
2026-05-13 01:00:00+00:00,297.21,297.68,295.93,297.47,8.46,23
2026-05-13 01:30:00+00:00,297.39,297.83,294.64,297.59,87.91,238
2026-05-13 02:00:00+00:00,296.41,297.99,296.39,297.53,34.99,53
2026-05-13 02:30:00+00:00,296.92,298.0,296.39,298.0,52.74,54
2026-05-13 03:00:00+00:00,297.99,299.13,297.99,299.11,77.6,85
2026-05-13 03:30:00+00:00,298.16,301.0,298.16,300.99,355.78,152
2026-05-13 04:00:00+00:00,300.99,303.84,300.73,303.31,732.94,344
2026-05-13 04:30:00+00:00,303.31,304.0,300.73,303.8,78.93,465
2026-05-13 05:00:00+00:00,303.8,306.99,300.73,306.99,445.01,629
2026-05-13 05:30:00+00:00,306.99,310.0,306.72,309.49,357.57,396
2026-05-13 06:00:00+00:00,309.1,310.8,308.88,310.74,176.21,254
2026-05-13 06:30:00+00:00,310.2,311.08,308.91,311.08,738.17,314
2026-05-13 07:00:00+00:00,311.08,311.99,309.0,311.99,115.32,168
2026-05-13 07:30:00+00:00,311.99,312.7,309.92,312.68,303.42,141
2026-05-13 08:00:00+00:00,312.68,312.73,309.04,312.63,340.52,199
2026-05-13 08:30:00+00:00,312.66,314.34,311.77,314.33,281.53,183
2026-05-13 09:00:00+00:00,314.34,320.0,305.67,311.0,1228.95,919
2026-05-13 09:30:00+00:00,311.41,314.42,310.0,312.0,427.16,139
2026-05-13 10:00:00+00:00,311.01,314.6,301.92,305.76,396.58,708
2026-05-13 10:30:00+00:00,305.62,308.04,304.84,307.0,110.72,410
2026-05-13 11:00:00+00:00,307.0,308.06,307.0,307.07,29.93,21
2026-05-13 11:30:00+00:00,307.87,314.6,307.0,311.78,83.5,80
2026-05-13 12:00:00+00:00,311.22,314.5,307.01,307.01,54.49,120
2026-05-13 12:30:00+00:00,309.1,310.0,300.0,302.85,1151.31,582
2026-05-13 13:00:00+00:00,302.87,308.5,302.87,304.09,89.9,150
2026-05-13 13:30:00+00:00,303.99,306.3,295.0,297.02,646.87,1027
2026-05-13 14:00:00+00:00,297.17,303.0,296.68,300.0,965.85,244
2026-05-13 14:30:00+00:00,300.41,304.1,298.94,303.86,326.31,243
2026-05-13 15:00:00+00:00,303.86,323.18,300.31,314.01,2150.91,938
2026-05-13 15:30:00+00:00,314.01,318.0,302.02,308.16,638.48,793
2026-05-13 16:00:00+00:00,308.94,310.81,308.0,310.71,268.61,153
2026-05-13 16:30:00+00:00,311.17,321.0,301.88,305.08,792.81,751
2026-05-13 17:00:00+00:00,309.14,309.14,302.0,307.6,87.57,204
2026-05-13 17:30:00+00:00,307.59,307.59,302.13,306.49,135.02,128
2026-05-13 18:00:00+00:00,306.57,314.8,305.0,308.69,261.9,505
2026-05-13 18:30:00+00:00,308.68,310.69,305.41,310.5,301.09,481
2026-05-13 19:00:00+00:00,310.69,319.0,305.41,314.67,585.81,503
2026-05-13 19:30:00+00:00,314.12,317.0,300.0,309.9,986.69,713
2026-05-13 20:00:00+00:00,309.63,309.98,294.32,298.11,1710.35,1747
2026-05-13 20:30:00+00:00,298.11,299.32,285.0,288.61,3937.07,3300
2026-05-13 21:00:00+00:00,288.6,294.45,281.71,283.6,3073.7,3364
2026-05-13 21:30:00+00:00,283.77,287.0,281.9,285.0,757.95,1054
2026-05-13 22:00:00+00:00,284.59,293.16,282.2,286.0,686.5,1184
2026-05-13 22:30:00+00:00,283.94,297.2,283.94,288.15,2274.21,1610
2026-05-13 23:00:00+00:00,288.36,298.45,285.0,293.01,2361.57,1754
2026-05-13 23:30:00+00:00,294.18,297.73,287.39,289.0,1240.26,1332
2026-05-14 00:00:00+00:00,289.68,295.89,287.0,290.51,1201.16,1384
2026-05-14 00:30:00+00:00,290.85,293.55,287.41,293.45,859.13,1528
2026-05-14 01:00:00+00:00,293.54,295.92,285.0,286.25,1327.77,1235
2026-05-14 01:30:00+00:00,286.65,290.35,286.2,289.1,955.66,938
2026-05-14 02:00:00+00:00,289.1,297.0,289.0,291.44,1398.87,1384
2026-05-14 02:30:00+00:00,290.94,295.56,287.8,293.28,1681.74,2200
2026-05-14 03:00:00+00:00,293.31,294.69,289.5,291.21,910.52,1909
2026-05-14 03:30:00+00:00,291.27,294.24,289.0,289.12,822.61,1711
2026-05-14 04:00:00+00:00,289.49,290.04,284.2,288.56,1490.34,1764
2026-05-14 04:30:00+00:00,289.48,291.0,284.0,288.63,481.21,1399
2026-05-14 05:00:00+00:00,289.48,293.0,285.35,289.33,426.18,1694
2026-05-14 05:30:00+00:00,290.15,294.25,287.63,292.76,657.14,1634
2026-05-14 06:00:00+00:00,293.38,299.42,292.0,292.8,2596.78,2285
2026-05-14 06:30:00+00:00,293.92,294.0,292.1,292.1,825.37,1365
2026-05-14 07:00:00+00:00,292.4,292.9,289.15,289.3,888.85,1338
2026-05-14 07:30:00+00:00,289.39,302.67,287.9,298.89,4928.46,2562
2026-05-14 08:00:00+00:00,298.91,303.38,295.0,299.77,4918.03,2876
2026-05-14 08:30:00+00:00,299.79,302.82,298.31,299.09,1064.46,2253
2026-05-14 09:00:00+00:00,300.2,303.03,290.0,294.2,3067.0,2699
2026-05-14 09:30:00+00:00,294.87,294.87,288.09,291.6,1558.51,1741
2026-05-14 10:00:00+00:00,291.62,298.0,288.22,296.57,2466.72,2086
2026-05-14 10:30:00+00:00,296.58,299.0,288.22,288.3,1804.45,2029
2026-05-14 11:00:00+00:00,288.5,293.09,282.99,289.0,3082.29,2848
2026-05-14 11:30:00+00:00,289.34,289.45,281.1,284.01,5851.26,2837
2026-05-14 12:00:00+00:00,284.02,288.0,281.3,281.71,4281.63,2617
2026-05-14 12:30:00+00:00,281.82,297.45,281.1,290.4,5540.31,4351
2026-05-14 13:00:00+00:00,290.4,290.6,278.85,287.19,9492.73,5533
2026-05-14 13:30:00+00:00,287.2,303.24,282.0,298.13,12905.06,7351
2026-05-14 14:00:00+00:00,297.81,369.31,289.78,359.86,129751.68,27100
2026-05-14 14:30:00+00:00,358.2,392.42,340.71,369.85,109025.69,24602
2026-05-14 15:00:00+00:00,369.5,373.55,331.11,358.06,60032.94,15515
2026-05-14 15:30:00+00:00,358.22,358.68,333.0,342.16,28883.03,10302
2026-05-14 16:00:00+00:00,342.66,363.64,338.0,350.58,43282.38,11652
2026-05-14 16:30:00+00:00,349.72,376.73,347.3,376.73,17192.7,7348
2026-05-14 17:00:00+00:00,375.06,389.0,321.0,331.31,147669.94,26414
2026-05-14 17:30:00+00:00,331.09,343.33,303.13,304.09,79067.13,10952
2026-05-14 18:00:00+00:00,303.9,318.73,301.11,313.03,47185.55,7098
2026-05-14 18:30:00+00:00,312.76,327.1,311.47,318.4,29174.51,4088
2026-05-14 19:00:00+00:00,318.34,329.99,315.79,320.54,12273.41,2267
2026-05-14 19:30:00+00:00,320.36,321.75,306.9,312.02,16239.33,2806
2026-05-14 20:00:00+00:00,311.69,319.24,306.63,314.3,6178.23,2137
2026-05-14 20:30:00+00:00,314.49,323.65,313.96,320.65,4719.26,1648
2026-05-14 21:00:00+00:00,320.45,324.59,319.84,322.98,7684.96,1704
2026-05-14 21:30:00+00:00,323.37,327.5,322.26,325.08,2842.42,1414
2026-05-14 22:00:00+00:00,325.23,329.39,323.13,327.62,2449.73,1200
2026-05-14 22:30:00+00:00,327.8,335.0,326.2,333.54,7801.57,1861
2026-05-14 23:00:00+00:00,333.54,333.73,325.64,328.03,2642.75,1143
2026-05-14 23:30:00+00:00,328.11,329.95,326.18,329.4,2554.03,951
2026-05-15 00:00:00+00:00,329.77,338.0,328.07,334.74,3686.26,1720
2026-05-15 00:30:00+00:00,335.07,336.73,330.0,330.51,1914.92,1212
2026-05-15 01:00:00+00:00,330.7,331.49,327.72,331.19,2626.38,760
2026-05-15 01:30:00+00:00,331.2,331.7,322.0,322.0,6100.35,998
2026-05-15 02:00:00+00:00,322.76,326.44,320.01,326.28,1516.7,1062
2026-05-15 02:30:00+00:00,326.26,329.0,323.57,328.39,1121.39,925
2026-05-15 03:00:00+00:00,328.99,329.99,325.98,327.29,289.16,542
2026-05-15 03:30:00+00:00,327.3,330.98,325.93,330.98,950.55,941
2026-05-15 04:00:00+00:00,330.96,331.48,325.32,325.45,1444.59,879
2026-05-15 04:30:00+00:00,325.6,327.98,323.18,326.99,807.07,1055
2026-05-15 05:00:00+00:00,327.24,327.58,319.94,320.4,1589.1,1416
2026-05-15 05:30:00+00:00,319.95,321.95,315.47,315.47,2305.52,1492
2026-05-15 06:00:00+00:00,315.48,328.4,310.0,322.88,6549.08,5770
2026-05-15 06:30:00+00:00,323.04,328.9,322.8,326.09,1558.82,2462
2026-05-15 07:00:00+00:00,326.09,329.31,321.52,327.87,1274.49,1575
2026-05-15 07:30:00+00:00,327.87,328.06,323.38,326.14,1617.82,1442
2026-05-15 08:00:00+00:00,326.2,332.62,320.8,323.1,8005.18,3046
2026-05-15 08:30:00+00:00,323.42,323.71,316.12,316.12,5180.58,1514
2026-05-15 09:00:00+00:00,316.0,317.25,306.2,313.3,5138.88,2080
2026-05-15 09:30:00+00:00,313.44,314.84,290.15,302.77,29276.7,5524
2026-05-15 10:00:00+00:00,302.47,305.94,296.81,300.56,10105.91,3104
2026-05-15 10:30:00+00:00,300.48,307.0,299.33,306.5,4571.16,1621
2026-05-15 11:00:00+00:00,306.68,309.06,299.18,306.43,3418.11,2174
2026-05-15 11:30:00+00:00,306.9,309.0,294.45,295.98,5459.54,2294
2026-05-15 12:00:00+00:00,296.28,298.87,292.12,297.98,3747.37,1817
2026-05-15 12:30:00+00:00,298.1,308.49,297.36,306.02,6086.1,2544
2026-05-15 13:00:00+00:00,306.58,308.0,297.15,298.85,4409.79,2585
2026-05-15 13:30:00+00:00,298.85,304.93,276.0,286.66,59669.88,6963
2026-05-15 14:00:00+00:00,286.78,299.41,286.36,296.29,16791.87,2814
2026-05-15 14:30:00+00:00,296.28,298.99,293.36,296.83,7647.34,2011
2026-05-15 15:00:00+00:00,296.84,306.24,294.3,304.89,7419.0,2181
2026-05-15 15:30:00+00:00,305.04,305.65,289.15,294.37,6709.04,1711
2026-05-15 16:00:00+00:00,294.38,300.42,293.2,297.09,1837.53,849
2026-05-15 16:30:00+00:00,297.21,300.19,297.21,299.32,4556.39,765
2026-05-15 17:00:00+00:00,299.31,299.86,298.03,299.23,8144.7,1347
2026-05-15 17:30:00+00:00,299.23,301.18,296.28,299.33,6635.69,1264
2026-05-15 18:00:00+00:00,299.44,299.96,298.18,299.02,6245.99,783
2026-05-15 18:30:00+00:00,298.91,298.97,294.01,294.79,5913.86,779
2026-05-15 19:00:00+00:00,294.96,295.33,287.5,294.03,4086.52,1691
2026-05-15 19:30:00+00:00,294.16,296.77,275.43,279.07,12197.28,2187
2026-05-15 20:00:00+00:00,279.39,283.55,277.11,281.25,6060.68,2559
2026-05-15 20:30:00+00:00,281.7,283.25,280.01,280.77,1970.33,990
2026-05-15 21:00:00+00:00,280.58,289.85,280.16,283.36,4490.21,1387
2026-05-15 21:30:00+00:00,283.34,285.45,281.99,282.7,639.21,396
2026-05-15 22:00:00+00:00,282.62,284.47,281.47,284.09,1043.59,199
2026-05-15 22:30:00+00:00,284.15,284.69,281.39,281.5,1300.09,239
2026-05-15 23:00:00+00:00,281.76,283.66,280.65,280.65,1480.39,293
2026-05-15 23:30:00+00:00,280.54,280.81,278.58,278.77,862.18,330
2026-05-16 00:00:00+00:00,279.26,282.11,279.0,281.32,384.14,196
2026-05-16 00:30:00+00:00,281.32,281.32,279.28,280.23,190.73,242
2026-05-16 01:00:00+00:00,280.37,281.79,270.39,278.49,4270.11,1726
2026-05-16 01:30:00+00:00,278.26,279.05,267.0,271.0,7074.17,4189
2026-05-16 02:00:00+00:00,271.0,274.96,268.97,268.97,3546.39,2472
2026-05-16 02:30:00+00:00,269.27,271.75,266.08,266.98,3999.78,2736
2026-05-16 03:00:00+00:00,266.79,273.55,265.86,272.76,2473.28,2077
2026-05-16 03:30:00+00:00,272.76,274.27,267.05,269.36,2125.34,1657
2026-05-16 04:00:00+00:00,269.36,271.0,268.42,269.4,575.5,747
2026-05-16 04:30:00+00:00,269.38,272.73,268.83,272.57,524.96,522
2026-05-16 05:00:00+00:00,272.91,274.06,270.91,272.38,425.83,613
2026-05-16 05:30:00+00:00,272.47,274.96,272.47,273.39,351.64,345
2026-05-16 06:00:00+00:00,273.74,274.96,271.79,274.21,728.77,885
2026-05-16 06:30:00+00:00,274.23,274.96,270.02,273.23,863.85,809
2026-05-16 07:00:00+00:00,273.77,273.9,268.1,269.89,1084.46,1210
2026-05-16 07:30:00+00:00,270.07,271.11,269.92,270.43,357.95,579
2026-05-16 08:00:00+00:00,270.89,272.9,270.4,272.54,298.25,704
2026-05-16 08:30:00+00:00,272.79,273.0,270.11,271.95,302.66,784
2026-05-16 09:00:00+00:00,272.5,273.43,270.52,272.88,259.39,616
2026-05-16 09:30:00+00:00,273.35,273.5,272.86,273.5,173.91,501
2026-05-16 10:00:00+00:00,273.09,273.62,272.2,272.89,85.15,272
2026-05-16 10:30:00+00:00,272.89,273.32,272.11,272.11,39.8,114
2026-05-16 11:00:00+00:00,272.14,273.17,271.08,272.98,334.21,177
2026-05-16 11:30:00+00:00,273.09,273.3,272.18,272.19,76.75,177
2026-05-16 12:00:00+00:00,272.19,272.9,270.7,270.9,176.13,190
2026-05-16 12:30:00+00:00,270.99,273.32,270.99,271.36,237.62,347
2026-05-16 13:00:00+00:00,271.38,272.96,271.0,271.93,165.7,311
2026-05-16 13:30:00+00:00,272.06,272.79,270.0,271.36,226.98,404
2026-05-16 14:00:00+00:00,271.35,271.35,269.05,269.75,612.5,489
2026-05-16 14:30:00+00:00,269.99,270.0,269.05,269.61,221.69,322
2026-05-16 15:00:00+00:00,269.9,274.82,269.54,274.0,680.45,680
2026-05-16 15:30:00+00:00,274.33,274.33,271.99,273.28,352.11,440
2026-05-16 16:00:00+00:00,273.46,274.0,270.98,272.92,161.54,231
2026-05-16 16:30:00+00:00,272.9,273.32,271.72,272.39,178.34,271
2026-05-16 17:00:00+00:00,272.29,272.34,270.0,270.1,262.76,336
2026-05-16 17:30:00+00:00,270.1,272.29,270.01,271.56,117.36,126
2026-05-16 18:00:00+00:00,271.56,271.56,270.1,271.15,243.58,120
2026-05-16 18:30:00+00:00,271.02,271.02,270.0,270.78,156.98,101
2026-05-16 19:00:00+00:00,270.72,271.42,270.21,270.5,124.52,74
2026-05-16 19:30:00+00:00,270.66,271.97,270.26,271.97,150.03,250
2026-05-16 20:00:00+00:00,271.92,273.91,271.92,273.9,145.45,235
2026-05-16 20:30:00+00:00,273.73,273.92,273.01,273.89,223.11,211
2026-05-16 21:00:00+00:00,273.84,273.95,273.83,273.83,50.74,55
2026-05-16 21:30:00+00:00,274.0,274.68,272.96,273.26,63.13,133
2026-05-16 22:00:00+00:00,273.05,273.77,272.58,273.01,38.62,80
2026-05-16 22:30:00+00:00,273.07,273.42,272.41,273.42,29.57,66
2026-05-16 23:00:00+00:00,272.57,273.14,272.09,273.14,57.64,96
2026-05-16 23:30:00+00:00,272.56,273.54,272.45,272.49,25.48,38
2026-05-17 00:00:00+00:00,272.51,272.52,272.35,272.36,56.82,101
2026-05-17 00:30:00+00:00,272.35,272.35,271.6,272.01,102.8,247
2026-05-17 01:00:00+00:00,272.02,272.02,272.01,272.02,36.16,42
2026-05-17 01:30:00+00:00,272.02,272.02,271.61,271.71,184.26,197
2026-05-17 02:00:00+00:00,271.7,271.71,270.63,270.63,249.0,327
2026-05-17 02:30:00+00:00,270.63,272.28,270.51,271.95,134.12,168
2026-05-17 03:00:00+00:00,271.94,273.67,271.24,273.67,218.66,116
2026-05-17 03:30:00+00:00,273.67,273.68,272.82,273.63,250.15,485
2026-05-17 04:00:00+00:00,273.63,273.68,272.27,272.53,154.71,354
2026-05-17 04:30:00+00:00,272.53,273.12,272.5,273.1,51.5,118
2026-05-17 05:00:00+00:00,273.1,273.95,273.03,273.42,71.61,227
2026-05-17 05:30:00+00:00,273.4,273.63,273.18,273.36,48.22,212
2026-05-17 06:00:00+00:00,273.38,273.47,272.5,273.47,164.13,365
2026-05-17 06:30:00+00:00,273.47,273.66,273.47,273.52,130.69,115
2026-05-17 07:00:00+00:00,273.52,273.65,273.52,273.65,44.08,35
2026-05-17 07:30:00+00:00,273.63,273.65,273.5,273.65,38.24,25
2026-05-17 08:00:00+00:00,273.63,274.14,273.12,273.14,169.77,214
2026-05-17 08:30:00+00:00,273.07,273.07,272.67,273.0,94.83,45
2026-05-17 09:00:00+00:00,272.99,273.0,272.0,272.03,338.29,132
2026-05-17 09:30:00+00:00,272.05,272.36,271.64,271.64,64.75,65
2026-05-17 10:00:00+00:00,272.03,273.0,271.96,273.0,88.36,56
2026-05-17 10:30:00+00:00,272.94,273.18,271.55,271.64,30.62,67
2026-05-17 11:00:00+00:00,271.64,272.1,271.37,271.68,50.28,38
2026-05-17 11:30:00+00:00,271.99,272.47,271.73,272.27,48.46,87
2026-05-17 12:00:00+00:00,272.02,273.24,272.01,273.2,105.81,74
2026-05-17 12:30:00+00:00,273.01,273.32,272.91,273.29,2.32,11
2026-05-17 13:00:00+00:00,273.19,274.68,273.19,273.48,187.7,179
2026-05-17 13:30:00+00:00,273.79,274.68,273.78,274.56,145.81,72
2026-05-17 14:00:00+00:00,274.53,276.73,274.53,276.6,463.86,220
2026-05-17 14:30:00+00:00,276.07,276.44,274.52,275.22,274.51,186
2026-05-17 15:00:00+00:00,275.22,276.27,274.3,276.22,373.04,363
2026-05-17 15:30:00+00:00,276.22,278.81,275.77,277.25,1324.47,635
2026-05-17 16:00:00+00:00,277.25,277.75,277.25,277.39,242.16,405
2026-05-17 16:30:00+00:00,277.29,278.31,276.99,277.86,196.22,223
2026-05-17 17:00:00+00:00,277.86,277.87,276.78,277.36,191.67,479
2026-05-17 17:30:00+00:00,277.19,277.19,273.13,275.15,884.67,765
2026-05-17 18:00:00+00:00,275.04,276.42,274.96,276.3,164.64,247
2026-05-17 18:30:00+00:00,276.29,277.23,275.48,276.82,122.89,201
2026-05-17 19:00:00+00:00,276.58,278.65,275.2,277.26,616.99,212
2026-05-17 19:30:00+00:00,277.26,277.99,276.36,277.11,220.78,135
2026-05-17 20:00:00+00:00,276.96,286.38,276.74,284.82,2211.28,1246
2026-05-17 20:30:00+00:00,285.1,285.11,268.0,269.37,6666.37,3240
2026-05-17 21:00:00+00:00,269.49,270.0,262.0,263.71,10896.55,4073
2026-05-17 21:30:00+00:00,263.54,272.19,262.0,271.93,4869.31,2649
2026-05-17 22:00:00+00:00,271.94,273.71,269.39,270.03,1405.89,1241
2026-05-17 22:30:00+00:00,269.95,274.15,269.52,273.8,878.38,846
2026-05-17 23:00:00+00:00,273.94,274.21,269.09,272.25,901.52,1109
2026-05-17 23:30:00+00:00,272.24,273.76,263.03,265.93,3497.99,1832
2026-05-18 00:00:00+00:00,265.18,272.01,260.71,263.42,11680.72,3019
2026-05-18 00:30:00+00:00,262.82,263.45,260.0,263.12,5959.59,1354
2026-05-18 01:00:00+00:00,263.35,266.43,262.21,265.0,1989.74,969
2026-05-18 01:30:00+00:00,264.72,266.49,263.4,266.49,1033.52,792
2026-05-18 02:00:00+00:00,266.47,273.31,264.71,272.33,2343.64,1276
2026-05-18 02:30:00+00:00,272.32,272.32,265.08,267.69,1400.2,1008
2026-05-18 03:00:00+00:00,267.67,270.8,266.63,267.46,1064.24,1093
2026-05-18 03:30:00+00:00,267.7,271.93,266.58,271.86,850.57,1109
2026-05-18 04:00:00+00:00,271.87,272.35,266.32,269.69,919.93,1075
2026-05-18 04:30:00+00:00,269.5,270.27,267.85,269.91,896.65,718
2026-05-18 05:00:00+00:00,269.91,271.76,269.03,271.67,795.0,771
2026-05-18 05:30:00+00:00,272.03,273.79,271.83,273.55,999.35,1154
2026-05-18 06:00:00+00:00,273.25,273.56,271.51,272.63,694.51,991
2026-05-18 06:30:00+00:00,272.63,272.63,270.5,272.63,710.5,870
2026-05-18 07:00:00+00:00,272.63,275.38,272.62,274.7,1067.56,875
2026-05-18 07:30:00+00:00,274.75,275.4,272.36,272.61,983.82,928
2026-05-18 08:00:00+00:00,272.62,280.96,271.91,278.45,5225.64,2013
2026-05-18 08:30:00+00:00,278.7,286.94,277.73,285.95,2797.09,1806
2026-05-18 09:00:00+00:00,285.96,286.71,283.82,284.91,2291.77,1064
2026-05-18 09:30:00+00:00,284.91,286.95,284.39,285.23,1259.91,886
2026-05-18 10:00:00+00:00,285.23,285.66,281.06,281.2,1925.86,1173
2026-05-18 10:30:00+00:00,281.2,281.22,276.53,279.25,2364.17,1327
2026-05-18 11:00:00+00:00,279.3,284.1,278.51,279.8,1355.85,1340
2026-05-18 11:30:00+00:00,279.59,283.59,278.03,283.03,2776.82,1642
2026-05-18 12:00:00+00:00,283.14,285.41,280.01,283.13,1736.91,1304
2026-05-18 12:30:00+00:00,283.2,297.04,281.23,294.43,5829.62,1943
2026-05-18 13:00:00+00:00,294.43,295.92,290.91,291.24,3573.02,1930
2026-05-18 13:30:00+00:00,291.04,302.44,281.08,297.34,21020.98,3766
2026-05-18 14:00:00+00:00,297.64,298.99,280.25,281.26,19258.39,3749
2026-05-18 14:30:00+00:00,281.25,288.9,272.65,287.89,9672.16,2603
2026-05-18 15:00:00+00:00,288.01,297.41,287.7,289.69,8866.09,2096
2026-05-18 15:30:00+00:00,289.56,296.56,287.57,296.19,7090.11,2082
2026-05-18 16:00:00+00:00,296.2,296.3,285.55,285.58,4999.31,2751
2026-05-18 16:30:00+00:00,285.79,292.97,283.52,290.81,11890.38,2725
2026-05-18 17:00:00+00:00,291.15,295.37,290.93,294.53,3738.32,2740
2026-05-18 17:30:00+00:00,294.55,300.99,293.01,298.5,8001.17,3165
2026-05-18 18:00:00+00:00,298.55,299.0,293.35,298.13,7388.29,2730
2026-05-18 18:30:00+00:00,298.24,299.0,294.7,298.14,3730.82,2021
2026-05-18 19:00:00+00:00,298.15,301.44,293.91,296.07,5155.59,1402
2026-05-18 19:30:00+00:00,295.58,297.03,291.25,296.68,2998.29,687
2026-05-18 20:00:00+00:00,296.5,299.5,294.16,298.81,2385.24,950
2026-05-18 20:30:00+00:00,299.17,303.66,298.19,303.48,1162.24,712
2026-05-18 21:00:00+00:00,303.5,303.51,300.46,300.76,362.71,255
2026-05-18 21:30:00+00:00,300.64,302.88,300.2,302.88,545.35,235
2026-05-18 22:00:00+00:00,302.82,302.82,300.01,300.12,701.18,366
2026-05-18 22:30:00+00:00,300.09,300.67,300.01,300.17,551.43,175
2026-05-18 23:00:00+00:00,300.26,305.43,300.26,303.85,1383.07,567
2026-05-18 23:30:00+00:00,303.93,304.58,302.64,302.65,322.07,70
2026-05-19 00:00:00+00:00,302.65,305.68,302.47,305.24,487.84,229
2026-05-19 00:30:00+00:00,305.67,308.73,304.8,304.8,1174.84,434
2026-05-19 01:00:00+00:00,304.32,304.32,296.76,297.62,1687.75,300
2026-05-19 01:30:00+00:00,297.55,300.9,297.31,297.95,715.79,170
2026-05-19 02:00:00+00:00,297.91,302.49,296.83,300.15,1025.53,155
2026-05-19 02:30:00+00:00,299.74,299.85,297.91,298.09,481.27,108
2026-05-19 03:00:00+00:00,298.09,298.26,296.04,296.04,1153.07,171
2026-05-19 03:30:00+00:00,296.0,296.0,292.63,294.14,2587.17,839
2026-05-19 04:00:00+00:00,294.46,294.54,292.55,293.08,1747.46,436
2026-05-19 04:30:00+00:00,293.3,296.54,292.76,296.54,954.52,311
2026-05-19 05:00:00+00:00,296.47,299.43,294.7,298.17,655.98,222
2026-05-19 05:30:00+00:00,298.21,300.7,298.21,299.49,558.75,114
2026-05-19 06:00:00+00:00,299.43,300.23,297.0,297.98,476.26,175
2026-05-19 06:30:00+00:00,298.53,301.55,298.53,301.55,126.11,61
2026-05-19 07:00:00+00:00,301.43,304.01,301.43,304.0,1068.0,201
2026-05-19 07:30:00+00:00,303.65,304.27,300.06,301.93,803.94,175
2026-05-19 08:00:00+00:00,302.2,302.55,296.99,297.19,953.96,384
2026-05-19 08:30:00+00:00,297.26,300.82,297.26,299.37,361.21,140
2026-05-19 09:00:00+00:00,299.31,299.31,297.12,297.73,215.48,59
2026-05-19 09:30:00+00:00,297.7,298.48,292.15,295.08,1602.56,562
2026-05-19 10:00:00+00:00,294.69,295.58,292.94,294.8,1105.54,133
2026-05-19 10:30:00+00:00,294.63,295.02,292.38,295.02,1407.44,254
2026-05-19 11:00:00+00:00,294.71,294.71,286.0,287.36,814.85,497
2026-05-19 11:30:00+00:00,287.28,290.99,287.27,288.5,619.7,388
2026-05-19 12:00:00+00:00,288.45,290.12,286.69,289.06,530.82,335
2026-05-19 12:30:00+00:00,288.93,292.52,288.75,290.95,403.25,310
2026-05-19 13:00:00+00:00,290.77,292.63,286.37,292.63,4348.39,871
2026-05-19 13:30:00+00:00,291.8,319.5,286.76,311.58,14665.16,3616
2026-05-19 14:00:00+00:00,312.03,323.52,308.0,309.87,22348.0,4071
2026-05-19 14:30:00+00:00,309.88,324.24,308.62,323.65,9598.15,2552
2026-05-19 15:00:00+00:00,323.69,331.72,318.76,320.97,16192.73,3128
2026-05-19 15:30:00+00:00,321.0,327.46,319.2,325.21,15168.77,2308
2026-05-19 16:00:00+00:00,325.21,331.19,316.37,325.56,11104.97,2690
2026-05-19 16:30:00+00:00,325.56,333.38,324.9,327.87,6570.78,2362
2026-05-19 17:00:00+00:00,328.03,328.18,319.5,320.38,7369.22,1836
2026-05-19 17:30:00+00:00,320.26,320.76,310.8,313.6,12833.82,2442
2026-05-19 18:00:00+00:00,313.71,316.83,311.18,312.98,5190.05,1697
2026-05-19 18:30:00+00:00,313.28,320.57,310.46,314.47,7991.47,1865
2026-05-19 19:00:00+00:00,314.47,318.0,310.97,315.48,5595.4,1726
2026-05-19 19:30:00+00:00,315.35,317.0,301.17,303.89,5940.14,1472
2026-05-19 20:00:00+00:00,303.66,309.8,301.6,309.64,2642.7,965
2026-05-19 20:30:00+00:00,309.73,310.38,306.14,306.17,1810.34,475
2026-05-19 21:00:00+00:00,306.11,308.23,305.96,307.63,1675.34,383
2026-05-19 21:30:00+00:00,307.62,308.49,306.85,307.21,1932.45,387
2026-05-19 22:00:00+00:00,307.21,308.48,305.93,306.46,2138.91,367
2026-05-19 22:30:00+00:00,306.46,306.83,305.84,306.37,1207.0,174
2026-05-19 23:00:00+00:00,306.39,308.29,306.01,308.26,755.63,206
2026-05-19 23:30:00+00:00,308.3,308.49,306.99,306.99,824.56,261
2026-05-20 00:00:00+00:00,307.05,307.06,304.29,304.8,1451.04,570
2026-05-20 00:30:00+00:00,304.88,307.63,304.88,307.63,2817.79,416
2026-05-20 01:00:00+00:00,307.5,307.5,305.41,306.18,1265.0,357
2026-05-20 01:30:00+00:00,305.87,307.52,305.87,307.25,1173.98,411
2026-05-20 02:00:00+00:00,307.19,316.22,307.16,313.27,2178.06,837
2026-05-20 02:30:00+00:00,313.47,314.1,311.43,311.64,1008.5,322
2026-05-20 03:00:00+00:00,311.68,312.05,309.44,310.91,979.82,381
2026-05-20 03:30:00+00:00,310.91,312.6,308.89,309.52,336.58,240
2026-05-20 04:00:00+00:00,309.34,309.95,309.2,309.32,128.17,180
2026-05-20 04:30:00+00:00,309.37,309.45,306.57,307.11,998.12,333
2026-05-20 05:00:00+00:00,306.79,308.76,306.78,307.55,213.98,215
2026-05-20 05:30:00+00:00,307.51,312.5,307.5,310.52,502.81,251
2026-05-20 06:00:00+00:00,310.53,312.49,310.07,310.07,365.63,289
2026-05-20 06:30:00+00:00,310.17,310.88,307.81,309.1,627.58,236
2026-05-20 07:00:00+00:00,308.79,313.97,308.79,312.8,966.72,314
2026-05-20 07:30:00+00:00,312.86,313.53,308.94,311.27,512.41,329
2026-05-20 08:00:00+00:00,311.0,315.04,311.0,313.42,2288.28,847
2026-05-20 08:30:00+00:00,313.62,314.98,313.38,313.69,684.27,439
2026-05-20 09:00:00+00:00,313.66,316.2,313.14,315.64,895.13,371
2026-05-20 09:30:00+00:00,315.51,315.51,312.86,313.39,573.07,169
2026-05-20 10:00:00+00:00,313.45,315.56,313.27,314.68,212.59,215
2026-05-20 10:30:00+00:00,314.66,317.13,314.63,316.38,513.89,290
2026-05-20 11:00:00+00:00,316.36,317.63,313.62,315.9,849.44,270
2026-05-20 11:30:00+00:00,315.7,315.88,312.15,313.53,772.05,251
2026-05-20 12:00:00+00:00,313.5,315.74,312.5,315.62,1081.05,419
2026-05-20 12:30:00+00:00,315.59,316.06,313.97,315.6,3339.41,314
2026-05-20 13:00:00+00:00,315.94,319.19,314.66,318.53,3069.93,816
2026-05-20 13:30:00+00:00,318.12,337.0,317.83,327.61,17522.1,3848
2026-05-20 14:00:00+00:00,327.52,327.89,315.1,324.69,16771.84,4217
2026-05-20 14:30:00+00:00,324.99,324.99,314.33,316.64,9269.28,2675
2026-05-20 15:00:00+00:00,316.54,316.84,292.7,300.12,15192.58,4096
2026-05-20 15:30:00+00:00,299.99,301.76,290.89,293.92,7654.62,2013
2026-05-20 16:00:00+00:00,293.92,295.59,291.0,293.38,3884.76,863
2026-05-20 16:30:00+00:00,294.04,297.41,288.0,291.23,4025.8,1025
2026-05-20 17:00:00+00:00,291.05,297.24,290.94,294.25,1934.52,543
2026-05-20 17:30:00+00:00,294.64,295.32,291.1,294.55,1979.78,490
2026-05-20 18:00:00+00:00,294.64,297.44,293.28,297.44,1702.3,610
2026-05-20 18:30:00+00:00,297.08,297.93,293.0,293.3,1969.78,639
2026-05-20 19:00:00+00:00,293.1,293.27,284.44,290.19,3232.57,1122
2026-05-20 19:30:00+00:00,290.55,295.63,290.03,291.17,2125.99,656
2026-05-20 20:00:00+00:00,290.85,293.3,287.64,293.3,1879.55,699
2026-05-20 20:30:00+00:00,293.51,296.67,291.08,295.95,1673.83,533
2026-05-20 21:00:00+00:00,295.9,295.95,292.21,294.14,3007.92,530
2026-05-20 21:30:00+00:00,294.08,294.19,292.0,292.02,1340.99,398
2026-05-20 22:00:00+00:00,292.1,292.1,288.08,289.1,1226.56,433
2026-05-20 22:30:00+00:00,289.08,290.83,288.9,290.22,888.44,323
2026-05-20 23:00:00+00:00,290.24,290.31,286.8,288.88,1112.91,361
2026-05-20 23:30:00+00:00,288.89,288.96,287.77,288.62,919.63,178
2026-05-21 00:00:00+00:00,288.89,293.2,287.28,292.67,980.66,315
2026-05-21 00:30:00+00:00,292.72,295.55,292.45,294.79,1506.69,282
2026-05-21 01:00:00+00:00,294.86,294.86,287.73,290.88,1465.28,387
2026-05-21 01:30:00+00:00,290.82,292.85,290.82,292.18,257.04,136
2026-05-21 02:00:00+00:00,292.28,293.33,292.18,292.68,357.74,81
2026-05-21 02:30:00+00:00,292.67,292.67,291.15,291.16,314.45,122
2026-05-21 03:00:00+00:00,291.1,291.42,290.61,291.31,152.66,92
2026-05-21 03:30:00+00:00,291.31,292.34,291.31,291.46,115.88,91
2026-05-21 04:00:00+00:00,291.35,292.78,291.35,292.76,53.66,73
2026-05-21 04:30:00+00:00,292.85,293.1,292.11,292.38,212.07,83
2026-05-21 05:00:00+00:00,292.41,292.42,291.18,291.28,562.1,190
2026-05-21 05:30:00+00:00,291.14,291.85,290.96,291.73,369.14,225
2026-05-21 06:00:00+00:00,291.69,291.84,289.89,290.05,688.5,456
2026-05-21 06:30:00+00:00,289.89,290.05,285.0,285.07,2697.22,645
2026-05-21 07:00:00+00:00,285.22,286.67,284.63,285.88,1427.72,385
2026-05-21 07:30:00+00:00,285.94,289.41,285.47,289.15,990.22,262
2026-05-21 08:00:00+00:00,289.15,293.81,289.1,293.2,972.54,482
2026-05-21 08:30:00+00:00,293.15,294.0,289.58,290.95,515.89,349
2026-05-21 09:00:00+00:00,291.06,292.44,290.54,291.81,570.6,227
2026-05-21 09:30:00+00:00,291.8,292.11,288.59,290.73,539.29,293
2026-05-21 10:00:00+00:00,290.69,292.95,289.36,291.72,974.81,343
2026-05-21 10:30:00+00:00,291.63,292.68,288.0,291.32,1402.87,507
2026-05-21 11:00:00+00:00,291.16,293.75,290.39,292.69,701.19,262
2026-05-21 11:30:00+00:00,292.71,296.65,292.29,294.45,1136.03,278
2026-05-21 12:00:00+00:00,294.26,295.62,292.51,293.03,1003.74,214
2026-05-21 12:30:00+00:00,292.95,294.54,291.35,291.56,359.77,146
2026-05-21 13:00:00+00:00,291.47,293.83,291.3,293.83,1144.14,338
2026-05-21 13:30:00+00:00,293.59,293.69,283.62,288.7,11795.12,2360
2026-05-21 14:00:00+00:00,287.86,291.75,284.64,286.31,4926.33,1169
2026-05-21 14:30:00+00:00,286.29,293.38,286.26,289.81,6984.32,958
2026-05-21 15:00:00+00:00,289.4,289.87,282.59,282.59,5126.66,1022
2026-05-21 15:30:00+00:00,282.6,284.33,276.87,277.03,10022.8,1646
2026-05-21 16:00:00+00:00,277.25,281.35,277.19,280.82,5973.54,1050
2026-05-21 16:30:00+00:00,280.88,281.72,277.17,277.43,1942.79,611
2026-05-21 17:00:00+00:00,277.42,280.49,275.74,278.81,4028.52,980
2026-05-21 17:30:00+00:00,278.77,284.7,278.77,284.46,1632.69,552
2026-05-21 18:00:00+00:00,284.4,285.08,280.01,280.1,2060.54,636
2026-05-21 18:30:00+00:00,280.44,280.73,278.04,278.52,1919.5,315
2026-05-21 19:00:00+00:00,278.51,279.84,278.18,279.02,552.13,200
2026-05-21 19:30:00+00:00,278.93,281.84,277.22,281.84,433.82,217
2026-05-21 20:00:00+00:00,281.88,282.24,278.66,281.13,491.19,210
2026-05-21 20:30:00+00:00,281.1,282.06,280.99,281.67,344.77,83
2026-05-21 21:00:00+00:00,281.53,282.19,281.43,282.11,46.39,19
2026-05-21 21:30:00+00:00,282.16,282.57,281.97,282.19,410.6,60
2026-05-21 22:00:00+00:00,282.2,283.53,282.19,283.53,418.79,108
2026-05-21 22:30:00+00:00,283.33,283.43,282.77,283.12,430.32,80
2026-05-21 23:00:00+00:00,282.92,283.49,282.83,283.19,391.07,88
2026-05-21 23:30:00+00:00,283.16,283.35,282.83,282.83,281.22,60
2026-05-22 00:00:00+00:00,283.25,283.39,280.87,281.12,1400.33,154
2026-05-22 00:30:00+00:00,281.21,282.37,281.21,281.74,318.64,86
2026-05-22 01:00:00+00:00,281.85,282.59,281.74,282.15,181.66,148
2026-05-22 01:30:00+00:00,282.09,282.22,280.66,280.89,269.37,58
2026-05-22 02:00:00+00:00,281.07,282.12,281.07,281.94,469.53,62
2026-05-22 02:30:00+00:00,282.11,283.64,281.57,283.48,1926.0,184
2026-05-22 03:00:00+00:00,283.49,283.88,282.96,283.64,2149.18,263
2026-05-22 03:30:00+00:00,283.89,284.55,283.45,284.32,1672.48,240
2026-05-22 04:00:00+00:00,284.34,284.92,284.26,284.69,1164.24,194
2026-05-22 04:30:00+00:00,284.69,284.69,282.94,283.19,1253.05,315
2026-05-22 05:00:00+00:00,283.19,284.28,283.06,284.28,665.27,142
2026-05-22 05:30:00+00:00,284.28,284.78,283.99,284.38,1028.51,206
2026-05-22 06:00:00+00:00,284.34,284.91,284.02,284.87,1449.68,203
2026-05-22 06:30:00+00:00,284.92,285.5,284.58,284.79,991.07,210
2026-05-22 07:00:00+00:00,284.73,285.08,283.49,284.17,1207.5,229
2026-05-22 07:30:00+00:00,284.17,286.22,283.88,285.91,3423.84,552
2026-05-22 08:00:00+00:00,285.96,288.87,285.65,288.03,4035.41,777
2026-05-22 08:30:00+00:00,288.14,288.21,283.54,283.66,3083.87,512
2026-05-22 09:00:00+00:00,283.77,284.73,278.35,279.1,2463.75,566
2026-05-22 09:30:00+00:00,279.23,282.64,278.34,281.56,2912.57,639
2026-05-22 10:00:00+00:00,281.41,282.14,279.93,280.16,944.41,300
2026-05-22 10:30:00+00:00,280.32,282.46,280.28,281.17,492.65,166
2026-05-22 11:00:00+00:00,281.17,282.68,281.13,281.8,1532.24,323
2026-05-22 11:30:00+00:00,282.21,283.71,281.77,283.6,1824.27,207
2026-05-22 12:00:00+00:00,283.6,285.55,283.49,285.36,1747.04,306
2026-05-22 12:30:00+00:00,285.37,285.52,284.0,284.63,227.53,74
2026-05-22 13:00:00+00:00,284.62,285.13,283.79,284.64,770.9,143
2026-05-22 13:30:00+00:00,284.5,284.86,266.6,267.32,19770.67,3388
2026-05-22 14:00:00+00:00,266.81,266.81,253.6,259.09,36121.69,5928
2026-05-22 14:30:00+00:00,259.18,261.83,255.0,258.4,18263.96,2484
2026-05-22 15:00:00+00:00,258.4,264.5,257.94,261.75,8023.05,1341
2026-05-22 15:30:00+00:00,261.52,271.47,261.05,271.44,4864.85,1006
2026-05-22 16:00:00+00:00,271.22,271.32,265.27,265.84,9588.96,1417
2026-05-22 16:30:00+00:00,265.84,265.84,262.27,264.05,3274.66,627
2026-05-22 17:00:00+00:00,264.18,264.42,262.0,262.42,1634.78,404
2026-05-22 17:30:00+00:00,262.5,262.5,256.93,259.29,4046.15,764
2026-05-22 18:00:00+00:00,259.35,260.0,255.8,255.8,3148.39,636
2026-05-22 18:30:00+00:00,256.05,256.2,252.48,252.48,3669.1,652
2026-05-22 19:00:00+00:00,252.45,252.47,250.38,250.45,10543.93,1168
2026-05-22 19:30:00+00:00,250.48,258.15,250.18,256.53,2531.15,671
2026-05-22 20:00:00+00:00,256.8,256.8,253.14,254.71,911.07,187
2026-05-22 20:30:00+00:00,254.57,255.67,254.37,254.85,272.67,89
2026-05-22 21:00:00+00:00,255.14,255.41,254.4,254.4,1113.75,524
2026-05-22 21:30:00+00:00,254.38,255.34,254.22,255.34,296.36,94
2026-05-22 22:00:00+00:00,255.34,256.45,254.81,256.0,321.9,162
2026-05-22 22:30:00+00:00,256.02,256.18,255.76,255.85,511.19,120
2026-05-22 23:00:00+00:00,255.82,256.19,252.91,252.91,2103.85,440
2026-05-22 23:30:00+00:00,253.2,253.35,252.18,252.55,1678.02,733
2026-05-23 00:00:00+00:00,252.4,252.55,250.0,251.0,1002.07,488
2026-05-23 00:30:00+00:00,250.98,251.88,249.82,250.43,1282.23,475
2026-05-23 01:00:00+00:00,250.58,251.64,248.29,249.58,994.06,593
2026-05-23 01:30:00+00:00,250.0,252.0,249.8,250.89,1618.48,599
2026-05-23 02:00:00+00:00,250.96,251.61,250.02,250.16,833.75,355
2026-05-23 02:30:00+00:00,250.46,251.97,249.99,251.53,576.32,221
2026-05-23 03:00:00+00:00,251.53,252.0,250.7,251.06,225.19,117
2026-05-23 03:30:00+00:00,250.96,251.08,249.99,250.47,283.28,97
2026-05-23 04:00:00+00:00,250.58,251.57,250.57,251.57,209.64,97
2026-05-23 04:30:00+00:00,251.57,251.97,251.24,251.24,306.08,112
2026-05-23 05:00:00+00:00,251.3,251.3,249.8,249.98,490.84,167
2026-05-23 05:30:00+00:00,249.96,251.05,249.8,250.79,376.33,228
2026-05-23 06:00:00+00:00,250.78,250.8,249.8,250.37,270.83,109
2026-05-23 06:30:00+00:00,250.63,250.64,249.5,249.79,139.51,62
2026-05-23 07:00:00+00:00,249.89,250.52,249.49,249.87,179.5,82
2026-05-23 07:30:00+00:00,249.92,251.43,249.0,249.48,421.28,148
2026-05-23 08:00:00+00:00,249.49,249.98,245.0,246.19,2097.28,686
2026-05-23 08:30:00+00:00,246.19,247.47,246.0,247.47,764.43,422
2026-05-23 09:00:00+00:00,247.35,248.96,247.08,247.6,331.34,224
2026-05-23 09:30:00+00:00,247.54,248.16,246.39,247.21,261.45,145
2026-05-23 10:00:00+00:00,247.61,247.97,247.24,247.37,244.67,115
2026-05-23 10:30:00+00:00,247.37,247.37,246.58,246.58,103.74,74
2026-05-23 11:00:00+00:00,246.78,247.54,246.56,247.31,330.28,197
2026-05-23 11:30:00+00:00,247.65,248.37,246.68,247.64,153.39,102
2026-05-23 12:00:00+00:00,247.43,248.09,247.35,247.86,155.81,59
2026-05-23 12:30:00+00:00,248.16,248.16,247.33,247.99,101.58,54
2026-05-23 13:00:00+00:00,248.03,249.08,247.61,248.03,160.99,87
2026-05-23 13:30:00+00:00,248.33,248.54,247.26,247.94,85.13,31
2026-05-23 14:00:00+00:00,248.24,248.79,247.73,248.29,142.59,72
2026-05-23 14:30:00+00:00,248.56,253.0,248.07,251.35,2130.76,508
2026-05-23 15:00:00+00:00,251.48,252.98,250.72,250.82,495.86,253
2026-05-23 15:30:00+00:00,250.76,252.11,250.45,251.48,160.74,173
2026-05-23 16:00:00+00:00,251.66,252.55,251.57,252.55,173.38,135
2026-05-23 16:30:00+00:00,252.36,252.98,252.22,252.65,172.21,114
2026-05-23 17:00:00+00:00,252.26,252.99,252.17,252.86,194.03,186
2026-05-23 17:30:00+00:00,252.98,253.0,252.36,252.67,377.43,115
2026-05-23 18:00:00+00:00,252.65,254.56,252.0,254.56,651.96,385
2026-05-23 18:30:00+00:00,254.67,255.99,254.05,255.63,690.49,416
2026-05-23 19:00:00+00:00,255.24,258.15,255.18,257.27,700.85,602
2026-05-23 19:30:00+00:00,257.25,257.25,256.11,256.67,121.03,136
2026-05-23 20:00:00+00:00,256.82,257.06,255.36,256.58,206.21,108
2026-05-23 20:30:00+00:00,256.51,259.36,256.5,259.21,651.34,296
2026-05-23 21:00:00+00:00,259.28,262.5,258.08,262.36,1175.63,1052
2026-05-23 21:30:00+00:00,262.54,262.54,258.25,260.79,420.13,428
2026-05-23 22:00:00+00:00,260.89,262.57,259.48,261.46,295.38,379
2026-05-23 22:30:00+00:00,261.27,262.49,260.9,260.95,99.83,212
2026-05-23 23:00:00+00:00,261.62,261.62,260.16,260.48,166.22,209
2026-05-23 23:30:00+00:00,260.48,261.28,259.63,259.66,155.54,190
2026-05-24 00:00:00+00:00,259.89,261.29,257.91,261.24,363.06,391
2026-05-24 00:30:00+00:00,261.24,261.5,261.07,261.49,666.33,401
2026-05-24 01:00:00+00:00,261.49,261.5,260.31,261.39,1135.77,485
2026-05-24 01:30:00+00:00,261.39,261.49,258.57,259.1,482.23,286
2026-05-24 02:00:00+00:00,259.2,260.14,257.33,258.01,479.05,326
2026-05-24 02:30:00+00:00,257.79,258.76,256.73,258.4,320.21,176
2026-05-24 03:00:00+00:00,258.41,258.95,257.48,258.77,256.88,156
2026-05-24 03:30:00+00:00,258.73,258.82,256.4,257.63,243.62,169
2026-05-24 04:00:00+00:00,257.63,258.69,257.41,258.44,137.88,168
2026-05-24 04:30:00+00:00,258.51,258.92,258.48,258.87,83.07,114
2026-05-24 05:00:00+00:00,258.82,258.82,258.03,258.7,98.77,124
2026-05-24 05:30:00+00:00,258.7,258.95,258.3,258.84,139.24,144
2026-05-24 06:00:00+00:00,258.84,259.02,258.49,258.76,187.01,197
2026-05-24 06:30:00+00:00,258.75,259.02,258.07,259.02,167.78,175
2026-05-24 07:00:00+00:00,259.07,260.95,258.71,260.95,223.64,206
2026-05-24 07:30:00+00:00,260.95,261.5,260.07,261.38,313.2,184
2026-05-24 08:00:00+00:00,261.38,261.5,259.76,261.47,282.7,175
2026-05-24 08:30:00+00:00,261.44,261.5,260.77,261.5,288.53,185
2026-05-24 09:00:00+00:00,261.5,261.5,261.1,261.49,389.33,207
2026-05-24 09:30:00+00:00,261.5,261.5,260.8,261.31,156.19,138
2026-05-24 10:00:00+00:00,261.29,261.5,260.7,261.5,176.06,182
2026-05-24 10:30:00+00:00,261.5,261.5,260.64,261.49,405.34,242
2026-05-24 11:00:00+00:00,261.49,261.5,260.97,261.49,282.07,149
2026-05-24 11:30:00+00:00,261.48,261.5,260.6,261.06,544.16,306
2026-05-24 12:00:00+00:00,261.3,261.5,260.21,261.35,386.15,260
2026-05-24 12:30:00+00:00,261.24,261.42,261.0,261.41,28.74,82
2026-05-24 13:00:00+00:00,261.38,261.5,261.16,261.49,389.94,201
2026-05-24 13:30:00+00:00,261.49,261.5,257.85,259.0,413.83,338
2026-05-24 14:00:00+00:00,258.99,259.77,255.0,256.51,975.51,660
2026-05-24 14:30:00+00:00,256.45,261.49,256.06,261.21,479.88,402
2026-05-24 15:00:00+00:00,261.4,261.5,257.75,258.13,447.71,286
2026-05-24 15:30:00+00:00,258.13,259.38,256.88,258.86,281.02,233
2026-05-24 16:00:00+00:00,258.92,259.13,257.74,258.75,198.07,190
2026-05-24 16:30:00+00:00,258.63,259.68,258.22,258.63,119.2,203
2026-05-24 17:00:00+00:00,258.96,259.73,257.74,258.44,80.81,172
2026-05-24 17:30:00+00:00,258.48,259.06,257.42,258.9,112.12,147
2026-05-24 18:00:00+00:00,259.06,260.57,258.93,260.19,98.91,160
2026-05-24 18:30:00+00:00,260.14,261.5,260.14,261.5,116.88,159
2026-05-24 19:00:00+00:00,261.5,261.5,260.65,261.48,83.93,143
2026-05-24 19:30:00+00:00,261.49,261.5,260.28,261.1,156.42,206
2026-05-24 20:00:00+00:00,260.99,261.5,260.54,260.82,133.37,159
2026-05-24 20:30:00+00:00,260.82,264.95,260.73,263.55,1074.21,367
2026-05-24 21:00:00+00:00,263.54,263.79,261.73,261.88,47.04,168
2026-05-24 21:30:00+00:00,261.87,262.89,260.8,260.92,105.28,178
2026-05-24 22:00:00+00:00,260.92,263.55,260.92,263.15,64.88,143
2026-05-24 22:30:00+00:00,263.27,263.58,263.01,263.54,77.65,90
2026-05-24 23:00:00+00:00,263.18,263.58,262.52,263.16,118.04,102
2026-05-24 23:30:00+00:00,262.76,263.66,262.7,262.97,140.5,131
2026-05-25 00:00:00+00:00,262.94,264.07,262.77,263.67,89.68,253
2026-05-25 00:30:00+00:00,263.69,264.11,262.91,263.25,80.72,275
2026-05-25 01:00:00+00:00,263.11,263.5,261.2,261.64,97.59,344
2026-05-25 01:30:00+00:00,261.56,262.08,260.55,261.3,80.55,164
2026-05-25 02:00:00+00:00,261.38,261.95,260.74,260.9,286.68,134
2026-05-25 02:30:00+00:00,260.94,261.01,258.57,259.66,85.21,100
2026-05-25 03:00:00+00:00,259.96,260.9,259.49,260.9,60.39,94
2026-05-25 03:30:00+00:00,260.92,261.74,260.11,260.17,71.77,137
2026-05-25 04:00:00+00:00,260.12,261.55,260.12,261.31,32.23,67
2026-05-25 04:30:00+00:00,261.32,261.47,260.38,261.03,43.49,66
2026-05-25 05:00:00+00:00,261.27,262.41,260.99,262.1,91.84,123
2026-05-25 05:30:00+00:00,261.86,262.19,261.49,262.13,121.79,78
2026-05-25 06:00:00+00:00,262.25,262.46,262.05,262.16,25.44,42
2026-05-25 06:30:00+00:00,261.99,262.58,261.24,262.39,89.24,95
2026-05-25 07:00:00+00:00,262.57,262.58,262.26,262.42,263.25,150
2026-05-25 07:30:00+00:00,262.42,265.35,262.39,264.13,333.97,246
2026-05-25 08:00:00+00:00,264.04,265.2,263.49,264.24,127.0,181
2026-05-25 08:30:00+00:00,264.57,265.48,263.99,265.41,107.94,236
2026-05-25 09:00:00+00:00,265.41,265.48,264.52,265.03,82.24,229
2026-05-25 09:30:00+00:00,265.01,265.62,263.85,264.75,194.15,266
2026-05-25 10:00:00+00:00,264.66,265.98,264.1,265.98,284.36,259
2026-05-25 10:30:00+00:00,266.0,269.5,266.0,268.16,433.46,465
2026-05-25 11:00:00+00:00,268.1,269.75,266.74,268.91,353.26,403
2026-05-25 11:30:00+00:00,269.17,269.31,265.48,265.98,225.06,248
2026-05-25 12:00:00+00:00,266.15,266.69,263.34,265.13,317.72,313
2026-05-25 12:30:00+00:00,265.12,265.97,264.94,265.73,87.31,255
2026-05-25 13:00:00+00:00,265.7,266.69,265.55,266.23,305.01,265
2026-05-25 13:30:00+00:00,266.23,267.38,262.65,264.27,777.88,446
2026-05-25 14:00:00+00:00,264.22,265.21,264.0,265.03,136.71,141
2026-05-25 14:30:00+00:00,265.11,266.23,264.66,265.53,68.5,136
2026-05-25 15:00:00+00:00,265.52,265.55,264.04,264.28,61.68,121
2026-05-25 15:30:00+00:00,264.29,265.01,263.81,264.83,65.63,70
2026-05-25 16:00:00+00:00,264.84,265.52,264.66,265.36,203.64,95
2026-05-25 16:30:00+00:00,265.35,265.83,265.13,265.54,18.94,65
2026-05-25 17:00:00+00:00,265.54,265.73,265.1,265.6,11.25,14
2026-05-25 17:30:00+00:00,265.54,266.13,265.54,265.8,22.84,25
2026-05-25 18:00:00+00:00,265.97,266.35,265.97,266.35,29.91,24
2026-05-25 18:30:00+00:00,266.43,266.46,266.08,266.08,5.32,3
2026-05-25 19:00:00+00:00,265.87,266.19,265.07,265.95,104.23,34
2026-05-25 19:30:00+00:00,265.9,266.1,265.74,266.05,8.83,8
2026-05-25 20:00:00+00:00,266.15,266.34,266.1,266.23,82.02,25
2026-05-25 20:30:00+00:00,266.06,266.06,264.89,265.01,4.09,10
2026-05-25 21:00:00+00:00,264.84,265.11,264.78,265.06,2.88,16
2026-05-25 21:30:00+00:00,265.14,265.48,264.98,265.3,29.21,40
2026-05-25 22:00:00+00:00,265.35,265.35,263.57,263.99,75.01,78
2026-05-25 22:30:00+00:00,263.75,264.19,262.93,263.98,356.07,83
2026-05-25 23:00:00+00:00,263.83,264.27,263.44,264.24,7.53,17
2026-05-25 23:30:00+00:00,264.51,264.61,263.73,263.73,19.6,20
2026-05-26 00:00:00+00:00,263.55,263.57,258.52,262.29,1014.06,423
2026-05-26 00:30:00+00:00,262.35,262.65,258.31,258.77,838.05,227
2026-05-26 01:00:00+00:00,258.86,259.98,258.43,259.98,152.25,58
2026-05-26 01:30:00+00:00,259.86,259.86,257.04,257.13,379.63,126
2026-05-26 02:00:00+00:00,257.1,257.59,256.54,256.76,407.22,105
2026-05-26 02:30:00+00:00,256.76,256.88,254.81,255.81,573.59,228
2026-05-26 03:00:00+00:00,255.91,256.88,255.41,256.88,667.91,173
2026-05-26 03:30:00+00:00,256.88,258.38,256.41,257.14,2191.26,474
2026-05-26 04:00:00+00:00,257.46,257.82,256.24,257.09,620.11,187
2026-05-26 04:30:00+00:00,257.12,257.2,255.2,255.34,149.26,79
2026-05-26 05:00:00+00:00,255.7,256.45,254.52,255.06,341.95,101
2026-05-26 05:30:00+00:00,255.16,256.44,255.06,255.56,463.37,114
2026-05-26 06:00:00+00:00,255.82,256.41,254.94,255.0,91.13,62
2026-05-26 06:30:00+00:00,255.14,256.01,254.77,255.68,96.52,29
2026-05-26 07:00:00+00:00,255.65,255.86,255.02,255.7,170.06,76
2026-05-26 07:30:00+00:00,255.58,256.17,255.29,256.06,126.43,74
2026-05-26 08:00:00+00:00,256.32,256.32,251.55,253.03,1695.14,192
2026-05-26 08:30:00+00:00,253.23,254.93,253.1,253.51,119.77,81
2026-05-26 09:00:00+00:00,253.65,256.65,253.65,256.32,215.61,91
2026-05-26 09:30:00+00:00,256.33,258.37,256.32,258.13,1911.5,285
2026-05-26 10:00:00+00:00,258.13,260.89,258.13,259.0,421.62,180
2026-05-26 10:30:00+00:00,258.87,259.9,257.53,257.87,1053.73,130
2026-05-26 11:00:00+00:00,257.57,259.05,257.08,259.0,258.53,149
2026-05-26 11:30:00+00:00,258.99,260.67,258.39,259.81,1096.63,244
2026-05-26 12:00:00+00:00,259.9,260.04,259.28,259.7,1192.24,144
2026-05-26 12:30:00+00:00,259.79,262.46,259.64,261.0,14727.52,989
2026-05-26 13:00:00+00:00,260.94,262.07,259.33,259.93,3436.41,509
2026-05-26 13:30:00+00:00,260.24,262.17,236.24,237.17,30776.85,5078
2026-05-26 14:00:00+00:00,237.24,245.76,237.09,241.8,12641.4,2306
2026-05-26 14:30:00+00:00,242.02,247.89,239.2,242.85,11516.95,1740
2026-05-26 15:00:00+00:00,242.73,248.26,242.44,248.26,9971.66,1359
2026-05-26 15:30:00+00:00,248.31,255.76,248.31,251.62,10625.36,1579
2026-05-26 16:00:00+00:00,251.6,253.51,248.37,248.54,4623.94,875
2026-05-26 16:30:00+00:00,248.59,254.31,246.6,247.19,3579.43,780
2026-05-26 17:00:00+00:00,247.3,249.99,245.35,245.9,2548.54,432
2026-05-26 17:30:00+00:00,245.94,246.43,242.92,243.1,2790.09,374
2026-05-26 18:00:00+00:00,243.33,243.61,241.85,242.91,2526.94,433
2026-05-26 18:30:00+00:00,243.37,244.89,241.3,241.72,1952.58,456
2026-05-26 19:00:00+00:00,241.81,244.4,241.81,243.43,2370.38,451
2026-05-26 19:30:00+00:00,243.37,244.2,241.21,241.96,1552.66,301
2026-05-26 20:00:00+00:00,242.29,243.0,241.75,241.87,718.15,236
2026-05-26 20:30:00+00:00,241.9,242.2,241.63,241.9,349.64,69
2026-05-26 21:00:00+00:00,242.07,242.22,241.04,241.13,478.14,49
2026-05-26 21:30:00+00:00,241.1,241.43,240.99,241.3,269.17,96
2026-05-26 22:00:00+00:00,241.31,241.47,241.0,241.07,260.51,120
2026-05-26 22:30:00+00:00,241.06,241.06,240.66,240.87,324.17,44
2026-05-26 23:00:00+00:00,240.9,241.06,240.66,241.06,60.88,42
2026-05-26 23:30:00+00:00,241.18,241.18,240.7,241.09,750.38,146
2026-05-27 00:00:00+00:00,241.09,244.19,236.32,237.51,2339.62,580
2026-05-27 00:30:00+00:00,237.66,241.31,237.66,241.31,658.46,171
2026-05-27 01:00:00+00:00,241.34,242.65,240.82,242.65,523.28,184
2026-05-27 01:30:00+00:00,242.69,243.02,240.84,242.64,765.56,216
2026-05-27 02:00:00+00:00,242.62,243.18,241.84,242.4,432.87,186
2026-05-27 02:30:00+00:00,242.45,243.11,242.41,242.8,642.98,164
2026-05-27 03:00:00+00:00,242.8,243.2,241.8,241.83,399.19,157
2026-05-27 03:30:00+00:00,241.86,242.81,241.29,242.47,1942.28,364
2026-05-27 04:00:00+00:00,242.41,243.07,241.59,242.25,861.01,146
2026-05-27 04:30:00+00:00,241.94,242.43,241.47,242.13,736.09,113
2026-05-27 05:00:00+00:00,242.45,242.45,241.48,241.52,99.37,42
2026-05-27 05:30:00+00:00,241.51,242.54,241.38,242.54,55.6,56
2026-05-27 06:00:00+00:00,242.46,242.46,241.42,241.59,385.85,95
2026-05-27 06:30:00+00:00,241.65,242.67,241.57,242.27,1119.53,106
2026-05-27 07:00:00+00:00,242.3,242.86,242.13,242.78,499.45,82
2026-05-27 07:30:00+00:00,242.78,243.03,242.0,242.68,1296.86,178
2026-05-27 08:00:00+00:00,242.56,247.12,242.33,247.12,1303.68,309
2026-05-27 08:30:00+00:00,246.99,248.42,245.63,246.44,968.79,203
2026-05-27 09:00:00+00:00,246.66,246.66,245.56,245.8,483.99,141
2026-05-27 09:30:00+00:00,245.71,246.82,245.16,246.17,953.63,316
2026-05-27 10:00:00+00:00,246.54,246.78,245.88,246.26,2178.25,304
2026-05-27 10:30:00+00:00,246.58,246.74,245.53,245.78,638.43,196
2026-05-27 11:00:00+00:00,245.78,245.9,244.15,245.41,1137.8,188
2026-05-27 11:30:00+00:00,245.19,246.04,245.06,245.81,804.22,337
2026-05-27 12:00:00+00:00,245.69,245.69,244.44,245.48,2436.31,662
2026-05-27 12:30:00+00:00,244.98,244.98,243.71,244.39,917.74,256
2026-05-27 13:00:00+00:00,244.37,244.97,243.31,243.96,1329.05,272
2026-05-27 13:30:00+00:00,244.11,260.0,243.32,257.73,22600.18,3639
2026-05-27 14:00:00+00:00,257.6,266.39,254.92,255.97,24698.87,3457
2026-05-27 14:30:00+00:00,256.21,262.66,255.98,259.76,12030.36,2058
2026-05-27 15:00:00+00:00,259.58,259.58,255.77,257.06,7375.86,1442
2026-05-27 15:30:00+00:00,257.33,257.91,255.06,256.26,4471.38,1271
2026-05-27 16:00:00+00:00,255.94,256.5,249.65,254.3,5674.34,1576
2026-05-27 16:30:00+00:00,254.57,255.11,253.57,254.67,2126.54,629
2026-05-27 17:00:00+00:00,254.56,260.42,254.3,260.27,4817.02,1298
2026-05-27 17:30:00+00:00,259.97,263.82,259.44,262.56,3492.93,915
2026-05-27 18:00:00+00:00,262.73,262.85,258.58,260.12,3249.26,784
2026-05-27 18:30:00+00:00,260.21,263.27,259.83,261.29,3587.47,706
2026-05-27 19:00:00+00:00,261.35,262.51,257.68,260.7,2585.08,743
2026-05-27 19:30:00+00:00,260.64,269.25,259.4,266.81,5807.34,855
2026-05-27 20:00:00+00:00,266.96,270.56,265.58,267.36,4599.52,927
2026-05-27 20:30:00+00:00,267.49,269.8,266.79,269.5,1959.83,348
2026-05-27 21:00:00+00:00,269.44,269.97,267.48,268.19,237.76,103
2026-05-27 21:30:00+00:00,268.38,268.65,267.13,267.56,1535.21,364
2026-05-27 22:00:00+00:00,267.73,268.57,267.38,267.49,818.83,168
2026-05-27 22:30:00+00:00,267.42,267.72,267.13,267.39,455.62,108
2026-05-27 23:00:00+00:00,267.38,267.76,266.85,267.09,170.11,75
2026-05-27 23:30:00+00:00,267.01,267.07,263.0,263.01,387.31,198
2026-05-28 00:00:00+00:00,263.24,265.39,261.7,265.39,873.37,227
2026-05-28 00:30:00+00:00,265.75,267.22,265.58,267.21,377.47,121
2026-05-28 01:00:00+00:00,267.22,267.5,266.07,266.07,589.0,133
2026-05-28 01:30:00+00:00,265.97,266.27,265.44,265.57,530.05,121
2026-05-28 02:00:00+00:00,265.5,266.19,264.96,265.69,636.72,266
2026-05-28 02:30:00+00:00,265.61,266.4,265.29,265.72,715.23,196
2026-05-28 03:00:00+00:00,265.96,266.56,264.71,264.74,617.26,146
2026-05-28 03:30:00+00:00,264.6,264.64,255.57,256.46,6288.79,984
2026-05-28 04:00:00+00:00,256.55,258.08,252.73,253.07,1956.58,484
2026-05-28 04:30:00+00:00,253.09,257.84,252.86,257.2,2294.07,396
2026-05-28 05:00:00+00:00,257.4,261.3,255.85,259.97,1815.83,442
2026-05-28 05:30:00+00:00,259.81,263.89,259.81,263.23,1781.32,404
2026-05-28 06:00:00+00:00,263.55,264.55,262.72,264.48,781.73,217
2026-05-28 06:30:00+00:00,264.48,264.83,262.72,264.66,612.91,156
2026-05-28 07:00:00+00:00,264.78,265.19,263.6,264.24,662.4,119
2026-05-28 07:30:00+00:00,264.4,264.63,263.2,263.67,681.54,125
2026-05-28 08:00:00+00:00,263.41,264.0,261.8,263.06,864.75,347
2026-05-28 08:30:00+00:00,262.58,263.82,261.17,262.87,271.72,99
2026-05-28 09:00:00+00:00,263.2,263.85,262.46,262.46,448.56,136
2026-05-28 09:30:00+00:00,262.02,263.06,261.19,262.7,180.47,64
2026-05-28 10:00:00+00:00,262.43,262.79,261.39,261.77,1137.71,153
2026-05-28 10:30:00+00:00,261.87,262.9,261.72,261.87,432.89,146
2026-05-28 11:00:00+00:00,261.79,261.88,259.0,260.44,590.12,234
2026-05-28 11:30:00+00:00,260.32,262.8,259.37,261.8,297.28,154
2026-05-28 12:00:00+00:00,261.79,263.4,260.57,261.23,642.51,169
2026-05-28 12:30:00+00:00,260.96,264.81,260.89,263.65,1568.39,345
2026-05-28 13:00:00+00:00,263.48,264.68,260.88,260.88,1592.41,280
2026-05-28 13:30:00+00:00,261.27,266.41,257.51,262.01,9704.58,2093
2026-05-28 14:00:00+00:00,261.96,261.96,256.61,260.72,5122.66,941
2026-05-28 14:30:00+00:00,260.59,260.94,256.99,258.08,5678.23,1023
2026-05-28 15:00:00+00:00,257.97,268.66,257.64,265.48,7088.6,1748
2026-05-28 15:30:00+00:00,265.48,265.56,262.05,262.69,5185.94,1167
2026-05-28 16:00:00+00:00,262.69,262.84,247.54,249.18,11805.29,2427
2026-05-28 16:30:00+00:00,249.3,249.96,246.83,249.34,3731.64,723
2026-05-28 17:00:00+00:00,249.09,249.24,242.91,244.82,16574.43,2714
2026-05-28 17:30:00+00:00,244.92,247.16,244.77,246.09,3508.54,892
2026-05-28 18:00:00+00:00,245.82,247.39,244.61,245.55,1504.63,447
2026-05-28 18:30:00+00:00,245.58,248.2,245.2,247.12,1455.39,357
2026-05-28 19:00:00+00:00,247.15,247.15,242.61,244.03,1343.55,309
2026-05-28 19:30:00+00:00,244.08,248.48,241.51,242.51,1846.49,462
2026-05-28 20:00:00+00:00,242.69,243.73,241.4,243.71,1393.39,402
2026-05-28 20:30:00+00:00,243.6,244.56,243.32,244.32,432.93,120
2026-05-28 21:00:00+00:00,244.12,244.53,243.93,244.26,364.42,118
2026-05-28 21:30:00+00:00,244.07,244.73,243.93,244.73,160.69,71
2026-05-28 22:00:00+00:00,244.85,245.36,244.19,244.19,334.33,103
2026-05-28 22:30:00+00:00,243.96,245.0,243.86,244.57,97.78,64
2026-05-28 23:00:00+00:00,244.42,245.1,244.42,244.94,532.34,121
2026-05-28 23:30:00+00:00,244.9,245.68,244.81,245.48,250.52,89
2026-05-29 00:00:00+00:00,245.38,248.46,244.92,247.74,558.48,201
2026-05-29 00:30:00+00:00,247.51,247.64,245.69,245.69,363.15,124
2026-05-29 01:00:00+00:00,246.22,246.22,241.83,242.99,5215.11,1199
2026-05-29 01:30:00+00:00,242.98,243.9,242.8,243.24,294.53,215
2026-05-29 02:00:00+00:00,243.3,244.15,243.17,243.39,343.15,159
2026-05-29 02:30:00+00:00,243.61,243.91,242.68,243.57,186.14,67
2026-05-29 03:00:00+00:00,243.62,243.96,243.36,243.94,63.17,31
2026-05-29 03:30:00+00:00,243.91,244.01,243.19,243.27,237.92,158
2026-05-29 04:00:00+00:00,243.21,243.73,242.39,243.33,498.92,289
2026-05-29 04:30:00+00:00,243.47,244.6,243.24,244.2,281.58,215
2026-05-29 05:00:00+00:00,243.95,244.4,243.34,243.69,424.22,416
2026-05-29 05:30:00+00:00,243.69,243.79,242.59,242.65,520.03,394
2026-05-29 06:00:00+00:00,242.81,243.14,242.46,243.09,431.5,345
2026-05-29 06:30:00+00:00,242.94,243.28,242.54,242.81,289.3,287
2026-05-29 07:00:00+00:00,242.84,243.1,242.59,242.74,303.48,187
2026-05-29 07:30:00+00:00,242.74,243.32,242.72,243.2,237.85,92
2026-05-29 08:00:00+00:00,243.19,246.08,243.05,245.2,1260.84,272
2026-05-29 08:30:00+00:00,245.39,245.46,243.69,245.05,623.41,139
2026-05-29 09:00:00+00:00,244.93,246.16,243.96,246.1,870.45,242
2026-05-29 09:30:00+00:00,246.12,247.48,245.61,246.51,560.89,130
2026-05-29 10:00:00+00:00,246.51,247.07,246.3,246.69,381.95,96
2026-05-29 10:30:00+00:00,246.57,247.26,246.32,246.87,179.11,104
2026-05-29 11:00:00+00:00,246.61,246.63,245.71,245.83,456.32,59
2026-05-29 11:30:00+00:00,246.0,246.03,245.12,245.43,343.33,50
2026-05-29 12:00:00+00:00,245.58,246.2,245.1,245.95,209.53,66
2026-05-29 12:30:00+00:00,245.65,245.81,245.05,245.4,523.6,76
2026-05-29 13:00:00+00:00,245.22,249.34,244.77,247.76,4235.63,621
2026-05-29 13:30:00+00:00,247.85,250.0,239.15,245.3,8342.84,1582
2026-05-29 14:00:00+00:00,245.16,246.87,237.32,238.53,4487.04,962
2026-05-29 14:30:00+00:00,238.72,240.29,232.59,234.16,6354.94,1439
2026-05-29 15:00:00+00:00,234.16,235.44,232.55,233.81,10688.5,1919
2026-05-29 15:30:00+00:00,233.77,235.65,232.63,234.59,3139.47,547
2026-05-29 16:00:00+00:00,234.34,237.92,234.34,236.34,1525.31,254
2026-05-29 16:30:00+00:00,236.27,239.31,235.13,236.57,5013.17,559
2026-05-29 17:00:00+00:00,236.25,238.11,236.07,237.16,1829.74,273
2026-05-29 17:30:00+00:00,236.9,238.09,235.93,236.07,758.49,197
2026-05-29 18:00:00+00:00,235.97,237.53,235.95,236.32,729.93,172
2026-05-29 18:30:00+00:00,236.33,236.59,235.0,235.64,780.38,216
2026-05-29 19:00:00+00:00,235.62,235.65,233.15,233.39,1307.8,389
2026-05-29 19:30:00+00:00,233.69,237.6,233.55,237.6,1644.33,267
2026-05-29 20:00:00+00:00,237.21,237.24,235.7,236.06,1379.3,423
2026-05-29 20:30:00+00:00,236.2,236.35,235.06,235.75,1261.32,396
2026-05-29 21:00:00+00:00,235.76,235.9,235.2,235.83,80.18,62
2026-05-29 21:30:00+00:00,235.75,235.87,235.35,235.53,81.4,56
2026-05-29 22:00:00+00:00,235.51,236.58,235.45,236.32,467.54,110
2026-05-29 22:30:00+00:00,236.48,236.68,236.35,236.68,24.76,36
2026-05-29 23:00:00+00:00,236.53,237.25,236.53,236.91,141.89,29
2026-05-29 23:30:00+00:00,236.91,237.15,236.46,236.65,260.12,71
2026-05-30 00:00:00+00:00,236.67,237.67,236.47,237.66,90.49,116
2026-05-30 00:30:00+00:00,237.67,238.69,237.67,238.45,197.14,153
2026-05-30 01:00:00+00:00,238.46,238.48,237.65,238.32,41.36,89
2026-05-30 01:30:00+00:00,238.32,238.55,237.79,238.16,61.73,35
2026-05-30 02:00:00+00:00,238.3,238.31,237.63,238.25,3.95,9
2026-05-30 02:30:00+00:00,238.33,238.45,236.64,237.47,273.77,124
2026-05-30 03:00:00+00:00,237.04,237.21,236.57,236.94,26.27,47
2026-05-30 03:30:00+00:00,236.74,236.81,235.96,236.22,81.37,44
2026-05-30 04:00:00+00:00,236.23,236.6,235.66,236.29,191.17,89
2026-05-30 04:30:00+00:00,236.25,236.25,235.32,236.07,10.14,14
2026-05-30 05:00:00+00:00,236.49,236.68,236.2,236.2,13.41,11
2026-05-30 05:30:00+00:00,236.72,237.95,236.72,237.65,363.23,83
2026-05-30 06:00:00+00:00,237.45,237.94,237.01,237.94,45.35,36
2026-05-30 06:30:00+00:00,237.98,238.43,237.98,238.0,11.11,12
2026-05-30 07:00:00+00:00,237.94,237.94,237.44,237.44,6.34,7
2026-05-30 07:30:00+00:00,237.8,237.8,236.87,237.3,132.35,40
2026-05-30 08:00:00+00:00,237.18,237.19,235.44,236.77,476.4,83
2026-05-30 08:30:00+00:00,236.76,236.76,236.76,236.76,0.19,1
2026-05-30 09:00:00+00:00,236.64,236.64,236.21,236.33,7.81,20
2026-05-30 09:30:00+00:00,236.48,236.62,236.06,236.35,53.75,43
2026-05-30 10:00:00+00:00,236.37,236.7,236.3,236.6,3.63,13
2026-05-30 10:30:00+00:00,236.55,236.74,236.55,236.74,6.48,6
2026-05-30 11:00:00+00:00,236.81,236.94,236.51,236.94,10.29,16
2026-05-30 11:30:00+00:00,236.94,237.01,236.82,236.82,2.94,9
2026-05-30 12:00:00+00:00,236.94,237.31,236.8,236.8,0.9,6
2026-05-30 12:30:00+00:00,237.31,237.45,236.57,236.82,67.97,47
2026-05-30 13:00:00+00:00,236.46,236.61,236.04,236.04,20.47,37
2026-05-30 13:30:00+00:00,235.84,236.07,233.62,234.85,159.92,125
2026-05-30 14:00:00+00:00,235.0,235.98,234.45,235.86,51.89,51
2026-05-30 14:30:00+00:00,235.71,235.71,234.99,235.12,136.01,62
2026-05-30 15:00:00+00:00,235.14,235.98,235.14,235.98,116.66,92
2026-05-30 15:30:00+00:00,235.98,236.0,235.69,235.7,59.1,77
2026-05-30 16:00:00+00:00,235.72,235.99,234.84,234.84,37.8,102
2026-05-30 16:30:00+00:00,234.8,235.22,234.26,234.31,35.66,102
2026-05-30 17:00:00+00:00,234.32,234.62,233.15,233.44,70.34,145
2026-05-30 17:30:00+00:00,233.44,237.68,233.32,237.68,1077.0,674
2026-05-30 18:00:00+00:00,237.38,237.72,236.1,236.13,197.69,237
2026-05-30 18:30:00+00:00,236.68,237.0,236.68,236.89,25.74,30
2026-05-30 19:00:00+00:00,237.26,237.26,237.11,237.11,0.87,2
2026-05-30 19:30:00+00:00,236.71,238.01,236.71,237.8,146.18,70
2026-05-30 20:00:00+00:00,237.8,238.49,237.8,238.49,40.98,27
2026-05-30 20:30:00+00:00,238.4,238.4,237.97,237.97,10.19,10
2026-05-30 21:00:00+00:00,238.0,238.31,237.68,238.29,109.57,53
2026-05-30 21:30:00+00:00,238.31,238.35,237.7,237.7,21.82,19
2026-05-30 22:00:00+00:00,237.94,238.21,237.6,238.1,98.96,44
2026-05-30 22:30:00+00:00,238.14,238.32,237.78,238.14,4.38,47
2026-05-30 23:00:00+00:00,238.15,238.37,238.0,238.3,53.31,74
2026-05-30 23:30:00+00:00,238.29,238.37,237.91,238.12,12.68,71
2026-05-31 00:00:00+00:00,237.88,238.29,237.81,238.28,14.66,81
2026-05-31 00:30:00+00:00,238.21,238.36,237.7,237.98,18.37,77
2026-05-31 01:00:00+00:00,237.98,238.1,237.62,237.62,73.04,52
2026-05-31 01:30:00+00:00,237.73,237.73,237.73,237.73,0.05,1
2026-05-31 02:00:00+00:00,238.06,238.16,237.66,237.66,3.3,7
2026-05-31 02:30:00+00:00,237.62,237.99,237.6,237.93,42.77,21
2026-05-31 03:00:00+00:00,237.94,239.36,237.94,238.51,68.56,76
2026-05-31 03:30:00+00:00,238.62,239.33,238.62,239.05,26.63,59
2026-05-31 04:00:00+00:00,239.16,239.3,238.52,239.01,77.68,85
2026-05-31 04:30:00+00:00,239.03,239.15,239.0,239.05,43.73,55
2026-05-31 05:00:00+00:00,239.05,239.26,239.0,239.08,17.24,61
2026-05-31 05:30:00+00:00,239.05,240.02,239.0,239.62,104.53,148
2026-05-31 06:00:00+00:00,239.65,240.16,239.21,239.58,24.2,90
2026-05-31 06:30:00+00:00,239.52,240.19,239.29,240.02,222.19,270
2026-05-31 07:00:00+00:00,240.13,240.31,240.0,240.2,65.44,118
2026-05-31 07:30:00+00:00,240.28,240.28,240.02,240.02,7.82,16
2026-05-31 08:00:00+00:00,240.02,240.09,239.86,240.06,30.5,35
2026-05-31 08:30:00+00:00,240.14,240.53,239.92,240.25,15.49,26
2026-05-31 09:00:00+00:00,240.17,240.38,239.97,240.22,34.49,16
2026-05-31 09:30:00+00:00,240.45,240.7,240.38,240.6,8.23,11
2026-05-31 10:00:00+00:00,240.55,240.71,240.5,240.67,40.6,39
2026-05-31 10:30:00+00:00,240.68,240.68,240.47,240.67,32.88,25
2026-05-31 11:00:00+00:00,240.64,241.0,240.64,240.95,120.15,132
2026-05-31 11:30:00+00:00,240.96,241.0,240.22,240.38,93.7,153
2026-05-31 12:00:00+00:00,240.39,240.41,240.06,240.38,43.89,118
2026-05-31 12:30:00+00:00,240.38,240.41,240.27,240.38,43.27,136
2026-05-31 13:00:00+00:00,240.41,240.41,240.28,240.35,106.79,84
2026-05-31 13:30:00+00:00,240.32,240.32,239.02,239.02,70.66,106
2026-05-31 14:00:00+00:00,239.08,239.15,239.0,239.15,161.1,124
2026-05-31 14:30:00+00:00,239.16,240.08,239.11,239.19,76.26,75
2026-05-31 15:00:00+00:00,239.2,240.0,239.2,239.88,38.06,49
2026-05-31 15:30:00+00:00,239.8,239.85,239.39,239.53,7.98,21
2026-05-31 16:00:00+00:00,239.57,239.89,239.52,239.52,92.06,85
2026-05-31 16:30:00+00:00,239.47,239.62,239.1,239.62,39.97,40
2026-05-31 17:00:00+00:00,239.53,239.66,239.01,239.33,159.95,92
2026-05-31 17:30:00+00:00,239.47,240.01,239.29,239.88,227.43,173
2026-05-31 18:00:00+00:00,239.89,240.16,239.66,240.16,13.79,36
2026-05-31 18:30:00+00:00,240.25,240.25,239.85,240.17,53.58,34
2026-05-31 19:00:00+00:00,240.16,240.22,239.77,239.77,20.14,20
2026-05-31 19:30:00+00:00,239.7,239.96,239.11,239.93,53.15,57
2026-05-31 20:00:00+00:00,239.94,240.44,239.83,240.05,24.95,72
2026-05-31 20:30:00+00:00,239.94,240.3,239.94,240.26,10.46,28
2026-05-31 21:00:00+00:00,240.26,240.72,240.1,240.5,121.0,80
2026-05-31 21:30:00+00:00,240.54,240.6,239.77,239.77,9.3,38
2026-05-31 22:00:00+00:00,239.94,240.42,239.38,240.39,81.81,125
2026-05-31 22:30:00+00:00,240.25,241.24,240.18,241.17,49.81,110
2026-05-31 23:00:00+00:00,241.14,242.12,240.99,241.41,134.45,226
2026-05-31 23:30:00+00:00,241.82,242.5,241.14,242.5,117.98,73
2026-06-01 00:00:00+00:00,242.3,242.75,237.0,237.0,2183.18,596
2026-06-01 00:30:00+00:00,237.1,237.1,236.36,236.57,507.61,213
2026-06-01 01:00:00+00:00,236.19,236.19,233.56,234.27,527.07,315
2026-06-01 01:30:00+00:00,234.5,235.08,233.83,235.07,320.59,141
2026-06-01 02:00:00+00:00,234.93,234.93,233.98,234.06,563.2,120
2026-06-01 02:30:00+00:00,233.95,234.72,233.83,234.56,219.97,80
2026-06-01 03:00:00+00:00,234.76,237.17,234.62,236.81,331.92,216
2026-06-01 03:30:00+00:00,236.91,237.36,236.23,236.46,99.31,103
2026-06-01 04:00:00+00:00,236.62,237.1,235.31,236.03,469.26,97
2026-06-01 04:30:00+00:00,235.89,236.9,235.85,236.44,120.75,54
2026-06-01 05:00:00+00:00,236.58,236.63,236.13,236.13,102.44,61
2026-06-01 05:30:00+00:00,236.32,237.05,236.32,236.71,70.73,31
2026-06-01 06:00:00+00:00,236.71,236.8,235.82,235.86,136.33,52
2026-06-01 06:30:00+00:00,236.19,236.36,234.74,235.06,201.49,85
2026-06-01 07:00:00+00:00,235.07,235.42,234.14,234.26,167.2,39
2026-06-01 07:30:00+00:00,234.15,234.49,232.43,234.15,610.36,172
2026-06-01 08:00:00+00:00,234.16,234.84,230.03,230.64,2207.02,684
2026-06-01 08:30:00+00:00,230.96,233.13,230.71,232.86,203.96,116
2026-06-01 09:00:00+00:00,233.08,234.0,232.6,232.7,234.26,130
2026-06-01 09:30:00+00:00,232.49,232.61,231.78,232.49,77.61,32
2026-06-01 10:00:00+00:00,232.72,233.97,232.72,233.86,229.31,49
2026-06-01 10:30:00+00:00,233.89,234.66,233.88,234.42,318.67,87
2026-06-01 11:00:00+00:00,234.45,235.56,233.18,233.71,357.05,92
2026-06-01 11:30:00+00:00,233.66,234.57,233.44,233.51,99.85,52
2026-06-01 12:00:00+00:00,233.78,234.1,232.93,233.78,277.48,107
2026-06-01 12:30:00+00:00,233.48,234.31,233.13,233.73,90.5,45
2026-06-01 13:00:00+00:00,233.9,234.0,231.66,231.68,703.74,202
2026-06-01 13:30:00+00:00,231.66,232.21,219.22,219.25,11927.91,2102
2026-06-01 14:00:00+00:00,219.43,220.57,217.81,219.95,7904.0,1235
2026-06-01 14:30:00+00:00,219.93,222.1,218.25,219.34,2013.93,473
2026-06-01 15:00:00+00:00,219.35,224.09,219.35,222.71,2604.33,676
2026-06-01 15:30:00+00:00,222.63,224.21,222.1,222.34,967.59,278
2026-06-01 16:00:00+00:00,222.47,223.69,221.15,222.39,684.46,280
2026-06-01 16:30:00+00:00,222.55,222.89,221.5,221.5,778.91,199
2026-06-01 17:00:00+00:00,221.27,221.27,219.72,220.44,570.91,154
2026-06-01 17:30:00+00:00,220.52,221.73,219.78,219.89,1296.11,272
2026-06-01 18:00:00+00:00,219.92,220.04,217.66,218.12,1050.22,266
2026-06-01 18:30:00+00:00,218.1,218.35,215.68,216.38,2716.73,269
2026-06-01 19:00:00+00:00,216.41,217.68,216.21,216.62,1686.81,218
2026-06-01 19:30:00+00:00,216.61,217.2,212.54,212.8,2299.66,363
2026-06-01 20:00:00+00:00,213.3,214.12,212.54,212.78,1548.52,319
2026-06-01 20:30:00+00:00,212.74,213.01,212.1,212.72,1174.98,236
2026-06-01 21:00:00+00:00,212.79,213.44,212.54,213.44,397.75,117
2026-06-01 21:30:00+00:00,213.59,213.73,213.42,213.65,197.41,115
2026-06-01 22:00:00+00:00,213.5,213.65,213.14,213.55,831.89,84
2026-06-01 22:30:00+00:00,213.56,213.58,212.8,213.0,181.89,70
2026-06-01 23:00:00+00:00,213.23,213.74,213.2,213.49,274.59,92
2026-06-01 23:30:00+00:00,213.38,214.17,213.38,214.09,135.71,97
2026-06-02 00:00:00+00:00,214.05,215.38,212.54,213.6,1622.39,338
2026-06-02 00:30:00+00:00,213.7,214.16,212.92,212.94,389.9,107
2026-06-02 01:00:00+00:00,212.99,213.44,212.79,213.17,578.82,65
2026-06-02 01:30:00+00:00,213.09,213.31,212.78,212.81,194.64,74
2026-06-02 02:00:00+00:00,212.82,213.5,212.78,213.43,311.56,125
2026-06-02 02:30:00+00:00,213.12,213.63,212.57,212.97,623.81,131
2026-06-02 03:00:00+00:00,213.09,213.28,212.59,213.15,145.74,57
2026-06-02 03:30:00+00:00,213.12,213.17,210.85,211.22,1013.54,236
2026-06-02 04:00:00+00:00,211.32,212.35,210.0,210.2,1723.85,333
2026-06-02 04:30:00+00:00,210.17,211.23,209.33,211.15,10047.37,1652
2026-06-02 05:00:00+00:00,211.15,212.99,210.93,212.77,959.1,215
2026-06-02 05:30:00+00:00,212.86,213.18,212.82,213.18,266.25,69
2026-06-02 06:00:00+00:00,213.13,214.43,212.45,212.99,1365.11,326
2026-06-02 06:30:00+00:00,213.15,214.79,213.15,214.2,159.86,61
2026-06-02 07:00:00+00:00,214.27,214.27,212.67,213.1,546.54,93
2026-06-02 07:30:00+00:00,213.36,214.25,212.96,214.1,180.63,49
2026-06-02 08:00:00+00:00,214.4,216.31,214.29,214.63,1539.66,371
2026-06-02 08:30:00+00:00,215.2,218.0,215.15,217.61,800.93,224
2026-06-02 09:00:00+00:00,217.6,217.6,216.73,216.86,1131.0,201
2026-06-02 09:30:00+00:00,216.83,221.03,216.61,219.9,3306.15,576
2026-06-02 10:00:00+00:00,219.96,221.88,219.82,220.55,1020.48,307
2026-06-02 10:30:00+00:00,220.63,221.78,219.87,221.73,1374.82,283
2026-06-02 11:00:00+00:00,221.49,221.49,217.58,219.49,3268.53,688
2026-06-02 11:30:00+00:00,219.38,219.8,218.58,219.06,849.18,347
2026-06-02 12:00:00+00:00,218.97,219.13,218.08,218.25,465.71,251
2026-06-02 12:30:00+00:00,218.09,220.59,217.95,220.02,1831.95,391
2026-06-02 13:00:00+00:00,219.96,221.42,219.76,220.92,978.21,258
2026-06-02 13:30:00+00:00,220.42,229.25,216.8,228.89,8862.4,1895
2026-06-02 14:00:00+00:00,228.95,231.18,226.74,227.47,11711.01,1535
2026-06-02 14:30:00+00:00,227.66,232.45,225.84,227.54,3623.93,831
2026-06-02 15:00:00+00:00,227.34,237.66,225.75,236.19,5376.71,885
2026-06-02 15:30:00+00:00,236.1,239.7,232.85,233.92,3534.1,745
2026-06-02 16:00:00+00:00,234.03,235.91,230.07,230.94,4124.96,756
2026-06-02 16:30:00+00:00,230.95,235.0,229.62,234.63,1656.56,435
2026-06-02 17:00:00+00:00,234.57,234.9,232.14,234.39,933.08,233
2026-06-02 17:30:00+00:00,234.38,234.98,231.67,232.68,1347.27,294
2026-06-02 18:00:00+00:00,232.67,236.28,230.83,234.61,1024.41,348
2026-06-02 18:30:00+00:00,234.64,240.17,234.25,239.3,1654.8,446
2026-06-02 19:00:00+00:00,239.41,241.25,237.64,238.88,1413.82,291
2026-06-02 19:30:00+00:00,238.72,239.49,235.44,236.55,1769.67,448
2026-06-02 20:00:00+00:00,236.75,238.6,234.93,235.84,1139.63,529
2026-06-02 20:30:00+00:00,235.87,237.77,235.73,237.52,833.93,314
2026-06-02 21:00:00+00:00,237.52,238.08,237.04,238.08,187.92,79
2026-06-02 21:30:00+00:00,238.3,238.57,236.84,237.08,176.24,165
2026-06-02 22:00:00+00:00,237.14,239.68,237.03,239.5,935.44,298
2026-06-02 22:30:00+00:00,239.58,239.67,238.48,238.48,690.8,284
2026-06-02 23:00:00+00:00,238.58,238.58,235.4,235.66,459.24,350
2026-06-02 23:30:00+00:00,235.63,235.76,234.41,235.06,713.28,300
2026-06-03 00:00:00+00:00,235.4,236.32,234.94,235.19,591.04,223
2026-06-03 00:30:00+00:00,235.26,236.24,234.9,235.59,371.71,133
2026-06-03 01:00:00+00:00,235.76,236.47,233.33,234.46,753.75,313
2026-06-03 01:30:00+00:00,234.9,236.24,234.86,236.09,400.33,95
2026-06-03 02:00:00+00:00,236.32,238.46,235.34,238.38,1185.66,139
2026-06-03 02:30:00+00:00,238.08,239.18,237.21,238.08,220.16,121
2026-06-03 03:00:00+00:00,237.86,238.5,236.36,236.67,517.11,158
2026-06-03 03:30:00+00:00,236.54,236.91,235.89,236.19,189.26,115
2026-06-03 04:00:00+00:00,236.2,237.17,235.82,236.58,208.37,113
2026-06-03 04:30:00+00:00,236.64,238.02,236.38,237.71,604.02,142
2026-06-03 05:00:00+00:00,237.86,238.0,237.05,237.56,294.64,224
2026-06-03 05:30:00+00:00,237.53,237.9,236.33,236.64,271.82,79
2026-06-03 06:00:00+00:00,236.62,237.86,236.49,237.34,895.22,225
2026-06-03 06:30:00+00:00,236.99,238.23,236.99,238.04,808.19,280
2026-06-03 07:00:00+00:00,238.04,238.04,237.23,237.47,448.91,171
2026-06-03 07:30:00+00:00,237.45,238.08,237.28,238.08,180.69,54
2026-06-03 08:00:00+00:00,237.74,240.32,237.7,239.74,628.63,299
2026-06-03 08:30:00+00:00,239.9,239.9,237.97,237.97,428.54,157
2026-06-03 09:00:00+00:00,238.24,239.18,237.48,238.64,541.76,118
2026-06-03 09:30:00+00:00,238.53,238.87,226.38,230.27,2867.92,610
2026-06-03 10:00:00+00:00,230.14,233.22,229.88,232.44,1641.87,410
2026-06-03 10:30:00+00:00,232.44,233.07,231.99,232.52,199.74,81
2026-06-03 11:00:00+00:00,232.56,233.74,232.04,233.67,465.65,214
2026-06-03 11:30:00+00:00,233.68,234.78,233.02,234.78,502.0,100
2026-06-03 12:00:00+00:00,234.76,235.29,233.62,233.9,459.84,115
2026-06-03 12:30:00+00:00,233.81,233.81,230.6,231.32,571.47,143
2026-06-03 13:00:00+00:00,231.19,235.36,230.0,230.39,1731.82,461
2026-06-03 13:30:00+00:00,230.25,230.46,217.67,219.94,8206.78,1797
2026-06-03 14:00:00+00:00,219.91,222.63,217.9,222.63,3491.63,932
2026-06-03 14:30:00+00:00,222.62,222.62,218.7,219.43,937.55,379
2026-06-03 15:00:00+00:00,219.62,219.78,216.29,217.31,1369.86,421
2026-06-03 15:30:00+00:00,217.16,218.53,216.14,216.8,1002.63,735
2026-06-03 16:00:00+00:00,216.83,218.1,215.16,215.25,778.99,301
2026-06-03 16:30:00+00:00,215.32,215.74,214.76,215.53,1267.43,317
2026-06-03 17:00:00+00:00,215.49,215.6,213.21,213.53,680.84,219
2026-06-03 17:30:00+00:00,213.39,214.46,213.22,214.3,1478.43,245
2026-06-03 18:00:00+00:00,214.29,214.7,213.56,214.68,178.15,96
2026-06-03 18:30:00+00:00,214.5,217.36,214.36,215.27,1112.99,342
2026-06-03 19:00:00+00:00,214.41,216.49,213.94,214.93,340.87,147
2026-06-03 19:30:00+00:00,214.48,216.0,214.36,214.97,436.17,165
2026-06-03 20:00:00+00:00,215.2,215.46,213.27,213.4,1144.23,471
2026-06-03 20:30:00+00:00,213.28,214.2,212.8,212.85,3194.47,287
2026-06-03 21:00:00+00:00,213.35,213.67,211.76,212.11,196.59,127
2026-06-03 21:30:00+00:00,212.09,212.19,211.35,211.59,527.01,195
2026-06-03 22:00:00+00:00,211.63,211.88,210.8,210.91,362.27,123
2026-06-03 22:30:00+00:00,211.03,211.24,210.72,211.16,102.09,86
2026-06-03 23:00:00+00:00,211.16,211.55,210.73,211.15,166.1,104
2026-06-03 23:30:00+00:00,211.2,211.26,210.77,211.01,326.08,91
2026-06-04 00:00:00+00:00,210.8,213.29,210.8,212.4,1027.17,330
2026-06-04 00:30:00+00:00,212.2,214.8,211.6,214.6,388.49,121
2026-06-04 01:00:00+00:00,214.8,216.68,212.88,212.9,188.42,112
2026-06-04 01:30:00+00:00,213.4,214.59,212.8,214.16,723.09,172
2026-06-04 02:00:00+00:00,214.01,215.6,213.32,215.56,265.91,108
2026-06-04 02:30:00+00:00,215.41,216.0,214.4,215.53,1092.07,152
2026-06-04 03:00:00+00:00,215.5,216.2,215.0,216.19,1389.49,233
2026-06-04 03:30:00+00:00,216.14,216.14,214.2,214.5,83.69,53
2026-06-04 04:00:00+00:00,214.8,215.26,214.2,215.21,14.1,21
2026-06-04 04:30:00+00:00,215.18,215.7,214.4,215.0,133.21,54
2026-06-04 05:00:00+00:00,215.17,215.86,214.8,215.0,281.08,65
2026-06-04 05:30:00+00:00,215.19,215.8,215.04,215.04,61.31,34
2026-06-04 06:00:00+00:00,215.23,215.6,215.0,215.14,147.6,48
2026-06-04 06:30:00+00:00,215.4,216.4,215.37,216.14,171.24,53
2026-06-04 07:00:00+00:00,216.18,216.53,215.27,215.76,207.3,42
2026-06-04 07:30:00+00:00,215.52,216.66,215.49,215.76,129.25,63
2026-06-04 08:00:00+00:00,215.76,216.67,213.12,213.71,715.38,288
2026-06-04 08:30:00+00:00,213.86,214.72,212.47,213.64,350.98,203
2026-06-04 09:00:00+00:00,213.4,213.6,208.0,211.07,2352.81,623
2026-06-04 09:30:00+00:00,211.19,212.67,210.94,211.96,662.95,287
2026-06-04 10:00:00+00:00,211.82,211.99,211.17,211.31,79.89,66
2026-06-04 10:30:00+00:00,211.53,211.53,210.17,210.62,1140.01,153
2026-06-04 11:00:00+00:00,211.1,212.7,208.69,211.61,1736.85,261
2026-06-04 11:30:00+00:00,211.68,212.94,209.4,210.84,527.35,149
2026-06-04 12:00:00+00:00,210.64,212.57,210.32,211.99,388.31,138
2026-06-04 12:30:00+00:00,211.97,214.27,211.65,213.17,395.43,118
2026-06-04 13:00:00+00:00,213.08,213.78,211.98,211.98,423.64,92
2026-06-04 13:30:00+00:00,211.44,212.18,207.44,209.79,3680.55,776
2026-06-04 14:00:00+00:00,209.46,209.51,206.93,207.95,1370.19,298
2026-06-04 14:30:00+00:00,208.11,208.18,206.29,206.94,2660.57,248
2026-06-04 15:00:00+00:00,206.98,210.58,206.98,208.56,931.52,257
2026-06-04 15:30:00+00:00,207.99,208.57,205.27,206.59,1852.71,216
2026-06-04 16:00:00+00:00,206.53,208.65,205.84,208.39,596.17,108
2026-06-04 16:30:00+00:00,208.13,211.55,208.13,210.26,536.14,182
2026-06-04 17:00:00+00:00,210.2,216.0,209.26,212.75,4289.55,771
2026-06-04 17:30:00+00:00,212.85,217.24,212.74,216.72,1274.93,274
2026-06-04 18:00:00+00:00,217.17,218.98,215.36,216.33,1044.82,333
2026-06-04 18:30:00+00:00,216.96,218.25,215.76,218.25,533.1,150
2026-06-04 19:00:00+00:00,217.92,219.12,216.32,218.16,849.88,255
2026-06-04 19:30:00+00:00,218.09,218.46,214.41,215.45,1477.09,340
2026-06-04 20:00:00+00:00,215.76,216.5,212.96,213.51,632.49,242
2026-06-04 20:30:00+00:00,213.51,214.86,213.45,214.28,384.36,112
2026-06-04 21:00:00+00:00,214.26,214.8,214.26,214.6,191.07,109
2026-06-04 21:30:00+00:00,214.75,215.28,214.05,214.21,1637.09,410
2026-06-04 22:00:00+00:00,213.95,214.33,212.81,213.66,259.27,116
2026-06-04 22:30:00+00:00,213.43,214.02,213.26,214.02,325.14,86
2026-06-04 23:00:00+00:00,213.78,213.93,211.93,212.2,318.97,198
2026-06-04 23:30:00+00:00,212.25,212.76,212.01,212.35,227.51,130
2026-06-05 00:00:00+00:00,212.21,212.94,206.19,207.22,1753.88,286
2026-06-05 00:30:00+00:00,207.67,210.14,207.22,210.13,331.68,67
2026-06-05 01:00:00+00:00,210.02,210.02,208.2,208.96,173.2,57
2026-06-05 01:30:00+00:00,209.2,211.35,209.01,211.27,72.1,63
2026-06-05 02:00:00+00:00,211.17,211.21,210.56,210.81,10.15,22
2026-06-05 02:30:00+00:00,210.72,211.35,210.65,210.93,27.71,23
2026-06-05 03:00:00+00:00,211.21,211.21,210.78,210.85,18.94,15
2026-06-05 03:30:00+00:00,211.3,211.51,210.26,210.48,47.2,23
2026-06-05 04:00:00+00:00,210.68,210.89,209.88,209.88,57.02,28
2026-06-05 04:30:00+00:00,210.44,211.07,210.42,211.0,15.67,19
2026-06-05 05:00:00+00:00,211.0,211.44,210.44,211.03,13.23,24
2026-06-05 05:30:00+00:00,211.33,211.38,209.86,209.86,388.27,138
2026-06-05 06:00:00+00:00,209.98,210.25,208.23,208.84,416.88,130
2026-06-05 06:30:00+00:00,208.76,209.06,207.67,207.96,198.76,59
2026-06-05 07:00:00+00:00,207.79,208.43,207.6,208.36,122.65,57
2026-06-05 07:30:00+00:00,208.59,209.03,208.14,208.82,73.19,48
2026-06-05 08:00:00+00:00,209.05,211.32,208.6,209.9,481.23,180
2026-06-05 08:30:00+00:00,209.92,210.08,208.51,208.51,147.44,65
2026-06-05 09:00:00+00:00,208.72,210.36,208.72,210.17,171.18,82
2026-06-05 09:30:00+00:00,210.4,211.09,209.98,210.34,110.46,70
2026-06-05 10:00:00+00:00,210.63,210.64,209.51,210.31,48.77,118
2026-06-05 10:30:00+00:00,210.14,210.59,209.88,209.92,80.75,86
2026-06-05 11:00:00+00:00,210.03,210.93,209.86,210.35,79.97,66
2026-06-05 11:30:00+00:00,210.28,210.92,209.74,209.74,233.04,85
2026-06-05 12:00:00+00:00,209.76,209.79,208.37,208.93,866.74,163
2026-06-05 12:30:00+00:00,208.99,209.22,207.47,208.21,611.3,253
2026-06-05 13:00:00+00:00,208.09,208.59,206.9,208.34,1913.32,288
2026-06-05 13:30:00+00:00,208.13,213.85,208.13,213.12,3581.23,1095
2026-06-05 14:00:00+00:00,213.11,222.35,212.96,214.58,6546.1,1421
2026-06-05 14:30:00+00:00,214.72,219.84,214.08,215.64,1172.06,545
2026-06-05 15:00:00+00:00,215.77,215.77,212.1,213.38,1346.06,551
2026-06-05 15:30:00+00:00,213.41,213.89,210.0,210.33,979.27,361
2026-06-05 16:00:00+00:00,210.27,210.38,208.72,208.98,868.69,323
2026-06-05 16:30:00+00:00,208.82,209.84,205.82,209.82,2001.23,465
2026-06-05 17:00:00+00:00,209.57,209.57,205.83,206.98,1056.77,451
2026-06-05 17:30:00+00:00,206.78,208.2,203.58,204.65,3644.19,435
2026-06-05 18:00:00+00:00,204.43,204.54,200.0,200.33,1744.26,357
2026-06-05 18:30:00+00:00,200.46,200.5,196.6,198.37,993.15,407
2026-06-05 19:00:00+00:00,198.11,200.76,197.09,200.5,2426.02,531
2026-06-05 19:30:00+00:00,200.7,201.43,199.7,200.55,1215.08,376
2026-06-05 20:00:00+00:00,200.73,200.74,198.88,200.22,794.97,367
2026-06-05 20:30:00+00:00,200.09,200.19,199.41,199.63,337.1,184
2026-06-05 21:00:00+00:00,199.99,200.22,199.4,200.22,262.68,67
2026-06-05 21:30:00+00:00,200.18,200.44,199.81,199.81,355.13,145
2026-06-05 22:00:00+00:00,200.08,200.28,199.81,200.28,216.74,114
2026-06-05 22:30:00+00:00,200.16,200.33,199.95,200.2,57.7,45
2026-06-05 23:00:00+00:00,200.36,200.41,199.77,199.77,672.54,197
2026-06-05 23:30:00+00:00,199.72,199.91,199.25,199.79,643.32,127
2026-06-06 00:00:00+00:00,199.73,200.21,199.54,200.2,25.33,38
2026-06-06 00:30:00+00:00,200.1,200.45,200.1,200.32,41.36,32
2026-06-06 01:00:00+00:00,200.46,200.79,200.17,200.57,186.62,52
2026-06-06 01:30:00+00:00,200.64,200.68,199.91,199.91,81.81,76
2026-06-06 02:00:00+00:00,199.91,199.91,198.51,198.76,734.57,229
2026-06-06 02:30:00+00:00,198.52,198.88,191.3,191.3,1747.6,689
2026-06-06 03:00:00+00:00,191.27,192.29,182.51,183.51,7409.68,2446
2026-06-06 03:30:00+00:00,183.52,191.1,183.45,189.82,7074.93,2593
2026-06-06 04:00:00+00:00,190.4,192.28,185.43,186.67,2239.71,2263
2026-06-06 04:30:00+00:00,186.51,187.46,185.18,186.79,949.82,351
2026-06-06 05:00:00+00:00,186.36,187.92,185.38,187.92,1470.65,452
2026-06-06 05:30:00+00:00,188.12,190.04,188.1,189.95,1112.32,415
2026-06-06 06:00:00+00:00,189.93,190.0,189.51,189.72,448.26,396
2026-06-06 06:30:00+00:00,189.87,190.37,189.69,189.76,66.46,103
2026-06-06 07:00:00+00:00,189.78,190.08,189.59,189.93,87.75,93
2026-06-06 07:30:00+00:00,189.83,190.21,189.67,189.92,224.4,67
2026-06-06 08:00:00+00:00,189.89,190.99,189.61,190.77,55.22,60
2026-06-06 08:30:00+00:00,190.74,190.95,188.89,188.89,246.45,220
2026-06-06 09:00:00+00:00,188.89,192.51,188.74,192.4,392.59,314
2026-06-06 09:30:00+00:00,192.39,193.14,191.89,193.03,546.13,224
2026-06-06 10:00:00+00:00,193.01,193.03,191.88,191.91,335.04,197
2026-06-06 10:30:00+00:00,191.7,191.98,191.34,191.71,132.27,111
2026-06-06 11:00:00+00:00,191.7,192.12,191.65,191.78,74.54,95
2026-06-06 11:30:00+00:00,191.78,191.82,191.59,191.64,21.12,15
2026-06-06 12:00:00+00:00,191.75,191.87,191.56,191.57,36.44,29
2026-06-06 12:30:00+00:00,191.6,192.37,191.47,192.15,35.65,33
2026-06-06 13:00:00+00:00,192.13,193.03,192.05,192.87,244.18,69
2026-06-06 13:30:00+00:00,193.03,193.03,192.7,192.96,55.65,47
2026-06-06 14:00:00+00:00,192.97,193.08,192.89,193.01,245.04,38
2026-06-06 14:30:00+00:00,193.08,193.08,192.84,192.95,100.51,35
2026-06-06 15:00:00+00:00,192.95,192.99,192.56,192.89,124.47,75
2026-06-06 15:30:00+00:00,192.82,192.95,192.2,192.2,22.95,34
2026-06-06 16:00:00+00:00,192.2,194.63,191.75,194.58,106.53,99
2026-06-06 16:30:00+00:00,194.76,194.82,194.4,194.78,158.54,45
2026-06-06 17:00:00+00:00,194.76,194.94,194.38,194.92,368.23,116
2026-06-06 17:30:00+00:00,194.9,194.97,194.66,194.81,16.13,22
2026-06-06 18:00:00+00:00,194.88,194.9,194.63,194.82,10.68,18
2026-06-06 18:30:00+00:00,194.93,194.93,194.64,194.78,19.89,13
2026-06-06 19:00:00+00:00,194.91,195.0,194.91,195.0,36.85,14
2026-06-06 19:30:00+00:00,195.0,196.21,194.91,195.99,349.03,89
2026-06-06 20:00:00+00:00,195.84,196.04,195.75,195.97,28.61,40
2026-06-06 20:30:00+00:00,195.97,196.38,195.65,196.08,114.2,45
2026-06-06 21:00:00+00:00,196.22,196.35,195.95,196.26,66.74,45
2026-06-06 21:30:00+00:00,196.26,196.49,195.83,196.48,11.12,20
2026-06-06 22:00:00+00:00,196.48,196.62,195.87,196.13,541.31,128
2026-06-06 22:30:00+00:00,196.2,196.26,195.94,196.13,32.83,42
2026-06-06 23:00:00+00:00,196.17,197.02,196.07,197.02,103.88,73
2026-06-06 23:30:00+00:00,197.26,198.45,197.26,197.7,162.1,143
2026-06-07 00:00:00+00:00,197.7,197.96,197.3,197.95,201.61,62
2026-06-07 00:30:00+00:00,197.78,198.17,197.78,197.96,52.19,43
2026-06-07 01:00:00+00:00,197.96,198.58,197.87,198.52,192.97,94
2026-06-07 01:30:00+00:00,198.44,198.61,198.33,198.39,44.93,22
2026-06-07 02:00:00+00:00,198.6,198.62,198.32,198.32,36.33,17
2026-06-07 02:30:00+00:00,198.35,198.55,198.0,198.42,121.71,39
2026-06-07 03:00:00+00:00,198.53,198.88,198.53,198.88,79.59,39
2026-06-07 03:30:00+00:00,198.88,199.14,198.75,199.03,88.07,53
2026-06-07 04:00:00+00:00,198.78,199.63,198.78,199.44,149.39,57
2026-06-07 04:30:00+00:00,199.23,199.24,198.83,199.02,6.9,15
2026-06-07 05:00:00+00:00,198.83,199.32,198.76,198.99,13.19,15
2026-06-07 05:30:00+00:00,199.01,199.07,198.75,199.04,20.87,21
2026-06-07 06:00:00+00:00,199.02,201.52,199.02,201.2,924.46,161
2026-06-07 06:30:00+00:00,201.24,201.24,200.02,200.78,87.51,51
2026-06-07 07:00:00+00:00,200.81,201.01,200.62,200.97,51.9,29
2026-06-07 07:30:00+00:00,200.89,201.92,200.76,201.55,106.68,47
2026-06-07 08:00:00+00:00,201.38,201.41,201.28,201.36,12.29,14
2026-06-07 08:30:00+00:00,201.25,202.0,201.0,201.73,45.83,36
2026-06-07 09:00:00+00:00,201.84,202.65,201.59,201.65,183.38,108
2026-06-07 09:30:00+00:00,201.65,202.02,201.65,201.93,74.29,64
2026-06-07 10:00:00+00:00,201.84,201.95,201.19,201.87,341.3,145
2026-06-07 10:30:00+00:00,201.84,201.94,201.7,201.7,1.8,6
2026-06-07 11:00:00+00:00,201.89,203.29,201.81,203.29,186.28,79
2026-06-07 11:30:00+00:00,203.16,204.96,203.16,204.31,718.94,156
2026-06-07 12:00:00+00:00,204.46,205.62,203.77,204.73,279.51,139
2026-06-07 12:30:00+00:00,204.86,205.86,204.55,205.62,207.3,116
2026-06-07 13:00:00+00:00,205.74,205.75,204.97,205.15,170.65,98
2026-06-07 13:30:00+00:00,205.19,205.55,204.99,205.55,52.75,40
2026-06-07 14:00:00+00:00,205.73,207.56,205.44,207.46,281.26,93
2026-06-07 14:30:00+00:00,207.44,207.68,206.39,206.93,307.13,143
2026-06-07 15:00:00+00:00,206.93,207.15,205.49,205.89,397.32,174
2026-06-07 15:30:00+00:00,205.91,206.22,205.21,205.39,55.82,112
2026-06-07 16:00:00+00:00,205.39,205.76,205.3,205.52,40.05,86
2026-06-07 16:30:00+00:00,205.52,205.8,205.38,205.43,6.87,66
2026-06-07 17:00:00+00:00,205.43,205.49,204.5,204.55,194.54,102
2026-06-07 17:30:00+00:00,204.49,204.54,203.56,203.71,54.54,53
2026-06-07 18:00:00+00:00,203.63,203.94,203.46,203.61,33.06,82
2026-06-07 18:30:00+00:00,203.54,203.6,202.19,202.63,78.53,132
2026-06-07 19:00:00+00:00,202.54,202.54,200.56,200.97,166.07,191
2026-06-07 19:30:00+00:00,200.88,201.06,197.41,197.82,760.91,415
2026-06-07 20:00:00+00:00,198.14,199.03,197.81,198.57,243.7,253
2026-06-07 20:30:00+00:00,198.57,198.73,198.02,198.68,122.08,127
2026-06-07 21:00:00+00:00,198.68,198.68,198.2,198.46,99.08,98
2026-06-07 21:30:00+00:00,198.49,198.52,198.01,198.33,40.72,45
2026-06-07 22:00:00+00:00,198.2,198.52,194.47,196.63,535.53,416
2026-06-07 22:30:00+00:00,196.77,199.72,196.49,199.47,353.87,226
2026-06-07 23:00:00+00:00,199.56,199.56,198.92,199.23,226.38,98
2026-06-07 23:30:00+00:00,199.23,199.41,198.8,198.99,576.3,99
2026-06-08 00:00:00+00:00,198.98,207.23,198.66,205.34,1668.87,577
2026-06-08 00:30:00+00:00,205.37,207.51,205.3,206.08,740.28,334
2026-06-08 01:00:00+00:00,206.11,206.18,201.04,201.33,552.97,313
2026-06-08 01:30:00+00:00,201.32,201.82,200.24,200.78,480.11,282
2026-06-08 02:00:00+00:00,201.05,201.76,200.5,201.76,374.2,191
2026-06-08 02:30:00+00:00,201.61,202.56,201.4,201.92,571.11,225
2026-06-08 03:00:00+00:00,202.01,202.12,201.55,201.7,177.88,86
2026-06-08 03:30:00+00:00,201.76,201.89,201.3,201.55,14.89,27
2026-06-08 04:00:00+00:00,201.36,201.65,200.94,201.06,190.22,52
2026-06-08 04:30:00+00:00,201.01,203.3,201.01,202.76,108.49,59
2026-06-08 05:00:00+00:00,203.11,203.48,202.74,202.96,234.44,82
2026-06-08 05:30:00+00:00,202.77,202.77,200.73,200.8,524.25,117
2026-06-08 06:00:00+00:00,200.92,201.69,200.55,201.69,761.65,83
2026-06-08 06:30:00+00:00,201.7,201.79,201.11,201.79,96.15,39
2026-06-08 07:00:00+00:00,201.76,204.3,201.74,204.24,421.64,84
2026-06-08 07:30:00+00:00,204.41,206.29,204.41,205.6,299.15,81
2026-06-08 08:00:00+00:00,205.62,208.18,203.52,206.75,1934.84,447
2026-06-08 08:30:00+00:00,206.69,207.29,205.67,206.19,284.54,116
2026-06-08 09:00:00+00:00,206.43,209.55,206.23,209.03,1875.25,334
2026-06-08 09:30:00+00:00,209.03,209.94,208.06,209.0,463.12,121
2026-06-08 10:00:00+00:00,209.15,210.0,207.2,210.0,1167.3,354
2026-06-08 10:30:00+00:00,209.84,212.61,209.84,210.14,1038.77,229
2026-06-08 11:00:00+00:00,209.5,211.66,208.36,211.55,1238.86,229
2026-06-08 11:30:00+00:00,211.64,212.77,211.07,212.64,1088.27,167
2026-06-08 12:00:00+00:00,212.41,213.44,211.65,213.38,545.86,133
2026-06-08 12:30:00+00:00,213.43,214.53,212.9,213.51,1511.2,191
2026-06-08 13:00:00+00:00,213.35,213.98,211.9,212.55,1243.04,249
2026-06-08 13:30:00+00:00,212.78,223.83,204.45,222.72,9827.99,1922
2026-06-08 14:00:00+00:00,222.69,232.5,221.67,232.26,11236.18,1770
2026-06-08 14:30:00+00:00,232.25,239.05,230.83,236.12,5754.64,1211
2026-06-08 15:00:00+00:00,235.97,236.5,232.57,232.98,3498.23,636
2026-06-08 15:30:00+00:00,233.12,240.73,232.98,237.22,4433.08,745
2026-06-08 16:00:00+00:00,237.42,241.37,236.76,240.62,2056.65,443
2026-06-08 16:30:00+00:00,240.78,247.31,240.78,247.04,2358.35,569
2026-06-08 17:00:00+00:00,247.22,247.46,240.56,241.75,1624.15,545
2026-06-08 17:30:00+00:00,242.17,246.15,239.68,245.85,5641.41,528
2026-06-08 18:00:00+00:00,245.61,249.35,245.34,249.1,6343.1,664
2026-06-08 18:30:00+00:00,249.09,249.26,243.74,244.74,726.77,289
2026-06-08 19:00:00+00:00,244.47,244.47,240.33,240.74,883.12,324
2026-06-08 19:30:00+00:00,240.94,243.11,236.5,237.93,2091.37,489
2026-06-08 20:00:00+00:00,238.08,239.84,237.46,239.66,613.57,221
2026-06-08 20:30:00+00:00,239.78,242.58,239.78,242.58,1679.69,199
2026-06-08 21:00:00+00:00,242.42,242.68,240.33,240.33,287.05,146
2026-06-08 21:30:00+00:00,240.27,241.33,240.19,241.32,987.47,223
2026-06-08 22:00:00+00:00,241.42,242.26,238.95,238.95,671.32,198
2026-06-08 22:30:00+00:00,239.04,239.63,238.48,239.49,483.17,163
2026-06-08 23:00:00+00:00,239.64,242.07,239.52,241.24,228.57,164
2026-06-08 23:30:00+00:00,241.11,241.22,238.43,240.07,1124.19,255
2026-06-09 00:00:00+00:00,239.86,239.86,236.99,237.89,752.99,236
2026-06-09 00:30:00+00:00,237.43,237.79,236.17,236.53,515.93,98
2026-06-09 01:00:00+00:00,236.76,238.31,236.55,238.31,349.92,110
2026-06-09 01:30:00+00:00,238.36,240.79,238.36,240.59,257.44,104
2026-06-09 02:00:00+00:00,240.69,241.02,240.0,240.54,248.88,70
2026-06-09 02:30:00+00:00,240.79,242.63,240.79,242.36,640.19,231
2026-06-09 03:00:00+00:00,242.24,243.63,242.0,243.21,641.53,253
2026-06-09 03:30:00+00:00,243.3,243.92,240.93,241.24,728.48,311
2026-06-09 04:00:00+00:00,241.24,243.01,240.69,242.03,901.05,329
2026-06-09 04:30:00+00:00,242.02,242.64,241.26,242.64,679.72,279
2026-06-09 05:00:00+00:00,242.53,242.62,241.82,242.03,494.58,236
2026-06-09 05:30:00+00:00,242.08,243.84,241.9,243.28,858.44,354
2026-06-09 06:00:00+00:00,243.47,243.94,242.45,242.45,653.98,233
2026-06-09 06:30:00+00:00,242.45,242.78,241.94,242.27,837.76,242
2026-06-09 07:00:00+00:00,242.36,244.53,242.15,243.02,1066.05,261
2026-06-09 07:30:00+00:00,243.08,243.45,240.86,241.29,563.8,202
2026-06-09 08:00:00+00:00,241.3,246.86,241.3,244.75,1808.39,570
2026-06-09 08:30:00+00:00,244.9,247.49,244.9,245.94,810.6,355
2026-06-09 09:00:00+00:00,245.87,246.71,245.87,246.04,501.08,302
2026-06-09 09:30:00+00:00,246.03,246.29,245.45,246.2,714.52,291
2026-06-09 10:00:00+00:00,246.23,248.47,245.85,247.01,335.29,238
2026-06-09 10:30:00+00:00,247.03,247.46,242.65,244.62,927.78,376
2026-06-09 11:00:00+00:00,244.46,247.23,243.68,246.18,421.21,277
2026-06-09 11:30:00+00:00,245.93,246.74,244.57,245.08,548.0,211
2026-06-09 12:00:00+00:00,245.01,247.05,245.01,245.46,496.57,205
2026-06-09 12:30:00+00:00,245.85,246.42,244.59,246.41,352.86,126
2026-06-09 13:00:00+00:00,246.27,247.07,243.7,244.42,1996.98,332
2026-06-09 13:30:00+00:00,244.01,244.01,225.76,233.53,15400.9,2661
2026-06-09 14:00:00+00:00,232.8,233.67,228.04,228.36,4461.31,1148
2026-06-09 14:30:00+00:00,228.18,229.14,222.76,224.4,3931.27,943
2026-06-09 15:00:00+00:00,224.61,225.28,218.46,218.88,2661.59,755
2026-06-09 15:30:00+00:00,218.77,222.51,217.24,217.58,4798.91,852
2026-06-09 16:00:00+00:00,217.89,219.38,216.67,217.98,3618.59,1024
2026-06-09 16:30:00+00:00,217.81,218.31,214.83,217.97,3234.77,769
2026-06-09 17:00:00+00:00,218.3,227.34,217.68,225.49,2575.65,709
2026-06-09 17:30:00+00:00,225.72,229.27,225.52,227.73,2077.23,466
2026-06-09 18:00:00+00:00,227.7,229.15,226.92,228.13,859.15,297
2026-06-09 18:30:00+00:00,228.62,228.7,226.65,228.58,723.23,283
2026-06-09 19:00:00+00:00,228.44,230.05,225.83,228.12,1433.69,433
2026-06-09 19:30:00+00:00,228.16,228.16,226.08,226.52,1308.6,383
2026-06-09 20:00:00+00:00,226.54,227.43,224.14,225.57,1209.16,348
2026-06-09 20:30:00+00:00,225.55,226.07,225.02,225.04,955.46,206
2026-06-09 21:00:00+00:00,225.21,225.64,224.18,224.18,153.84,126
2026-06-09 21:30:00+00:00,224.17,224.79,223.55,223.9,1370.21,265
2026-06-09 22:00:00+00:00,223.87,224.77,223.45,224.58,795.17,224
2026-06-09 22:30:00+00:00,224.49,225.52,223.52,223.75,800.45,260
2026-06-09 23:00:00+00:00,223.73,224.55,223.16,223.16,424.43,172
2026-06-09 23:30:00+00:00,223.14,223.98,222.1,223.89,247.12,131
2026-06-10 00:00:00+00:00,224.19,228.68,224.19,227.96,1183.06,368
2026-06-10 00:30:00+00:00,228.11,228.38,226.29,227.12,1720.04,249
2026-06-10 01:00:00+00:00,227.01,227.55,226.25,226.97,745.49,144
2026-06-10 01:30:00+00:00,226.41,226.99,225.97,226.08,427.94,74
2026-06-10 02:00:00+00:00,226.26,226.26,223.76,224.25,452.87,128
2026-06-10 02:30:00+00:00,224.23,224.78,221.97,222.06,590.63,158
2026-06-10 03:00:00+00:00,222.13,223.79,221.91,223.18,316.94,133
2026-06-10 03:30:00+00:00,223.42,223.87,221.03,221.21,618.35,138
2026-06-10 04:00:00+00:00,221.24,221.48,219.75,219.75,886.76,229
2026-06-10 04:30:00+00:00,219.75,220.1,217.87,218.98,897.59,214
2026-06-10 05:00:00+00:00,219.35,219.78,218.21,219.69,385.33,108
2026-06-10 05:30:00+00:00,219.66,221.88,218.84,221.34,325.78,103
2026-06-10 06:00:00+00:00,221.46,222.6,221.11,222.01,237.24,85
2026-06-10 06:30:00+00:00,221.88,223.14,221.88,223.14,184.6,63
2026-06-10 07:00:00+00:00,222.81,222.93,222.1,222.8,188.04,53
2026-06-10 07:30:00+00:00,223.02,223.3,221.93,222.52,308.29,67
2026-06-10 08:00:00+00:00,222.3,222.71,220.69,220.7,518.16,221
2026-06-10 08:30:00+00:00,221.0,221.72,217.86,220.11,665.73,182
2026-06-10 09:00:00+00:00,220.17,221.41,218.98,220.04,1386.49,333
2026-06-10 09:30:00+00:00,220.03,221.08,219.93,219.93,963.41,325
2026-06-10 10:00:00+00:00,219.97,221.35,219.97,221.1,1338.36,165
2026-06-10 10:30:00+00:00,221.03,221.88,220.88,221.68,376.34,153
2026-06-10 11:00:00+00:00,221.79,222.59,218.34,218.77,1367.48,342
2026-06-10 11:30:00+00:00,218.88,219.36,217.18,218.59,1005.83,170
2026-06-10 12:00:00+00:00,218.74,220.27,217.17,220.0,886.91,197
2026-06-10 12:30:00+00:00,220.18,225.01,220.18,222.55,5135.12,755
2026-06-10 13:00:00+00:00,222.57,226.08,220.9,225.99,1945.63,368
2026-06-10 13:30:00+00:00,226.29,250.0,226.29,247.69,25624.78,3171
2026-06-10 14:00:00+00:00,247.46,248.35,242.17,247.7,5148.54,1791
2026-06-10 14:30:00+00:00,247.58,253.64,237.71,240.0,20703.33,2845
2026-06-10 15:00:00+00:00,240.12,243.47,236.32,242.15,7358.79,1687
2026-06-10 15:30:00+00:00,242.33,245.71,238.85,245.43,4156.25,1404
2026-06-10 16:00:00+00:00,245.62,247.02,233.96,238.0,4903.92,1410
2026-06-10 16:30:00+00:00,238.3,240.78,236.0,238.02,2324.81,686
2026-06-10 17:00:00+00:00,238.18,239.1,235.28,237.25,925.88,429
2026-06-10 17:30:00+00:00,237.23,240.14,236.35,239.3,726.09,416
2026-06-10 18:00:00+00:00,239.71,240.54,238.25,238.63,633.2,231
2026-06-10 18:30:00+00:00,238.65,238.65,236.71,237.49,1075.96,175
2026-06-10 19:00:00+00:00,237.49,241.62,236.16,238.23,1196.52,232
2026-06-10 19:30:00+00:00,237.68,240.17,235.78,237.31,526.82,198
2026-06-10 20:00:00+00:00,237.29,238.2,236.13,236.36,585.91,208
2026-06-10 20:30:00+00:00,236.18,236.63,234.91,235.15,1352.24,162
2026-06-10 21:00:00+00:00,235.14,236.19,234.81,236.13,1078.57,198
2026-06-10 21:30:00+00:00,236.18,236.2,234.25,234.4,3975.38,317
2026-06-10 22:00:00+00:00,234.57,234.57,230.5,230.5,5285.69,655
2026-06-10 22:30:00+00:00,230.6,233.0,228.09,228.43,1092.54,317
2026-06-10 23:00:00+00:00,228.45,233.0,228.07,232.88,763.49,421
2026-06-10 23:30:00+00:00,232.99,233.0,231.25,231.56,1127.94,272
2026-06-11 00:00:00+00:00,231.33,234.05,230.01,233.58,1007.48,368
2026-06-11 00:30:00+00:00,233.55,237.45,233.4,236.91,423.67,201
2026-06-11 01:00:00+00:00,236.4,240.0,236.4,239.13,1521.77,335
2026-06-11 01:30:00+00:00,238.9,239.69,237.91,238.04,825.85,221
2026-06-11 02:00:00+00:00,238.31,238.31,234.65,235.15,407.5,192
2026-06-11 02:30:00+00:00,235.13,237.25,235.03,237.25,507.68,155
2026-06-11 03:00:00+00:00,237.25,237.58,236.6,237.27,1160.3,185
2026-06-11 03:30:00+00:00,237.55,238.67,237.13,238.29,463.29,97
2026-06-11 04:00:00+00:00,238.33,238.33,236.81,237.5,640.93,113
2026-06-11 04:30:00+00:00,237.6,238.61,237.53,238.51,265.73,58
2026-06-11 05:00:00+00:00,238.65,238.65,236.83,237.06,472.08,108
2026-06-11 05:30:00+00:00,236.83,237.32,235.14,237.25,264.66,110
2026-06-11 06:00:00+00:00,237.38,240.6,237.0,239.76,290.15,137
2026-06-11 06:30:00+00:00,239.58,240.21,239.18,240.07,668.91,133
2026-06-11 07:00:00+00:00,240.08,243.12,240.08,242.82,493.43,161
2026-06-11 07:30:00+00:00,243.39,243.83,241.79,241.84,775.3,124
2026-06-11 08:00:00+00:00,242.51,246.88,241.37,245.23,2017.56,359
2026-06-11 08:30:00+00:00,245.36,245.81,243.04,243.61,871.85,154
2026-06-11 09:00:00+00:00,244.0,244.0,243.05,243.27,843.94,115
2026-06-11 09:30:00+00:00,243.51,244.56,243.1,244.12,381.36,69
2026-06-11 10:00:00+00:00,244.17,244.49,243.8,244.29,462.17,65
2026-06-11 10:30:00+00:00,244.12,244.36,243.11,243.11,604.34,73
2026-06-11 11:00:00+00:00,243.55,244.06,241.62,243.92,239.52,111
2026-06-11 11:30:00+00:00,244.39,248.11,243.95,246.76,1814.18,176
2026-06-11 12:00:00+00:00,246.67,246.84,241.15,242.44,1179.97,218
2026-06-11 12:30:00+00:00,242.22,243.62,240.22,243.42,1093.57,458
2026-06-11 13:00:00+00:00,243.24,243.31,238.32,238.75,457.68,215
2026-06-11 13:30:00+00:00,238.88,240.0,229.23,231.22,7632.29,1279
2026-06-11 14:00:00+00:00,230.97,234.79,223.69,226.86,4134.88,749
2026-06-11 14:30:00+00:00,227.22,233.56,227.03,228.87,2428.98,756
2026-06-11 15:00:00+00:00,228.82,230.99,225.98,225.98,1330.06,391
2026-06-11 15:30:00+00:00,225.89,230.33,225.78,227.05,1927.01,446
2026-06-11 16:00:00+00:00,227.78,229.47,225.52,225.73,1430.64,345
2026-06-11 16:30:00+00:00,225.52,226.53,223.72,223.82,1235.37,214
2026-06-11 17:00:00+00:00,223.27,223.8,220.58,223.8,2808.08,421
2026-06-11 17:30:00+00:00,224.09,228.29,223.61,225.86,3493.14,744
2026-06-11 18:00:00+00:00,226.23,226.23,222.64,224.86,2182.07,390
2026-06-11 18:30:00+00:00,224.65,227.25,224.63,227.02,1075.52,231
2026-06-11 19:00:00+00:00,226.66,227.5,225.63,226.23,1028.3,306
2026-06-11 19:30:00+00:00,226.72,228.54,226.38,226.47,853.47,251
2026-06-11 20:00:00+00:00,226.79,227.53,226.46,226.58,185.68,86
2026-06-11 20:30:00+00:00,226.91,227.14,226.53,227.14,58.56,25
2026-06-11 21:00:00+00:00,227.17,227.68,226.75,227.31,279.46,91
2026-06-11 21:30:00+00:00,227.49,228.27,227.35,227.86,313.32,113
2026-06-11 22:00:00+00:00,227.85,228.29,227.59,228.29,398.33,154
2026-06-11 22:30:00+00:00,228.29,229.5,228.22,229.14,36.3,90
2026-06-11 23:00:00+00:00,229.11,229.11,227.65,228.36,230.82,144
2026-06-11 23:30:00+00:00,228.36,229.26,228.1,229.06,391.4,202
2026-06-12 00:00:00+00:00,229.26,230.7,228.41,229.77,709.09,212
2026-06-12 00:30:00+00:00,229.73,231.11,229.46,229.58,515.54,251
2026-06-12 01:00:00+00:00,229.47,229.47,226.26,226.65,1328.52,309
2026-06-12 01:30:00+00:00,226.56,227.71,226.37,227.66,273.82,371
2026-06-12 02:00:00+00:00,227.73,228.54,226.97,227.07,986.42,458
2026-06-12 02:30:00+00:00,227.12,229.01,226.59,228.41,227.85,349
2026-06-12 03:00:00+00:00,228.35,228.41,226.92,227.82,189.13,327
2026-06-12 03:30:00+00:00,227.84,228.4,227.69,227.95,135.18,318
2026-06-12 04:00:00+00:00,227.86,228.47,226.87,228.41,383.88,378
2026-06-12 04:30:00+00:00,228.3,228.41,227.79,228.12,68.98,278
2026-06-12 05:00:00+00:00,228.16,228.55,227.94,228.49,137.11,225
2026-06-12 05:30:00+00:00,228.43,228.46,226.15,226.59,680.57,306
2026-06-12 06:00:00+00:00,226.74,227.49,226.23,226.25,327.22,240
2026-06-12 06:30:00+00:00,226.15,226.54,225.54,226.31,322.44,148
2026-06-12 07:00:00+00:00,226.3,226.3,222.72,223.51,1457.79,275
2026-06-12 07:30:00+00:00,223.38,225.63,223.27,225.28,802.68,163
2026-06-12 08:00:00+00:00,225.08,228.92,225.08,228.27,321.03,112
2026-06-12 08:30:00+00:00,228.08,228.14,226.8,227.98,456.78,142
2026-06-12 09:00:00+00:00,227.76,229.05,227.44,228.75,613.16,243
2026-06-12 09:30:00+00:00,228.75,229.81,228.69,229.15,330.85,162
2026-06-12 10:00:00+00:00,229.18,229.71,228.28,228.55,223.26,156
2026-06-12 10:30:00+00:00,228.64,228.94,227.86,228.0,115.63,151
2026-06-12 11:00:00+00:00,228.0,230.27,228.0,229.52,367.72,281
2026-06-12 11:30:00+00:00,229.41,230.5,229.41,229.68,221.81,155
2026-06-12 12:00:00+00:00,229.65,229.76,228.06,228.41,468.56,241
2026-06-12 12:30:00+00:00,228.22,228.39,225.82,226.99,315.31,221
2026-06-12 13:00:00+00:00,226.84,230.1,226.3,229.73,1463.43,286
2026-06-12 13:30:00+00:00,229.72,229.81,211.05,212.84,5617.21,1413
2026-06-12 14:00:00+00:00,213.28,215.07,210.91,213.72,17343.97,1317
2026-06-12 14:30:00+00:00,213.44,215.86,208.16,210.89,3835.22,907
2026-06-12 15:00:00+00:00,210.89,213.88,210.2,212.82,1360.11,453
2026-06-12 15:30:00+00:00,212.87,212.87,208.9,209.18,2203.98,412
2026-06-12 16:00:00+00:00,209.17,213.58,208.34,213.45,2062.56,466
2026-06-12 16:30:00+00:00,213.4,216.08,212.65,214.57,11185.56,1519
2026-06-12 17:00:00+00:00,214.79,217.12,214.13,217.0,4337.88,690
2026-06-12 17:30:00+00:00,217.65,219.98,215.5,216.63,3335.59,390
2026-06-12 18:00:00+00:00,216.69,216.77,213.22,214.44,1059.6,271
2026-06-12 18:30:00+00:00,214.6,215.33,214.07,214.39,427.7,184
2026-06-12 19:00:00+00:00,214.37,215.65,214.35,214.92,365.69,147
2026-06-12 19:30:00+00:00,215.08,216.4,213.49,213.92,1709.99,390
2026-06-12 20:00:00+00:00,213.95,214.95,213.95,214.54,153.41,118
2026-06-12 20:30:00+00:00,214.57,214.77,214.5,214.51,188.63,67
2026-06-12 21:00:00+00:00,214.53,215.17,214.53,215.11,74.31,34
2026-06-12 21:30:00+00:00,215.22,215.33,214.95,215.3,126.35,66
2026-06-12 22:00:00+00:00,215.25,216.11,215.16,215.83,72.73,58
2026-06-12 22:30:00+00:00,215.8,215.95,215.3,215.45,267.08,100
2026-06-12 23:00:00+00:00,215.33,216.19,215.18,215.94,208.84,63
2026-06-12 23:30:00+00:00,216.01,216.06,215.62,215.91,192.55,54
2026-06-13 00:00:00+00:00,216.09,217.66,215.95,216.59,214.76,117
2026-06-13 00:30:00+00:00,216.68,216.95,216.46,216.66,217.46,69
2026-06-13 01:00:00+00:00,216.61,216.68,216.53,216.56,28.16,21
2026-06-13 01:30:00+00:00,216.62,217.38,216.52,217.38,49.12,24
2026-06-13 02:00:00+00:00,217.32,217.98,216.7,217.19,948.29,173
2026-06-13 02:30:00+00:00,217.25,217.25,216.65,216.94,317.84,65
2026-06-13 03:00:00+00:00,216.92,217.01,216.44,216.62,17.91,22
2026-06-13 03:30:00+00:00,216.59,216.77,216.46,216.71,22.69,12
2026-06-13 04:00:00+00:00,216.63,216.92,216.32,216.55,78.73,25
2026-06-13 04:30:00+00:00,216.32,216.32,215.41,215.94,33.43,73
2026-06-13 05:00:00+00:00,215.94,216.11,215.64,215.79,15.93,85
2026-06-13 05:30:00+00:00,215.74,215.85,215.4,215.82,16.6,48
2026-06-13 06:00:00+00:00,215.79,215.88,215.75,215.88,6.98,10
2026-06-13 06:30:00+00:00,215.77,216.55,215.77,216.55,5.05,13
2026-06-13 07:00:00+00:00,216.45,216.45,216.28,216.28,20.97,8
2026-06-13 07:30:00+00:00,216.46,216.46,216.27,216.39,12.66,12
2026-06-13 08:00:00+00:00,216.4,216.56,216.22,216.56,25.63,18
2026-06-13 08:30:00+00:00,216.57,217.09,216.57,217.04,27.24,23
2026-06-13 09:00:00+00:00,217.05,217.16,216.65,216.65,22.13,27
2026-06-13 09:30:00+00:00,216.45,216.46,215.59,215.59,10.89,13
2026-06-13 10:00:00+00:00,215.6,215.76,215.52,215.76,17.5,11
2026-06-13 10:30:00+00:00,215.74,215.74,215.41,215.41,3.25,5
2026-06-13 11:00:00+00:00,215.77,215.77,215.77,215.77,1.71,1
2026-06-13 11:30:00+00:00,215.76,215.76,215.47,215.47,5.18,9
2026-06-13 12:00:00+00:00,215.5,215.54,215.5,215.54,1.03,2
2026-06-13 12:30:00+00:00,216.04,216.04,215.94,215.96,2.61,5
2026-06-13 13:00:00+00:00,216.14,216.29,215.97,216.13,30.2,23
2026-06-13 13:30:00+00:00,216.38,216.55,216.01,216.01,7.3,9
2026-06-13 14:00:00+00:00,216.15,216.15,215.46,215.46,12.74,21
2026-06-13 14:30:00+00:00,215.51,215.66,215.1,215.11,29.58,118
2026-06-13 15:00:00+00:00,215.17,215.62,215.17,215.37,2.5,5
2026-06-13 15:30:00+00:00,215.67,215.93,215.67,215.74,5.52,11
2026-06-13 16:00:00+00:00,215.5,215.5,214.77,215.32,33.24,34
2026-06-13 16:30:00+00:00,214.85,214.85,214.13,214.35,12.73,21
2026-06-13 17:00:00+00:00,214.49,214.55,214.49,214.51,8.2,6
2026-06-13 17:30:00+00:00,214.89,215.05,214.8,214.8,88.61,33
2026-06-13 18:00:00+00:00,215.24,216.44,215.24,216.44,31.99,38
2026-06-13 18:30:00+00:00,216.5,216.74,216.21,216.22,11.73,18
2026-06-13 19:00:00+00:00,216.22,218.1,216.0,217.47,1003.6,86
2026-06-13 19:30:00+00:00,217.41,218.16,217.37,218.05,129.57,63
2026-06-13 20:00:00+00:00,217.84,217.84,217.44,217.66,4.18,5
2026-06-13 20:30:00+00:00,217.49,217.91,217.49,217.8,60.95,39
2026-06-13 21:00:00+00:00,217.99,218.0,217.63,217.63,11.06,17
2026-06-13 21:30:00+00:00,217.53,217.79,217.27,217.61,23.73,16
2026-06-13 22:00:00+00:00,217.31,217.82,217.31,217.79,35.04,27
2026-06-13 22:30:00+00:00,217.83,217.93,217.83,217.9,37.59,19
2026-06-13 23:00:00+00:00,217.9,218.05,217.66,217.94,18.42,19
2026-06-13 23:30:00+00:00,218.12,218.13,217.94,217.94,2.71,5
2026-06-14 00:00:00+00:00,217.93,217.93,217.04,217.04,8.61,11
2026-06-14 00:30:00+00:00,217.29,217.35,217.29,217.35,1.77,3
2026-06-14 01:00:00+00:00,217.25,217.39,216.9,217.18,257.56,42
2026-06-14 01:30:00+00:00,217.15,217.2,217.07,217.07,13.93,9
2026-06-14 02:00:00+00:00,217.07,217.07,217.07,217.07,0.0,0
2026-06-14 02:30:00+00:00,217.1,217.36,217.1,217.35,2.0,5
2026-06-14 03:00:00+00:00,217.32,217.32,217.04,217.04,1.64,3
2026-06-14 03:30:00+00:00,217.02,217.69,217.02,217.63,224.51,39
2026-06-14 04:00:00+00:00,217.35,217.6,216.94,217.41,263.67,45
2026-06-14 04:30:00+00:00,217.41,217.41,216.65,216.84,25.85,23
2026-06-14 05:00:00+00:00,216.71,216.71,216.12,216.27,40.35,50
2026-06-14 05:30:00+00:00,216.31,216.52,216.19,216.22,31.85,158
2026-06-14 06:00:00+00:00,216.23,216.9,215.92,216.9,17.51,140
2026-06-14 06:30:00+00:00,216.99,217.04,216.7,216.88,11.56,79
2026-06-14 07:00:00+00:00,216.66,216.82,216.6,216.82,41.77,17
2026-06-14 07:30:00+00:00,216.87,218.35,216.87,218.35,33.45,28
2026-06-14 08:00:00+00:00,218.38,218.48,218.2,218.31,24.41,45
2026-06-14 08:30:00+00:00,218.39,218.39,217.96,218.07,10.03,8
2026-06-14 09:00:00+00:00,217.86,217.86,217.47,217.52,23.6,37
2026-06-14 09:30:00+00:00,217.59,218.81,217.59,218.79,121.86,114
2026-06-14 10:00:00+00:00,218.78,219.11,217.64,218.36,715.11,246
2026-06-14 10:30:00+00:00,218.55,218.75,217.98,217.98,53.52,136
2026-06-14 11:00:00+00:00,217.99,218.17,217.88,217.89,39.98,55
2026-06-14 11:30:00+00:00,218.1,218.26,217.75,217.93,56.23,33
2026-06-14 12:00:00+00:00,217.75,218.08,216.09,216.5,200.01,95
2026-06-14 12:30:00+00:00,216.41,216.41,215.29,215.74,43.7,43
2026-06-14 13:00:00+00:00,215.73,215.87,215.37,215.44,12.7,19
2026-06-14 13:30:00+00:00,215.34,215.56,215.29,215.45,8.61,8
2026-06-14 14:00:00+00:00,215.5,215.5,215.11,215.11,44.94,33
2026-06-14 14:30:00+00:00,214.89,214.93,214.51,214.64,8.05,12
2026-06-14 15:00:00+00:00,215.1,215.75,215.1,215.31,113.2,81
2026-06-14 15:30:00+00:00,215.31,215.94,215.06,215.94,198.73,66
2026-06-14 16:00:00+00:00,215.82,216.11,215.19,215.48,311.61,61
2026-06-14 16:30:00+00:00,215.47,215.48,215.1,215.1,7.24,6
2026-06-14 17:00:00+00:00,215.17,215.41,215.09,215.24,36.95,31
2026-06-14 17:30:00+00:00,215.09,215.1,214.52,214.52,1.52,4
2026-06-14 18:00:00+00:00,214.56,214.64,214.25,214.29,8.05,27
2026-06-14 18:30:00+00:00,214.29,214.89,214.26,214.63,108.01,83
2026-06-14 19:00:00+00:00,214.78,215.27,214.77,215.03,43.38,106
2026-06-14 19:30:00+00:00,215.18,215.18,214.77,214.77,2.75,7
2026-06-14 20:00:00+00:00,214.53,214.84,214.53,214.65,2.2,3
2026-06-14 20:30:00+00:00,214.84,215.06,214.75,215.06,30.83,12
2026-06-14 21:00:00+00:00,215.08,217.04,215.06,216.94,125.86,76
2026-06-14 21:30:00+00:00,216.74,219.37,216.74,218.53,347.72,166
2026-06-14 22:00:00+00:00,218.64,219.55,218.4,218.57,168.38,141
2026-06-14 22:30:00+00:00,218.36,218.77,218.09,218.42,255.19,64
2026-06-14 23:00:00+00:00,218.4,218.44,217.32,217.92,172.97,58
2026-06-14 23:30:00+00:00,218.02,218.7,217.8,218.7,207.09,85
2026-06-15 00:00:00+00:00,218.5,221.76,218.08,219.21,1015.58,345
2026-06-15 00:30:00+00:00,219.01,219.25,218.04,218.05,1857.44,271
2026-06-15 01:00:00+00:00,218.04,218.74,215.24,217.09,1643.37,415
2026-06-15 01:30:00+00:00,217.17,217.37,215.59,215.71,357.93,288
2026-06-15 02:00:00+00:00,215.73,216.61,214.84,216.56,272.78,186
2026-06-15 02:30:00+00:00,217.11,217.36,215.94,216.18,552.17,154
2026-06-15 03:00:00+00:00,216.03,216.88,215.44,216.88,446.94,120
2026-06-15 03:30:00+00:00,216.91,217.33,216.87,217.1,196.34,83
2026-06-15 04:00:00+00:00,217.18,217.79,217.1,217.61,451.61,131
2026-06-15 04:30:00+00:00,217.72,218.56,217.65,218.05,435.14,110
2026-06-15 05:00:00+00:00,218.21,219.05,218.11,218.68,309.89,101
2026-06-15 05:30:00+00:00,218.54,218.54,217.63,217.78,68.76,36
2026-06-15 06:00:00+00:00,217.87,217.88,217.44,217.6,231.88,40
2026-06-15 06:30:00+00:00,217.83,218.81,217.75,218.78,418.21,94
2026-06-15 07:00:00+00:00,218.6,219.27,218.55,219.27,859.92,170
2026-06-15 07:30:00+00:00,219.35,220.04,218.23,218.78,1055.37,149
2026-06-15 08:00:00+00:00,218.83,220.7,218.16,220.36,894.93,234
2026-06-15 08:30:00+00:00,220.16,223.44,220.15,222.21,535.7,171
2026-06-15 09:00:00+00:00,222.35,222.52,220.21,220.21,323.72,243
2026-06-15 09:30:00+00:00,220.27,220.92,219.25,220.69,294.97,210
2026-06-15 10:00:00+00:00,220.67,222.73,220.24,222.68,830.88,331
2026-06-15 10:30:00+00:00,222.69,222.85,222.36,222.66,399.85,129
2026-06-15 11:00:00+00:00,222.39,222.43,221.68,222.11,200.17,113
2026-06-15 11:30:00+00:00,222.08,222.72,222.04,222.26,508.13,127
2026-06-15 12:00:00+00:00,222.18,223.06,221.37,221.37,243.56,113
2026-06-15 12:30:00+00:00,221.41,222.35,221.25,222.11,483.66,129
2026-06-15 13:00:00+00:00,222.07,225.66,222.0,224.75,942.29,214
2026-06-15 13:30:00+00:00,224.86,224.86,213.38,216.05,7664.22,1354
2026-06-15 14:00:00+00:00,215.93,216.42,211.63,213.95,1722.38,463
2026-06-15 14:30:00+00:00,214.41,217.46,214.25,216.73,6386.23,940
2026-06-15 15:00:00+00:00,216.73,217.09,212.89,215.18,3825.15,420
2026-06-15 15:30:00+00:00,215.06,217.34,213.7,216.64,2013.26,362
2026-06-15 16:00:00+00:00,216.62,216.62,213.65,215.56,816.67,227
2026-06-15 16:30:00+00:00,215.66,216.34,213.45,214.25,1222.78,286
2026-06-15 17:00:00+00:00,214.15,214.28,212.48,214.28,738.49,216
2026-06-15 17:30:00+00:00,214.1,217.18,213.63,216.83,770.91,166
2026-06-15 18:00:00+00:00,216.72,216.84,214.45,215.57,822.57,212
2026-06-15 18:30:00+00:00,215.49,216.0,215.0,215.93,450.05,128
2026-06-15 19:00:00+00:00,216.09,220.83,215.02,220.58,3221.15,443
2026-06-15 19:30:00+00:00,220.6,220.9,216.89,217.31,903.79,252
2026-06-15 20:00:00+00:00,217.81,217.92,217.08,217.66,570.68,127
2026-06-15 20:30:00+00:00,217.66,217.92,217.12,217.48,293.79,126
2026-06-15 21:00:00+00:00,217.49,218.12,217.29,218.0,202.46,122
2026-06-15 21:30:00+00:00,217.94,218.26,217.78,217.98,323.91,157
2026-06-15 22:00:00+00:00,217.98,218.16,217.19,217.24,354.68,157
2026-06-15 22:30:00+00:00,217.25,217.31,216.5,217.27,267.53,160
2026-06-15 23:00:00+00:00,217.28,217.33,216.96,217.12,81.67,81
2026-06-15 23:30:00+00:00,217.14,217.75,217.08,217.75,128.34,105
2026-06-16 00:00:00+00:00,217.95,218.03,215.01,215.82,1889.11,396
2026-06-16 00:30:00+00:00,215.79,216.57,215.48,215.51,871.53,149
2026-06-16 01:00:00+00:00,215.46,217.55,215.46,217.44,821.14,166
2026-06-16 01:30:00+00:00,217.2,218.12,216.7,216.9,779.58,233
2026-06-16 02:00:00+00:00,216.87,217.54,216.3,216.33,330.68,144
2026-06-16 02:30:00+00:00,216.32,216.78,216.23,216.44,381.32,77
2026-06-16 03:00:00+00:00,216.25,217.05,216.25,216.78,664.97,75
2026-06-16 03:30:00+00:00,216.8,217.41,216.79,217.1,387.64,102
2026-06-16 04:00:00+00:00,217.18,217.38,216.94,217.33,359.18,76
2026-06-16 04:30:00+00:00,217.37,217.78,217.37,217.61,160.21,71
2026-06-16 05:00:00+00:00,217.71,217.88,217.58,217.7,170.56,41
2026-06-16 05:30:00+00:00,218.62,219.45,217.85,217.85,127.86,56
2026-06-16 06:00:00+00:00,217.98,219.03,217.98,219.0,252.29,55
2026-06-16 06:30:00+00:00,218.98,219.04,217.78,218.51,1602.6,93
2026-06-16 07:00:00+00:00,218.49,219.13,218.11,219.13,334.69,88
2026-06-16 07:30:00+00:00,218.97,218.97,218.02,218.27,426.13,126
2026-06-16 08:00:00+00:00,218.45,219.27,217.93,219.27,384.73,136
2026-06-16 08:30:00+00:00,219.42,219.58,218.66,219.12,267.51,77
2026-06-16 09:00:00+00:00,219.05,219.41,218.38,219.28,550.3,166
2026-06-16 09:30:00+00:00,219.22,219.25,218.82,218.88,84.58,35
2026-06-16 10:00:00+00:00,218.83,220.87,218.83,220.79,198.48,56
2026-06-16 10:30:00+00:00,220.61,220.61,220.23,220.46,48.74,27
2026-06-16 11:00:00+00:00,220.17,221.42,220.13,220.5,376.89,108
2026-06-16 11:30:00+00:00,220.64,220.97,219.98,219.99,430.22,133
2026-06-16 12:00:00+00:00,220.1,220.1,218.28,218.61,594.26,168
2026-06-16 12:30:00+00:00,218.57,218.99,216.9,216.9,782.85,138
2026-06-16 13:00:00+00:00,216.55,218.85,216.12,218.8,892.82,233
2026-06-16 13:30:00+00:00,218.0,218.0,208.79,210.6,4158.54,896
2026-06-16 14:00:00+00:00,210.7,210.81,203.46,204.06,4227.01,699
2026-06-16 14:30:00+00:00,203.89,205.38,202.24,204.07,3128.24,425
2026-06-16 15:00:00+00:00,204.21,205.6,203.7,204.37,859.54,162
2026-06-16 15:30:00+00:00,204.54,206.58,204.54,206.17,958.13,107
2026-06-16 16:00:00+00:00,206.17,207.83,206.17,207.44,983.21,160
2026-06-16 16:30:00+00:00,207.38,208.59,206.36,208.14,774.49,101
2026-06-16 17:00:00+00:00,208.2,213.19,208.05,212.98,1502.54,268
2026-06-16 17:30:00+00:00,212.94,213.93,211.3,213.2,1491.11,226
2026-06-16 18:00:00+00:00,213.15,215.01,212.46,214.92,130.42,53
2026-06-16 18:30:00+00:00,214.77,214.77,212.6,213.29,1229.19,160
2026-06-16 19:00:00+00:00,213.02,213.89,211.99,212.99,1029.65,178
2026-06-16 19:30:00+00:00,214.2,214.2,209.19,211.93,2466.35,421
2026-06-16 20:00:00+00:00,212.01,212.08,209.75,211.14,489.89,151
2026-06-16 20:30:00+00:00,211.18,211.9,211.16,211.76,69.5,24
2026-06-16 21:00:00+00:00,211.77,211.9,211.54,211.78,74.94,38
2026-06-16 21:30:00+00:00,211.81,211.82,211.2,211.32,1144.41,136
2026-06-16 22:00:00+00:00,211.38,211.63,210.93,211.31,257.88,88
2026-06-16 22:30:00+00:00,211.38,211.87,211.38,211.52,137.77,49
2026-06-16 23:00:00+00:00,211.49,211.75,211.35,211.47,319.22,77
2026-06-16 23:30:00+00:00,211.43,211.6,211.14,211.4,497.38,66
2026-06-17 00:00:00+00:00,211.46,212.96,211.02,211.29,669.19,145
2026-06-17 00:30:00+00:00,211.19,211.68,211.15,211.68,61.74,38
2026-06-17 01:00:00+00:00,211.92,212.89,211.88,212.04,220.04,85
2026-06-17 01:30:00+00:00,211.82,212.05,211.82,212.05,0.95,2
2026-06-17 02:00:00+00:00,212.16,212.28,211.94,212.05,285.24,58
2026-06-17 02:30:00+00:00,212.2,212.22,211.86,212.01,165.46,28
2026-06-17 03:00:00+00:00,211.93,212.03,211.67,211.72,110.35,39
2026-06-17 03:30:00+00:00,211.69,212.32,211.69,212.3,61.8,26
2026-06-17 04:00:00+00:00,212.3,213.4,212.28,213.4,49.24,22
2026-06-17 04:30:00+00:00,213.13,213.44,212.99,213.43,191.16,32
2026-06-17 05:00:00+00:00,213.84,213.84,213.02,213.27,50.66,19
2026-06-17 05:30:00+00:00,213.13,214.39,213.13,214.18,154.03,38
2026-06-17 06:00:00+00:00,213.93,214.05,213.32,213.32,268.97,37
2026-06-17 06:30:00+00:00,213.22,214.11,213.22,213.81,16.34,11
2026-06-17 07:00:00+00:00,213.81,214.93,213.81,214.25,665.31,156
2026-06-17 07:30:00+00:00,214.28,214.47,213.67,213.91,91.49,116
2026-06-17 08:00:00+00:00,213.9,215.85,213.53,214.6,495.0,274
2026-06-17 08:30:00+00:00,214.79,214.79,214.08,214.53,256.37,170
2026-06-17 09:00:00+00:00,214.54,214.77,214.54,214.66,18.75,16
2026-06-17 09:30:00+00:00,214.66,215.23,214.43,214.74,31.93,24
2026-06-17 10:00:00+00:00,214.66,214.66,213.94,214.33,345.61,47
2026-06-17 10:30:00+00:00,214.34,214.75,213.9,213.9,115.5,55
2026-06-17 11:00:00+00:00,213.76,214.28,212.69,213.37,258.56,165
2026-06-17 11:30:00+00:00,213.1,213.27,212.22,212.36,165.49,77
2026-06-17 12:00:00+00:00,212.53,213.78,212.43,213.39,542.65,146
2026-06-17 12:30:00+00:00,213.32,215.15,213.32,214.3,100.09,138
2026-06-17 13:00:00+00:00,214.4,214.6,213.45,214.33,1023.41,222
2026-06-17 13:30:00+00:00,214.29,230.4,209.92,223.93,9826.91,2254
2026-06-17 14:00:00+00:00,223.61,230.42,221.9,224.16,4894.52,1497
2026-06-17 14:30:00+00:00,224.05,225.14,220.3,223.36,1809.05,857
2026-06-17 15:00:00+00:00,223.65,225.42,222.06,223.7,918.71,971
2026-06-17 15:30:00+00:00,223.89,225.48,222.92,224.68,698.29,514
2026-06-17 16:00:00+00:00,225.19,225.19,222.69,223.75,441.88,210
2026-06-17 16:30:00+00:00,223.61,224.32,221.83,222.07,242.82,219
2026-06-17 17:00:00+00:00,222.08,222.27,220.46,220.98,231.63,195
2026-06-17 17:30:00+00:00,220.83,221.46,220.43,221.08,92.88,113
2026-06-17 18:00:00+00:00,220.98,221.77,218.95,219.54,1135.4,448
2026-06-17 18:30:00+00:00,219.41,223.15,219.4,220.82,712.78,541
2026-06-17 19:00:00+00:00,221.26,221.59,217.82,217.9,1306.32,431
2026-06-17 19:30:00+00:00,218.36,218.36,213.02,213.85,528.6,372
2026-06-17 20:00:00+00:00,214.01,215.85,214.01,215.4,104.24,120
2026-06-17 20:30:00+00:00,215.46,215.84,215.44,215.55,287.06,61
2026-06-17 21:00:00+00:00,215.5,216.53,215.49,216.48,194.05,114
2026-06-17 21:30:00+00:00,216.49,216.49,215.94,216.03,311.76,148
2026-06-17 22:00:00+00:00,216.01,217.11,215.88,217.11,272.91,175
2026-06-17 22:30:00+00:00,217.21,217.39,216.94,217.05,100.53,60
2026-06-17 23:00:00+00:00,217.05,219.04,217.04,218.89,143.23,140
2026-06-17 23:30:00+00:00,218.87,218.99,218.14,218.32,57.23,98
2026-06-18 00:00:00+00:00,218.46,219.89,214.61,219.15,806.73,269
2026-06-18 00:30:00+00:00,219.13,219.68,218.87,219.1,299.38,107
2026-06-18 01:00:00+00:00,219.07,219.4,218.7,218.7,91.76,70
2026-06-18 01:30:00+00:00,219.34,219.35,218.53,218.74,532.24,85
2026-06-18 02:00:00+00:00,218.77,218.78,218.31,218.38,19.68,11
2026-06-18 02:30:00+00:00,218.3,218.76,218.17,218.76,115.08,34
2026-06-18 03:00:00+00:00,218.88,219.43,218.63,219.38,187.66,55
2026-06-18 03:30:00+00:00,219.36,219.44,218.91,219.03,267.18,48
2026-06-18 04:00:00+00:00,219.07,219.07,217.0,217.46,1520.18,145
2026-06-18 04:30:00+00:00,217.49,217.61,216.63,216.63,88.23,68
2026-06-18 05:00:00+00:00,216.75,217.0,216.71,216.94,77.42,62
2026-06-18 05:30:00+00:00,216.94,217.08,216.92,216.92,286.24,62
2026-06-18 06:00:00+00:00,217.02,217.26,217.0,217.26,45.18,47
2026-06-18 06:30:00+00:00,217.18,218.05,217.18,218.05,133.85,44
2026-06-18 07:00:00+00:00,218.07,218.72,217.91,218.72,198.73,84
2026-06-18 07:30:00+00:00,218.06,218.42,217.7,217.7,143.65,43
2026-06-18 08:00:00+00:00,218.43,219.28,217.53,218.48,420.35,186
2026-06-18 08:30:00+00:00,218.5,218.66,218.27,218.44,136.57,46
2026-06-18 09:00:00+00:00,218.46,219.12,218.29,219.06,136.03,42
2026-06-18 09:30:00+00:00,218.94,221.07,218.94,220.95,328.65,137
2026-06-18 10:00:00+00:00,220.95,221.44,220.39,220.57,275.56,104
2026-06-18 10:30:00+00:00,220.7,220.79,219.75,219.88,210.8,89
2026-06-18 11:00:00+00:00,219.62,219.79,218.54,218.74,197.93,135
2026-06-18 11:30:00+00:00,218.74,220.29,218.74,220.1,122.53,97
2026-06-18 12:00:00+00:00,220.15,220.75,219.35,220.74,392.79,94
2026-06-18 12:30:00+00:00,220.79,221.45,220.12,221.45,455.23,145
2026-06-18 13:00:00+00:00,221.3,221.49,219.69,220.31,1182.64,215
2026-06-18 13:30:00+00:00,220.4,224.42,215.27,216.04,4987.11,950
2026-06-18 14:00:00+00:00,216.21,232.7,216.16,230.66,2783.26,833
2026-06-18 14:30:00+00:00,230.82,240.65,230.82,240.63,2945.7,645
2026-06-18 15:00:00+00:00,240.39,244.88,235.19,236.3,3620.31,773
2026-06-18 15:30:00+00:00,236.65,236.89,232.65,234.0,4518.24,683
2026-06-18 16:00:00+00:00,233.99,234.28,229.46,230.57,30776.59,3175
2026-06-18 16:30:00+00:00,230.44,230.44,225.01,226.29,2728.33,731
2026-06-18 17:00:00+00:00,226.21,228.15,224.9,228.15,1216.33,419
2026-06-18 17:30:00+00:00,228.18,229.16,227.59,228.5,1187.04,305
2026-06-18 18:00:00+00:00,228.2,229.62,227.5,227.56,391.84,174
2026-06-18 18:30:00+00:00,227.42,229.48,227.22,228.7,760.31,340
2026-06-18 19:00:00+00:00,228.61,233.71,228.15,232.2,1380.71,351
2026-06-18 19:30:00+00:00,232.2,235.87,230.18,234.41,4254.0,741
2026-06-18 20:00:00+00:00,234.42,236.11,233.79,236.11,706.54,179
2026-06-18 20:30:00+00:00,235.82,237.04,235.74,236.9,407.93,167
2026-06-18 21:00:00+00:00,237.05,237.6,236.38,236.57,324.52,136
2026-06-18 21:30:00+00:00,236.23,236.88,236.19,236.67,1126.98,192
2026-06-18 22:00:00+00:00,236.8,236.83,235.94,236.16,100.13,58
2026-06-18 22:30:00+00:00,236.21,236.39,235.82,236.03,190.3,59
2026-06-18 23:00:00+00:00,236.09,236.62,236.08,236.54,77.97,59
2026-06-18 23:30:00+00:00,236.47,236.6,235.92,236.08,171.87,118
2026-06-19 00:00:00+00:00,236.21,237.43,236.01,236.74,258.22,253
2026-06-19 00:30:00+00:00,236.95,237.76,236.82,237.39,132.58,146
2026-06-19 01:00:00+00:00,237.5,237.57,235.31,236.66,372.36,221
2026-06-19 01:30:00+00:00,236.68,237.72,236.41,237.71,185.44,155
2026-06-19 02:00:00+00:00,237.71,238.02,236.42,236.42,207.9,145
2026-06-19 02:30:00+00:00,236.83,237.02,235.39,235.6,273.73,207
2026-06-19 03:00:00+00:00,235.62,235.7,233.41,234.49,282.38,224
2026-06-19 03:30:00+00:00,234.52,234.54,233.1,234.06,110.33,158
2026-06-19 04:00:00+00:00,233.99,235.03,232.33,232.58,831.23,601
2026-06-19 04:30:00+00:00,232.68,233.4,231.51,232.04,318.57,352
2026-06-19 05:00:00+00:00,232.15,232.32,230.97,232.32,123.55,144
2026-06-19 05:30:00+00:00,232.48,233.4,231.53,233.12,96.18,88
2026-06-19 06:00:00+00:00,232.93,233.85,232.74,233.6,74.85,75
2026-06-19 06:30:00+00:00,233.81,233.81,232.33,233.53,63.57,58
2026-06-19 07:00:00+00:00,233.61,234.33,233.01,233.31,68.88,65
2026-06-19 07:30:00+00:00,233.75,233.9,232.11,232.79,66.5,52
2026-06-19 08:00:00+00:00,232.55,233.38,232.16,233.21,61.08,52
2026-06-19 08:30:00+00:00,233.37,235.06,233.01,234.9,391.41,128
2026-06-19 09:00:00+00:00,235.11,235.49,231.89,231.97,321.89,285
2026-06-19 09:30:00+00:00,231.91,232.71,231.83,232.49,34.49,106
2026-06-19 10:00:00+00:00,232.33,232.99,231.93,232.96,51.58,91
2026-06-19 10:30:00+00:00,232.96,233.59,232.73,232.85,52.31,92
2026-06-19 11:00:00+00:00,232.71,233.1,232.22,232.65,49.84,103
2026-06-19 11:30:00+00:00,232.65,233.52,232.38,232.69,61.64,104
2026-06-19 12:00:00+00:00,232.69,233.3,231.6,231.73,75.31,120
2026-06-19 12:30:00+00:00,231.71,233.55,230.94,233.35,328.91,301
2026-06-19 13:00:00+00:00,233.36,236.37,232.99,235.3,651.67,383
2026-06-19 13:30:00+00:00,235.48,236.68,235.38,235.93,269.82,178
2026-06-19 14:00:00+00:00,235.76,236.41,235.24,235.81,157.53,129
2026-06-19 14:30:00+00:00,235.76,235.95,234.66,235.07,377.28,88
2026-06-19 15:00:00+00:00,234.71,235.26,234.46,234.66,34.21,46
2026-06-19 15:30:00+00:00,234.73,234.73,233.9,234.31,134.45,60
2026-06-19 16:00:00+00:00,234.01,234.8,233.99,234.78,51.38,36
2026-06-19 16:30:00+00:00,234.64,234.95,234.04,234.22,308.52,64
2026-06-19 17:00:00+00:00,233.75,233.78,232.87,233.15,186.6,102
2026-06-19 17:30:00+00:00,233.15,233.19,232.87,233.19,14.46,15
2026-06-19 18:00:00+00:00,232.87,232.87,232.5,232.5,49.7,45
2026-06-19 18:30:00+00:00,232.41,233.93,232.32,232.86,65.42,49
2026-06-19 19:00:00+00:00,232.81,233.33,232.81,233.26,64.65,45
2026-06-19 19:30:00+00:00,233.4,233.4,232.93,233.09,17.41,23
2026-06-19 20:00:00+00:00,232.98,233.87,232.72,233.5,195.21,95
2026-06-19 20:30:00+00:00,233.58,233.99,233.46,233.99,53.1,18
2026-06-19 21:00:00+00:00,233.62,233.96,233.49,233.58,32.38,72
2026-06-19 21:30:00+00:00,233.57,233.79,233.14,233.4,54.63,52
2026-06-19 22:00:00+00:00,233.19,233.7,233.01,233.67,8.45,18
2026-06-19 22:30:00+00:00,233.74,233.85,233.68,233.85,11.37,16
2026-06-19 23:00:00+00:00,233.89,234.08,233.89,234.07,14.31,23
2026-06-19 23:30:00+00:00,233.98,234.19,233.98,234.17,2.87,8
2026-06-20 00:00:00+00:00,234.19,234.44,234.07,234.3,77.03,49
2026-06-20 00:30:00+00:00,234.3,234.46,233.97,234.21,44.15,32
2026-06-20 01:00:00+00:00,234.2,234.21,233.58,233.88,53.12,39
2026-06-20 01:30:00+00:00,233.64,233.64,233.4,233.4,7.36,13
2026-06-20 02:00:00+00:00,233.4,233.5,233.4,233.42,16.37,32
2026-06-20 02:30:00+00:00,233.4,233.61,233.35,233.61,30.07,46
2026-06-20 03:00:00+00:00,233.36,233.42,232.53,232.8,10.09,34
2026-06-20 03:30:00+00:00,232.91,232.98,232.8,232.87,45.99,12
2026-06-20 04:00:00+00:00,232.99,233.12,232.36,233.12,35.22,37
2026-06-20 04:30:00+00:00,233.11,233.11,232.97,233.08,11.14,11
2026-06-20 05:00:00+00:00,233.29,233.93,233.29,233.44,16.18,27
2026-06-20 05:30:00+00:00,233.46,233.75,233.3,233.42,14.58,20
2026-06-20 06:00:00+00:00,233.56,234.14,233.36,234.08,22.15,34
2026-06-20 06:30:00+00:00,234.12,234.35,234.06,234.06,17.72,39
2026-06-20 07:00:00+00:00,233.85,233.95,232.88,233.2,19.18,40
2026-06-20 07:30:00+00:00,233.28,233.28,233.13,233.18,4.94,7
2026-06-20 08:00:00+00:00,233.21,234.61,233.18,234.2,50.27,54
2026-06-20 08:30:00+00:00,234.21,234.4,233.08,233.29,18.47,40
2026-06-20 09:00:00+00:00,233.29,233.53,233.24,233.24,22.31,41
2026-06-20 09:30:00+00:00,232.96,233.14,232.81,233.11,15.45,23
2026-06-20 10:00:00+00:00,233.03,233.03,232.93,232.93,0.42,4
2026-06-20 10:30:00+00:00,233.05,233.05,231.68,231.79,36.85,52
2026-06-20 11:00:00+00:00,231.68,232.22,231.48,231.63,61.13,60
2026-06-20 11:30:00+00:00,231.58,232.09,231.54,231.91,137.65,57
2026-06-20 12:00:00+00:00,231.83,231.96,231.71,231.93,6.4,18
2026-06-20 12:30:00+00:00,231.94,231.99,231.55,231.99,14.31,20
2026-06-20 13:00:00+00:00,232.16,232.16,230.65,230.86,43.1,51
2026-06-20 13:30:00+00:00,231.07,231.12,230.49,230.63,23.78,37
2026-06-20 14:00:00+00:00,230.41,230.67,230.33,230.43,132.15,59
2026-06-20 14:30:00+00:00,230.64,231.22,230.64,231.12,135.46,74
2026-06-20 15:00:00+00:00,231.27,231.29,230.09,230.14,507.39,125
2026-06-20 15:30:00+00:00,230.33,230.65,230.15,230.49,75.2,56
2026-06-20 16:00:00+00:00,230.43,230.45,230.29,230.37,10.13,26
2026-06-20 16:30:00+00:00,230.37,230.68,230.09,230.23,248.5,102
2026-06-20 17:00:00+00:00,230.0,230.05,229.71,229.8,81.64,63
2026-06-20 17:30:00+00:00,229.76,229.89,229.75,229.89,11.84,16
2026-06-20 18:00:00+00:00,229.89,229.98,229.81,229.95,8.46,15
2026-06-20 18:30:00+00:00,229.89,229.98,229.75,229.97,17.78,37
2026-06-20 19:00:00+00:00,229.78,230.06,229.78,230.06,4.99,9
2026-06-20 19:30:00+00:00,230.06,230.15,229.97,229.99,10.09,9
2026-06-20 20:00:00+00:00,230.09,230.15,230.09,230.15,0.31,5
2026-06-20 20:30:00+00:00,230.13,230.15,230.13,230.15,9.12,13
2026-06-20 21:00:00+00:00,230.2,230.51,230.11,230.17,56.96,45
2026-06-20 21:30:00+00:00,230.26,231.31,230.11,231.31,100.55,88
2026-06-20 22:00:00+00:00,231.21,231.65,231.21,231.65,53.48,75
2026-06-20 22:30:00+00:00,231.65,232.09,231.65,232.09,44.11,68
2026-06-20 23:00:00+00:00,232.09,232.27,232.09,232.25,12.53,60
2026-06-20 23:30:00+00:00,232.02,232.08,232.02,232.08,46.12,34
2026-06-21 00:00:00+00:00,232.09,232.22,231.88,231.88,44.51,93
2026-06-21 00:30:00+00:00,232.05,232.19,231.94,232.06,5.06,44
2026-06-21 01:00:00+00:00,232.06,232.1,231.85,231.93,11.05,69
2026-06-21 01:30:00+00:00,231.93,232.36,231.93,232.23,20.7,93
2026-06-21 02:00:00+00:00,232.23,233.24,232.15,233.24,86.64,132
2026-06-21 02:30:00+00:00,233.24,233.77,232.86,233.19,403.86,103
2026-06-21 03:00:00+00:00,233.1,233.19,233.1,233.19,0.53,4
2026-06-21 03:30:00+00:00,233.12,233.31,231.18,231.59,70.57,87
2026-06-21 04:00:00+00:00,231.85,232.38,231.84,232.31,17.17,19
2026-06-21 04:30:00+00:00,232.41,232.67,232.14,232.61,49.7,96
2026-06-21 05:00:00+00:00,232.59,233.29,232.59,233.03,57.62,49
2026-06-21 05:30:00+00:00,233.06,233.11,233.04,233.08,4.08,21
2026-06-21 06:00:00+00:00,233.27,233.61,232.85,233.61,13.7,27
2026-06-21 06:30:00+00:00,233.61,234.03,233.36,233.64,29.05,36
2026-06-21 07:00:00+00:00,233.58,234.13,233.58,233.91,85.18,43
2026-06-21 07:30:00+00:00,233.61,234.31,233.61,234.17,761.13,120
2026-06-21 08:00:00+00:00,234.15,236.77,234.15,235.12,251.91,162
2026-06-21 08:30:00+00:00,235.09,235.3,234.68,234.98,13.12,26
2026-06-21 09:00:00+00:00,235.23,235.4,235.21,235.37,10.45,21
2026-06-21 09:30:00+00:00,235.54,235.67,235.32,235.6,96.18,66
2026-06-21 10:00:00+00:00,235.68,235.85,235.46,235.7,11.36,29
2026-06-21 10:30:00+00:00,235.64,235.78,235.5,235.59,12.08,25
2026-06-21 11:00:00+00:00,235.75,236.16,235.73,236.16,62.32,112
2026-06-21 11:30:00+00:00,236.2,236.69,236.04,236.69,139.46,80
2026-06-21 12:00:00+00:00,236.45,236.51,236.0,236.5,92.62,110
2026-06-21 12:30:00+00:00,236.5,236.64,236.29,236.49,67.46,229
2026-06-21 13:00:00+00:00,236.45,238.99,236.35,238.81,969.02,546
2026-06-21 13:30:00+00:00,238.77,239.99,234.29,236.07,4036.86,665
2026-06-21 14:00:00+00:00,236.09,236.09,235.28,235.28,76.06,53
2026-06-21 14:30:00+00:00,235.29,235.79,234.97,235.36,270.23,90
2026-06-21 15:00:00+00:00,235.26,235.45,235.15,235.3,12.52,18
2026-06-21 15:30:00+00:00,235.28,235.92,235.18,235.66,18.52,38
2026-06-21 16:00:00+00:00,235.55,235.55,234.85,234.96,49.9,60
2026-06-21 16:30:00+00:00,234.96,234.99,234.75,234.92,50.18,21
2026-06-21 17:00:00+00:00,234.92,235.27,234.85,234.86,503.2,64
2026-06-21 17:30:00+00:00,234.86,234.99,234.86,234.99,44.47,9
2026-06-21 18:00:00+00:00,234.86,234.94,234.86,234.87,38.77,62
2026-06-21 18:30:00+00:00,234.87,235.43,234.86,235.36,13.38,18
2026-06-21 19:00:00+00:00,235.17,235.19,235.06,235.07,4.72,11
2026-06-21 19:30:00+00:00,235.07,235.4,235.07,235.4,16.99,14
2026-06-21 20:00:00+00:00,235.32,235.32,235.3,235.3,0.66,2
2026-06-21 20:30:00+00:00,235.38,235.38,232.94,232.99,1096.34,206
2026-06-21 21:00:00+00:00,232.94,233.34,232.42,232.94,47.61,52
2026-06-21 21:30:00+00:00,232.94,233.53,232.67,232.98,125.92,92
2026-06-21 22:00:00+00:00,232.76,233.24,231.55,232.39,114.82,99
2026-06-21 22:30:00+00:00,232.19,232.45,231.77,231.98,85.13,60
2026-06-21 23:00:00+00:00,231.92,231.92,230.3,231.0,164.83,136
2026-06-21 23:30:00+00:00,230.94,230.94,230.0,230.4,195.35,219
2026-06-22 00:00:00+00:00,230.78,231.65,227.74,230.86,1856.97,606
2026-06-22 00:30:00+00:00,230.87,235.35,230.86,235.11,1373.05,323
2026-06-22 01:00:00+00:00,235.09,236.85,234.67,236.81,936.05,380
2026-06-22 01:30:00+00:00,236.74,236.83,234.95,234.95,517.44,126
2026-06-22 02:00:00+00:00,235.19,235.28,234.16,234.22,540.71,152
2026-06-22 02:30:00+00:00,234.27,234.34,232.88,233.29,786.01,131
2026-06-22 03:00:00+00:00,233.27,233.57,232.03,232.84,429.71,114
2026-06-22 03:30:00+00:00,233.04,233.89,232.7,232.71,584.82,167
2026-06-22 04:00:00+00:00,232.72,232.84,232.0,232.08,190.89,66
2026-06-22 04:30:00+00:00,231.93,232.77,231.84,232.77,177.83,71
2026-06-22 05:00:00+00:00,232.86,233.37,232.76,233.19,382.81,112
2026-06-22 05:30:00+00:00,232.94,234.08,232.9,234.08,580.8,112
2026-06-22 06:00:00+00:00,234.02,235.78,234.02,235.5,1062.04,268
2026-06-22 06:30:00+00:00,235.42,236.41,234.72,235.62,318.63,134
2026-06-22 07:00:00+00:00,235.78,236.43,235.78,236.4,386.03,102
2026-06-22 07:30:00+00:00,236.14,236.43,235.26,235.41,419.1,179
2026-06-22 08:00:00+00:00,235.28,235.67,233.42,233.43,860.57,257
2026-06-22 08:30:00+00:00,233.37,234.35,233.28,234.35,130.0,54
2026-06-22 09:00:00+00:00,234.21,234.72,234.21,234.72,48.32,56
2026-06-22 09:30:00+00:00,234.74,235.75,234.74,235.63,2074.35,304
2026-06-22 10:00:00+00:00,235.6,236.23,234.73,234.76,940.85,269
2026-06-22 10:30:00+00:00,234.77,234.77,234.04,234.6,181.22,63
2026-06-22 11:00:00+00:00,234.65,236.37,234.45,235.27,1286.05,337
2026-06-22 11:30:00+00:00,235.27,236.68,234.78,235.32,3193.22,338
2026-06-22 12:00:00+00:00,235.24,236.2,234.93,235.73,294.78,179
2026-06-22 12:30:00+00:00,235.68,236.28,235.57,236.15,487.14,143
2026-06-22 13:00:00+00:00,236.5,237.86,235.91,237.18,981.0,240
2026-06-22 13:30:00+00:00,237.06,241.24,229.81,239.73,9143.9,1295
2026-06-22 14:00:00+00:00,239.72,241.23,234.82,235.01,6040.74,894
2026-06-22 14:30:00+00:00,235.02,235.1,229.38,230.67,5047.73,737
2026-06-22 15:00:00+00:00,230.66,232.67,227.4,229.09,19477.63,1086
2026-06-22 15:30:00+00:00,229.11,229.2,227.73,228.23,4937.52,509
2026-06-22 16:00:00+00:00,228.22,228.56,225.81,226.04,1064.98,236
2026-06-22 16:30:00+00:00,226.19,227.8,224.06,227.78,4111.85,494
2026-06-22 17:00:00+00:00,227.79,229.82,226.47,229.41,1995.27,306
2026-06-22 17:30:00+00:00,229.29,231.66,229.02,231.49,1072.34,170
2026-06-22 18:00:00+00:00,231.36,233.26,230.73,230.96,1626.46,177
2026-06-22 18:30:00+00:00,231.03,232.09,230.19,230.97,981.14,185
2026-06-22 19:00:00+00:00,231.13,232.4,227.28,228.24,1031.55,280
2026-06-22 19:30:00+00:00,228.38,229.24,223.89,224.08,2516.95,536
2026-06-22 20:00:00+00:00,223.92,225.48,223.92,225.41,1290.97,331
2026-06-22 20:30:00+00:00,225.4,225.51,224.69,224.9,415.61,149
2026-06-22 21:00:00+00:00,224.76,225.46,224.64,225.2,312.83,232
2026-06-22 21:30:00+00:00,225.2,228.09,225.06,226.79,3261.01,522
2026-06-22 22:00:00+00:00,226.8,226.8,225.31,225.37,642.38,234
2026-06-22 22:30:00+00:00,225.32,225.7,224.98,225.66,553.16,222
2026-06-22 23:00:00+00:00,225.32,225.36,224.51,225.13,416.96,173
2026-06-22 23:30:00+00:00,225.15,225.52,225.0,225.05,481.85,112
2026-06-23 00:00:00+00:00,224.91,225.0,220.64,220.89,4537.07,526
2026-06-23 00:30:00+00:00,220.87,222.67,219.29,222.28,2814.1,582
2026-06-23 01:00:00+00:00,222.35,222.51,221.91,222.21,116.02,100
2026-06-23 01:30:00+00:00,222.09,222.24,218.62,218.83,2318.45,561
2026-06-23 02:00:00+00:00,218.78,220.08,216.25,220.08,1477.98,400
2026-06-23 02:30:00+00:00,220.24,221.49,219.69,221.06,217.82,146
2026-06-23 03:00:00+00:00,221.1,221.1,216.52,217.86,3093.57,504
2026-06-23 03:30:00+00:00,217.7,218.68,214.64,218.67,1206.91,499
2026-06-23 04:00:00+00:00,218.73,219.29,217.79,218.58,1001.29,197
2026-06-23 04:30:00+00:00,218.52,218.67,217.34,217.38,314.17,168
2026-06-23 05:00:00+00:00,216.96,217.58,215.01,215.09,675.47,267
2026-06-23 05:30:00+00:00,214.9,215.43,212.99,214.59,1018.89,317
2026-06-23 06:00:00+00:00,214.52,214.75,212.93,213.64,484.61,208
2026-06-23 06:30:00+00:00,213.0,217.33,213.0,216.28,839.17,355
2026-06-23 07:00:00+00:00,216.29,217.21,216.04,217.1,327.31,176
2026-06-23 07:30:00+00:00,216.97,216.97,214.83,215.26,402.37,226
2026-06-23 08:00:00+00:00,214.99,216.52,212.96,214.35,785.84,527
2026-06-23 08:30:00+00:00,214.38,215.62,214.24,215.35,1437.26,289
2026-06-23 09:00:00+00:00,215.45,216.46,215.43,216.46,202.26,97
2026-06-23 09:30:00+00:00,216.25,216.46,215.25,215.5,1096.12,175
2026-06-23 10:00:00+00:00,215.52,216.29,214.52,214.65,923.08,185
2026-06-23 10:30:00+00:00,214.5,214.87,213.93,214.13,501.91,134
2026-06-23 11:00:00+00:00,214.33,217.73,214.33,216.22,1828.49,377
2026-06-23 11:30:00+00:00,216.14,218.5,216.13,217.62,197.35,112
2026-06-23 12:00:00+00:00,217.22,217.89,214.89,215.37,970.43,177
2026-06-23 12:30:00+00:00,215.3,215.47,213.74,213.77,489.58,264
2026-06-23 13:00:00+00:00,213.75,214.53,212.0,214.33,1862.01,507
2026-06-23 13:30:00+00:00,214.33,222.8,210.0,222.16,17497.67,2421
2026-06-23 14:00:00+00:00,222.1,223.56,218.31,220.25,6179.93,1102
2026-06-23 14:30:00+00:00,220.53,222.04,214.31,214.81,6444.67,1005
2026-06-23 15:00:00+00:00,214.92,215.64,212.81,214.39,4566.57,612
2026-06-23 15:30:00+00:00,214.47,215.6,213.55,215.41,1858.43,453
2026-06-23 16:00:00+00:00,215.56,222.44,215.56,222.36,3028.98,521
2026-06-23 16:30:00+00:00,222.36,229.21,222.36,226.12,8569.22,1129
2026-06-23 17:00:00+00:00,226.39,228.38,223.3,228.14,1726.24,485
2026-06-23 17:30:00+00:00,228.14,236.47,226.85,232.29,5452.62,1090
2026-06-23 18:00:00+00:00,231.74,235.37,229.27,231.41,4568.03,956
2026-06-23 18:30:00+00:00,231.24,231.53,226.09,228.51,4121.44,837
2026-06-23 19:00:00+00:00,228.31,235.89,227.53,235.15,4495.4,990
2026-06-23 19:30:00+00:00,234.83,235.47,226.48,226.85,5848.45,1006
2026-06-23 20:00:00+00:00,226.97,231.4,224.27,229.17,15940.34,1929
2026-06-23 20:30:00+00:00,229.26,236.41,203.3,209.94,70932.38,5842
2026-06-23 21:00:00+00:00,210.5,211.97,203.41,205.27,23721.07,2523
2026-06-23 21:30:00+00:00,205.27,208.61,202.0,203.01,6443.66,1110
2026-06-23 22:00:00+00:00,203.14,204.56,199.68,202.37,12913.88,1342
2026-06-23 22:30:00+00:00,202.36,203.36,201.09,201.75,5537.98,720
2026-06-23 23:00:00+00:00,201.75,202.03,199.33,200.37,4873.63,646
2026-06-23 23:30:00+00:00,200.47,201.25,200.11,200.8,1232.9,350
2026-06-24 00:00:00+00:00,201.09,201.68,198.72,201.44,5176.13,1289
2026-06-24 00:30:00+00:00,201.63,202.8,201.63,201.9,1175.38,656
2026-06-24 01:00:00+00:00,201.9,202.13,201.02,201.4,940.17,633
2026-06-24 01:30:00+00:00,201.47,201.78,200.28,201.62,1132.4,697
2026-06-24 02:00:00+00:00,201.68,202.01,201.33,202.01,444.76,410
2026-06-24 02:30:00+00:00,202.0,202.15,201.46,202.15,241.98,692
2026-06-24 03:00:00+00:00,202.07,202.73,201.79,202.73,635.22,1244
2026-06-24 03:30:00+00:00,202.65,204.76,202.65,203.9,1467.3,1332
2026-06-24 04:00:00+00:00,203.96,204.17,201.0,201.0,1853.35,963
2026-06-24 04:30:00+00:00,201.16,201.95,199.23,200.7,2402.67,1265
2026-06-24 05:00:00+00:00,200.7,202.17,200.62,201.2,943.41,1174
2026-06-24 05:30:00+00:00,200.91,201.89,200.86,201.06,408.79,138
2026-06-24 06:00:00+00:00,201.01,201.71,201.0,201.2,1088.13,280
2026-06-24 06:30:00+00:00,201.17,202.69,201.14,202.33,1066.36,939
2026-06-24 07:00:00+00:00,202.22,202.78,201.24,201.9,1418.04,832
2026-06-24 07:30:00+00:00,201.8,202.17,199.98,200.18,539.4,319
2026-06-24 08:00:00+00:00,200.48,201.77,196.0,197.28,6915.87,1373
2026-06-24 08:30:00+00:00,197.27,197.9,193.38,193.98,4169.34,1166
2026-06-24 09:00:00+00:00,193.98,195.73,192.99,194.34,3135.94,927
2026-06-24 09:30:00+00:00,194.27,195.22,193.23,193.37,744.45,330
2026-06-24 10:00:00+00:00,193.4,198.25,193.38,197.35,3406.58,701
2026-06-24 10:30:00+00:00,197.22,198.61,196.22,198.35,733.33,392
2026-06-24 11:00:00+00:00,198.61,204.32,198.39,202.31,5111.98,1075
2026-06-24 11:30:00+00:00,202.2,204.95,202.2,202.76,2278.56,647
2026-06-24 12:00:00+00:00,203.05,210.92,200.64,206.82,6652.02,1430
2026-06-24 12:30:00+00:00,206.71,207.67,203.92,205.02,2943.06,742
2026-06-24 13:00:00+00:00,205.1,210.27,201.93,209.1,7691.99,1504
2026-06-24 13:30:00+00:00,209.25,209.25,191.25,195.45,23302.64,2618
2026-06-24 14:00:00+00:00,195.14,198.17,188.67,190.87,14423.84,1431
2026-06-24 14:30:00+00:00,190.95,193.3,188.81,189.72,8437.1,1043
2026-06-24 15:00:00+00:00,189.72,192.14,189.28,190.51,3577.12,1009
2026-06-24 15:30:00+00:00,190.54,191.86,185.23,186.59,8944.49,1202
2026-06-24 16:00:00+00:00,186.6,192.21,186.6,192.21,5464.54,837
2026-06-24 16:30:00+00:00,192.28,192.28,188.29,189.9,2482.19,492
2026-06-24 17:00:00+00:00,189.85,190.67,187.25,187.47,3483.5,540
2026-06-24 17:30:00+00:00,187.37,188.17,185.38,185.38,1233.21,538
2026-06-24 18:00:00+00:00,185.41,188.78,185.4,187.87,2178.78,549
2026-06-24 18:30:00+00:00,187.88,188.33,186.09,186.49,1186.44,265
2026-06-24 19:00:00+00:00,186.5,186.5,184.93,185.65,1805.79,566
2026-06-24 19:30:00+00:00,185.53,186.68,181.44,182.29,8717.58,1008
2026-06-24 20:00:00+00:00,182.46,185.75,181.94,185.35,5507.31,1008
2026-06-24 20:30:00+00:00,185.22,186.68,184.36,185.03,2161.61,616
2026-06-24 21:00:00+00:00,185.04,185.63,182.88,184.85,2879.02,643
2026-06-24 21:30:00+00:00,184.91,185.96,184.53,185.96,1580.52,391
2026-06-24 22:00:00+00:00,185.97,186.86,185.4,186.53,3041.82,502
2026-06-24 22:30:00+00:00,186.56,189.56,186.56,188.15,2193.68,523
2026-06-24 23:00:00+00:00,188.16,188.2,187.43,188.08,377.12,227
2026-06-24 23:30:00+00:00,188.01,188.14,187.23,187.86,852.47,174
2026-06-25 00:00:00+00:00,187.83,190.74,187.4,187.64,1479.4,1046
2026-06-25 00:30:00+00:00,187.86,188.34,185.3,185.57,999.98,828
2026-06-25 01:00:00+00:00,185.47,186.7,185.35,186.1,402.59,386
2026-06-25 01:30:00+00:00,186.1,186.61,186.02,186.23,1332.26,415
2026-06-25 02:00:00+00:00,186.23,186.3,185.0,186.02,627.17,775
2026-06-25 02:30:00+00:00,186.02,186.56,185.89,186.31,168.25,371
2026-06-25 03:00:00+00:00,186.26,186.35,185.15,185.38,277.64,437
2026-06-25 03:30:00+00:00,185.51,186.24,185.01,185.97,461.87,584
2026-06-25 04:00:00+00:00,185.97,186.36,185.62,185.87,213.49,598
2026-06-25 04:30:00+00:00,185.81,186.14,185.35,186.14,289.87,416
2026-06-25 05:00:00+00:00,186.12,186.62,185.83,186.44,1892.54,593
2026-06-25 05:30:00+00:00,186.3,186.58,186.07,186.26,492.91,281
2026-06-25 06:00:00+00:00,186.29,187.09,186.16,186.96,234.05,277
2026-06-25 06:30:00+00:00,187.1,187.52,186.21,186.29,190.08,214
2026-06-25 07:00:00+00:00,186.47,186.7,186.18,186.24,102.33,90
2026-06-25 07:30:00+00:00,186.25,186.54,185.45,185.57,416.07,467
2026-06-25 08:00:00+00:00,185.63,187.26,185.3,185.72,4690.06,941
2026-06-25 08:30:00+00:00,185.81,186.58,185.64,185.87,211.33,131
2026-06-25 09:00:00+00:00,185.87,186.51,185.67,185.83,178.0,124
2026-06-25 09:30:00+00:00,185.68,185.68,184.19,184.2,521.49,222
2026-06-25 10:00:00+00:00,184.33,186.17,184.13,186.14,1047.24,341
2026-06-25 10:30:00+00:00,186.17,186.17,185.35,185.35,1136.7,359
2026-06-25 11:00:00+00:00,185.4,186.66,183.15,183.27,2099.76,658
2026-06-25 11:30:00+00:00,183.33,185.43,183.32,184.28,979.05,481
2026-06-25 12:00:00+00:00,184.37,191.93,184.31,187.91,9949.65,1942
2026-06-25 12:30:00+00:00,187.91,188.51,186.01,186.1,2585.22,760
2026-06-25 13:00:00+00:00,186.19,192.83,185.63,189.32,10115.2,1557
2026-06-25 13:30:00+00:00,189.27,189.27,163.15,163.61,27132.32,4180
2026-06-25 14:00:00+00:00,163.61,169.89,161.49,166.23,23022.0,3653
2026-06-25 14:30:00+00:00,166.55,168.65,164.94,167.51,11167.06,1688
2026-06-25 15:00:00+00:00,167.68,172.4,165.9,171.89,5847.04,1098
2026-06-25 15:30:00+00:00,171.94,173.0,168.15,168.27,2220.41,548
2026-06-25 16:00:00+00:00,168.6,175.2,168.1,173.73,6882.28,847
2026-06-25 16:30:00+00:00,173.77,173.82,170.7,171.67,3624.82,1110
2026-06-25 17:00:00+00:00,171.51,172.51,170.78,171.54,2008.46,597
2026-06-25 17:30:00+00:00,171.4,172.86,170.35,172.16,1439.96,401
2026-06-25 18:00:00+00:00,172.07,172.56,170.52,171.89,933.1,358
2026-06-25 18:30:00+00:00,171.98,171.98,167.63,167.68,1707.46,410
2026-06-25 19:00:00+00:00,167.68,168.11,165.87,166.24,1246.01,413
2026-06-25 19:30:00+00:00,166.11,168.75,164.98,168.69,1621.44,337
2026-06-25 20:00:00+00:00,168.36,170.87,167.97,169.75,1574.27,386
2026-06-25 20:30:00+00:00,169.74,169.79,168.68,169.07,689.25,253
2026-06-25 21:00:00+00:00,169.15,169.52,168.94,169.35,1166.27,243
2026-06-25 21:30:00+00:00,169.35,169.96,169.26,169.67,510.67,166
2026-06-25 22:00:00+00:00,169.51,169.53,168.29,168.44,1138.22,173
2026-06-25 22:30:00+00:00,168.44,168.48,166.75,167.91,402.58,166
2026-06-25 23:00:00+00:00,168.01,169.04,167.76,169.0,156.38,136
2026-06-25 23:30:00+00:00,169.01,169.22,168.14,168.95,486.09,150
2026-06-26 00:00:00+00:00,168.93,171.43,168.04,168.43,2127.84,1523
2026-06-26 00:30:00+00:00,168.47,168.67,167.74,167.98,199.24,519
2026-06-26 01:00:00+00:00,167.89,168.11,166.21,166.51,556.64,1124
2026-06-26 01:30:00+00:00,166.42,166.77,165.53,166.02,202.0,445
2026-06-26 02:00:00+00:00,166.0,166.01,163.6,164.53,1208.88,687
2026-06-26 02:30:00+00:00,164.47,164.66,163.23,164.0,2042.62,658
2026-06-26 03:00:00+00:00,163.98,163.98,162.88,163.08,470.08,592
2026-06-26 03:30:00+00:00,162.95,164.44,162.27,164.3,2564.93,1123
2026-06-26 04:00:00+00:00,164.53,165.56,163.95,164.41,1781.96,703
2026-06-26 04:30:00+00:00,164.52,164.85,163.33,163.98,972.99,779
2026-06-26 05:00:00+00:00,164.04,164.78,163.76,164.59,505.61,553
2026-06-26 05:30:00+00:00,164.58,165.11,164.08,164.67,158.7,355
2026-06-26 06:00:00+00:00,164.62,164.9,163.83,164.7,347.91,510
2026-06-26 06:30:00+00:00,164.67,166.61,164.55,165.78,444.64,502
2026-06-26 07:00:00+00:00,165.86,166.7,165.63,166.02,322.62,489
2026-06-26 07:30:00+00:00,166.03,166.69,165.92,166.69,362.99,603
2026-06-26 08:00:00+00:00,166.68,167.04,164.97,165.15,318.02,182
2026-06-26 08:30:00+00:00,165.14,165.14,164.34,164.68,326.83,187
2026-06-26 09:00:00+00:00,164.71,164.98,164.0,164.27,1223.25,136
2026-06-26 09:30:00+00:00,164.06,164.06,162.96,163.25,1375.11,407
2026-06-26 10:00:00+00:00,163.21,163.96,162.61,163.76,787.41,257
2026-06-26 10:30:00+00:00,163.89,165.13,163.89,164.36,776.03,255
2026-06-26 11:00:00+00:00,164.29,165.96,164.24,165.05,820.0,216
2026-06-26 11:30:00+00:00,165.05,166.04,165.05,165.57,150.83,88
2026-06-26 12:00:00+00:00,165.43,165.46,164.86,165.0,172.79,93
2026-06-26 12:30:00+00:00,165.0,165.0,163.96,163.96,586.19,152
2026-06-26 13:00:00+00:00,163.97,164.62,161.63,162.82,3481.55,518
2026-06-26 13:30:00+00:00,162.97,166.24,160.76,164.89,13088.17,1917
2026-06-26 14:00:00+00:00,165.02,169.44,165.02,168.43,5866.76,629
2026-06-26 14:30:00+00:00,168.49,172.97,166.98,172.92,3299.35,504
2026-06-26 15:00:00+00:00,173.29,174.46,171.24,173.42,2701.55,420
2026-06-26 15:30:00+00:00,173.45,175.54,172.83,172.96,1662.8,285
2026-06-26 16:00:00+00:00,173.12,173.43,170.5,172.83,2933.15,335
2026-06-26 16:30:00+00:00,173.09,174.69,172.28,174.15,1565.41,258
2026-06-26 17:00:00+00:00,174.18,179.57,174.18,179.45,18661.72,1291
2026-06-26 17:30:00+00:00,179.26,181.85,177.96,179.82,6212.62,672
2026-06-26 18:00:00+00:00,179.99,183.01,179.25,182.11,7562.21,834
2026-06-26 18:30:00+00:00,182.44,183.81,180.3,180.94,6052.17,963
2026-06-26 19:00:00+00:00,180.9,182.42,177.35,180.37,5801.29,780
2026-06-26 19:30:00+00:00,180.29,182.54,179.42,181.81,4968.13,777
2026-06-26 20:00:00+00:00,181.7,182.44,180.8,181.3,795.53,216
2026-06-26 20:30:00+00:00,181.73,182.03,180.93,181.2,171.2,80
2026-06-26 21:00:00+00:00,181.3,181.36,180.01,180.33,254.24,124
2026-06-26 21:30:00+00:00,180.47,181.21,180.27,181.01,1512.89,299
2026-06-26 22:00:00+00:00,181.13,181.47,180.96,181.38,178.01,101
2026-06-26 22:30:00+00:00,181.38,181.86,180.69,181.86,1545.23,205
2026-06-26 23:00:00+00:00,181.8,182.4,181.59,182.11,805.23,137
2026-06-26 23:30:00+00:00,182.13,182.13,181.28,181.43,49.34,24
2026-06-27 00:00:00+00:00,181.39,182.48,181.38,182.25,132.06,64
2026-06-27 00:30:00+00:00,182.29,182.36,181.97,182.3,156.39,63
2026-06-27 01:00:00+00:00,182.25,182.25,180.94,181.2,287.24,90
2026-06-27 01:30:00+00:00,180.98,181.02,180.59,180.99,78.31,45
2026-06-27 02:00:00+00:00,180.99,182.5,180.96,182.28,848.21,137
2026-06-27 02:30:00+00:00,182.52,182.64,182.23,182.45,241.31,85
2026-06-27 03:00:00+00:00,182.23,182.73,181.61,182.11,1117.49,407
2026-06-27 03:30:00+00:00,182.11,182.3,181.78,181.8,7.24,16
2026-06-27 04:00:00+00:00,181.81,181.93,181.51,181.7,16.82,16
2026-06-27 04:30:00+00:00,181.74,181.83,181.43,181.72,34.03,35
2026-06-27 05:00:00+00:00,181.49,181.49,179.82,180.69,452.61,151
2026-06-27 05:30:00+00:00,180.41,180.53,179.87,180.31,80.84,155
2026-06-27 06:00:00+00:00,180.31,186.99,180.16,186.48,3824.47,893
2026-06-27 06:30:00+00:00,186.53,195.37,186.53,193.6,21951.6,3741
2026-06-27 07:00:00+00:00,193.49,194.07,190.85,191.35,3333.62,1723
2026-06-27 07:30:00+00:00,191.35,194.15,190.19,190.57,3080.32,1461
2026-06-27 08:00:00+00:00,190.89,194.61,190.89,193.66,3067.94,1703
2026-06-27 08:30:00+00:00,193.46,193.72,190.1,191.94,1183.38,939
2026-06-27 09:00:00+00:00,191.92,193.18,191.58,192.47,1149.13,792
2026-06-27 09:30:00+00:00,192.47,193.35,191.98,193.34,400.14,582
2026-06-27 10:00:00+00:00,193.26,193.55,192.24,192.54,601.15,528
2026-06-27 10:30:00+00:00,192.74,194.32,192.03,194.29,640.83,517
2026-06-27 11:00:00+00:00,194.36,195.02,193.59,194.08,1549.01,816
2026-06-27 11:30:00+00:00,194.01,194.24,188.46,190.6,8888.53,1276
2026-06-27 12:00:00+00:00,190.59,191.21,189.34,190.22,1795.48,636
2026-06-27 12:30:00+00:00,190.17,190.67,188.65,190.29,1185.98,544
2026-06-27 13:00:00+00:00,190.25,191.73,190.19,191.03,862.8,489
2026-06-27 13:30:00+00:00,191.2,191.34,189.78,190.6,751.79,345
2026-06-27 14:00:00+00:00,190.59,192.24,190.5,191.35,811.71,453
2026-06-27 14:30:00+00:00,191.32,191.87,190.84,191.41,209.82,181
2026-06-27 15:00:00+00:00,191.37,192.62,191.02,191.98,501.8,358
2026-06-27 15:30:00+00:00,191.98,192.4,191.37,192.07,556.86,217
2026-06-27 16:00:00+00:00,192.36,192.42,191.29,191.45,485.07,205
2026-06-27 16:30:00+00:00,191.47,191.79,191.36,191.61,272.69,76
2026-06-27 17:00:00+00:00,191.73,191.88,190.81,191.09,221.88,67
2026-06-27 17:30:00+00:00,191.15,191.38,190.94,191.12,355.51,128
2026-06-27 18:00:00+00:00,190.9,191.03,190.67,190.88,257.33,161
2026-06-27 18:30:00+00:00,190.94,190.99,190.71,190.98,189.01,123
2026-06-27 19:00:00+00:00,190.98,191.54,190.0,190.78,410.09,375
2026-06-27 19:30:00+00:00,190.75,191.63,190.44,190.99,292.21,201
2026-06-27 20:00:00+00:00,191.14,193.56,191.14,193.21,755.2,367
2026-06-27 20:30:00+00:00,193.18,193.7,192.69,193.69,819.95,338
2026-06-27 21:00:00+00:00,193.61,194.0,192.71,192.91,2103.21,536
2026-06-27 21:30:00+00:00,192.94,194.76,191.47,194.47,2086.02,503
2026-06-27 22:00:00+00:00,194.33,199.63,193.79,196.32,7759.53,1921
2026-06-27 22:30:00+00:00,196.48,198.08,195.43,196.07,3655.14,756
2026-06-27 23:00:00+00:00,196.04,196.19,193.5,194.09,1351.02,494
2026-06-27 23:30:00+00:00,194.04,195.3,194.04,194.92,1069.03,320
2026-06-28 00:00:00+00:00,194.81,196.24,194.66,195.77,349.12,209
2026-06-28 00:30:00+00:00,196.0,196.18,195.3,195.55,643.84,190
2026-06-28 01:00:00+00:00,195.51,195.51,193.5,194.29,444.05,167
2026-06-28 01:30:00+00:00,194.35,194.8,194.2,194.78,299.95,129
2026-06-28 02:00:00+00:00,194.81,196.3,194.81,196.1,298.5,152
2026-06-28 02:30:00+00:00,196.03,196.03,194.87,195.66,295.32,77
2026-06-28 03:00:00+00:00,195.66,196.37,195.42,196.05,706.87,148
2026-06-28 03:30:00+00:00,196.01,196.23,195.35,195.52,464.17,155
2026-06-28 04:00:00+00:00,195.52,195.55,194.38,194.57,173.36,129
2026-06-28 04:30:00+00:00,194.59,194.88,193.59,194.07,245.73,230
2026-06-28 05:00:00+00:00,194.05,194.17,191.83,192.49,2896.84,340
2026-06-28 05:30:00+00:00,192.59,193.85,192.1,193.71,1404.83,259
2026-06-28 06:00:00+00:00,193.63,193.82,192.7,193.28,299.8,69
2026-06-28 06:30:00+00:00,193.16,193.16,192.39,192.43,50.74,42
2026-06-28 07:00:00+00:00,192.44,193.02,192.43,192.56,13.89,17
2026-06-28 07:30:00+00:00,192.86,195.64,192.86,194.55,295.21,136
2026-06-28 08:00:00+00:00,194.8,195.25,194.09,194.98,117.05,60
2026-06-28 08:30:00+00:00,194.95,195.57,194.3,194.48,378.38,130
2026-06-28 09:00:00+00:00,194.37,195.07,193.93,195.0,273.7,149
2026-06-28 09:30:00+00:00,195.0,195.09,194.32,194.5,68.3,89
2026-06-28 10:00:00+00:00,194.5,194.7,194.11,194.53,76.46,101
2026-06-28 10:30:00+00:00,194.53,194.96,194.27,194.96,54.37,42
2026-06-28 11:00:00+00:00,194.85,194.85,194.57,194.57,826.94,145
2026-06-28 11:30:00+00:00,194.57,194.64,194.57,194.57,183.29,123
2026-06-28 12:00:00+00:00,194.57,194.59,192.51,193.06,264.87,223
2026-06-28 12:30:00+00:00,193.03,193.13,192.22,192.63,336.86,140
2026-06-28 13:00:00+00:00,192.66,192.66,191.49,192.39,500.38,191
2026-06-28 13:30:00+00:00,192.45,192.46,191.74,191.8,191.3,141
2026-06-28 14:00:00+00:00,191.8,192.42,191.29,191.84,214.93,112
2026-06-28 14:30:00+00:00,191.79,192.02,191.61,191.61,62.67,44
2026-06-28 15:00:00+00:00,191.57,192.17,191.44,191.84,193.46,99
2026-06-28 15:30:00+00:00,191.86,192.0,191.49,191.58,64.92,32
2026-06-28 16:00:00+00:00,191.52,191.69,191.15,191.69,266.28,92
2026-06-28 16:30:00+00:00,191.56,192.0,191.35,191.98,221.72,69
2026-06-28 17:00:00+00:00,191.96,191.96,191.56,191.69,40.98,47
2026-06-28 17:30:00+00:00,191.61,191.85,191.14,191.5,310.59,135
2026-06-28 18:00:00+00:00,191.69,191.8,191.61,191.8,183.03,44
2026-06-28 18:30:00+00:00,191.85,192.0,191.68,191.91,58.27,47
2026-06-28 19:00:00+00:00,192.01,192.07,191.7,191.84,172.07,61
2026-06-28 19:30:00+00:00,191.65,191.73,190.91,190.91,596.22,138
2026-06-28 20:00:00+00:00,191.0,191.83,190.97,191.73,495.12,138
2026-06-28 20:30:00+00:00,191.64,191.7,191.26,191.7,307.53,75
2026-06-28 21:00:00+00:00,191.7,191.93,191.37,191.84,201.59,75
2026-06-28 21:30:00+00:00,191.87,191.87,190.76,190.79,642.25,78
2026-06-28 22:00:00+00:00,191.0,192.98,189.9,190.74,1317.87,417
2026-06-28 22:30:00+00:00,190.76,191.19,190.28,190.51,65.11,55
2026-06-28 23:00:00+00:00,190.28,191.44,190.24,191.4,102.72,82
2026-06-28 23:30:00+00:00,191.55,193.22,191.43,192.45,1378.69,371
2026-06-29 00:00:00+00:00,192.31,195.26,189.99,192.52,9612.04,1626
2026-06-29 00:30:00+00:00,192.52,192.67,185.17,185.17,4075.43,816
2026-06-29 01:00:00+00:00,185.2,187.33,183.43,184.37,2481.18,434
2026-06-29 01:30:00+00:00,184.46,186.23,183.9,184.88,1665.9,285
2026-06-29 02:00:00+00:00,184.88,185.78,183.51,185.23,2351.99,369
2026-06-29 02:30:00+00:00,185.16,185.44,184.35,185.44,387.31,134
2026-06-29 03:00:00+00:00,185.64,186.88,185.27,186.77,686.68,203
2026-06-29 03:30:00+00:00,186.71,187.38,186.25,186.97,208.82,56
2026-06-29 04:00:00+00:00,186.91,187.97,186.17,186.78,859.31,180
2026-06-29 04:30:00+00:00,186.64,187.1,185.62,186.21,1882.0,311
2026-06-29 05:00:00+00:00,186.49,186.52,185.46,186.03,310.05,114
2026-06-29 05:30:00+00:00,186.17,187.2,186.01,187.11,578.64,200
2026-06-29 06:00:00+00:00,187.13,188.0,186.62,187.95,459.83,202
2026-06-29 06:30:00+00:00,187.93,188.24,186.89,187.06,775.41,329
2026-06-29 07:00:00+00:00,187.03,187.74,186.72,187.74,687.69,239
2026-06-29 07:30:00+00:00,187.58,187.74,186.99,187.53,383.95,272
2026-06-29 08:00:00+00:00,187.44,191.81,186.71,191.0,4542.19,862
2026-06-29 08:30:00+00:00,190.99,191.66,190.2,190.6,1688.58,544
2026-06-29 09:00:00+00:00,190.51,191.05,189.74,189.77,803.01,402
2026-06-29 09:30:00+00:00,189.89,190.91,189.26,189.46,978.71,362
2026-06-29 10:00:00+00:00,189.74,190.45,189.29,189.98,621.17,205
2026-06-29 10:30:00+00:00,189.83,190.3,189.72,189.72,645.17,189
2026-06-29 11:00:00+00:00,189.72,189.82,186.3,187.09,2308.72,651
2026-06-29 11:30:00+00:00,186.96,187.77,186.09,187.58,1574.12,529
2026-06-29 12:00:00+00:00,187.56,188.3,186.21,186.56,2474.17,517
2026-06-29 12:30:00+00:00,186.54,186.59,183.44,185.05,3121.95,629
2026-06-29 13:00:00+00:00,184.95,186.28,184.02,184.75,2676.72,357
2026-06-29 13:30:00+00:00,184.68,196.08,182.34,193.49,17339.82,2067
2026-06-29 14:00:00+00:00,193.42,197.45,188.04,197.41,9415.18,1017
2026-06-29 14:30:00+00:00,197.29,201.46,195.94,199.23,5767.62,1047
2026-06-29 15:00:00+00:00,199.29,199.29,195.34,197.9,2874.2,539
2026-06-29 15:30:00+00:00,198.26,200.9,198.26,200.9,1886.74,508
2026-06-29 16:00:00+00:00,200.98,207.42,200.88,206.03,3922.57,731
2026-06-29 16:30:00+00:00,206.1,210.99,205.21,210.41,3508.91,608
2026-06-29 17:00:00+00:00,210.66,218.89,210.35,216.19,8446.36,969
2026-06-29 17:30:00+00:00,216.43,217.46,212.61,214.19,4120.5,750
2026-06-29 18:00:00+00:00,214.04,216.21,212.68,215.31,2601.93,436
2026-06-29 18:30:00+00:00,215.17,219.78,215.08,218.51,3007.49,395
2026-06-29 19:00:00+00:00,218.11,220.32,215.18,219.36,3435.11,539
2026-06-29 19:30:00+00:00,219.26,220.2,215.47,216.12,5646.16,819
2026-06-29 20:00:00+00:00,215.9,216.63,215.19,215.52,898.4,172
2026-06-29 20:30:00+00:00,215.5,215.52,214.62,215.1,602.23,162
2026-06-29 21:00:00+00:00,215.05,215.54,214.83,215.22,1718.33,227
2026-06-29 21:30:00+00:00,215.29,215.29,214.47,214.47,306.71,125
2026-06-29 22:00:00+00:00,214.47,214.6,213.77,214.31,528.07,177
2026-06-29 22:30:00+00:00,214.31,214.81,214.17,214.54,1141.7,162
2026-06-29 23:00:00+00:00,214.54,215.03,214.54,214.8,399.63,93
2026-06-29 23:30:00+00:00,214.68,215.14,214.52,214.74,723.35,122
2026-06-30 00:00:00+00:00,214.54,215.71,212.29,212.62,1735.92,996
2026-06-30 00:30:00+00:00,212.62,213.69,211.23,213.62,985.96,486
2026-06-30 01:00:00+00:00,213.51,214.67,212.09,214.48,522.91,528
2026-06-30 01:30:00+00:00,214.56,218.42,214.48,216.39,1227.56,1405
2026-06-30 02:00:00+00:00,216.38,217.19,215.99,217.11,1007.4,811
2026-06-30 02:30:00+00:00,216.95,218.99,216.18,216.42,1560.17,603
2026-06-30 03:00:00+00:00,216.43,217.58,216.24,216.84,578.41,308
2026-06-30 03:30:00+00:00,216.88,217.54,216.41,216.68,252.51,158
2026-06-30 04:00:00+00:00,216.84,216.91,214.96,216.6,483.62,185
2026-06-30 04:30:00+00:00,216.44,216.65,215.18,216.64,285.03,193
2026-06-30 05:00:00+00:00,216.65,216.76,215.36,215.65,118.57,111
2026-06-30 05:30:00+00:00,215.66,215.87,215.0,215.76,128.26,139
2026-06-30 06:00:00+00:00,215.76,215.88,214.33,215.13,400.41,487
2026-06-30 06:30:00+00:00,215.13,215.83,214.86,215.17,458.55,483
2026-06-30 07:00:00+00:00,215.2,215.74,214.74,214.94,334.08,461
2026-06-30 07:30:00+00:00,214.94,215.18,214.65,214.68,141.24,132
2026-06-30 08:00:00+00:00,214.76,215.8,213.68,214.35,2060.31,613
2026-06-30 08:30:00+00:00,214.39,214.39,211.23,212.36,1576.17,392
2026-06-30 09:00:00+00:00,212.23,213.46,212.07,213.18,878.12,325
2026-06-30 09:30:00+00:00,213.07,213.55,211.96,212.95,674.29,248
2026-06-30 10:00:00+00:00,213.04,214.0,212.89,213.84,114.2,111
2026-06-30 10:30:00+00:00,213.88,214.28,213.32,214.18,263.75,90
2026-06-30 11:00:00+00:00,214.51,214.9,212.34,213.7,394.44,153
2026-06-30 11:30:00+00:00,213.7,214.51,213.34,214.25,914.96,185
2026-06-30 12:00:00+00:00,214.25,214.25,211.77,212.16,811.46,232
2026-06-30 12:30:00+00:00,211.9,212.9,210.56,210.56,256.15,114
2026-06-30 13:00:00+00:00,210.54,212.02,203.95,204.85,4916.71,986
2026-06-30 13:30:00+00:00,204.71,210.13,201.9,206.45,16002.91,2230
2026-06-30 14:00:00+00:00,206.72,209.15,204.25,205.59,4861.06,888
2026-06-30 14:30:00+00:00,205.54,207.04,202.71,203.65,7242.62,870
2026-06-30 15:00:00+00:00,203.63,206.37,203.63,204.2,1986.28,777
2026-06-30 15:30:00+00:00,203.79,209.32,203.55,208.7,2799.11,529
2026-06-30 16:00:00+00:00,208.68,213.17,207.84,212.19,3410.61,914
2026-06-30 16:30:00+00:00,212.2,215.93,212.07,214.22,2007.28,537
2026-06-30 17:00:00+00:00,214.34,215.48,213.06,213.43,1566.03,402
2026-06-30 17:30:00+00:00,213.48,217.24,213.11,216.6,1850.38,494
2026-06-30 18:00:00+00:00,216.49,216.52,214.58,216.1,2292.5,478
2026-06-30 18:30:00+00:00,216.03,218.0,215.26,215.44,1084.23,282
2026-06-30 19:00:00+00:00,215.49,216.75,212.93,216.3,1735.77,487
2026-06-30 19:30:00+00:00,216.18,221.65,216.12,220.95,2403.63,569
2026-06-30 20:00:00+00:00,221.0,223.74,219.73,220.23,3317.29,598
2026-06-30 20:30:00+00:00,220.25,220.25,219.43,219.76,304.77,220
2026-06-30 21:00:00+00:00,219.76,219.81,216.91,218.84,1051.38,272
2026-06-30 21:30:00+00:00,218.85,219.79,218.75,219.37,316.34,271
2026-06-30 22:00:00+00:00,219.35,220.01,219.18,219.67,380.09,144
2026-06-30 22:30:00+00:00,219.67,219.67,219.0,219.4,96.7,118
2026-06-30 23:00:00+00:00,219.48,219.68,219.05,219.06,135.53,137
2026-06-30 23:30:00+00:00,219.04,219.32,218.4,218.45,381.49,435
2026-07-01 00:00:00+00:00,218.45,221.36,217.27,217.75,813.99,881
2026-07-01 00:30:00+00:00,217.83,219.57,217.7,218.99,416.64,443
2026-07-01 01:00:00+00:00,219.03,219.25,215.54,216.43,1802.15,941
2026-07-01 01:30:00+00:00,216.53,217.1,215.48,216.06,1255.82,1224
2026-07-01 02:00:00+00:00,216.04,216.13,214.15,215.81,451.03,714
2026-07-01 02:30:00+00:00,216.04,216.62,215.85,215.92,253.31,588
2026-07-01 03:00:00+00:00,215.92,217.72,215.91,217.43,480.57,573
2026-07-01 03:30:00+00:00,217.68,218.78,217.4,218.39,48.87,279
2026-07-01 04:00:00+00:00,218.5,218.64,218.17,218.55,336.98,445
2026-07-01 04:30:00+00:00,218.71,220.11,218.57,219.13,663.0,394
2026-07-01 05:00:00+00:00,219.19,219.59,219.02,219.28,73.92,284
2026-07-01 05:30:00+00:00,219.25,219.37,218.03,218.26,319.12,476
2026-07-01 06:00:00+00:00,218.33,218.5,216.88,217.32,102.48,282
2026-07-01 06:30:00+00:00,217.41,217.48,216.54,216.54,772.25,389
2026-07-01 07:00:00+00:00,216.73,216.89,215.63,216.68,974.72,776
2026-07-01 07:30:00+00:00,216.73,217.25,216.2,217.08,370.41,690
2026-07-01 08:00:00+00:00,216.97,216.97,214.88,214.88,892.52,567
2026-07-01 08:30:00+00:00,215.05,215.48,214.53,215.37,2160.8,567
2026-07-01 09:00:00+00:00,215.37,215.41,214.12,214.23,386.68,258
2026-07-01 09:30:00+00:00,214.31,215.45,214.15,215.25,199.25,242
2026-07-01 10:00:00+00:00,215.37,215.4,214.46,215.15,139.38,246
2026-07-01 10:30:00+00:00,215.24,216.45,215.12,216.25,239.0,291
2026-07-01 11:00:00+00:00,216.4,217.33,215.61,216.2,568.89,317
2026-07-01 11:30:00+00:00,216.21,216.43,215.82,216.25,329.69,265
2026-07-01 12:00:00+00:00,216.35,217.25,215.69,217.05,83.04,212
2026-07-01 12:30:00+00:00,217.12,217.12,211.34,212.57,1997.54,880
2026-07-01 13:00:00+00:00,212.35,217.62,207.34,216.83,6049.9,1512
2026-07-01 13:30:00+00:00,217.03,228.27,211.27,220.46,11459.06,2591
2026-07-01 14:00:00+00:00,220.59,224.76,217.39,222.68,6282.84,1650
2026-07-01 14:30:00+00:00,222.85,223.71,215.83,217.28,4805.05,1451
2026-07-01 15:00:00+00:00,217.4,222.32,217.4,220.39,4538.59,1286
2026-07-01 15:30:00+00:00,220.25,220.26,216.83,218.3,2070.67,643
2026-07-01 16:00:00+00:00,218.4,224.03,218.4,223.93,1554.44,484
2026-07-01 16:30:00+00:00,223.93,224.51,220.07,220.87,1210.35,397
2026-07-01 17:00:00+00:00,220.89,221.09,218.65,220.2,3689.36,513
2026-07-01 17:30:00+00:00,220.22,225.87,220.05,223.85,1895.81,424
2026-07-01 18:00:00+00:00,224.03,225.74,223.96,223.96,3166.38,534
2026-07-01 18:30:00+00:00,224.04,225.32,222.61,223.36,1526.69,469
2026-07-01 19:00:00+00:00,223.6,225.46,222.19,224.54,1490.46,556
2026-07-01 19:30:00+00:00,224.55,226.17,220.84,220.84,2723.7,684
2026-07-01 20:00:00+00:00,220.97,221.47,215.69,217.09,2421.03,799
2026-07-01 20:30:00+00:00,217.01,218.91,215.53,217.76,1489.86,411
2026-07-01 21:00:00+00:00,217.69,218.45,217.21,217.69,382.52,155
2026-07-01 21:30:00+00:00,217.69,218.46,216.24,218.46,2180.52,430
2026-07-01 22:00:00+00:00,218.55,218.57,217.38,217.47,750.09,138
2026-07-01 22:30:00+00:00,217.42,217.72,217.26,217.59,86.37,36
2026-07-01 23:00:00+00:00,217.55,218.08,216.63,216.74,168.98,97
2026-07-01 23:30:00+00:00,216.76,217.03,215.2,215.56,480.14,156
2026-07-02 00:00:00+00:00,215.62,219.14,215.01,216.49,1657.4,1396
2026-07-02 00:30:00+00:00,216.57,216.97,215.56,216.96,308.13,476
2026-07-02 01:00:00+00:00,216.87,218.24,216.39,217.81,218.32,551
2026-07-02 01:30:00+00:00,217.85,220.28,217.67,220.14,365.46,449
2026-07-02 02:00:00+00:00,220.12,220.94,218.77,219.46,1427.13,1438
2026-07-02 02:30:00+00:00,219.47,219.77,219.03,219.65,158.67,821
2026-07-02 03:00:00+00:00,219.65,219.76,217.98,218.8,714.37,973
2026-07-02 03:30:00+00:00,218.8,219.84,218.73,219.58,140.54,742
2026-07-02 04:00:00+00:00,219.73,219.74,218.02,218.05,118.68,182
2026-07-02 04:30:00+00:00,218.13,218.14,217.3,217.92,99.62,169
2026-07-02 05:00:00+00:00,217.6,218.98,217.39,218.14,156.12,319
2026-07-02 05:30:00+00:00,218.1,218.28,217.22,217.95,377.53,525
2026-07-02 06:00:00+00:00,217.95,218.25,215.28,215.3,243.02,567
2026-07-02 06:30:00+00:00,215.46,216.59,215.16,215.33,392.7,401
2026-07-02 07:00:00+00:00,215.14,215.5,213.63,214.02,175.37,357
2026-07-02 07:30:00+00:00,214.12,215.85,213.73,214.53,1234.88,752
2026-07-02 08:00:00+00:00,214.55,215.79,213.2,214.79,1609.5,643
2026-07-02 08:30:00+00:00,214.23,217.24,214.05,216.83,1156.66,433
2026-07-02 09:00:00+00:00,216.84,216.84,215.67,216.01,586.82,224
2026-07-02 09:30:00+00:00,215.9,216.3,214.87,214.88,116.31,57
2026-07-02 10:00:00+00:00,214.87,215.5,214.24,214.24,425.01,126
2026-07-02 10:30:00+00:00,214.27,215.59,214.27,215.59,1413.81,269
2026-07-02 11:00:00+00:00,215.55,218.26,215.53,217.76,426.62,187
2026-07-02 11:30:00+00:00,218.07,219.18,216.92,217.57,1925.62,293
2026-07-02 12:00:00+00:00,217.35,221.0,216.23,220.46,815.79,268
2026-07-02 12:30:00+00:00,220.44,224.21,220.44,221.24,1543.94,479
2026-07-02 13:00:00+00:00,221.33,223.59,219.92,220.13,1973.86,448
2026-07-02 13:30:00+00:00,220.13,223.02,215.0,216.66,9706.86,1341
2026-07-02 14:00:00+00:00,216.26,216.26,208.77,209.88,5957.43,766
2026-07-02 14:30:00+00:00,209.68,214.02,209.13,213.04,4343.94,582
2026-07-02 15:00:00+00:00,212.87,216.26,210.58,215.07,3033.19,460
2026-07-02 15:30:00+00:00,214.98,217.47,211.83,212.62,1694.13,398
2026-07-02 16:00:00+00:00,212.72,212.88,204.77,206.7,6244.13,638
2026-07-02 16:30:00+00:00,206.87,207.01,204.7,206.0,2896.49,388
2026-07-02 17:00:00+00:00,206.03,206.25,203.67,205.27,1546.95,289
2026-07-02 17:30:00+00:00,205.57,205.73,203.87,204.84,835.98,217
2026-07-02 18:00:00+00:00,204.99,208.56,204.99,208.52,772.19,227
2026-07-02 18:30:00+00:00,208.47,210.0,207.77,209.53,841.21,196
2026-07-02 19:00:00+00:00,209.64,210.03,205.92,208.72,966.04,221
2026-07-02 19:30:00+00:00,208.22,208.46,203.85,205.03,3014.91,388
2026-07-02 20:00:00+00:00,205.34,206.03,203.66,205.11,770.84,118
2026-07-02 20:30:00+00:00,205.17,205.46,205.06,205.06,174.6,27
2026-07-02 21:00:00+00:00,204.99,204.99,204.61,204.64,165.7,29
2026-07-02 21:30:00+00:00,204.72,204.89,204.52,204.75,40.59,23
2026-07-02 22:00:00+00:00,204.99,205.1,204.73,204.95,36.81,14
2026-07-02 22:30:00+00:00,204.9,205.17,204.64,204.78,163.69,23
2026-07-02 23:00:00+00:00,204.78,204.78,203.98,204.29,192.68,46
2026-07-02 23:30:00+00:00,204.23,204.48,204.15,204.15,107.13,25
2026-07-03 00:00:00+00:00,204.59,204.91,203.0,203.0,182.09,108
2026-07-03 00:30:00+00:00,202.78,205.13,202.47,202.71,411.05,184
2026-07-03 01:00:00+00:00,202.61,205.05,202.57,204.38,448.85,234
2026-07-03 01:30:00+00:00,204.5,204.96,204.0,204.61,98.91,39
2026-07-03 02:00:00+00:00,204.46,205.17,203.77,204.5,197.59,97
2026-07-03 02:30:00+00:00,204.32,204.82,204.32,204.74,53.02,16
2026-07-03 03:00:00+00:00,204.49,204.49,203.35,203.93,40.66,83
2026-07-03 03:30:00+00:00,203.99,203.99,203.31,203.94,54.32,40
2026-07-03 04:00:00+00:00,203.76,204.3,203.76,204.3,60.74,15
2026-07-03 04:30:00+00:00,204.44,205.26,204.35,204.68,192.57,105
2026-07-03 05:00:00+00:00,204.68,204.89,203.46,203.67,286.53,164
2026-07-03 05:30:00+00:00,203.63,203.81,203.03,203.55,96.74,66
2026-07-03 06:00:00+00:00,203.61,203.83,203.28,203.45,50.57,49
2026-07-03 06:30:00+00:00,203.43,203.43,202.7,203.05,596.41,214
2026-07-03 07:00:00+00:00,203.03,203.35,202.48,203.18,333.27,156
2026-07-03 07:30:00+00:00,203.41,203.83,202.55,202.55,1053.24,182
2026-07-03 08:00:00+00:00,202.55,202.86,202.38,202.57,168.71,93
2026-07-03 08:30:00+00:00,202.43,203.21,201.5,201.64,261.05,204
2026-07-03 09:00:00+00:00,201.7,201.75,199.74,200.93,3567.74,493
2026-07-03 09:30:00+00:00,200.93,201.32,200.62,201.25,307.16,185
2026-07-03 10:00:00+00:00,201.25,201.61,200.95,201.43,170.6,138
2026-07-03 10:30:00+00:00,201.43,201.43,200.85,200.97,33.06,63
2026-07-03 11:00:00+00:00,200.91,200.92,200.39,200.69,108.64,85
2026-07-03 11:30:00+00:00,200.69,200.8,199.98,200.12,101.49,110
2026-07-03 12:00:00+00:00,200.11,201.16,200.06,201.16,680.24,246
2026-07-03 12:30:00+00:00,201.26,201.48,200.55,200.68,354.07,141
2026-07-03 13:00:00+00:00,200.74,200.78,200.15,200.42,110.63,81
2026-07-03 13:30:00+00:00,200.54,200.93,199.96,200.46,447.18,160
2026-07-03 14:00:00+00:00,200.56,201.06,200.32,200.79,209.26,98
2026-07-03 14:30:00+00:00,200.81,201.53,200.51,201.52,114.87,62
2026-07-03 15:00:00+00:00,201.43,201.43,200.51,200.89,154.97,165
2026-07-03 15:30:00+00:00,200.96,201.04,200.18,200.22,233.26,301
2026-07-03 16:00:00+00:00,200.2,201.57,200.14,201.43,367.12,334
2026-07-03 16:30:00+00:00,201.43,203.06,201.4,201.73,571.14,417
2026-07-03 17:00:00+00:00,201.79,202.34,201.42,201.95,470.35,281
2026-07-03 17:30:00+00:00,202.07,202.25,201.51,201.62,60.57,71
2026-07-03 18:00:00+00:00,201.76,202.03,201.65,201.67,42.71,48
2026-07-03 18:30:00+00:00,201.65,201.76,201.26,201.56,121.05,95
2026-07-03 19:00:00+00:00,201.54,202.48,201.47,202.2,111.34,80
2026-07-03 19:30:00+00:00,202.25,202.54,201.8,201.9,132.91,66
2026-07-03 20:00:00+00:00,201.85,202.07,201.24,202.06,283.37,207
2026-07-03 20:30:00+00:00,202.07,202.77,202.06,202.77,53.95,74
2026-07-03 21:00:00+00:00,202.84,202.84,202.02,202.02,246.05,109
2026-07-03 21:30:00+00:00,202.13,202.74,202.13,202.6,38.14,28
2026-07-03 22:00:00+00:00,202.34,202.43,201.96,201.96,87.59,76
2026-07-03 22:30:00+00:00,201.96,201.99,201.35,201.76,103.6,105
2026-07-03 23:00:00+00:00,201.52,201.67,201.5,201.55,15.94,21
2026-07-03 23:30:00+00:00,201.53,201.55,200.83,201.13,69.49,65
2026-07-04 00:00:00+00:00,201.02,201.24,200.75,201.24,33.25,51
2026-07-04 00:30:00+00:00,201.1,201.49,200.99,201.46,14.39,31
2026-07-04 01:00:00+00:00,201.2,201.2,200.72,201.06,75.25,79
2026-07-04 01:30:00+00:00,200.96,201.18,200.71,201.05,79.06,31
2026-07-04 02:00:00+00:00,201.0,201.0,200.4,200.64,58.98,33
2026-07-04 02:30:00+00:00,200.6,200.6,200.35,200.6,11.57,19
2026-07-04 03:00:00+00:00,200.68,200.89,200.58,200.89,5.69,5
2026-07-04 03:30:00+00:00,200.83,201.32,200.78,201.18,239.8,121
2026-07-04 04:00:00+00:00,201.25,202.47,201.16,202.41,268.6,295
2026-07-04 04:30:00+00:00,202.41,203.4,202.25,202.83,245.94,149
2026-07-04 05:00:00+00:00,202.97,203.16,201.92,202.57,270.45,142
2026-07-04 05:30:00+00:00,202.73,203.18,202.73,203.18,28.39,26
2026-07-04 06:00:00+00:00,203.34,203.68,202.8,202.98,62.53,37
2026-07-04 06:30:00+00:00,203.06,203.12,202.73,202.91,35.03,42
2026-07-04 07:00:00+00:00,202.82,203.41,202.53,203.19,115.97,64
2026-07-04 07:30:00+00:00,203.21,203.37,202.9,203.02,10.84,33
2026-07-04 08:00:00+00:00,203.22,203.48,203.0,203.41,27.82,39
2026-07-04 08:30:00+00:00,203.25,203.25,203.04,203.12,49.31,64
2026-07-04 09:00:00+00:00,203.25,203.55,203.01,203.21,179.45,62
2026-07-04 09:30:00+00:00,203.34,203.34,203.04,203.34,52.07,26
2026-07-04 10:00:00+00:00,203.2,203.51,203.2,203.51,31.48,14
2026-07-04 10:30:00+00:00,203.47,203.51,203.02,203.17,50.19,23
2026-07-04 11:00:00+00:00,203.06,203.19,202.3,202.63,108.98,67
2026-07-04 11:30:00+00:00,202.61,203.09,202.47,202.95,54.02,39
2026-07-04 12:00:00+00:00,202.96,203.23,202.59,202.63,116.08,73
2026-07-04 12:30:00+00:00,202.66,202.66,202.17,202.31,147.19,73
2026-07-04 13:00:00+00:00,202.19,202.44,202.02,202.12,269.44,143
2026-07-04 13:30:00+00:00,202.01,202.49,201.84,202.41,176.49,108
2026-07-04 14:00:00+00:00,202.4,202.59,201.83,202.21,224.29,120
2026-07-04 14:30:00+00:00,202.13,202.58,202.11,202.31,88.26,52
2026-07-04 15:00:00+00:00,202.3,202.82,202.11,202.25,143.86,109
2026-07-04 15:30:00+00:00,202.13,203.06,201.95,202.91,166.54,86
2026-07-04 16:00:00+00:00,202.83,203.54,202.49,203.5,220.28,97
2026-07-04 16:30:00+00:00,203.31,203.31,203.02,203.03,36.85,10
2026-07-04 17:00:00+00:00,202.99,203.17,202.86,202.95,94.66,54
2026-07-04 17:30:00+00:00,202.88,203.17,202.88,203.08,164.15,66
2026-07-04 18:00:00+00:00,203.11,203.39,202.92,203.13,97.95,33
2026-07-04 18:30:00+00:00,203.06,203.16,202.29,202.42,124.26,66
2026-07-04 19:00:00+00:00,202.56,202.91,202.32,202.91,58.64,53
2026-07-04 19:30:00+00:00,202.91,202.98,202.61,202.66,240.08,110
2026-07-04 20:00:00+00:00,202.66,203.19,202.62,203.05,42.96,34
2026-07-04 20:30:00+00:00,203.28,203.3,203.28,203.3,0.24,2
2026-07-04 21:00:00+00:00,203.18,203.18,202.87,202.87,32.33,14
2026-07-04 21:30:00+00:00,203.27,203.95,203.06,203.28,62.28,58
2026-07-04 22:00:00+00:00,203.33,203.65,203.29,203.63,34.4,16
2026-07-04 22:30:00+00:00,203.79,203.79,203.46,203.73,35.0,19
2026-07-04 23:00:00+00:00,203.73,203.73,203.26,203.48,49.99,20
2026-07-04 23:30:00+00:00,203.87,203.98,203.67,203.79,28.68,12
2026-07-05 00:00:00+00:00,203.81,203.84,203.81,203.84,11.13,3
2026-07-05 00:30:00+00:00,203.98,204.0,203.57,203.57,41.99,18
2026-07-05 01:00:00+00:00,203.78,203.85,203.47,203.71,116.14,58
2026-07-05 01:30:00+00:00,203.69,203.93,203.66,203.93,27.36,19
2026-07-05 02:00:00+00:00,204.0,204.0,203.73,204.0,51.56,22
2026-07-05 02:30:00+00:00,204.0,204.0,203.75,203.94,83.65,24
2026-07-05 03:00:00+00:00,204.0,204.11,203.94,203.94,28.05,10
2026-07-05 03:30:00+00:00,203.85,203.85,203.81,203.81,19.62,4
2026-07-05 04:00:00+00:00,204.02,204.3,204.02,204.22,9.97,3
2026-07-05 04:30:00+00:00,204.07,204.1,204.07,204.08,20.48,4
2026-07-05 05:00:00+00:00,204.11,204.11,203.41,203.41,77.32,78
2026-07-05 05:30:00+00:00,203.41,203.7,202.68,203.06,121.24,73
2026-07-05 06:00:00+00:00,203.05,203.14,203.0,203.14,12.14,8
2026-07-05 06:30:00+00:00,203.25,203.72,203.19,203.72,10.45,11
2026-07-05 07:00:00+00:00,203.67,203.72,203.46,203.69,22.39,24
2026-07-05 07:30:00+00:00,203.9,204.09,203.9,204.02,23.24,6
2026-07-05 08:00:00+00:00,204.09,204.09,203.91,204.01,13.56,7
2026-07-05 08:30:00+00:00,204.11,204.15,204.11,204.15,11.11,4
2026-07-05 09:00:00+00:00,204.25,204.25,204.25,204.25,0.98,1
2026-07-05 09:30:00+00:00,203.9,204.14,203.83,203.83,23.5,6
2026-07-05 10:00:00+00:00,203.88,204.26,203.86,204.22,38.8,37
2026-07-05 10:30:00+00:00,204.3,204.32,204.25,204.31,16.66,15
2026-07-05 11:00:00+00:00,204.22,204.37,204.16,204.19,4.26,5
2026-07-05 11:30:00+00:00,204.46,204.46,204.46,204.46,0.07,1
2026-07-05 12:00:00+00:00,204.04,204.28,203.93,204.22,72.68,28
2026-07-05 12:30:00+00:00,204.23,204.3,203.87,204.13,101.36,36
2026-07-05 13:00:00+00:00,204.23,204.23,204.02,204.02,10.51,6
2026-07-05 13:30:00+00:00,204.21,204.69,204.21,204.69,24.26,9
2026-07-05 14:00:00+00:00,204.41,204.51,204.37,204.51,19.46,7
2026-07-05 14:30:00+00:00,204.4,204.5,204.4,204.48,5.54,6
2026-07-05 15:00:00+00:00,204.41,204.69,204.35,204.53,27.59,21
2026-07-05 15:30:00+00:00,204.49,204.49,204.11,204.31,24.34,15
2026-07-05 16:00:00+00:00,204.23,204.25,203.56,203.56,59.31,23
2026-07-05 16:30:00+00:00,204.03,204.1,203.95,204.05,100.71,25
2026-07-05 17:00:00+00:00,204.07,204.21,203.71,203.75,44.14,23
2026-07-05 17:30:00+00:00,204.01,204.05,203.79,203.91,11.84,10
2026-07-05 18:00:00+00:00,203.86,204.17,203.79,204.17,34.84,15
2026-07-05 18:30:00+00:00,204.0,204.49,203.95,204.49,54.9,16
2026-07-05 19:00:00+00:00,204.42,204.42,204.25,204.25,58.51,23
2026-07-05 19:30:00+00:00,204.49,204.93,204.49,204.62,51.52,28
2026-07-05 20:00:00+00:00,204.74,204.79,204.42,204.42,39.02,34
2026-07-05 20:30:00+00:00,204.6,205.21,204.56,204.87,720.34,139
2026-07-05 21:00:00+00:00,204.94,205.41,204.65,204.92,457.54,167
2026-07-05 21:30:00+00:00,205.01,205.09,204.09,204.18,246.66,134
2026-07-05 22:00:00+00:00,204.41,205.37,203.77,204.99,462.81,213
2026-07-05 22:30:00+00:00,204.97,205.0,204.19,204.52,214.5,148
2026-07-05 23:00:00+00:00,204.56,204.99,204.25,204.56,316.31,148
2026-07-05 23:30:00+00:00,204.62,204.81,202.13,203.1,1802.45,450
2026-07-06 00:00:00+00:00,203.28,210.37,202.91,205.7,4233.18,1379
2026-07-06 00:30:00+00:00,205.56,208.04,205.56,207.45,302.75,126
2026-07-06 01:00:00+00:00,207.38,208.5,206.65,207.02,190.47,170
2026-07-06 01:30:00+00:00,207.13,207.88,206.04,206.26,156.41,61
2026-07-06 02:00:00+00:00,206.38,207.32,205.16,205.75,170.56,165
2026-07-06 02:30:00+00:00,205.53,205.7,204.4,205.67,316.95,157
2026-07-06 03:00:00+00:00,205.75,206.76,205.68,206.2,149.72,81
2026-07-06 03:30:00+00:00,206.15,206.46,205.43,205.71,63.61,38
2026-07-06 04:00:00+00:00,205.79,206.49,205.55,206.49,25.76,24
2026-07-06 04:30:00+00:00,206.59,207.79,206.5,207.79,109.12,44
2026-07-06 05:00:00+00:00,207.6,207.81,206.33,206.57,540.64,138
2026-07-06 05:30:00+00:00,206.27,207.05,205.75,206.91,215.93,77
2026-07-06 06:00:00+00:00,207.11,207.43,206.41,206.41,262.27,50
2026-07-06 06:30:00+00:00,207.01,207.46,207.01,207.01,39.87,14
2026-07-06 07:00:00+00:00,206.87,207.5,206.79,207.12,138.43,47
2026-07-06 07:30:00+00:00,207.11,207.71,207.02,207.13,121.35,129
2026-07-06 08:00:00+00:00,207.12,209.09,207.05,208.31,1152.15,507
2026-07-06 08:30:00+00:00,208.33,208.54,207.05,208.29,361.37,208
2026-07-06 09:00:00+00:00,208.28,208.45,207.9,208.08,184.22,175
2026-07-06 09:30:00+00:00,208.1,208.69,207.63,208.41,610.46,216
2026-07-06 10:00:00+00:00,208.41,208.49,208.05,208.48,76.67,139
2026-07-06 10:30:00+00:00,208.42,208.64,207.15,207.9,663.73,257
2026-07-06 11:00:00+00:00,207.96,208.06,206.57,207.47,258.66,260
2026-07-06 11:30:00+00:00,207.35,209.48,207.16,208.57,325.33,191
2026-07-06 12:00:00+00:00,208.56,210.65,208.4,208.78,1469.84,629
2026-07-06 12:30:00+00:00,208.77,209.07,208.4,208.96,334.82,216
2026-07-06 13:00:00+00:00,208.82,208.82,205.07,205.33,1094.83,244
2026-07-06 13:30:00+00:00,205.3,206.11,193.27,194.1,18534.09,2318
2026-07-06 14:00:00+00:00,194.2,195.05,191.08,194.59,5011.93,1042
2026-07-06 14:30:00+00:00,194.63,199.54,194.37,199.04,5048.85,1122
2026-07-06 15:00:00+00:00,198.75,200.39,196.09,196.92,1317.16,425
2026-07-06 15:30:00+00:00,196.85,197.05,194.89,194.89,691.75,357
2026-07-06 16:00:00+00:00,194.99,196.8,194.77,195.36,2263.47,670
2026-07-06 16:30:00+00:00,195.37,198.78,195.36,198.24,1058.81,357
2026-07-06 17:00:00+00:00,198.6,199.8,197.89,198.55,1783.41,401
2026-07-06 17:30:00+00:00,198.42,198.5,195.12,195.49,1116.87,329
2026-07-06 18:00:00+00:00,195.53,197.38,195.53,195.67,510.62,240
2026-07-06 18:30:00+00:00,195.71,195.71,194.36,194.71,984.95,226
2026-07-06 19:00:00+00:00,194.69,196.79,193.9,196.26,717.06,232
2026-07-06 19:30:00+00:00,196.38,196.38,191.73,191.87,998.12,356
2026-07-06 20:00:00+00:00,191.7,193.33,190.67,193.12,2029.65,380
2026-07-06 20:30:00+00:00,193.11,193.34,192.81,193.13,128.55,132
2026-07-06 21:00:00+00:00,193.28,193.6,192.99,193.43,223.33,74
2026-07-06 21:30:00+00:00,193.48,193.78,193.25,193.5,646.13,82
2026-07-06 22:00:00+00:00,193.24,193.88,193.13,193.41,183.99,36
2026-07-06 22:30:00+00:00,193.47,193.54,192.65,192.65,509.83,122
2026-07-06 23:00:00+00:00,192.77,193.35,192.4,192.62,321.14,84
2026-07-06 23:30:00+00:00,192.64,192.64,191.19,191.3,661.63,136
2026-07-07 00:00:00+00:00,191.27,191.73,188.66,190.98,1785.18,857
2026-07-07 00:30:00+00:00,191.02,191.95,190.04,191.45,450.05,853
2026-07-07 01:00:00+00:00,191.45,191.68,189.45,189.45,158.43,151
2026-07-07 01:30:00+00:00,189.22,191.43,188.87,191.28,323.93,503
2026-07-07 02:00:00+00:00,191.32,191.53,190.12,190.17,261.09,101
2026-07-07 02:30:00+00:00,189.75,190.13,189.3,189.39,214.67,350
2026-07-07 03:00:00+00:00,189.36,190.07,188.89,189.07,1555.18,1101
2026-07-07 03:30:00+00:00,189.18,189.34,186.59,187.26,428.8,501
2026-07-07 04:00:00+00:00,187.26,188.09,187.18,187.43,180.06,428
2026-07-07 04:30:00+00:00,187.63,187.87,186.42,187.2,255.43,317
2026-07-07 05:00:00+00:00,187.07,187.53,186.15,187.38,454.87,671
2026-07-07 05:30:00+00:00,187.54,190.23,187.36,189.97,302.63,610
2026-07-07 06:00:00+00:00,189.86,190.22,188.16,189.49,209.52,531
2026-07-07 06:30:00+00:00,189.16,190.68,189.16,190.57,268.3,168
2026-07-07 07:00:00+00:00,190.54,190.64,189.98,190.21,226.07,367
2026-07-07 07:30:00+00:00,189.94,189.94,189.2,189.22,156.39,253
2026-07-07 08:00:00+00:00,189.54,190.29,189.28,189.41,650.92,224
2026-07-07 08:30:00+00:00,189.08,189.17,188.32,188.7,274.58,92
2026-07-07 09:00:00+00:00,188.75,189.6,188.02,188.02,142.39,39
2026-07-07 09:30:00+00:00,187.98,187.98,185.0,186.28,2760.16,474
2026-07-07 10:00:00+00:00,186.55,187.63,186.1,187.37,1128.35,168
2026-07-07 10:30:00+00:00,187.32,187.52,185.97,186.69,312.16,80
2026-07-07 11:00:00+00:00,187.17,187.27,186.32,187.02,276.62,96
2026-07-07 11:30:00+00:00,187.02,187.23,186.62,187.12,373.62,100
2026-07-07 12:00:00+00:00,187.19,189.03,187.19,187.8,1188.68,156
2026-07-07 12:30:00+00:00,188.06,188.38,186.43,186.43,776.39,130
2026-07-07 13:00:00+00:00,186.38,187.31,183.48,184.86,1735.96,431
2026-07-07 13:30:00+00:00,184.64,184.64,176.19,177.23,12938.5,2012
2026-07-07 14:00:00+00:00,177.03,177.89,173.29,177.2,18914.25,1153
2026-07-07 14:30:00+00:00,177.2,177.72,175.28,176.93,1619.27,336
2026-07-07 15:00:00+00:00,176.48,177.39,175.4,176.8,1775.74,417
2026-07-07 15:30:00+00:00,177.07,177.26,173.92,175.57,1738.76,343
2026-07-07 16:00:00+00:00,175.71,182.26,175.48,182.26,1830.16,409
2026-07-07 16:30:00+00:00,182.03,182.37,178.22,178.59,2162.9,274
2026-07-07 17:00:00+00:00,178.88,179.56,178.35,178.5,733.04,171
2026-07-07 17:30:00+00:00,178.55,179.44,178.29,178.8,1551.83,314
2026-07-07 18:00:00+00:00,178.92,181.16,178.64,180.14,2115.78,484
2026-07-07 18:30:00+00:00,180.13,180.39,178.45,178.53,635.42,228
2026-07-07 19:00:00+00:00,178.4,179.17,177.59,178.96,410.02,194
2026-07-07 19:30:00+00:00,179.0,179.64,176.13,176.91,1252.38,284
2026-07-07 20:00:00+00:00,176.77,178.16,175.96,177.23,853.78,236
2026-07-07 20:30:00+00:00,177.28,177.7,177.21,177.63,119.75,88
2026-07-07 21:00:00+00:00,177.63,177.91,176.98,177.21,188.06,109
2026-07-07 21:30:00+00:00,177.15,177.87,176.78,176.78,728.73,204
2026-07-07 22:00:00+00:00,176.87,177.65,176.19,177.17,723.65,182
2026-07-07 22:30:00+00:00,177.13,177.78,176.83,177.78,219.29,99
2026-07-07 23:00:00+00:00,177.75,177.8,176.86,177.02,463.67,143
2026-07-07 23:30:00+00:00,176.99,176.99,175.34,175.69,292.59,133
2026-07-08 00:00:00+00:00,175.68,179.39,175.56,178.54,4780.51,1315
2026-07-08 00:30:00+00:00,178.44,179.87,177.44,179.78,769.63,567
2026-07-08 01:00:00+00:00,179.7,179.84,178.41,178.75,658.67,555
2026-07-08 01:30:00+00:00,178.8,178.8,177.09,177.35,258.14,578
2026-07-08 02:00:00+00:00,177.21,178.05,176.39,177.6,318.7,373
2026-07-08 02:30:00+00:00,177.6,178.14,177.46,177.85,218.9,228
2026-07-08 03:00:00+00:00,177.93,180.6,177.79,180.6,703.65,322
2026-07-08 03:30:00+00:00,180.3,182.04,180.15,181.24,469.28,267
2026-07-08 04:00:00+00:00,181.39,182.17,179.25,179.6,843.78,633
2026-07-08 04:30:00+00:00,179.58,179.97,177.44,178.69,800.86,298
2026-07-08 05:00:00+00:00,178.71,179.61,177.75,177.75,382.06,327
2026-07-08 05:30:00+00:00,177.72,178.15,176.94,177.84,398.31,483
2026-07-08 06:00:00+00:00,177.87,178.15,177.18,177.24,864.67,353
2026-07-08 06:30:00+00:00,177.18,177.83,176.21,177.79,1097.89,432
2026-07-08 07:00:00+00:00,177.77,178.36,176.77,177.94,602.13,392
2026-07-08 07:30:00+00:00,178.02,178.33,177.3,177.3,253.66,194
2026-07-08 08:00:00+00:00,177.36,178.21,171.62,172.65,3006.01,623
2026-07-08 08:30:00+00:00,172.62,173.9,169.07,172.21,9226.49,679
2026-07-08 09:00:00+00:00,172.3,172.51,169.94,171.41,782.94,133
2026-07-08 09:30:00+00:00,171.6,172.58,171.57,172.58,304.75,86
2026-07-08 10:00:00+00:00,172.76,172.76,171.78,172.4,200.39,74
2026-07-08 10:30:00+00:00,172.3,173.47,172.3,172.96,368.24,84
2026-07-08 11:00:00+00:00,172.85,173.09,172.12,172.18,310.14,54
2026-07-08 11:30:00+00:00,172.29,174.07,171.86,173.94,599.56,130
2026-07-08 12:00:00+00:00,173.76,174.69,173.26,174.05,173.28,69
2026-07-08 12:30:00+00:00,174.23,175.7,174.23,174.68,437.51,116
2026-07-08 13:00:00+00:00,174.75,176.0,174.1,175.87,512.7,149
2026-07-08 13:30:00+00:00,176.35,185.6,174.51,184.02,10119.98,1020
2026-07-08 14:00:00+00:00,184.15,188.4,182.54,188.0,2998.62,430
2026-07-08 14:30:00+00:00,187.84,188.08,181.48,183.14,2974.12,427
2026-07-08 15:00:00+00:00,183.06,184.56,180.72,181.98,2503.86,380
2026-07-08 15:30:00+00:00,181.54,182.51,180.31,180.92,2163.73,205
2026-07-08 16:00:00+00:00,181.09,183.75,180.1,183.23,2695.38,179
2026-07-08 16:30:00+00:00,183.39,183.96,181.2,183.31,987.67,162
2026-07-08 17:00:00+00:00,183.23,183.9,182.72,183.57,774.49,122
2026-07-08 17:30:00+00:00,183.41,183.75,181.34,181.4,1787.56,176
2026-07-08 18:00:00+00:00,181.73,183.83,181.73,183.27,1188.09,173
2026-07-08 18:30:00+00:00,183.27,183.29,181.8,182.0,606.6,109
2026-07-08 19:00:00+00:00,182.27,182.62,181.7,181.7,690.08,124
2026-07-08 19:30:00+00:00,181.7,182.62,180.75,181.83,1475.93,253
2026-07-08 20:00:00+00:00,181.77,182.38,181.36,181.71,393.94,73
2026-07-08 20:30:00+00:00,181.84,182.41,181.41,182.09,463.74,94
2026-07-08 21:00:00+00:00,181.8,182.53,181.76,181.76,1841.52,244
2026-07-08 21:30:00+00:00,181.98,183.17,181.82,182.25,2094.72,152
2026-07-08 22:00:00+00:00,182.4,182.83,182.34,182.58,589.46,175
2026-07-08 22:30:00+00:00,182.58,182.88,182.46,182.81,1589.13,403
2026-07-08 23:00:00+00:00,182.81,183.17,182.63,183.15,1024.5,226
2026-07-08 23:30:00+00:00,183.15,184.75,183.06,184.58,2585.69,323
2026-07-09 00:00:00+00:00,184.53,186.51,183.48,186.51,2414.08,406
2026-07-09 00:30:00+00:00,186.48,187.94,186.33,186.83,3106.28,550
2026-07-09 01:00:00+00:00,186.9,187.07,185.36,186.26,3601.89,742
2026-07-09 01:30:00+00:00,186.38,186.61,184.15,184.17,585.48,151
2026-07-09 02:00:00+00:00,184.11,185.5,183.25,185.48,1405.73,275
2026-07-09 02:30:00+00:00,185.36,185.36,182.96,183.15,1975.35,231
2026-07-09 03:00:00+00:00,183.12,183.38,181.69,183.38,1888.26,476
2026-07-09 03:30:00+00:00,183.38,184.38,183.23,183.56,1842.8,328
2026-07-09 04:00:00+00:00,183.7,184.27,183.57,183.67,1842.04,601
2026-07-09 04:30:00+00:00,183.77,184.37,183.47,183.79,623.65,309
2026-07-09 05:00:00+00:00,183.73,185.12,183.41,183.79,976.44,178
2026-07-09 05:30:00+00:00,183.59,186.59,183.26,186.53,2527.99,297
2026-07-09 06:00:00+00:00,186.27,186.66,185.04,186.38,757.78,131
2026-07-09 06:30:00+00:00,186.51,186.51,186.09,186.09,483.51,52
2026-07-09 07:00:00+00:00,186.13,186.84,185.85,186.76,2742.89,215
2026-07-09 07:30:00+00:00,186.77,187.04,185.26,187.04,1758.06,275
2026-07-09 08:00:00+00:00,187.17,190.7,186.47,189.85,1495.22,228
2026-07-09 08:30:00+00:00,190.03,190.03,188.49,189.19,344.83,97
2026-07-09 09:00:00+00:00,189.26,196.03,188.76,194.34,6944.45,721
2026-07-09 09:30:00+00:00,194.4,195.23,193.63,194.09,582.27,102
2026-07-09 10:00:00+00:00,193.97,194.53,193.67,194.53,238.26,44
2026-07-09 10:30:00+00:00,194.38,194.63,192.38,192.41,403.36,122
2026-07-09 11:00:00+00:00,192.45,193.0,190.52,192.89,417.74,138
2026-07-09 11:30:00+00:00,193.23,195.31,192.45,193.2,2781.21,246
2026-07-09 12:00:00+00:00,193.05,193.62,192.77,192.97,935.19,171
2026-07-09 12:30:00+00:00,192.99,194.08,191.49,192.83,2665.14,402
2026-07-09 13:00:00+00:00,193.08,193.84,189.07,189.49,2226.29,347
2026-07-09 13:30:00+00:00,189.41,195.06,186.84,193.66,39117.57,2074
2026-07-09 14:00:00+00:00,193.71,194.76,186.26,189.19,6629.32,951
2026-07-09 14:30:00+00:00,189.23,195.56,188.24,194.58,2975.79,393
2026-07-09 15:00:00+00:00,195.02,202.0,194.57,200.5,15876.96,925
2026-07-09 15:30:00+00:00,200.36,204.42,199.67,204.05,4978.95,481
2026-07-09 16:00:00+00:00,204.08,204.52,198.49,199.49,5653.74,549
2026-07-09 16:30:00+00:00,199.42,200.25,198.36,198.84,4480.62,463
2026-07-09 17:00:00+00:00,198.83,200.38,198.64,199.87,8251.01,497
2026-07-09 17:30:00+00:00,199.92,202.04,199.41,201.13,2923.1,388
2026-07-09 18:00:00+00:00,201.19,201.97,200.7,201.05,2315.36,232
2026-07-09 18:30:00+00:00,201.03,201.13,199.74,200.17,680.14,102
2026-07-09 19:00:00+00:00,200.28,201.86,199.53,201.76,1942.67,263
2026-07-09 19:30:00+00:00,201.88,201.88,197.21,198.45,3840.87,629
2026-07-09 20:00:00+00:00,197.86,198.7,197.86,198.1,2183.23,291
2026-07-09 20:30:00+00:00,198.02,198.94,198.02,198.94,172.18,46
2026-07-09 21:00:00+00:00,198.94,198.99,198.54,198.57,233.97,52
2026-07-09 21:30:00+00:00,198.65,198.86,198.39,198.51,897.58,96
2026-07-09 22:00:00+00:00,198.7,199.52,198.58,199.33,377.6,69
2026-07-09 22:30:00+00:00,199.38,200.49,199.29,200.49,1041.55,83
2026-07-09 23:00:00+00:00,200.27,200.74,200.15,200.61,789.37,65
2026-07-09 23:30:00+00:00,200.5,200.5,199.93,199.99,54.24,19
2026-07-10 00:00:00+00:00,199.52,201.64,197.34,197.54,2182.4,273
2026-07-10 00:30:00+00:00,197.72,200.98,197.6,200.98,943.07,147
2026-07-10 01:00:00+00:00,201.36,201.71,200.53,200.99,666.73,113
2026-07-10 01:30:00+00:00,201.18,202.99,201.17,202.36,2792.4,260
2026-07-10 02:00:00+00:00,202.35,204.6,202.34,202.58,802.64,91
2026-07-10 02:30:00+00:00,203.02,203.45,202.55,203.01,280.6,29
2026-07-10 03:00:00+00:00,203.01,204.14,202.0,202.0,512.76,105
2026-07-10 03:30:00+00:00,201.48,201.97,201.37,201.92,125.45,39
2026-07-10 04:00:00+00:00,201.97,201.97,200.65,200.65,337.8,38
2026-07-10 04:30:00+00:00,200.09,200.43,198.53,198.53,527.94,93
2026-07-10 05:00:00+00:00,198.75,199.41,198.63,199.34,494.13,47
2026-07-10 05:30:00+00:00,199.17,199.36,198.75,198.87,600.22,39
2026-07-10 06:00:00+00:00,199.04,199.11,198.49,198.71,231.52,64
2026-07-10 06:30:00+00:00,198.65,199.38,198.65,199.22,286.9,44
2026-07-10 07:00:00+00:00,199.24,199.71,198.48,199.55,362.09,101
2026-07-10 07:30:00+00:00,199.56,199.56,197.84,197.84,999.85,100
2026-07-10 08:00:00+00:00,198.17,199.39,197.54,197.84,733.5,197
2026-07-10 08:30:00+00:00,198.37,199.03,197.96,197.99,302.22,129
2026-07-10 09:00:00+00:00,198.27,198.37,197.29,197.78,264.36,68
2026-07-10 09:30:00+00:00,197.89,198.37,197.89,198.16,29.74,15
2026-07-10 10:00:00+00:00,198.48,199.93,198.47,199.37,243.49,54
2026-07-10 10:30:00+00:00,199.58,199.58,198.35,198.5,93.55,33
2026-07-10 11:00:00+00:00,198.75,201.31,198.75,200.0,790.25,104
2026-07-10 11:30:00+00:00,199.89,200.17,198.72,198.96,345.72,74
2026-07-10 12:00:00+00:00,198.91,200.33,197.7,198.97,951.69,154
2026-07-10 12:30:00+00:00,199.03,199.03,196.17,196.52,1376.2,140
2026-07-10 13:00:00+00:00,196.35,197.57,194.42,194.63,1726.74,297
2026-07-10 13:30:00+00:00,194.4,210.68,191.47,204.46,10502.64,1227
2026-07-10 14:00:00+00:00,204.62,206.23,199.42,204.28,5341.92,622
2026-07-10 14:30:00+00:00,204.26,204.26,198.94,201.47,5112.31,439
2026-07-10 15:00:00+00:00,201.87,214.67,201.18,213.67,12883.78,1030
2026-07-10 15:30:00+00:00,213.73,216.07,210.18,211.8,9851.78,838
2026-07-10 16:00:00+00:00,211.85,214.36,210.93,212.77,2415.0,399
2026-07-10 16:30:00+00:00,212.72,213.03,210.68,211.56,1529.27,268
2026-07-10 17:00:00+00:00,211.56,211.91,208.45,209.89,3270.02,994
2026-07-10 17:30:00+00:00,209.89,212.43,209.89,211.15,3099.84,457
2026-07-10 18:00:00+00:00,211.3,214.02,210.95,213.05,4708.77,296
2026-07-10 18:30:00+00:00,213.05,214.36,212.96,213.8,1334.3,243
2026-07-10 19:00:00+00:00,213.52,214.78,213.15,213.94,1339.85,164
2026-07-10 19:30:00+00:00,214.01,215.0,213.02,215.0,2611.07,386
2026-07-10 20:00:00+00:00,214.84,215.39,213.78,214.49,1042.56,235
2026-07-10 20:30:00+00:00,214.42,214.99,213.31,214.97,2026.18,237
2026-07-10 21:00:00+00:00,215.03,215.21,214.14,214.19,159.08,92
2026-07-10 21:30:00+00:00,214.15,214.29,213.39,214.26,532.5,120
2026-07-10 22:00:00+00:00,214.15,214.59,213.68,214.15,701.42,118
2026-07-10 22:30:00+00:00,214.07,214.79,213.78,214.72,164.29,88
2026-07-10 23:00:00+00:00,214.5,214.71,214.38,214.68,122.13,30
2026-07-10 23:30:00+00:00,214.6,215.22,214.6,214.75,77.52,58
2026-07-11 00:00:00+00:00,214.66,214.85,213.61,213.61,48.92,39
2026-07-11 00:30:00+00:00,213.7,214.26,213.63,213.89,18.61,25
2026-07-11 01:00:00+00:00,213.9,214.45,213.77,214.18,55.34,35
2026-07-11 01:30:00+00:00,214.28,214.28,213.75,214.02,48.16,21
2026-07-11 02:00:00+00:00,214.13,217.39,214.1,216.91,446.17,184
2026-07-11 02:30:00+00:00,217.06,217.11,216.11,216.84,206.24,130
2026-07-11 03:00:00+00:00,216.69,216.96,213.69,213.73,195.85,187
2026-07-11 03:30:00+00:00,214.01,215.08,213.79,213.96,58.39,61
2026-07-11 04:00:00+00:00,213.94,215.36,213.94,214.35,16.29,31
2026-07-11 04:30:00+00:00,214.34,214.34,213.25,213.61,127.25,147
2026-07-11 05:00:00+00:00,213.4,213.81,213.35,213.81,30.34,16
2026-07-11 05:30:00+00:00,213.77,213.97,213.35,213.74,72.19,46
2026-07-11 06:00:00+00:00,214.0,214.06,213.45,213.65,41.52,34
2026-07-11 06:30:00+00:00,213.76,214.29,213.74,213.97,21.43,7
2026-07-11 07:00:00+00:00,213.87,214.33,213.69,213.69,35.1,14
2026-07-11 07:30:00+00:00,213.62,214.02,213.62,214.02,8.46,11
2026-07-11 08:00:00+00:00,213.96,214.0,213.85,214.0,17.45,12
2026-07-11 08:30:00+00:00,213.83,213.9,213.7,213.86,2.25,12
2026-07-11 09:00:00+00:00,213.77,215.03,213.57,214.19,129.59,74
2026-07-11 09:30:00+00:00,213.94,214.09,213.56,213.68,102.48,71
2026-07-11 10:00:00+00:00,213.61,213.7,213.2,213.5,292.46,86
2026-07-11 10:30:00+00:00,213.5,213.61,213.45,213.45,40.38,23
2026-07-11 11:00:00+00:00,213.44,213.46,213.22,213.33,40.44,38
2026-07-11 11:30:00+00:00,213.28,213.36,213.22,213.27,23.57,13
2026-07-11 12:00:00+00:00,213.23,213.39,213.03,213.09,19.32,23
2026-07-11 12:30:00+00:00,213.35,213.39,210.86,210.86,282.49,123
2026-07-11 13:00:00+00:00,210.9,211.25,209.8,210.16,242.85,118
2026-07-11 13:30:00+00:00,210.3,211.59,210.3,211.2,78.0,82
2026-07-11 14:00:00+00:00,210.98,210.98,210.24,210.55,53.62,104
2026-07-11 14:30:00+00:00,210.44,210.53,209.93,210.29,61.87,65
2026-07-11 15:00:00+00:00,210.29,210.95,210.1,210.68,79.31,90
2026-07-11 15:30:00+00:00,210.7,211.97,210.15,211.57,1610.36,306
2026-07-11 16:00:00+00:00,211.54,211.54,210.78,211.12,71.12,53
2026-07-11 16:30:00+00:00,210.99,211.07,210.75,210.78,21.69,40
2026-07-11 17:00:00+00:00,210.81,211.48,210.63,211.27,24.55,25
2026-07-11 17:30:00+00:00,211.12,211.22,210.86,211.09,41.28,25
2026-07-11 18:00:00+00:00,210.95,211.2,210.95,211.05,9.66,16
2026-07-11 18:30:00+00:00,210.95,212.06,210.86,211.7,312.13,90
2026-07-11 19:00:00+00:00,211.57,211.68,211.3,211.31,15.11,18
2026-07-11 19:30:00+00:00,211.42,211.59,211.33,211.35,15.5,21
2026-07-11 20:00:00+00:00,211.25,211.25,211.09,211.13,26.08,25
2026-07-11 20:30:00+00:00,211.08,211.55,210.97,211.36,261.93,37
2026-07-11 21:00:00+00:00,211.5,212.1,211.5,211.96,65.59,42
2026-07-11 21:30:00+00:00,211.93,213.06,211.93,213.06,121.59,93
2026-07-11 22:00:00+00:00,212.93,213.09,212.39,212.5,80.74,86
2026-07-11 22:30:00+00:00,212.39,212.39,211.75,211.79,103.86,73
2026-07-11 23:00:00+00:00,211.99,212.23,211.75,212.08,134.69,61
2026-07-11 23:30:00+00:00,211.99,211.99,210.86,210.86,87.22,92
2026-07-12 00:00:00+00:00,210.81,211.12,209.46,210.05,394.79,142
2026-07-12 00:30:00+00:00,210.18,210.28,209.75,209.91,117.14,65
2026-07-12 01:00:00+00:00,209.9,210.27,209.71,210.26,24.12,36
2026-07-12 01:30:00+00:00,210.43,210.89,210.43,210.81,6.42,13
2026-07-12 02:00:00+00:00,210.65,211.07,210.41,210.95,85.98,70
2026-07-12 02:30:00+00:00,211.1,211.16,210.85,211.13,36.92,22
2026-07-12 03:00:00+00:00,211.11,212.41,211.11,211.7,98.16,99
2026-07-12 03:30:00+00:00,211.6,211.68,211.23,211.68,29.4,48
2026-07-12 04:00:00+00:00,211.6,212.08,211.6,212.08,6.77,13
2026-07-12 04:30:00+00:00,212.05,212.15,212.02,212.14,4.05,9
2026-07-12 05:00:00+00:00,212.25,212.46,211.98,212.22,22.5,23
2026-07-12 05:30:00+00:00,211.98,211.99,211.7,211.7,25.99,25
2026-07-12 06:00:00+00:00,211.93,212.7,211.93,212.1,149.35,152
2026-07-12 06:30:00+00:00,212.1,212.45,211.88,212.44,16.18,18
2026-07-12 07:00:00+00:00,212.48,212.97,212.48,212.78,4.59,13
2026-07-12 07:30:00+00:00,212.86,212.87,212.38,212.41,5.41,10
2026-07-12 08:00:00+00:00,212.45,212.67,212.37,212.58,12.98,38
2026-07-12 08:30:00+00:00,212.6,213.68,212.6,213.28,30.1,22
2026-07-12 09:00:00+00:00,213.14,213.3,212.59,212.59,2.56,8
2026-07-12 09:30:00+00:00,212.64,212.64,212.04,212.16,32.36,34
2026-07-12 10:00:00+00:00,212.24,212.55,212.24,212.29,35.52,15
2026-07-12 10:30:00+00:00,212.15,212.16,211.53,211.94,52.44,39
2026-07-12 11:00:00+00:00,211.9,212.94,211.9,212.89,4.37,16
2026-07-12 11:30:00+00:00,212.68,213.26,212.5,213.26,31.04,21
2026-07-12 12:00:00+00:00,213.2,213.51,212.68,212.73,68.92,72
2026-07-12 12:30:00+00:00,212.72,213.43,212.72,213.13,284.09,70
2026-07-12 13:00:00+00:00,213.14,213.21,212.49,212.75,58.93,28
2026-07-12 13:30:00+00:00,212.61,212.87,212.61,212.71,7.82,10
2026-07-12 14:00:00+00:00,212.66,213.41,212.61,213.26,80.84,34
2026-07-12 14:30:00+00:00,213.17,213.17,212.97,213.04,12.27,7
2026-07-12 15:00:00+00:00,212.82,213.68,212.82,213.56,33.52,26
2026-07-12 15:30:00+00:00,213.71,213.9,213.41,213.75,25.0,20
2026-07-12 16:00:00+00:00,213.79,213.81,212.92,213.14,40.67,88
2026-07-12 16:30:00+00:00,213.19,213.66,213.0,213.53,15.18,94
2026-07-12 17:00:00+00:00,213.51,213.66,213.37,213.59,28.56,153
2026-07-12 17:30:00+00:00,213.58,213.99,213.54,213.89,17.11,115
2026-07-12 18:00:00+00:00,213.94,214.08,213.7,213.85,92.9,102
2026-07-12 18:30:00+00:00,213.9,214.05,212.79,212.91,254.77,157
2026-07-12 19:00:00+00:00,213.04,213.58,212.96,213.58,28.34,96
2026-07-12 19:30:00+00:00,213.5,213.72,213.4,213.58,41.35,99
2026-07-12 20:00:00+00:00,213.52,213.62,213.28,213.41,50.27,85
2026-07-12 20:30:00+00:00,213.56,213.65,213.46,213.48,13.08,73
2026-07-12 21:00:00+00:00,213.48,213.57,212.52,213.43,100.12,131
2026-07-12 21:30:00+00:00,213.34,213.94,213.32,213.91,57.72,99
2026-07-12 22:00:00+00:00,213.8,214.28,212.48,212.72,493.9,216
2026-07-12 22:30:00+00:00,212.81,213.26,212.65,213.24,75.74,96
2026-07-12 23:00:00+00:00,213.21,213.28,212.65,213.17,46.17,96
2026-07-12 23:30:00+00:00,213.11,213.34,210.72,210.72,737.69,355
2026-07-13 00:00:00+00:00,210.71,215.5,210.71,213.36,3491.33,697
2026-07-13 00:30:00+00:00,213.47,213.47,210.28,210.73,1386.43,640
2026-07-13 01:00:00+00:00,210.47,210.7,207.99,209.08,3885.27,1096
2026-07-13 01:30:00+00:00,208.98,209.84,207.54,207.97,941.8,422
2026-07-13 02:00:00+00:00,207.91,208.49,207.02,208.39,474.72,278
2026-07-13 02:30:00+00:00,208.51,208.67,206.52,206.56,1811.81,259
2026-07-13 03:00:00+00:00,206.51,206.81,201.31,204.56,19521.1,1569
2026-07-13 03:30:00+00:00,204.61,205.19,202.11,203.9,10476.04,1056
2026-07-13 04:00:00+00:00,203.83,203.94,202.09,203.52,8502.44,655
2026-07-13 04:30:00+00:00,203.52,204.27,202.64,204.15,2221.39,523
2026-07-13 05:00:00+00:00,204.12,206.41,203.82,205.72,3552.48,422
2026-07-13 05:30:00+00:00,205.56,208.25,205.26,207.8,3268.73,389
2026-07-13 06:00:00+00:00,207.99,208.4,205.78,205.78,751.31,265
2026-07-13 06:30:00+00:00,205.78,206.47,205.73,206.15,508.85,290
2026-07-13 07:00:00+00:00,206.17,207.06,205.41,205.56,1436.03,559
2026-07-13 07:30:00+00:00,205.55,205.75,204.61,204.81,3532.71,615
2026-07-13 08:00:00+00:00,205.1,207.8,203.12,207.06,9946.59,873
2026-07-13 08:30:00+00:00,207.01,208.29,206.72,207.76,691.54,110
2026-07-13 09:00:00+00:00,207.81,208.44,207.07,208.03,182.82,68
2026-07-13 09:30:00+00:00,208.25,209.18,208.25,208.82,236.79,86
2026-07-13 10:00:00+00:00,208.99,208.99,207.68,208.27,96.56,55
2026-07-13 10:30:00+00:00,208.09,208.18,207.03,208.1,157.44,80
2026-07-13 11:00:00+00:00,207.98,210.05,207.98,209.75,833.63,151
2026-07-13 11:30:00+00:00,209.93,210.25,207.98,208.3,601.68,232
2026-07-13 12:00:00+00:00,208.27,208.48,206.9,206.93,1117.29,353
2026-07-13 12:30:00+00:00,206.92,208.61,206.15,207.89,528.45,254
2026-07-13 13:00:00+00:00,208.02,208.08,205.08,206.55,1256.14,214
2026-07-13 13:30:00+00:00,206.93,212.05,206.0,208.07,14742.5,1073
2026-07-13 14:00:00+00:00,208.24,208.45,203.01,206.26,13235.12,978
2026-07-13 14:30:00+00:00,206.35,208.81,204.91,208.7,1973.16,581
2026-07-13 15:00:00+00:00,208.64,211.78,208.29,211.63,1507.61,354
2026-07-13 15:30:00+00:00,211.42,213.57,206.8,208.6,4833.44,833
2026-07-13 16:00:00+00:00,208.66,210.52,206.94,207.44,2988.01,395
2026-07-13 16:30:00+00:00,207.26,207.48,204.41,205.62,4811.14,472
2026-07-13 17:00:00+00:00,205.58,206.76,205.23,206.09,1856.52,287
2026-07-13 17:30:00+00:00,205.99,206.0,204.23,204.73,910.97,173
2026-07-13 18:00:00+00:00,204.94,206.11,204.93,205.58,3520.76,270
2026-07-13 18:30:00+00:00,205.53,205.55,203.36,205.14,1951.15,208
2026-07-13 19:00:00+00:00,204.94,206.76,204.9,205.78,1274.91,171
2026-07-13 19:30:00+00:00,206.07,208.14,204.0,204.48,1140.35,138
2026-07-13 20:00:00+00:00,204.49,205.0,202.94,204.12,892.67,135
2026-07-13 20:30:00+00:00,203.95,204.24,203.56,203.91,332.36,78
2026-07-13 21:00:00+00:00,203.86,203.94,203.35,203.41,168.57,41
2026-07-13 21:30:00+00:00,203.41,203.86,203.41,203.6,231.16,40
2026-07-13 22:00:00+00:00,203.87,203.92,203.4,203.61,161.23,27
2026-07-13 22:30:00+00:00,203.56,203.87,202.47,202.59,427.91,105
2026-07-13 23:00:00+00:00,202.43,202.81,201.38,202.48,570.6,101
2026-07-13 23:30:00+00:00,202.37,202.4,199.86,201.5,2272.06,162
2026-07-14 00:00:00+00:00,201.6,204.11,201.3,202.46,1822.67,539
2026-07-14 00:30:00+00:00,202.61,204.99,202.03,204.85,1174.5,234
2026-07-14 01:00:00+00:00,204.86,204.86,203.0,203.37,839.78,243
2026-07-14 01:30:00+00:00,203.31,203.63,202.53,202.53,386.01,131
2026-07-14 02:00:00+00:00,202.79,203.32,200.95,201.76,1515.99,230
2026-07-14 02:30:00+00:00,201.91,202.23,199.32,199.86,826.81,135
2026-07-14 03:00:00+00:00,199.65,199.65,195.65,196.76,1447.16,210
2026-07-14 03:30:00+00:00,197.37,198.85,195.79,198.85,1942.79,192
2026-07-14 04:00:00+00:00,198.74,200.62,198.69,199.64,1198.81,231
2026-07-14 04:30:00+00:00,199.57,202.85,199.57,202.27,2118.51,298
2026-07-14 05:00:00+00:00,202.28,204.9,202.15,204.33,1446.48,179
2026-07-14 05:30:00+00:00,204.66,204.88,203.83,204.56,240.8,85
2026-07-14 06:00:00+00:00,204.54,205.31,204.49,204.97,273.94,53
2026-07-14 06:30:00+00:00,205.43,205.71,204.62,204.72,142.24,39
2026-07-14 07:00:00+00:00,204.67,205.81,204.56,205.63,716.73,93
2026-07-14 07:30:00+00:00,205.58,205.58,204.18,204.25,179.18,69
2026-07-14 08:00:00+00:00,204.4,205.86,204.4,205.78,517.86,140
2026-07-14 08:30:00+00:00,205.82,206.35,204.42,204.42,324.79,81
2026-07-14 09:00:00+00:00,204.23,205.03,203.81,204.58,502.37,96
2026-07-14 09:30:00+00:00,204.38,205.14,204.29,205.14,109.38,44
2026-07-14 10:00:00+00:00,205.05,205.42,204.83,205.03,48.91,24
2026-07-14 10:30:00+00:00,205.14,205.14,204.57,204.58,112.96,27
2026-07-14 11:00:00+00:00,205.11,207.32,202.55,206.84,1371.7,225
2026-07-14 11:30:00+00:00,206.58,207.48,205.9,206.48,1287.69,115
2026-07-14 12:00:00+00:00,206.44,206.6,204.14,206.42,531.68,142
2026-07-14 12:30:00+00:00,206.6,210.59,206.6,207.98,4490.9,612
2026-07-14 13:00:00+00:00,207.65,209.04,205.78,206.2,1552.27,223
2026-07-14 13:30:00+00:00,206.07,208.69,191.16,193.69,9875.0,1252
2026-07-14 14:00:00+00:00,193.46,193.87,187.65,192.75,3471.98,519
2026-07-14 14:30:00+00:00,192.02,195.06,191.7,193.98,3710.6,422
2026-07-14 15:00:00+00:00,194.22,196.98,192.88,196.03,1942.08,278
2026-07-14 15:30:00+00:00,195.72,195.94,192.32,193.56,1727.68,289
2026-07-14 16:00:00+00:00,193.81,194.24,192.87,193.61,1382.42,228
2026-07-14 16:30:00+00:00,193.5,195.42,193.22,195.19,1353.05,222
2026-07-14 17:00:00+00:00,195.22,198.0,194.74,197.22,893.19,137
2026-07-14 17:30:00+00:00,197.26,199.11,196.09,198.51,3444.34,358
2026-07-14 18:00:00+00:00,198.46,199.12,196.16,196.63,997.07,140
2026-07-14 18:30:00+00:00,196.59,196.84,195.34,196.72,2367.05,206
2026-07-14 19:00:00+00:00,196.51,202.41,196.51,202.28,1452.69,200
2026-07-14 19:30:00+00:00,201.94,204.34,201.38,203.7,1207.25,220
2026-07-14 20:00:00+00:00,203.57,203.76,202.42,202.98,1143.56,200
2026-07-14 20:30:00+00:00,203.08,204.05,202.86,203.41,2578.11,255
2026-07-14 21:00:00+00:00,203.41,204.08,202.78,203.89,1539.69,208
2026-07-14 21:30:00+00:00,203.91,204.23,203.6,203.7,502.61,78
2026-07-14 22:00:00+00:00,203.38,204.0,203.0,203.14,905.54,119
2026-07-14 22:30:00+00:00,203.4,203.86,203.36,203.77,680.06,49
2026-07-14 23:00:00+00:00,203.87,204.17,203.51,203.94,844.95,156
2026-07-14 23:30:00+00:00,203.94,204.16,203.46,203.6,674.08,157
2026-07-15 00:00:00+00:00,203.77,203.85,202.24,203.21,895.31,147
2026-07-15 00:30:00+00:00,203.0,203.0,200.74,201.7,683.86,123
2026-07-15 01:00:00+00:00,201.98,203.09,201.52,202.85,317.92,89
2026-07-15 01:30:00+00:00,202.57,203.49,202.34,203.39,687.49,116
2026-07-15 02:00:00+00:00,203.37,204.04,203.05,203.52,216.75,41
2026-07-15 02:30:00+00:00,203.56,204.06,203.5,203.94,110.25,21
2026-07-15 03:00:00+00:00,203.63,203.96,202.45,203.47,3313.63,181
2026-07-15 03:30:00+00:00,203.31,204.16,203.31,204.0,1157.06,106
2026-07-15 04:00:00+00:00,204.02,205.38,204.02,205.38,3196.99,181
2026-07-15 04:30:00+00:00,205.16,207.88,205.16,207.7,877.1,142
2026-07-15 05:00:00+00:00,207.7,208.15,205.78,205.96,2208.09,278
2026-07-15 05:30:00+00:00,205.99,206.38,205.71,206.2,206.94,105
2026-07-15 06:00:00+00:00,206.2,206.46,205.91,206.37,63.8,86
2026-07-15 06:30:00+00:00,206.44,206.44,205.75,206.13,230.68,54
2026-07-15 07:00:00+00:00,206.55,206.57,203.7,204.3,3574.83,260
2026-07-15 07:30:00+00:00,204.28,204.58,203.91,204.02,474.65,199
2026-07-15 08:00:00+00:00,203.98,204.13,201.25,201.81,4910.44,599
2026-07-15 08:30:00+00:00,201.88,202.87,201.61,202.75,1652.56,321
2026-07-15 09:00:00+00:00,202.96,203.21,202.46,203.09,360.63,57
2026-07-15 09:30:00+00:00,202.93,203.17,202.16,202.16,753.32,93
2026-07-15 10:00:00+00:00,202.14,202.72,202.13,202.13,335.32,70
2026-07-15 10:30:00+00:00,202.37,204.0,202.3,202.73,4210.27,509
2026-07-15 11:00:00+00:00,202.85,202.92,202.32,202.89,542.03,75
2026-07-15 11:30:00+00:00,202.99,203.42,202.46,202.62,269.86,40
2026-07-15 12:00:00+00:00,202.47,202.74,201.72,202.05,322.45,70
2026-07-15 12:30:00+00:00,202.78,204.44,202.66,204.28,2767.29,177
2026-07-15 13:00:00+00:00,204.19,205.08,202.84,204.68,3087.89,312
2026-07-15 13:30:00+00:00,204.82,204.82,196.13,198.05,8030.66,653
2026-07-15 14:00:00+00:00,198.04,198.48,192.9,194.33,8476.15,585
2026-07-15 14:30:00+00:00,194.29,194.63,190.07,190.74,2643.91,353
2026-07-15 15:00:00+00:00,190.73,191.19,187.42,188.41,1847.64,292
2026-07-15 15:30:00+00:00,188.28,189.11,183.57,185.21,2205.3,394
2026-07-15 16:00:00+00:00,185.23,185.85,182.89,183.14,3252.94,550
2026-07-15 16:30:00+00:00,183.14,187.14,182.08,186.92,5233.47,872
2026-07-15 17:00:00+00:00,186.93,189.35,186.8,188.31,2855.08,661
2026-07-15 17:30:00+00:00,188.31,189.48,187.48,188.36,1626.2,378
2026-07-15 18:00:00+00:00,188.36,188.85,186.42,186.42,1402.26,219
2026-07-15 18:30:00+00:00,186.41,187.32,183.93,183.93,503.5,114
2026-07-15 19:00:00+00:00,184.02,186.3,183.87,185.75,378.88,144
2026-07-15 19:30:00+00:00,185.75,186.77,183.99,184.07,1299.56,173
2026-07-15 20:00:00+00:00,183.97,184.8,183.95,184.67,623.57,97
2026-07-15 20:30:00+00:00,184.73,185.35,184.65,185.14,641.81,196
2026-07-15 21:00:00+00:00,185.14,185.76,185.07,185.7,1922.35,238
2026-07-15 21:30:00+00:00,185.7,185.73,184.82,185.29,2616.04,318
2026-07-15 22:00:00+00:00,185.29,185.51,185.02,185.02,163.95,75
2026-07-15 22:30:00+00:00,185.01,185.2,184.27,184.66,2131.39,222
2026-07-15 23:00:00+00:00,184.65,184.96,184.44,184.53,1006.44,143
2026-07-15 23:30:00+00:00,184.56,184.59,184.26,184.36,636.66,64
2026-07-16 00:00:00+00:00,184.36,184.52,180.28,182.15,3954.25,745
2026-07-16 00:30:00+00:00,181.84,182.88,181.84,182.75,337.61,92
2026-07-16 01:00:00+00:00,182.81,183.75,182.25,182.25,701.42,182
2026-07-16 01:30:00+00:00,182.51,184.59,182.51,183.93,450.92,67
2026-07-16 02:00:00+00:00,183.61,184.27,183.2,183.93,70.75,45
2026-07-16 02:30:00+00:00,184.07,184.55,184.05,184.48,62.81,42
2026-07-16 03:00:00+00:00,184.27,184.54,184.12,184.28,520.75,130
2026-07-16 03:30:00+00:00,184.26,184.58,183.88,184.48,790.29,102
2026-07-16 04:00:00+00:00,184.61,184.61,183.93,183.93,102.17,26
2026-07-16 04:30:00+00:00,183.98,184.18,183.36,184.06,205.56,81
2026-07-16 05:00:00+00:00,184.09,185.19,183.92,185.06,683.81,159
2026-07-16 05:30:00+00:00,185.24,185.82,183.34,183.77,1995.95,254
2026-07-16 06:00:00+00:00,183.72,184.49,183.23,184.02,351.54,136
2026-07-16 06:30:00+00:00,183.58,183.85,183.29,183.81,469.41,52
2026-07-16 07:00:00+00:00,183.51,183.59,182.36,182.48,939.0,160
2026-07-16 07:30:00+00:00,182.64,182.64,181.41,181.49,165.55,60
2026-07-16 08:00:00+00:00,181.52,182.73,180.46,182.48,4803.1,655
2026-07-16 08:30:00+00:00,182.68,182.81,181.77,181.97,1325.63,210
2026-07-16 09:00:00+00:00,181.99,183.76,181.99,183.5,872.45,264
2026-07-16 09:30:00+00:00,183.63,183.63,182.44,182.44,290.35,64
2026-07-16 10:00:00+00:00,182.21,182.29,181.98,182.16,400.63,120
2026-07-16 10:30:00+00:00,182.2,182.38,181.63,181.77,514.65,86
2026-07-16 11:00:00+00:00,181.7,181.71,179.39,180.2,2634.74,535
2026-07-16 11:30:00+00:00,180.04,180.05,178.28,178.98,524.23,178
2026-07-16 12:00:00+00:00,178.97,179.32,178.16,179.24,1724.17,269
2026-07-16 12:30:00+00:00,179.45,179.74,176.01,177.73,17193.55,1906
2026-07-16 13:00:00+00:00,177.78,180.58,177.78,178.23,4139.87,793
2026-07-16 13:30:00+00:00,178.07,178.17,174.68,176.03,7311.56,1061
2026-07-16 14:00:00+00:00,176.03,178.49,175.7,177.32,3292.07,636
2026-07-16 14:30:00+00:00,177.34,179.14,176.19,179.06,4299.66,593
2026-07-16 15:00:00+00:00,179.09,179.28,176.89,178.12,1149.74,275
2026-07-16 15:30:00+00:00,177.74,178.25,176.33,176.85,900.65,238
2026-07-16 16:00:00+00:00,176.81,178.85,175.92,178.36,2089.82,383
2026-07-16 16:30:00+00:00,178.36,184.59,178.05,183.73,2011.89,443
2026-07-16 17:00:00+00:00,183.77,185.76,181.76,182.58,2870.63,472
2026-07-16 17:30:00+00:00,182.58,183.02,179.78,179.86,1552.05,239
2026-07-16 18:00:00+00:00,179.61,183.1,178.85,182.23,1601.29,308
2026-07-16 18:30:00+00:00,182.21,182.21,177.09,177.59,1405.0,261
2026-07-16 19:00:00+00:00,177.59,178.51,177.24,178.01,756.94,253
2026-07-16 19:30:00+00:00,177.6,180.65,177.6,180.2,340.48,138
2026-07-16 20:00:00+00:00,180.23,180.53,178.73,179.51,2899.64,332
2026-07-16 20:30:00+00:00,179.66,179.74,179.14,179.64,399.0,125
2026-07-16 21:00:00+00:00,179.68,180.31,179.61,180.3,302.84,71
2026-07-16 21:30:00+00:00,179.86,179.9,179.65,179.89,165.47,52
2026-07-16 22:00:00+00:00,179.87,179.89,179.37,179.61,187.44,33
2026-07-16 22:30:00+00:00,179.36,179.82,178.57,178.85,919.93,132
2026-07-16 23:00:00+00:00,178.66,178.82,177.44,177.44,441.77,164
2026-07-16 23:30:00+00:00,177.41,178.51,176.95,178.14,274.3,111
2026-07-17 00:00:00+00:00,178.23,180.46,178.23,179.84,2295.72,867
2026-07-17 00:30:00+00:00,179.83,180.2,179.52,179.93,1162.97,193
2026-07-17 01:00:00+00:00,179.92,180.54,179.59,179.88,1073.83,185
2026-07-17 01:30:00+00:00,179.57,179.57,178.28,178.39,497.18,87
2026-07-17 02:00:00+00:00,178.16,178.18,177.88,177.88,187.54,38
2026-07-17 02:30:00+00:00,177.84,177.84,176.58,177.08,270.6,104
2026-07-17 03:00:00+00:00,177.34,179.73,177.17,179.72,667.73,162
2026-07-17 03:30:00+00:00,179.15,179.84,178.7,178.74,173.21,54
2026-07-17 04:00:00+00:00,178.7,178.71,177.58,177.58,69.59,35
2026-07-17 04:30:00+00:00,177.69,178.64,176.76,176.8,1917.2,187
2026-07-17 05:00:00+00:00,176.47,176.91,175.92,176.01,477.19,142
2026-07-17 05:30:00+00:00,175.99,176.08,173.29,173.61,1892.31,307
2026-07-17 06:00:00+00:00,173.64,175.99,173.64,175.56,1565.44,275
2026-07-17 06:30:00+00:00,175.45,175.72,174.51,174.76,509.76,150
2026-07-17 07:00:00+00:00,174.81,175.88,174.77,175.88,102.74,49
2026-07-17 07:30:00+00:00,175.87,175.96,174.22,174.38,1156.86,158
2026-07-17 08:00:00+00:00,174.51,175.64,171.33,171.55,3414.33,659
2026-07-17 08:30:00+00:00,171.51,172.54,170.72,171.81,1739.03,322
2026-07-17 09:00:00+00:00,171.91,173.25,171.21,173.17,1715.8,654
2026-07-17 09:30:00+00:00,173.17,174.24,172.8,174.07,741.77,180
2026-07-17 10:00:00+00:00,174.27,176.66,174.09,175.47,1952.98,447
2026-07-17 10:30:00+00:00,175.53,176.49,175.3,175.72,468.39,215
2026-07-17 11:00:00+00:00,175.82,175.89,174.6,175.41,666.74,224
2026-07-17 11:30:00+00:00,175.35,175.67,174.55,175.04,328.45,101
2026-07-17 12:00:00+00:00,175.1,175.17,173.33,173.38,609.65,131
2026-07-17 12:30:00+00:00,173.23,174.4,173.03,174.18,503.14,244
2026-07-17 13:00:00+00:00,174.17,174.17,172.44,172.44,1678.17,409
2026-07-17 13:30:00+00:00,172.62,175.23,168.42,173.54,9871.22,1094
2026-07-17 14:00:00+00:00,173.69,176.03,170.81,170.97,3724.24,502
2026-07-17 14:30:00+00:00,171.03,171.08,167.64,167.65,3287.76,583
2026-07-17 15:00:00+00:00,167.76,167.76,162.36,166.27,5618.9,1011
2026-07-17 15:30:00+00:00,165.98,170.53,165.09,170.43,2355.72,453
2026-07-17 16:00:00+00:00,170.43,172.43,170.08,171.37,1596.63,327
2026-07-17 16:30:00+00:00,171.24,173.13,169.85,172.64,932.44,231
2026-07-17 17:00:00+00:00,172.65,175.17,172.65,174.64,2068.05,361
2026-07-17 17:30:00+00:00,174.69,175.12,172.74,173.1,1310.28,215
2026-07-17 18:00:00+00:00,172.98,173.29,170.87,171.22,2210.28,273
2026-07-17 18:30:00+00:00,171.23,171.72,170.52,170.7,985.62,165
2026-07-17 19:00:00+00:00,170.42,170.58,169.26,170.34,912.65,194
2026-07-17 19:30:00+00:00,170.45,173.64,169.84,172.84,1559.92,210
2026-07-17 20:00:00+00:00,172.53,173.99,171.85,172.57,1545.76,227
2026-07-17 20:30:00+00:00,172.55,172.64,171.13,171.31,2186.3,254
2026-07-17 21:00:00+00:00,171.31,172.0,171.05,171.05,1288.63,130
2026-07-17 21:30:00+00:00,171.1,172.56,171.1,171.87,626.57,121
2026-07-17 22:00:00+00:00,171.79,172.0,171.61,171.69,207.35,62
2026-07-17 22:30:00+00:00,171.37,172.07,171.36,171.86,160.02,39
2026-07-17 23:00:00+00:00,171.88,172.08,171.74,172.0,119.09,47
2026-07-17 23:30:00+00:00,171.7,171.85,171.52,171.66,12.09,7
2026-07-18 00:00:00+00:00,171.58,171.58,170.94,170.98,95.69,74
2026-07-18 00:30:00+00:00,170.91,171.13,170.78,171.02,20.17,16
2026-07-18 01:00:00+00:00,171.31,171.31,171.02,171.02,34.13,19
2026-07-18 01:30:00+00:00,171.05,171.33,171.0,171.01,32.39,21
2026-07-18 02:00:00+00:00,171.06,171.1,170.76,170.76,6.84,18
2026-07-18 02:30:00+00:00,170.58,171.09,170.58,171.09,24.4,15
2026-07-18 03:00:00+00:00,171.1,171.23,171.05,171.11,33.37,14
2026-07-18 03:30:00+00:00,171.06,171.45,171.06,171.36,96.77,39
2026-07-18 04:00:00+00:00,171.4,171.68,171.39,171.55,111.48,36
2026-07-18 04:30:00+00:00,171.27,171.57,171.27,171.57,2.75,4
2026-07-18 05:00:00+00:00,171.41,171.41,171.16,171.29,22.24,12
2026-07-18 05:30:00+00:00,171.22,171.22,170.99,171.14,56.31,15
2026-07-18 06:00:00+00:00,171.33,171.39,171.0,171.02,27.41,9
2026-07-18 06:30:00+00:00,171.03,171.19,171.0,171.19,37.07,12
2026-07-18 07:00:00+00:00,171.36,171.76,171.36,171.76,12.2,9
2026-07-18 07:30:00+00:00,171.76,172.26,171.76,172.26,40.88,23
2026-07-18 08:00:00+00:00,172.06,172.29,172.0,172.29,0.85,5
2026-07-18 08:30:00+00:00,172.34,172.41,172.23,172.23,30.6,14
2026-07-18 09:00:00+00:00,172.38,172.38,171.81,171.99,27.08,16
2026-07-18 09:30:00+00:00,171.99,172.33,171.95,171.98,55.81,12
2026-07-18 10:00:00+00:00,172.06,172.3,171.9,172.29,12.42,12
2026-07-18 10:30:00+00:00,172.14,172.29,172.14,172.29,0.19,2
2026-07-18 11:00:00+00:00,172.24,172.29,172.13,172.13,2.28,6
2026-07-18 11:30:00+00:00,172.21,172.28,172.21,172.28,2.13,2
2026-07-18 12:00:00+00:00,172.07,172.33,171.47,171.57,57.98,21
2026-07-18 12:30:00+00:00,171.39,171.59,171.39,171.44,1.0,6
2026-07-18 13:00:00+00:00,171.29,171.29,171.09,171.27,1.9,7
2026-07-18 13:30:00+00:00,171.11,171.56,171.11,171.45,14.34,21
2026-07-18 14:00:00+00:00,171.17,171.17,170.79,170.79,32.11,14
2026-07-18 14:30:00+00:00,170.82,170.92,170.52,170.78,76.92,19
2026-07-18 15:00:00+00:00,170.7,170.73,170.57,170.57,16.83,12
2026-07-18 15:30:00+00:00,170.57,170.59,170.56,170.56,16.68,11
2026-07-18 16:00:00+00:00,170.56,170.56,170.06,170.06,83.73,22
2026-07-18 16:30:00+00:00,169.98,170.29,169.81,170.17,29.04,20
2026-07-18 17:00:00+00:00,169.9,169.9,169.9,169.9,0.48,1
2026-07-18 17:30:00+00:00,169.81,169.88,169.74,169.77,25.85,11
2026-07-18 18:00:00+00:00,169.84,170.15,169.84,169.94,29.24,16
2026-07-18 18:30:00+00:00,169.67,169.67,169.13,169.13,46.34,30
2026-07-18 19:00:00+00:00,169.16,169.27,169.09,169.13,8.79,20
2026-07-18 19:30:00+00:00,169.1,169.1,168.92,168.92,5.68,10
2026-07-18 20:00:00+00:00,168.96,168.97,168.49,168.49,3.46,18
2026-07-18 20:30:00+00:00,168.44,168.6,168.18,168.6,20.69,12
2026-07-18 21:00:00+00:00,168.54,168.65,168.28,168.28,37.46,16
2026-07-18 21:30:00+00:00,168.33,169.01,167.95,168.89,84.35,40
2026-07-18 22:00:00+00:00,168.81,168.99,168.4,168.4,46.8,20
2026-07-18 22:30:00+00:00,168.37,168.47,168.27,168.28,4.05,8
2026-07-18 23:00:00+00:00,168.33,168.48,168.31,168.48,29.6,11
2026-07-18 23:30:00+00:00,168.42,168.42,168.36,168.36,1.07,2
2026-07-19 00:00:00+00:00,168.4,168.47,168.2,168.2,114.96,20
2026-07-19 00:30:00+00:00,168.18,168.78,168.18,168.76,25.97,21
2026-07-19 01:00:00+00:00,168.74,169.18,168.38,169.08,69.12,20
2026-07-19 01:30:00+00:00,169.02,169.56,169.02,169.54,50.57,30
2026-07-19 02:00:00+00:00,169.69,170.22,169.69,169.85,54.21,56
2026-07-19 02:30:00+00:00,169.61,170.11,169.61,169.83,24.45,23
2026-07-19 03:00:00+00:00,169.92,170.26,169.92,170.26,12.13,19
2026-07-19 03:30:00+00:00,170.25,170.46,170.25,170.33,16.34,11
2026-07-19 04:00:00+00:00,170.58,171.35,170.58,171.35,38.14,15
2026-07-19 04:30:00+00:00,171.21,171.21,171.08,171.17,20.38,6
2026-07-19 05:00:00+00:00,171.24,171.24,171.01,171.09,27.58,9
2026-07-19 05:30:00+00:00,171.1,171.57,171.1,171.47,9.65,6
2026-07-19 06:00:00+00:00,171.51,171.68,171.25,171.68,24.68,17
2026-07-19 06:30:00+00:00,171.84,171.99,171.84,171.99,12.49,10
2026-07-19 07:00:00+00:00,172.1,172.14,172.06,172.14,0.36,4
2026-07-19 07:30:00+00:00,172.15,172.42,172.15,172.42,1.48,6
2026-07-19 08:00:00+00:00,172.49,173.0,172.47,172.79,50.27,39
2026-07-19 08:30:00+00:00,172.81,172.82,172.77,172.82,15.62,7
2026-07-19 09:00:00+00:00,172.71,172.71,171.95,172.2,103.6,26
2026-07-19 09:30:00+00:00,172.15,172.56,172.15,172.56,19.67,23
2026-07-19 10:00:00+00:00,172.48,172.6,172.35,172.59,5.55,7
2026-07-19 10:30:00+00:00,172.45,172.66,172.45,172.66,9.31,8
2026-07-19 11:00:00+00:00,172.55,172.69,172.21,172.21,32.93,25
2026-07-19 11:30:00+00:00,172.11,172.35,172.11,172.35,8.06,6
2026-07-19 12:00:00+00:00,172.34,172.34,171.66,171.99,80.38,36
2026-07-19 12:30:00+00:00,171.99,172.12,171.9,172.12,7.36,10
2026-07-19 13:00:00+00:00,172.12,172.12,171.98,172.12,193.31,36
2026-07-19 13:30:00+00:00,172.09,172.09,171.68,171.86,25.03,11
2026-07-19 14:00:00+00:00,171.41,171.41,171.21,171.29,40.81,22
2026-07-19 14:30:00+00:00,171.22,171.22,170.18,170.22,1193.15,178
2026-07-19 15:00:00+00:00,170.21,170.21,169.5,169.67,99.95,84
2026-07-19 15:30:00+00:00,169.67,169.78,168.87,168.93,121.37,54
2026-07-19 16:00:00+00:00,168.99,169.37,168.43,168.61,181.18,119
2026-07-19 16:30:00+00:00,168.74,168.74,168.26,168.48,123.21,76
2026-07-19 17:00:00+00:00,168.3,169.0,168.29,169.0,127.33,84
2026-07-19 17:30:00+00:00,168.89,169.9,168.86,169.28,314.97,89
2026-07-19 18:00:00+00:00,169.31,169.43,168.82,168.86,104.79,41
2026-07-19 18:30:00+00:00,168.94,169.08,168.71,169.05,58.8,27
2026-07-19 19:00:00+00:00,169.08,169.39,169.05,169.39,5.9,13
2026-07-19 19:30:00+00:00,169.38,169.59,169.38,169.44,15.83,12
2026-07-19 20:00:00+00:00,169.23,169.3,168.95,168.95,37.57,54
2026-07-19 20:30:00+00:00,169.03,169.42,169.0,169.42,210.3,24
2026-07-19 21:00:00+00:00,169.48,169.7,169.15,169.58,134.92,52
2026-07-19 21:30:00+00:00,169.6,170.11,169.5,169.86,93.99,49
2026-07-19 22:00:00+00:00,170.09,170.64,168.84,170.14,161.31,105
2026-07-19 22:30:00+00:00,170.21,171.53,169.97,171.04,202.51,126
2026-07-19 23:00:00+00:00,171.26,171.62,169.73,171.25,341.14,147
2026-07-19 23:30:00+00:00,171.22,171.22,170.63,170.9,195.07,129
2026-07-20 00:00:00+00:00,170.76,175.75,170.76,174.96,13472.44,1657
2026-07-20 00:30:00+00:00,174.96,175.32,173.32,173.36,2087.84,417
2026-07-20 01:00:00+00:00,173.47,174.02,172.57,172.93,559.34,188
2026-07-20 01:30:00+00:00,173.09,173.09,171.73,172.38,896.3,161
2026-07-20 02:00:00+00:00,172.24,173.43,172.16,172.22,188.22,108
2026-07-20 02:30:00+00:00,172.33,174.24,172.33,173.69,1993.01,234
2026-07-20 03:00:00+00:00,173.77,173.84,172.68,172.68,304.09,75
2026-07-20 03:30:00+00:00,172.57,173.58,172.36,172.96,92.41,88
2026-07-20 04:00:00+00:00,173.23,174.19,173.16,173.49,533.4,117
2026-07-20 04:30:00+00:00,173.6,174.1,173.14,173.3,441.41,97
2026-07-20 05:00:00+00:00,173.45,173.45,172.59,172.78,1705.54,227
2026-07-20 05:30:00+00:00,172.75,172.82,171.72,172.03,1189.93,245
2026-07-20 06:00:00+00:00,172.03,173.24,172.03,173.24,478.96,96
2026-07-20 06:30:00+00:00,173.28,175.79,173.28,174.75,1046.07,250
2026-07-20 07:00:00+00:00,175.25,176.75,174.76,176.75,685.56,307
2026-07-20 07:30:00+00:00,176.74,176.82,176.08,176.21,319.79,105
2026-07-20 08:00:00+00:00,176.14,176.52,174.5,175.47,2301.41,383
2026-07-20 08:30:00+00:00,175.41,175.48,174.55,175.45,1899.81,331
2026-07-20 09:00:00+00:00,175.48,176.11,175.48,175.79,494.09,87
2026-07-20 09:30:00+00:00,175.8,176.91,175.8,176.21,588.87,243
2026-07-20 10:00:00+00:00,176.31,176.36,175.2,175.64,244.22,78
2026-07-20 10:30:00+00:00,175.4,176.24,175.09,175.74,303.48,125
2026-07-20 11:00:00+00:00,175.91,176.61,174.9,175.13,659.06,194
2026-07-20 11:30:00+00:00,175.13,177.13,175.13,176.7,684.6,265
2026-07-20 12:00:00+00:00,176.66,176.66,175.54,176.08,1054.46,283
2026-07-20 12:30:00+00:00,176.17,176.43,175.48,175.79,352.29,151
2026-07-20 13:00:00+00:00,175.95,177.14,175.53,176.15,8858.38,701
2026-07-20 13:30:00+00:00,176.37,176.52,169.68,172.06,4228.85,681
2026-07-20 14:00:00+00:00,172.23,172.58,164.5,168.53,4042.63,517
2026-07-20 14:30:00+00:00,168.92,170.83,168.17,169.64,992.31,319
2026-07-20 15:00:00+00:00,169.22,170.44,167.4,170.44,1443.8,348
2026-07-20 15:30:00+00:00,170.51,174.9,169.94,174.71,1778.79,377
2026-07-20 16:00:00+00:00,174.55,179.76,173.56,178.65,1840.02,401
2026-07-20 16:30:00+00:00,178.7,179.39,176.96,177.05,823.9,288
2026-07-20 17:00:00+00:00,176.98,177.1,174.43,174.67,220.32,217
2026-07-20 17:30:00+00:00,174.66,177.87,174.53,177.87,602.96,198
2026-07-20 18:00:00+00:00,177.86,181.67,177.85,178.87,1770.81,243
2026-07-20 18:30:00+00:00,178.79,179.31,176.94,177.11,458.39,139
2026-07-20 19:00:00+00:00,177.26,177.58,175.64,177.33,717.54,124
2026-07-20 19:30:00+00:00,177.49,180.06,176.74,176.74,548.21,146
2026-07-20 20:00:00+00:00,177.29,178.19,175.75,176.96,989.46,306
2026-07-20 20:30:00+00:00,176.91,176.93,176.29,176.29,279.43,77
2026-07-20 21:00:00+00:00,176.93,177.12,175.91,176.83,377.53,117
2026-07-20 21:30:00+00:00,176.99,177.79,176.31,176.81,256.69,143
2026-07-20 22:00:00+00:00,176.79,176.84,176.28,176.63,169.41,79
2026-07-20 22:30:00+00:00,176.6,176.92,176.51,176.68,95.57,55
2026-07-20 23:00:00+00:00,176.62,176.97,176.6,176.87,245.21,149
2026-07-20 23:30:00+00:00,176.87,176.97,176.45,176.93,142.75,89
2026-07-21 00:00:00+00:00,176.62,176.97,173.64,176.39,906.92,433
2026-07-21 00:30:00+00:00,176.53,177.31,176.47,177.06,437.84,124
2026-07-21 01:00:00+00:00,177.0,178.2,176.82,178.2,82.06,72
2026-07-21 01:30:00+00:00,178.06,178.99,177.55,177.86,474.79,188
2026-07-21 02:00:00+00:00,177.87,178.33,177.06,177.6,103.11,90
2026-07-21 02:30:00+00:00,177.57,179.11,177.57,179.11,165.97,112
2026-07-21 03:00:00+00:00,178.98,179.32,178.44,178.92,209.33,152
2026-07-21 03:30:00+00:00,178.96,180.57,178.96,180.5,320.03,174
2026-07-21 04:00:00+00:00,180.59,180.59,179.64,179.82,66.47,80
2026-07-21 04:30:00+00:00,179.78,180.22,179.5,179.6,233.06,168
2026-07-21 05:00:00+00:00,179.67,179.84,178.77,179.76,177.23,72
2026-07-21 05:30:00+00:00,179.41,179.7,178.45,179.37,570.04,171
2026-07-21 06:00:00+00:00,179.42,180.24,179.41,179.85,240.38,109
2026-07-21 06:30:00+00:00,179.86,180.36,179.86,179.86,399.44,82
2026-07-21 07:00:00+00:00,179.94,180.32,179.71,179.78,841.69,228
2026-07-21 07:30:00+00:00,179.65,180.13,179.6,180.0,508.95,283
2026-07-21 08:00:00+00:00,180.21,181.42,179.83,181.2,327.29,120
2026-07-21 08:30:00+00:00,181.25,183.43,181.23,183.41,878.93,231
2026-07-21 09:00:00+00:00,183.38,183.45,181.81,181.93,693.53,293
2026-07-21 09:30:00+00:00,181.96,182.72,181.74,182.38,267.61,387
2026-07-21 10:00:00+00:00,182.36,183.06,182.02,182.19,1033.57,545
2026-07-21 10:30:00+00:00,182.24,182.64,181.78,182.18,153.53,237
2026-07-21 11:00:00+00:00,181.87,181.87,180.4,181.58,1321.45,711
2026-07-21 11:30:00+00:00,181.59,182.42,181.41,181.41,70.21,218
2026-07-21 12:00:00+00:00,181.56,181.87,181.04,181.1,197.35,326
2026-07-21 12:30:00+00:00,181.1,182.59,180.37,182.46,150.93,211
2026-07-21 13:00:00+00:00,182.5,182.5,179.85,180.36,498.79,331
2026-07-21 13:30:00+00:00,180.51,191.5,180.06,191.42,6348.12,847
2026-07-21 14:00:00+00:00,191.53,196.96,191.41,195.74,1666.18,594
2026-07-21 14:30:00+00:00,195.83,197.17,193.3,193.3,2255.8,410
2026-07-21 15:00:00+00:00,193.29,199.0,192.0,199.0,1152.86,458
2026-07-21 15:30:00+00:00,199.0,199.0,196.13,197.19,1233.14,234
2026-07-21 16:00:00+00:00,197.39,200.01,197.39,200.01,2627.84,482
2026-07-21 16:30:00+00:00,199.87,203.99,199.32,203.67,4622.2,667
2026-07-21 17:00:00+00:00,204.03,207.97,203.45,204.85,2260.46,545
2026-07-21 17:30:00+00:00,204.99,207.09,204.38,205.62,618.84,267
2026-07-21 18:00:00+00:00,205.55,205.92,204.17,204.55,2190.89,478
2026-07-21 18:30:00+00:00,204.49,208.31,203.54,206.64,2968.96,602
2026-07-21 19:00:00+00:00,206.65,208.38,203.21,207.23,1296.76,367
2026-07-21 19:30:00+00:00,207.36,210.76,207.22,208.18,2640.25,366
2026-07-21 20:00:00+00:00,208.27,208.79,207.86,208.0,3403.48,376
2026-07-21 20:30:00+00:00,208.0,208.1,207.52,207.52,1331.07,256
2026-07-21 21:00:00+00:00,207.77,208.55,207.38,207.79,1772.24,724
2026-07-21 21:30:00+00:00,207.79,207.99,206.54,206.72,1514.74,641
2026-07-21 22:00:00+00:00,206.71,206.82,205.81,205.81,1047.0,452
2026-07-21 22:30:00+00:00,205.78,206.85,205.62,206.24,265.99,198
2026-07-21 23:00:00+00:00,206.2,207.0,206.19,206.69,143.68,166
2026-07-21 23:30:00+00:00,206.69,207.46,206.27,207.46,430.02,207
2026-07-22 00:00:00+00:00,207.39,207.76,206.22,206.66,1194.19,560
2026-07-22 00:30:00+00:00,206.66,206.97,205.71,206.5,1432.98,431
2026-07-22 01:00:00+00:00,206.52,206.79,205.74,206.21,742.41,492
2026-07-22 01:30:00+00:00,206.32,207.82,205.91,207.09,1215.53,398
2026-07-22 02:00:00+00:00,206.99,207.03,206.36,206.78,262.15,232
2026-07-22 02:30:00+00:00,206.85,206.86,205.8,206.05,77.02,210
2026-07-22 03:00:00+00:00,206.06,206.11,204.5,205.55,1973.79,570
2026-07-22 03:30:00+00:00,205.51,205.89,205.07,205.12,69.39,88
2026-07-22 04:00:00+00:00,205.1,206.16,205.09,206.14,202.55,115
2026-07-22 04:30:00+00:00,206.11,206.11,204.95,205.24,215.37,149
2026-07-22 05:00:00+00:00,205.24,205.24,201.91,202.39,497.6,251
2026-07-22 05:30:00+00:00,202.14,202.67,201.26,201.99,441.68,235
2026-07-22 06:00:00+00:00,202.23,202.23,200.54,200.99,306.77,191
2026-07-22 06:30:00+00:00,200.94,202.96,200.68,202.96,419.76,242
2026-07-22 07:00:00+00:00,202.95,202.95,201.95,202.32,93.11,46
2026-07-22 07:30:00+00:00,202.39,202.39,200.65,201.4,919.35,152
2026-07-22 08:00:00+00:00,201.08,202.84,201.08,201.67,1398.56,382
2026-07-22 08:30:00+00:00,201.67,201.83,201.3,201.78,248.5,149
2026-07-22 09:00:00+00:00,201.79,203.68,201.78,202.35,538.45,168
2026-07-22 09:30:00+00:00,202.3,202.47,201.27,201.92,345.71,166
2026-07-22 10:00:00+00:00,201.93,203.42,201.74,203.11,829.17,308
2026-07-22 10:30:00+00:00,203.13,203.26,202.32,202.32,298.06,159
2026-07-22 11:00:00+00:00,202.48,202.99,201.76,201.86,651.5,208
2026-07-22 11:30:00+00:00,201.85,201.88,200.31,200.57,1806.08,470
2026-07-22 12:00:00+00:00,200.64,201.16,198.5,199.07,2097.43,624
2026-07-22 12:30:00+00:00,199.12,201.04,199.12,200.21,2362.48,331
2026-07-22 13:00:00+00:00,200.2,205.93,200.2,203.7,6835.1,895
2026-07-22 13:30:00+00:00,203.61,243.06,203.36,242.08,35695.16,6343
2026-07-22 14:00:00+00:00,242.54,243.11,213.59,215.89,35638.98,4612
2026-07-22 14:30:00+00:00,216.12,218.9,213.72,218.9,5609.22,1286
2026-07-22 15:00:00+00:00,219.0,223.4,219.0,221.38,4714.23,1068
2026-07-22 15:30:00+00:00,222.22,222.22,218.82,220.39,1907.17,509
2026-07-22 16:00:00+00:00,220.02,220.02,215.88,216.84,2716.16,356
2026-07-22 16:30:00+00:00,216.76,217.66,211.43,215.3,1276.37,456
2026-07-22 17:00:00+00:00,215.41,216.13,211.24,213.34,1241.77,360
2026-07-22 17:30:00+00:00,213.31,214.11,205.46,206.42,6613.64,604
2026-07-22 18:00:00+00:00,206.11,206.89,205.19,205.33,1756.84,505
2026-07-22 18:30:00+00:00,205.08,206.55,203.43,206.36,1940.73,298
2026-07-22 19:00:00+00:00,206.02,209.81,205.98,208.57,1169.85,209
2026-07-22 19:30:00+00:00,208.61,209.5,207.57,209.35,933.04,228
2026-07-22 20:00:00+00:00,209.3,211.14,207.46,210.05,1044.2,313
2026-07-22 20:30:00+00:00,210.16,210.55,209.17,210.07,453.69,227
2026-07-22 21:00:00+00:00,210.35,211.59,209.5,209.78,1101.66,381
2026-07-22 21:30:00+00:00,209.79,210.43,209.1,209.54,1385.15,330
2026-07-22 22:00:00+00:00,209.38,209.58,207.99,209.03,565.78,303
2026-07-22 22:30:00+00:00,208.97,209.87,208.74,209.32,248.07,188
2026-07-22 23:00:00+00:00,209.31,209.83,207.44,208.84,1737.78,591
2026-07-22 23:30:00+00:00,209.04,210.96,209.04,210.71,210.24,208
2026-07-23 00:00:00+00:00,210.85,214.46,210.28,211.46,1460.24,701
2026-07-23 00:30:00+00:00,211.4,211.61,209.73,210.78,673.86,232
2026-07-23 01:00:00+00:00,210.62,211.76,210.61,211.43,245.76,217
2026-07-23 01:30:00+00:00,211.13,211.4,209.8,209.99,547.81,241
2026-07-23 02:00:00+00:00,209.99,210.86,209.62,210.36,277.33,163
2026-07-23 02:30:00+00:00,210.36,210.44,209.23,209.68,118.83,132
2026-07-23 03:00:00+00:00,209.68,209.89,208.57,209.89,217.6,115
2026-07-23 03:30:00+00:00,209.85,211.17,209.36,210.69,272.67,118
2026-07-23 04:00:00+00:00,210.38,211.26,209.85,211.15,615.61,229
2026-07-23 04:30:00+00:00,210.86,211.34,210.22,210.54,948.83,647
2026-07-23 05:00:00+00:00,210.47,211.12,210.19,210.87,1769.81,1010
2026-07-23 05:30:00+00:00,210.74,211.75,210.58,211.61,321.49,712
2026-07-23 06:00:00+00:00,211.61,211.61,209.56,210.42,625.29,383
2026-07-23 06:30:00+00:00,210.34,210.34,209.77,209.95,477.47,157
2026-07-23 07:00:00+00:00,210.02,210.02,208.88,209.63,880.79,533
2026-07-23 07:30:00+00:00,209.52,209.84,208.1,209.1,841.65,238
2026-07-23 08:00:00+00:00,209.19,214.67,209.07,214.1,3957.09,1580
2026-07-23 08:30:00+00:00,214.31,215.63,213.56,215.23,2026.55,491
2026-07-23 09:00:00+00:00,215.17,215.94,213.73,214.87,1681.93,343
2026-07-23 09:30:00+00:00,214.72,214.72,212.94,213.09,582.98,151
2026-07-23 10:00:00+00:00,213.08,213.63,212.71,213.21,775.99,257
2026-07-23 10:30:00+00:00,213.3,214.37,213.04,213.22,565.1,207
2026-07-23 11:00:00+00:00,213.32,213.59,210.95,210.97,1869.41,343
2026-07-23 11:30:00+00:00,210.97,211.1,208.82,209.83,1786.06,352
2026-07-23 12:00:00+00:00,210.14,210.14,204.97,205.06,2949.19,543
2026-07-23 12:30:00+00:00,205.1,206.0,202.46,204.95,3997.54,430
2026-07-23 13:00:00+00:00,205.04,206.64,201.54,205.55,6316.98,730
2026-07-23 13:30:00+00:00,205.47,212.18,201.42,208.56,16973.96,1371
2026-07-23 14:00:00+00:00,208.67,214.49,208.66,212.39,3969.37,705
2026-07-23 14:30:00+00:00,212.08,212.08,203.62,203.62,3732.23,745
2026-07-23 15:00:00+00:00,203.76,210.57,202.28,209.99,3087.18,850
2026-07-23 15:30:00+00:00,210.02,213.69,208.61,211.92,2496.89,604
2026-07-23 16:00:00+00:00,211.81,216.19,209.85,215.76,6359.81,1027
2026-07-23 16:30:00+00:00,215.73,219.15,215.26,217.36,14922.03,1674
2026-07-23 17:00:00+00:00,217.37,221.08,216.25,220.53,13119.78,1491
2026-07-23 17:30:00+00:00,220.47,235.64,217.01,217.51,24300.72,2789
2026-07-23 18:00:00+00:00,217.23,219.39,214.01,218.45,3086.58,676
2026-07-23 18:30:00+00:00,218.05,218.55,216.02,217.4,2874.32,477
2026-07-23 19:00:00+00:00,217.44,220.2,215.17,219.89,5397.89,672
2026-07-23 19:30:00+00:00,219.91,220.34,218.0,219.69,2672.34,445
2026-07-23 20:00:00+00:00,219.69,223.58,219.69,222.87,4308.96,742
2026-07-23 20:30:00+00:00,223.17,223.24,220.96,221.76,614.24,282
2026-07-23 21:00:00+00:00,221.82,221.95,219.0,219.71,561.63,297
2026-07-23 21:30:00+00:00,220.0,220.09,218.7,219.66,1787.78,264
2026-07-23 22:00:00+00:00,219.52,220.08,218.61,219.82,1633.32,339
2026-07-23 22:30:00+00:00,219.9,220.44,219.25,219.33,509.4,132
2026-07-23 23:00:00+00:00,219.27,219.56,219.03,219.5,127.28,49
2026-07-23 23:30:00+00:00,219.18,219.18,218.32,218.52,159.66,65
2026-07-24 00:00:00+00:00,218.61,219.92,216.91,217.83,346.92,128
2026-07-24 00:30:00+00:00,217.93,218.37,217.04,218.37,663.47,111
2026-07-24 01:00:00+00:00,218.26,219.34,217.82,218.62,368.31,125
2026-07-24 01:30:00+00:00,218.53,218.72,217.76,217.76,151.97,55
2026-07-24 02:00:00+00:00,217.72,217.72,216.03,216.18,403.34,185
2026-07-24 02:30:00+00:00,216.17,216.17,214.25,214.25,1299.11,357
2026-07-24 03:00:00+00:00,214.81,215.57,214.35,215.43,98.81,59
2026-07-24 03:30:00+00:00,215.16,215.24,212.68,213.01,806.08,250
2026-07-24 04:00:00+00:00,213.02,215.49,212.95,215.49,836.46,441
2026-07-24 04:30:00+00:00,215.38,216.84,215.18,216.79,234.7,218
2026-07-24 05:00:00+00:00,216.86,218.1,216.55,217.6,306.37,209
2026-07-24 05:30:00+00:00,217.66,218.61,217.1,217.49,370.51,176
2026-07-24 06:00:00+00:00,217.45,217.98,216.8,217.07,306.33,151
2026-07-24 06:30:00+00:00,216.87,217.29,216.35,217.02,183.56,120
2026-07-24 07:00:00+00:00,216.98,220.94,216.88,220.94,977.13,330
2026-07-24 07:30:00+00:00,220.83,221.26,219.2,220.31,331.21,174
2026-07-24 08:00:00+00:00,220.33,221.26,218.52,219.68,1717.64,432
2026-07-24 08:30:00+00:00,220.06,220.18,219.16,219.17,271.52,143
2026-07-24 09:00:00+00:00,219.53,219.58,219.16,219.39,48.16,31
2026-07-24 09:30:00+00:00,219.57,221.62,219.57,221.62,290.33,110
2026-07-24 10:00:00+00:00,221.5,221.51,220.0,220.83,357.09,113
2026-07-24 10:30:00+00:00,220.57,221.05,219.57,220.3,807.73,195
2026-07-24 11:00:00+00:00,220.01,220.57,219.33,219.73,276.07,114
2026-07-24 11:30:00+00:00,219.5,220.29,218.52,219.84,576.12,319
2026-07-24 12:00:00+00:00,219.32,219.83,218.89,219.58,473.5,142
2026-07-24 12:30:00+00:00,219.71,219.77,218.58,218.81,3188.27,285
2026-07-24 13:00:00+00:00,218.8,218.84,212.81,213.17,1867.61,329
2026-07-24 13:30:00+00:00,213.18,213.31,196.37,198.13,13138.51,1597
2026-07-24 14:00:00+00:00,198.25,199.79,194.2,197.69,9418.19,991
2026-07-24 14:30:00+00:00,197.42,197.55,192.73,196.83,5526.25,585
2026-07-24 15:00:00+00:00,196.89,200.37,196.21,197.08,3962.59,541
2026-07-24 15:30:00+00:00,196.97,201.36,196.7,201.1,2118.94,333
2026-07-24 16:00:00+00:00,201.29,204.59,200.21,203.35,20787.7,1591
2026-07-24 16:30:00+00:00,203.32,203.97,200.28,200.34,2166.73,403
2026-07-24 17:00:00+00:00,200.26,200.27,196.59,199.6,1480.79,247
2026-07-24 17:30:00+00:00,199.6,201.4,199.03,199.21,1914.72,353
2026-07-24 18:00:00+00:00,199.21,199.26,196.44,196.95,982.1,244
2026-07-24 18:30:00+00:00,196.94,199.3,196.06,197.52,1871.15,345
2026-07-24 19:00:00+00:00,197.42,197.73,195.17,197.36,2805.89,402
2026-07-24 19:30:00+00:00,197.37,198.76,196.82,198.76,1539.77,180
2026-07-24 20:00:00+00:00,198.88,200.27,198.58,198.95,1248.04,274
2026-07-24 20:30:00+00:00,198.73,199.97,198.18,199.75,2031.31,294
2026-07-24 21:00:00+00:00,199.6,199.6,197.86,198.29,747.33,207
2026-07-24 21:30:00+00:00,198.6,200.01,198.23,198.91,1170.8,359
2026-07-24 22:00:00+00:00,199.09,199.3,197.86,198.06,101.34,78
2026-07-24 22:30:00+00:00,198.38,199.42,197.72,197.97,205.19,110
2026-07-24 23:00:00+00:00,197.85,198.48,197.79,197.96,118.05,62
2026-07-24 23:30:00+00:00,197.91,198.2,197.7,197.92,205.03,59
2026-07-25 00:00:00+00:00,197.9,198.5,197.9,198.16,84.71,68
2026-07-25 00:30:00+00:00,197.98,199.26,197.71,199.09,102.45,46
2026-07-25 01:00:00+00:00,199.15,199.89,199.15,199.89,33.73,33
2026-07-25 01:30:00+00:00,199.97,200.37,199.42,199.94,126.92,123
2026-07-25 02:00:00+00:00,199.93,200.02,199.67,199.86,13.07,11
2026-07-25 02:30:00+00:00,199.97,202.7,199.92,201.55,477.14,171
2026-07-25 03:00:00+00:00,201.34,201.7,201.28,201.6,9.21,15
2026-07-25 03:30:00+00:00,201.46,201.62,200.77,200.77,65.58,62
2026-07-25 04:00:00+00:00,200.73,201.09,200.62,200.62,65.91,132
2026-07-25 04:30:00+00:00,200.61,200.67,199.57,199.59,174.91,162
2026-07-25 05:00:00+00:00,199.64,199.7,199.41,199.44,20.96,80
2026-07-25 05:30:00+00:00,199.44,199.44,198.22,198.48,94.98,91
2026-07-25 06:00:00+00:00,198.52,198.58,197.84,197.94,53.08,90
2026-07-25 06:30:00+00:00,197.96,198.48,197.65,197.81,26.94,81
2026-07-25 07:00:00+00:00,197.82,198.05,197.65,197.88,87.64,101
2026-07-25 07:30:00+00:00,197.88,198.05,197.65,197.65,30.0,67
2026-07-25 08:00:00+00:00,197.65,197.68,197.36,197.36,50.25,85
2026-07-25 08:30:00+00:00,197.36,197.58,197.27,197.3,59.53,75
2026-07-25 09:00:00+00:00,197.3,197.32,197.08,197.21,20.18,68
2026-07-25 09:30:00+00:00,197.21,197.21,196.71,196.72,29.21,70
2026-07-25 10:00:00+00:00,196.72,198.27,196.71,197.51,109.89,106
2026-07-25 10:30:00+00:00,197.51,198.55,197.45,198.33,114.04,128
2026-07-25 11:00:00+00:00,198.39,198.52,198.04,198.05,54.47,96
2026-07-25 11:30:00+00:00,198.03,198.24,197.47,197.94,126.88,125
2026-07-25 12:00:00+00:00,197.94,198.45,197.71,198.21,47.87,91
2026-07-25 12:30:00+00:00,198.21,198.21,197.66,197.67,14.43,71
2026-07-25 13:00:00+00:00,197.55,197.55,196.91,196.91,32.04,84
2026-07-25 13:30:00+00:00,197.02,197.46,196.69,196.69,22.03,80
2026-07-25 14:00:00+00:00,196.6,196.6,196.17,196.21,79.43,78
2026-07-25 14:30:00+00:00,196.19,196.47,196.18,196.32,39.34,74
2026-07-25 15:00:00+00:00,196.27,196.35,196.08,196.1,33.08,79
2026-07-25 15:30:00+00:00,196.11,196.31,196.07,196.09,69.42,102
2026-07-25 16:00:00+00:00,196.1,196.2,195.89,195.9,14.33,44
2026-07-25 16:30:00+00:00,196.34,196.35,196.24,196.34,42.9,11
2026-07-25 17:00:00+00:00,196.2,197.51,196.2,197.0,82.71,48
2026-07-25 17:30:00+00:00,196.87,197.18,196.85,197.18,20.14,11
2026-07-25 18:00:00+00:00,197.38,197.86,197.38,197.81,48.24,23
2026-07-25 18:30:00+00:00,198.07,198.28,197.89,198.1,51.6,25
2026-07-25 19:00:00+00:00,197.8,198.29,197.8,198.29,17.87,15
2026-07-25 19:30:00+00:00,198.13,198.5,198.13,198.5,7.27,9
2026-07-25 20:00:00+00:00,198.38,198.47,198.38,198.45,12.36,8
2026-07-25 20:30:00+00:00,198.53,198.99,198.47,198.99,48.11,32
2026-07-25 21:00:00+00:00,199.11,199.58,199.11,199.58,28.72,44
2026-07-25 21:30:00+00:00,199.79,199.79,199.32,199.32,29.9,24
2026-07-25 22:00:00+00:00,199.12,199.21,199.04,199.15,6.36,17
2026-07-25 22:30:00+00:00,199.05,199.05,199.05,199.05,1.26,2
2026-07-25 23:00:00+00:00,199.18,199.18,199.18,199.18,2.16,4
2026-07-25 23:30:00+00:00,199.24,200.12,199.24,200.07,51.34,50
2026-07-26 00:00:00+00:00,200.07,200.39,200.07,200.08,45.51,28
2026-07-26 00:30:00+00:00,200.07,200.39,200.07,200.29,63.82,77
2026-07-26 01:00:00+00:00,200.38,200.89,200.31,200.8,106.47,167
2026-07-26 01:30:00+00:00,200.81,200.81,200.07,200.07,30.46,37
2026-07-26 02:00:00+00:00,200.09,200.23,199.66,200.01,54.46,42
2026-07-26 02:30:00+00:00,199.88,200.0,199.64,199.64,40.48,24
2026-07-26 03:00:00+00:00,199.82,200.06,199.64,199.87,27.57,17
2026-07-26 03:30:00+00:00,200.42,200.42,199.72,199.72,1.03,2
2026-07-26 04:00:00+00:00,199.77,199.87,199.47,199.7,17.18,30
2026-07-26 04:30:00+00:00,199.85,199.88,199.43,199.49,11.03,19
2026-07-26 05:00:00+00:00,199.23,199.29,199.08,199.08,6.27,10
2026-07-26 05:30:00+00:00,198.88,198.88,197.2,198.16,133.83,96
2026-07-26 06:00:00+00:00,198.35,198.91,198.05,198.91,13.04,11
2026-07-26 06:30:00+00:00,198.87,199.41,198.86,199.21,9.79,10
2026-07-26 07:00:00+00:00,198.4,198.73,198.14,198.39,22.78,26
2026-07-26 07:30:00+00:00,198.52,198.86,198.39,198.79,64.06,15
2026-07-26 08:00:00+00:00,198.8,198.8,198.48,198.48,41.97,18
2026-07-26 08:30:00+00:00,198.48,199.05,198.4,199.05,9.12,11
2026-07-26 09:00:00+00:00,199.01,199.01,198.59,198.61,22.27,10
2026-07-26 09:30:00+00:00,198.53,198.55,198.38,198.47,26.77,11
2026-07-26 10:00:00+00:00,198.55,199.29,198.49,199.13,71.62,29
2026-07-26 10:30:00+00:00,199.16,199.78,199.16,199.78,35.58,14
2026-07-26 11:00:00+00:00,199.47,199.67,199.11,199.67,20.75,12
2026-07-26 11:30:00+00:00,199.57,199.65,199.35,199.35,25.94,15
2026-07-26 12:00:00+00:00,198.56,199.04,198.45,198.75,43.71,21
2026-07-26 12:30:00+00:00,198.6,198.81,198.23,198.28,31.51,24
2026-07-26 13:00:00+00:00,198.19,200.39,198.17,199.17,114.9,52
2026-07-26 13:30:00+00:00,199.14,199.56,199.1,199.51,40.06,16
2026-07-26 14:00:00+00:00,199.48,200.28,199.48,200.02,97.01,55
2026-07-26 14:30:00+00:00,199.98,200.24,199.89,200.05,54.94,33
2026-07-26 15:00:00+00:00,199.92,200.38,199.8,200.31,24.0,18
2026-07-26 15:30:00+00:00,200.14,200.39,200.11,200.16,91.29,40
2026-07-26 16:00:00+00:00,200.14,200.49,199.93,200.33,123.82,41
2026-07-26 16:30:00+00:00,200.29,200.31,200.08,200.31,11.26,4
2026-07-26 17:00:00+00:00,200.08,200.3,200.08,200.1,33.66,18
2026-07-26 17:30:00+00:00,200.15,200.21,200.14,200.18,52.95,18
2026-07-26 18:00:00+00:00,200.21,200.63,200.14,200.52,104.01,103
2026-07-26 18:30:00+00:00,200.7,201.26,200.6,201.04,68.84,33
2026-07-26 19:00:00+00:00,201.25,201.65,201.23,201.55,13.75,9
2026-07-26 19:30:00+00:00,201.05,201.14,201.03,201.12,24.68,9
2026-07-26 20:00:00+00:00,200.74,200.83,200.42,200.49,39.34,25
2026-07-26 20:30:00+00:00,200.48,200.51,200.48,200.51,1.45,3
2026-07-26 21:00:00+00:00,200.69,200.79,200.62,200.7,48.15,41
2026-07-26 21:30:00+00:00,200.57,200.94,200.49,200.66,64.52,44
2026-07-26 22:00:00+00:00,201.03,203.82,201.03,203.49,547.07,231
2026-07-26 22:30:00+00:00,203.46,203.49,202.14,202.23,224.54,302
2026-07-26 23:00:00+00:00,203.07,203.27,202.43,202.61,30.42,50
2026-07-26 23:30:00+00:00,202.46,203.9,202.19,203.78,127.36,106
2026-07-27 00:00:00+00:00,203.33,203.69,199.9,201.88,4799.65,1221
2026-07-27 00:30:00+00:00,202.17,202.58,201.42,201.5,665.53,222
2026-07-27 01:00:00+00:00,201.84,202.04,200.58,200.76,182.8,122
2026-07-27 01:30:00+00:00,200.77,201.7,200.55,201.58,647.89,219
2026-07-27 02:00:00+00:00,201.65,203.05,201.5,202.95,345.33,152
2026-07-27 02:30:00+00:00,202.63,202.87,202.03,202.04,149.18,98
2026-07-27 03:00:00+00:00,201.98,203.22,201.97,202.9,291.63,113
2026-07-27 03:30:00+00:00,202.55,202.76,201.72,202.04,36.3,35
2026-07-27 04:00:00+00:00,202.15,202.74,202.03,202.22,39.64,64
2026-07-27 04:30:00+00:00,202.31,203.52,202.31,203.52,26.82,43
2026-07-27 05:00:00+00:00,203.52,204.39,203.38,204.39,317.65,289
2026-07-27 05:30:00+00:00,204.39,204.58,203.92,204.17,110.63,75
2026-07-27 06:00:00+00:00,204.11,205.09,204.07,204.75,304.23,95
2026-07-27 06:30:00+00:00,204.64,204.98,204.48,204.97,195.14,74
2026-07-27 07:00:00+00:00,204.92,205.58,204.5,204.5,321.19,83
2026-07-27 07:30:00+00:00,204.61,204.61,203.79,204.3,125.86,106
2026-07-27 08:00:00+00:00,204.42,205.66,203.66,203.97,4912.07,1167
2026-07-27 08:30:00+00:00,204.26,204.49,203.34,204.16,2117.03,424
2026-07-27 09:00:00+00:00,203.91,204.08,203.09,203.15,627.2,196
2026-07-27 09:30:00+00:00,203.13,204.37,203.11,204.35,308.17,167
2026-07-27 10:00:00+00:00,204.33,204.76,203.71,203.88,1227.93,193
2026-07-27 10:30:00+00:00,204.02,204.02,203.47,203.62,42.2,37
2026-07-27 11:00:00+00:00,203.42,203.42,201.51,201.51,2164.96,609
2026-07-27 11:30:00+00:00,201.48,202.82,201.42,202.5,1782.92,337
2026-07-27 12:00:00+00:00,202.78,203.14,201.72,202.06,1081.27,276
2026-07-27 12:30:00+00:00,202.04,203.79,202.01,203.79,2011.35,248
2026-07-27 13:00:00+00:00,203.82,204.58,201.98,202.3,2351.5,493
2026-07-27 13:30:00+00:00,202.31,202.57,186.25,191.05,23280.92,2461
2026-07-27 14:00:00+00:00,190.93,191.58,184.67,184.72,5154.67,867
2026-07-27 14:30:00+00:00,184.44,188.2,181.73,187.76,5081.97,999
2026-07-27 15:00:00+00:00,187.76,187.76,182.86,183.66,4527.29,1080
2026-07-27 15:30:00+00:00,183.48,183.86,181.72,182.46,2224.12,589
2026-07-27 16:00:00+00:00,182.81,184.75,182.03,184.34,2762.64,544
2026-07-27 16:30:00+00:00,184.5,185.03,182.79,183.59,3891.54,529
2026-07-27 17:00:00+00:00,183.45,184.15,182.95,183.43,1326.91,279
2026-07-27 17:30:00+00:00,183.6,185.89,183.35,185.82,890.96,293
2026-07-27 18:00:00+00:00,186.1,186.72,185.05,185.33,672.89,313
2026-07-27 18:30:00+00:00,185.2,186.56,183.83,186.5,519.92,228
2026-07-27 19:00:00+00:00,186.42,188.13,186.26,187.07,676.51,251
2026-07-27 19:30:00+00:00,186.91,188.47,186.13,188.26,718.92,283
2026-07-27 20:00:00+00:00,188.37,188.71,187.91,188.63,943.58,462
2026-07-27 20:30:00+00:00,188.56,189.0,188.46,188.47,151.99,170
2026-07-27 21:00:00+00:00,188.52,188.91,188.09,188.77,94.19,90
2026-07-27 21:30:00+00:00,188.74,189.01,188.55,188.6,743.46,222
2026-07-27 22:00:00+00:00,188.64,188.71,186.82,187.42,936.8,353
2026-07-27 22:30:00+00:00,187.44,187.81,186.57,186.58,273.78,149
2026-07-27 23:00:00+00:00,186.65,188.07,186.12,187.92,398.97,300
2026-07-27 23:30:00+00:00,187.9,187.9,187.22,187.53,534.68,198
2026-07-28 00:00:00+00:00,187.48,187.91,186.07,186.71,776.02,454
2026-07-28 00:30:00+00:00,186.64,187.93,186.26,186.26,183.05,124
2026-07-28 01:00:00+00:00,186.49,186.61,184.91,185.6,624.17,266
2026-07-28 01:30:00+00:00,185.41,186.47,185.07,185.39,285.65,181
2026-07-28 02:00:00+00:00,185.11,185.79,184.35,185.1,1136.56,432
2026-07-28 02:30:00+00:00,185.01,185.03,183.52,184.11,339.65,151
2026-07-28 03:00:00+00:00,184.0,185.66,183.44,184.86,298.02,147
2026-07-28 03:30:00+00:00,184.86,186.27,184.64,186.2,654.07,300
2026-07-28 04:00:00+00:00,186.07,186.07,184.34,184.56,1187.57,335
2026-07-28 04:30:00+00:00,184.59,184.8,184.3,184.49,1005.41,390
2026-07-28 05:00:00+00:00,184.35,184.78,183.92,184.0,727.33,194
2026-07-28 05:30:00+00:00,183.8,184.0,183.25,183.7,187.33,176
2026-07-28 06:00:00+00:00,183.86,183.86,181.6,182.31,3747.77,752
2026-07-28 06:30:00+00:00,182.34,184.15,182.34,184.11,828.8,207
2026-07-28 07:00:00+00:00,184.0,184.98,183.61,183.91,782.81,160
2026-07-28 07:30:00+00:00,183.9,184.6,183.35,183.99,570.4,134
2026-07-28 08:00:00+00:00,183.9,185.4,182.55,185.15,3871.4,1388
2026-07-28 08:30:00+00:00,185.11,185.11,183.91,184.02,932.54,291
2026-07-28 09:00:00+00:00,183.98,184.4,183.41,183.98,641.53,143
2026-07-28 09:30:00+00:00,184.06,184.06,182.43,182.65,735.63,169
2026-07-28 10:00:00+00:00,182.71,182.9,182.02,182.34,404.78,109
2026-07-28 10:30:00+00:00,182.38,182.83,181.0,181.93,428.07,146
2026-07-28 11:00:00+00:00,181.86,182.09,179.9,181.06,1218.77,324
2026-07-28 11:30:00+00:00,181.06,182.36,180.74,182.27,2125.17,396
2026-07-28 12:00:00+00:00,182.23,182.51,181.84,182.29,1842.49,607
2026-07-28 12:30:00+00:00,182.28,183.69,181.95,182.47,1783.94,351
2026-07-28 13:00:00+00:00,182.43,183.85,180.77,180.77,623.16,190
2026-07-28 13:30:00+00:00,180.88,182.16,173.88,174.4,11211.16,1918
2026-07-28 14:00:00+00:00,174.3,179.79,173.67,175.76,6362.47,1668
2026-07-28 14:30:00+00:00,175.78,180.7,175.51,177.11,9146.16,1294
2026-07-28 15:00:00+00:00,177.18,186.34,176.62,185.84,11776.2,1597
2026-07-28 15:30:00+00:00,185.84,190.28,185.45,187.44,2986.07,1180
2026-07-28 16:00:00+00:00,187.51,188.43,183.39,183.82,2356.58,697
2026-07-28 16:30:00+00:00,183.7,191.54,182.18,191.47,1769.17,609
2026-07-28 17:00:00+00:00,191.59,192.86,188.72,188.96,5987.41,1464
2026-07-28 17:30:00+00:00,189.04,190.8,188.2,190.8,1513.69,655
2026-07-28 18:00:00+00:00,190.58,191.15,188.24,188.59,2185.27,389
2026-07-28 18:30:00+00:00,188.58,188.83,187.02,188.66,1839.51,455
2026-07-28 19:00:00+00:00,188.71,191.28,188.7,190.99,2237.15,537
2026-07-28 19:30:00+00:00,190.98,192.76,189.19,192.35,1650.02,483
2026-07-28 20:00:00+00:00,192.22,192.83,189.71,191.63,4786.03,1178
2026-07-28 20:30:00+00:00,191.74,191.84,191.05,191.37,175.54,72
2026-07-28 21:00:00+00:00,191.1,191.76,190.98,191.25,478.24,139
2026-07-28 21:30:00+00:00,191.08,191.64,190.85,190.89,287.93,166
2026-07-28 22:00:00+00:00,191.11,191.7,190.75,191.41,267.21,120
2026-07-28 22:30:00+00:00,191.41,191.41,186.37,186.77,1850.26,379
2026-07-28 23:00:00+00:00,186.25,189.14,185.53,189.14,1286.98,708
2026-07-28 23:30:00+00:00,189.05,192.18,188.85,191.79,813.11,409
2026-07-29 00:00:00+00:00,191.67,194.77,191.33,193.03,1645.73,669
2026-07-29 00:30:00+00:00,192.96,193.11,191.19,191.27,1020.26,389
2026-07-29 01:00:00+00:00,191.45,191.67,189.73,190.62,449.06,225
2026-07-29 01:30:00+00:00,190.63,190.96,186.91,187.34,526.89,263
2026-07-29 02:00:00+00:00,187.25,188.77,186.55,188.77,883.6,372
2026-07-29 02:30:00+00:00,188.82,189.14,186.92,186.98,900.46,236
2026-07-29 03:00:00+00:00,187.18,188.05,186.06,186.06,509.12,208
2026-07-29 03:30:00+00:00,185.81,186.67,185.16,185.21,807.31,122
2026-07-29 04:00:00+00:00,185.2,185.26,182.7,183.6,1648.52,600
2026-07-29 04:30:00+00:00,183.47,186.3,182.72,186.15,1788.21,356
2026-07-29 05:00:00+00:00,186.26,187.29,185.71,186.97,1245.11,307
2026-07-29 05:30:00+00:00,186.8,188.08,186.65,186.99,1070.53,187
2026-07-29 06:00:00+00:00,186.85,187.62,186.24,187.58,170.63,85
2026-07-29 06:30:00+00:00,187.76,189.47,187.76,189.19,278.49,67
2026-07-29 07:00:00+00:00,189.04,189.55,188.71,189.35,147.03,110
2026-07-29 07:30:00+00:00,189.45,189.58,188.09,188.51,47.44,55
2026-07-29 08:00:00+00:00,188.11,190.72,188.11,189.19,3257.97,707
2026-07-29 08:30:00+00:00,189.2,190.71,188.72,189.87,1059.16,314
2026-07-29 09:00:00+00:00,189.96,192.9,189.96,192.37,3386.93,434
2026-07-29 09:30:00+00:00,192.12,194.0,192.04,193.35,1972.11,347
2026-07-29 10:00:00+00:00,193.29,193.67,192.3,192.5,1294.13,459
2026-07-29 10:30:00+00:00,192.5,192.62,191.3,191.59,527.94,375
2026-07-29 11:00:00+00:00,191.88,192.32,190.82,192.08,477.52,165
2026-07-29 11:30:00+00:00,191.95,191.95,191.3,191.45,1384.65,255
2026-07-29 12:00:00+00:00,191.47,191.85,188.83,189.19,1247.49,236
2026-07-29 12:30:00+00:00,188.93,190.4,188.92,189.82,222.38,117
2026-07-29 13:00:00+00:00,189.47,191.32,189.16,190.69,1669.47,292
2026-07-29 13:30:00+00:00,190.59,190.59,181.29,182.27,8234.89,1435
2026-07-29 14:00:00+00:00,182.1,184.23,179.06,179.06,4867.76,1175
2026-07-29 14:30:00+00:00,179.25,179.42,176.97,178.48,3154.82,921
2026-07-29 15:00:00+00:00,178.47,179.21,175.55,176.47,8919.92,1467
2026-07-29 15:30:00+00:00,176.46,177.75,174.52,175.43,6106.16,1480
2026-07-29 16:00:00+00:00,175.46,175.8,173.47,175.35,8621.83,1511
2026-07-29 16:30:00+00:00,175.36,176.19,173.44,175.09,8028.67,1344
2026-07-29 17:00:00+00:00,175.08,178.4,174.98,176.6,4234.96,667
2026-07-29 17:30:00+00:00,176.6,178.24,176.4,178.21,1633.71,333
2026-07-29 18:00:00+00:00,178.21,180.91,177.77,179.09,5730.58,815
2026-07-29 18:30:00+00:00,179.09,183.24,179.09,182.82,2964.66,552
2026-07-29 19:00:00+00:00,182.71,183.68,177.8,178.9,2856.27,663
2026-07-29 19:30:00+00:00,178.93,179.72,168.13,169.28,14207.49,1268
2026-07-29 20:00:00+00:00,169.27,170.81,167.82,168.4,47479.41,4321
2026-07-29 20:30:00+00:00,168.4,169.62,168.15,169.12,3593.15,797
2026-07-29 21:00:00+00:00,169.17,169.56,167.87,168.92,721.77,162
2026-07-29 21:30:00+00:00,169.05,169.14,167.89,168.15,4139.75,480
2026-07-29 22:00:00+00:00,168.15,173.33,168.1,173.25,4572.87,779
2026-07-29 22:30:00+00:00,173.12,174.64,172.24,172.45,2753.75,330
2026-07-29 23:00:00+00:00,172.33,173.59,172.13,173.52,518.68,175
2026-07-29 23:30:00+00:00,173.52,173.71,172.85,173.05,559.84,266
2026-07-30 00:00:00+00:00,173.03,176.09,172.0,173.62,6969.55,977
2026-07-30 00:30:00+00:00,173.68,173.78,171.15,172.63,2071.99,323
2026-07-30 01:00:00+00:00,172.63,174.75,172.57,174.29,1897.96,458
2026-07-30 01:30:00+00:00,174.34,175.49,174.34,175.08,393.25,112
2026-07-30 02:00:00+00:00,175.04,175.23,173.27,173.55,436.55,256
2026-07-30 02:30:00+00:00,173.61,173.61,171.85,171.88,368.68,156
2026-07-30 03:00:00+00:00,171.97,172.36,171.36,171.78,217.09,79
2026-07-30 03:30:00+00:00,171.59,172.55,171.28,172.0,319.75,128
2026-07-30 04:00:00+00:00,172.19,172.47,170.78,172.28,561.68,200
2026-07-30 04:30:00+00:00,172.29,172.29,170.0,170.07,374.22,163
2026-07-30 05:00:00+00:00,170.07,170.82,169.22,170.82,676.45,225
2026-07-30 05:30:00+00:00,170.6,172.17,170.44,171.44,416.67,130
2026-07-30 06:00:00+00:00,171.32,171.78,170.84,171.51,136.63,79
2026-07-30 06:30:00+00:00,171.41,171.41,170.29,170.44,380.22,122
2026-07-30 07:00:00+00:00,170.33,171.76,170.33,170.87,248.2,157
2026-07-30 07:30:00+00:00,170.69,171.5,170.41,170.43,389.74,125
2026-07-30 08:00:00+00:00,170.42,172.61,170.08,172.41,4499.51,669
2026-07-30 08:30:00+00:00,172.61,173.25,172.23,172.4,788.92,300
2026-07-30 09:00:00+00:00,172.54,173.44,172.22,173.27,432.05,152
2026-07-30 09:30:00+00:00,173.35,173.73,173.09,173.52,1622.99,200
2026-07-30 10:00:00+00:00,173.38,174.69,173.02,174.49,616.08,211
2026-07-30 10:30:00+00:00,174.47,175.47,174.26,174.87,668.93,195
2026-07-30 11:00:00+00:00,174.95,176.21,174.65,176.11,2545.69,316
2026-07-30 11:30:00+00:00,176.17,176.98,175.45,176.75,2627.84,730
2026-07-30 12:00:00+00:00,176.75,178.48,176.6,177.08,3890.93,697
2026-07-30 12:30:00+00:00,177.23,179.04,177.15,178.54,1556.67,551
2026-07-30 13:00:00+00:00,178.61,180.65,178.17,178.8,2394.73,763
2026-07-30 13:30:00+00:00,178.7,196.05,175.44,194.13,18514.74,2411
2026-07-30 14:00:00+00:00,194.38,201.71,191.48,201.28,11781.72,2115
2026-07-30 14:30:00+00:00,201.09,202.55,197.93,200.52,8293.14,1472
2026-07-30 15:00:00+00:00,200.7,201.71,196.18,197.53,3644.89,1229
2026-07-30 15:30:00+00:00,197.83,198.02,194.23,195.22,2841.68,959
2026-07-30 16:00:00+00:00,195.25,200.52,195.24,200.1,2542.64,589
2026-07-30 16:30:00+00:00,200.1,200.16,197.44,200.15,1654.58,523
2026-07-30 17:00:00+00:00,200.44,202.71,200.11,200.45,3586.99,551
2026-07-30 17:30:00+00:00,200.54,204.54,200.54,202.13,6009.66,861
2026-07-30 18:00:00+00:00,202.27,202.44,200.16,201.51,1420.61,387
2026-07-30 18:30:00+00:00,201.55,201.88,200.25,200.31,398.16,230
2026-07-30 19:00:00+00:00,200.33,203.46,200.31,201.51,1624.91,446
2026-07-30 19:30:00+00:00,201.26,203.53,201.19,203.02,554.68,252
2026-07-30 20:00:00+00:00,202.86,204.34,202.69,203.91,1136.89,535
2026-07-30 20:30:00+00:00,203.94,203.94,203.22,203.84,500.86,171
2026-07-30 21:00:00+00:00,203.69,204.15,203.25,203.95,645.59,248
2026-07-30 21:30:00+00:00,203.68,204.31,203.44,204.21,1409.03,612
2026-07-30 22:00:00+00:00,204.2,209.52,204.01,205.55,3096.27,812
2026-07-30 22:30:00+00:00,205.6,206.62,205.58,206.09,539.83,282
2026-07-30 23:00:00+00:00,206.05,206.49,205.91,206.2,520.47,287
2026-07-30 23:30:00+00:00,206.23,207.13,206.23,207.07,247.11,184
2026-07-31 00:00:00+00:00,206.84,206.84,202.73,205.88,1546.94,810
2026-07-31 00:30:00+00:00,205.93,207.33,205.87,207.33,110.81,143
2026-07-31 01:00:00+00:00,207.26,208.27,206.74,206.75,234.71,189
2026-07-31 01:30:00+00:00,206.89,207.81,205.0,205.52,193.89,176
2026-07-31 02:00:00+00:00,205.37,205.37,203.44,204.55,275.6,141
2026-07-31 02:30:00+00:00,204.22,205.11,203.99,204.81,132.4,60
2026-07-31 03:00:00+00:00,205.21,205.21,204.07,204.92,190.19,101
2026-07-31 03:30:00+00:00,204.92,205.34,203.62,204.22,315.06,153
2026-07-31 04:00:00+00:00,204.22,206.0,204.06,205.76,152.56,177
2026-07-31 04:30:00+00:00,205.76,207.65,205.68,207.65,144.78,168
2026-07-31 05:00:00+00:00,207.56,208.24,206.68,208.22,508.84,220
2026-07-31 05:30:00+00:00,208.17,208.41,207.16,207.6,51.52,88
2026-07-31 06:00:00+00:00,207.86,208.29,207.67,207.71,90.07,65
2026-07-31 06:30:00+00:00,207.7,207.7,204.21,205.84,2950.79,659
2026-07-31 07:00:00+00:00,205.49,206.59,205.17,206.36,610.56,158
2026-07-31 07:30:00+00:00,206.32,207.5,206.11,206.66,46.95,33
2026-07-31 08:00:00+00:00,206.5,207.72,205.85,207.72,882.04,199
2026-07-31 08:30:00+00:00,207.6,208.53,207.24,208.32,143.83,73
2026-07-31 09:00:00+00:00,208.45,209.23,207.83,208.04,434.82,171
2026-07-31 09:30:00+00:00,208.08,208.12,206.68,206.93,197.23,153
2026-07-31 10:00:00+00:00,206.91,208.17,206.84,208.17,378.29,218
2026-07-31 10:30:00+00:00,208.05,208.05,207.18,207.32,80.49,95
2026-07-31 11:00:00+00:00,207.79,209.51,207.28,207.41,467.61,158
2026-07-31 11:30:00+00:00,207.36,209.21,206.57,209.21,2944.61,615
2026-07-31 12:00:00+00:00,209.14,209.14,205.38,206.61,609.28,291
2026-07-31 12:30:00+00:00,206.61,206.7,205.31,205.71,1382.95,254
2026-07-31 13:00:00+00:00,205.44,208.71,205.37,208.7,981.61,236
2026-07-31 13:30:00+00:00,208.75,213.68,201.95,203.74,14767.29,2426
2026-07-31 14:00:00+00:00,203.7,209.61,199.39,201.84,9299.59,1523
2026-07-31 14:30:00+00:00,201.99,203.21,199.89,201.84,2528.89,600
2026-07-31 15:00:00+00:00,201.73,204.41,199.96,199.96,3184.14,554
2026-07-31 15:30:00+00:00,200.37,200.43,196.49,197.97,2080.5,483
2026-07-31 16:00:00+00:00,198.03,199.31,195.83,199.31,1387.07,566
2026-07-31 16:30:00+00:00,199.3,203.59,199.3,201.78,3196.77,724
2026-07-31 17:00:00+00:00,201.69,202.99,201.28,201.64,1754.0,466
2026-07-31 17:30:00+00:00,201.53,202.52,201.0,202.11,800.33,198
2026-07-31 18:00:00+00:00,201.71,202.02,200.03,200.37,743.89,257
2026-07-31 18:30:00+00:00,200.29,201.17,199.63,200.85,1129.09,276
2026-07-31 19:00:00+00:00,201.1,202.85,200.71,201.68,1553.61,374
2026-07-31 19:30:00+00:00,202.06,202.06,198.65,198.67,3030.85,806
2026-07-31 20:00:00+00:00,198.63,198.86,197.64,198.3,710.82,264
2026-07-31 20:30:00+00:00,198.29,198.9,197.27,197.51,305.7,220
2026-07-31 21:00:00+00:00,197.57,198.14,197.22,197.61,354.89,304
2026-07-31 21:30:00+00:00,197.55,197.68,196.52,196.81,122.3,92
2026-07-31 22:00:00+00:00,196.87,197.26,196.35,196.37,197.63,171
2026-07-31 22:30:00+00:00,196.38,197.28,196.37,196.85,105.83,69
2026-07-31 23:00:00+00:00,196.82,196.89,196.47,196.89,14.66,17
2026-07-31 23:30:00+00:00,196.87,197.07,196.45,196.53,23.92,29
2026-08-01 00:00:00+00:00,196.6,198.21,196.22,196.22,126.16,116
2026-08-01 00:30:00+00:00,196.57,196.62,195.63,195.94,321.04,151
2026-08-01 01:00:00+00:00,195.82,196.59,195.77,196.06,23.07,32
2026-08-01 01:30:00+00:00,196.01,196.01,195.53,195.82,20.14,43
2026-08-01 02:00:00+00:00,195.91,196.44,195.23,195.53,348.68,223
2026-08-01 02:30:00+00:00,195.68,195.68,195.25,195.57,30.49,42
2026-08-01 03:00:00+00:00,195.38,195.67,195.33,195.65,26.08,40
2026-08-01 03:30:00+00:00,195.67,195.72,195.34,195.42,14.77,25
2026-08-01 04:00:00+00:00,195.42,195.71,195.31,195.54,82.3,113
2026-08-01 04:30:00+00:00,195.45,195.74,195.22,195.56,78.99,89
2026-08-01 05:00:00+00:00,195.53,195.8,195.15,195.19,92.51,81
2026-08-01 05:30:00+00:00,195.33,195.64,195.17,195.47,72.27,68
2026-08-01 06:00:00+00:00,195.52,195.9,193.28,195.45,1005.19,769
2026-08-01 06:30:00+00:00,195.52,195.71,194.42,194.96,89.67,97
2026-08-01 07:00:00+00:00,194.96,194.99,194.62,194.71,146.14,61
2026-08-01 07:30:00+00:00,194.69,195.37,194.17,195.34,131.83,65
2026-08-01 08:00:00+00:00,195.27,195.64,195.27,195.34,219.02,95
2026-08-01 08:30:00+00:00,195.4,195.62,195.11,195.32,303.31,41
2026-08-01 09:00:00+00:00,195.01,195.21,194.48,194.75,56.52,72
2026-08-01 09:30:00+00:00,194.62,195.09,194.35,194.82,107.47,59
2026-08-01 10:00:00+00:00,194.86,195.32,194.77,195.0,201.77,156
2026-08-01 10:30:00+00:00,195.0,195.38,194.8,195.3,68.13,41
2026-08-01 11:00:00+00:00,195.08,195.61,194.8,195.35,47.79,53
2026-08-01 11:30:00+00:00,195.1,195.18,194.93,195.09,15.52,20
2026-08-01 12:00:00+00:00,195.06,195.5,194.75,195.5,320.81,230
2026-08-01 12:30:00+00:00,195.57,195.64,195.21,195.33,106.44,165
2026-08-01 13:00:00+00:00,195.32,195.32,194.51,194.52,58.37,125
2026-08-01 13:30:00+00:00,194.31,194.69,194.31,194.47,51.62,63
2026-08-01 14:00:00+00:00,194.56,194.63,194.4,194.44,130.39,191
2026-08-01 14:30:00+00:00,194.41,194.8,194.24,194.8,57.28,81
2026-08-01 15:00:00+00:00,194.61,194.61,194.36,194.47,39.95,76
2026-08-01 15:30:00+00:00,194.48,194.65,194.25,194.3,82.39,176
2026-08-01 16:00:00+00:00,194.3,194.54,194.13,194.22,57.61,161
2026-08-01 16:30:00+00:00,194.18,194.27,193.73,194.25,35.44,121
2026-08-01 17:00:00+00:00,194.26,194.98,194.04,194.95,33.17,83
2026-08-01 17:30:00+00:00,194.85,194.85,194.1,194.14,18.23,74
2026-08-01 18:00:00+00:00,194.22,194.36,193.58,193.7,40.47,121
2026-08-01 18:30:00+00:00,193.58,194.18,192.84,193.13,146.78,186
2026-08-01 19:00:00+00:00,193.06,193.76,193.0,193.28,55.76,110
2026-08-01 19:30:00+00:00,193.36,193.49,192.85,193.1,57.34,121
2026-08-01 20:00:00+00:00,192.96,193.27,192.76,192.8,46.33,133
2026-08-01 20:30:00+00:00,192.9,193.09,192.67,193.02,104.7,178
2026-08-01 21:00:00+00:00,193.03,193.73,192.63,193.5,191.6,211
2026-08-01 21:30:00+00:00,193.53,194.74,193.39,194.64,274.81,301
2026-08-01 22:00:00+00:00,194.8,194.85,193.4,193.84,40.29,91
2026-08-01 22:30:00+00:00,193.84,194.33,193.71,194.27,6.62,68
2026-08-01 23:00:00+00:00,194.21,194.37,193.95,194.15,14.55,73
2026-08-01 23:30:00+00:00,194.24,194.61,194.24,194.6,20.76,83
2026-08-02 00:00:00+00:00,194.61,197.37,194.6,197.06,289.88,283
2026-08-02 00:30:00+00:00,197.07,197.07,195.66,196.34,157.77,285
2026-08-02 01:00:00+00:00,196.41,196.45,195.19,195.32,118.0,125
2026-08-02 01:30:00+00:00,195.43,195.71,194.74,195.04,37.89,112
2026-08-02 02:00:00+00:00,194.97,199.6,194.77,198.12,365.1,380
2026-08-02 02:30:00+00:00,198.33,199.03,197.41,197.74,192.35,343
2026-08-02 03:00:00+00:00,197.56,197.97,194.07,194.08,1705.3,826
2026-08-02 03:30:00+00:00,194.08,195.07,194.07,195.03,628.4,826
2026-08-02 04:00:00+00:00,195.07,195.27,194.8,194.89,50.84,132
2026-08-02 04:30:00+00:00,194.86,196.04,194.66,195.04,402.77,291
2026-08-02 05:00:00+00:00,195.06,195.86,194.88,195.23,29.86,90
2026-08-02 05:30:00+00:00,195.23,195.23,194.72,195.12,20.78,83
2026-08-02 06:00:00+00:00,195.0,197.57,194.32,195.15,3434.82,499
2026-08-02 06:30:00+00:00,195.16,195.16,194.06,194.06,343.51,293
2026-08-02 07:00:00+00:00,194.04,194.21,193.6,193.78,102.62,140
2026-08-02 07:30:00+00:00,193.77,194.8,193.7,194.45,65.9,125
2026-08-02 08:00:00+00:00,194.61,195.37,194.61,195.26,109.04,147
2026-08-02 08:30:00+00:00,195.32,196.24,194.45,194.85,478.33,195
2026-08-02 09:00:00+00:00,194.84,195.14,194.25,194.84,216.28,164
2026-08-02 09:30:00+00:00,194.8,195.68,194.78,195.56,129.58,153
2026-08-02 10:00:00+00:00,195.5,196.0,195.15,195.73,73.92,130
2026-08-02 10:30:00+00:00,195.74,195.74,194.87,195.06,164.34,177
2026-08-02 11:00:00+00:00,194.91,195.06,194.25,194.31,62.14,134
2026-08-02 11:30:00+00:00,194.35,194.69,193.26,194.17,228.34,150
2026-08-02 12:00:00+00:00,194.15,194.93,193.94,194.77,409.26,300
2026-08-02 12:30:00+00:00,194.89,195.4,194.71,194.84,303.87,254
2026-08-02 13:00:00+00:00,194.84,194.96,194.77,194.91,38.49,87
2026-08-02 13:30:00+00:00,194.91,195.11,194.49,194.5,102.32,152
2026-08-02 14:00:00+00:00,194.5,194.8,194.49,194.52,85.4,201
2026-08-02 14:30:00+00:00,194.57,194.66,194.49,194.62,70.22,264
2026-08-02 15:00:00+00:00,194.66,195.96,194.65,195.96,78.47,109
2026-08-02 15:30:00+00:00,195.96,195.96,194.83,195.7,211.33,162
2026-08-02 16:00:00+00:00,195.69,195.79,195.15,195.22,39.62,110
2026-08-02 16:30:00+00:00,195.22,195.63,195.15,195.36,25.89,81
2026-08-02 17:00:00+00:00,195.35,196.18,195.07,195.07,64.06,130
2026-08-02 17:30:00+00:00,195.07,195.13,194.7,194.73,55.76,111
2026-08-02 18:00:00+00:00,194.73,195.28,194.7,195.17,219.81,233
2026-08-02 18:30:00+00:00,195.17,195.36,194.62,194.81,33.79,100
2026-08-02 19:00:00+00:00,194.87,196.07,194.73,195.78,524.03,216
2026-08-02 19:30:00+00:00,195.72,196.06,195.33,195.47,73.41,127
2026-08-02 20:00:00+00:00,195.56,195.61,195.26,195.51,70.58,134
2026-08-02 20:30:00+00:00,195.51,195.67,195.18,195.19,70.4,68
2026-08-02 21:00:00+00:00,195.18,196.4,195.14,196.4,466.9,157
2026-08-02 21:30:00+00:00,196.31,198.61,195.27,197.29,1179.27,276
2026-08-02 22:00:00+00:00,197.32,197.96,196.59,197.58,828.0,299
2026-08-02 22:30:00+00:00,197.58,197.83,196.83,196.87,1069.72,298
2026-08-02 23:00:00+00:00,196.93,198.28,196.21,196.72,223.72,139
2026-08-02 23:30:00+00:00,196.65,197.8,196.21,197.3,61.86,61
2026-08-03 00:00:00+00:00,196.98,202.31,196.16,199.76,7769.69,2200
2026-08-03 00:30:00+00:00,199.77,201.2,198.77,200.98,1468.41,364
2026-08-03 01:00:00+00:00,200.98,201.51,199.64,200.45,587.04,443
2026-08-03 01:30:00+00:00,200.49,201.05,199.67,200.9,463.51,590
2026-08-03 02:00:00+00:00,200.87,201.78,200.56,201.04,355.35,317
2026-08-03 02:30:00+00:00,201.22,201.5,200.75,201.43,213.99,191
2026-08-03 03:00:00+00:00,201.43,201.63,200.79,201.07,99.52,165
2026-08-03 03:30:00+00:00,201.02,202.14,200.96,201.33,373.89,184
2026-08-03 04:00:00+00:00,201.44,201.81,200.77,201.76,261.19,334
2026-08-03 04:30:00+00:00,201.84,201.93,201.28,201.56,192.49,188
2026-08-03 05:00:00+00:00,201.3,201.5,200.6,201.33,1043.28,992
2026-08-03 05:30:00+00:00,201.27,201.71,201.02,201.1,399.97,700
2026-08-03 06:00:00+00:00,201.16,201.8,201.13,201.32,87.32,199
2026-08-03 06:30:00+00:00,201.34,201.57,199.35,199.4,492.1,419
2026-08-03 07:00:00+00:00,199.26,200.45,198.98,199.96,278.07,233
2026-08-03 07:30:00+00:00,199.81,200.05,199.03,199.69,177.48,215
2026-08-03 08:00:00+00:00,199.92,200.15,197.28,197.96,2396.95,678
2026-08-03 08:30:00+00:00,197.85,199.28,197.55,199.03,3090.22,858
2026-08-03 09:00:00+00:00,199.11,199.24,197.86,198.04,1900.48,424
2026-08-03 09:30:00+00:00,198.13,198.81,197.75,198.81,940.07,363
2026-08-03 10:00:00+00:00,198.81,198.97,196.0,196.46,748.7,278
2026-08-03 10:30:00+00:00,196.43,197.02,195.42,196.89,1202.96,333
2026-08-03 11:00:00+00:00,196.79,196.91,195.67,196.15,2249.94,413
2026-08-03 11:30:00+00:00,196.08,197.26,194.19,194.42,887.5,281
2026-08-03 12:00:00+00:00,194.08,195.14,193.26,194.85,976.75,241
2026-08-03 12:30:00+00:00,194.95,195.56,194.47,194.5,352.37,121
2026-08-03 13:00:00+00:00,194.35,194.63,189.76,190.63,3727.55,458
2026-08-03 13:30:00+00:00,190.85,202.84,184.75,202.84,19290.77,2671
2026-08-03 14:00:00+00:00,202.71,207.3,199.48,206.9,9940.62,1420
2026-08-03 14:30:00+00:00,206.76,209.56,206.45,208.67,7851.77,1028
2026-08-03 15:00:00+00:00,208.57,208.66,205.96,206.53,2119.7,400
2026-08-03 15:30:00+00:00,206.32,214.64,206.2,214.4,3330.55,608
2026-08-03 16:00:00+00:00,214.35,216.19,212.22,213.84,4489.41,725
2026-08-03 16:30:00+00:00,213.77,216.55,212.24,215.77,2367.75,541
2026-08-03 17:00:00+00:00,215.93,219.02,214.84,217.57,5299.18,930
2026-08-03 17:30:00+00:00,217.92,219.65,216.71,218.24,2189.46,527
2026-08-03 18:00:00+00:00,218.12,219.44,216.31,216.66,3011.89,525
2026-08-03 18:30:00+00:00,216.65,217.78,216.4,217.14,1719.87,375
2026-08-03 19:00:00+00:00,217.07,220.06,217.07,217.66,1724.58,299
2026-08-03 19:30:00+00:00,217.84,222.18,216.85,219.63,3459.6,697
2026-08-03 20:00:00+00:00,219.88,220.6,219.1,220.33,1409.16,422
2026-08-03 20:30:00+00:00,220.17,220.4,219.22,219.73,1006.4,264
2026-08-03 21:00:00+00:00,219.52,219.76,219.17,219.76,142.6,114
2026-08-03 21:30:00+00:00,219.55,219.86,219.25,219.51,240.52,72
2026-08-03 22:00:00+00:00,219.61,220.19,219.35,219.74,96.85,104
2026-08-03 22:30:00+00:00,219.78,220.5,219.78,220.5,254.42,116
2026-08-03 23:00:00+00:00,220.39,220.93,220.05,220.69,227.98,147
2026-08-03 23:30:00+00:00,220.67,221.18,220.34,220.72,134.76,89
2026-08-04 00:00:00+00:00,220.79,220.92,218.0,218.16,1450.39,383
2026-08-04 00:30:00+00:00,217.86,219.28,217.86,218.0,1402.86,480
2026-08-04 01:00:00+00:00,217.85,219.32,217.55,218.96,753.13,233
2026-08-04 01:30:00+00:00,219.11,221.24,219.11,221.24,826.98,267
2026-08-04 02:00:00+00:00,221.12,221.15,218.93,219.0,171.05,113
2026-08-04 02:30:00+00:00,219.0,220.15,218.97,219.42,114.46,94
2026-08-04 03:00:00+00:00,219.39,219.66,218.99,219.66,129.1,68
2026-08-04 03:30:00+00:00,219.98,220.1,219.62,220.08,153.54,61
2026-08-04 04:00:00+00:00,220.16,220.19,218.93,219.52,278.35,62
2026-08-04 04:30:00+00:00,219.64,220.86,219.64,220.78,111.64,56
2026-08-04 05:00:00+00:00,220.54,220.86,219.88,220.86,113.98,106
2026-08-04 05:30:00+00:00,220.86,222.07,220.84,222.04,409.49,339
2026-08-04 06:00:00+00:00,222.08,222.82,221.61,222.51,448.42,301
2026-08-04 06:30:00+00:00,222.16,222.49,221.31,222.29,514.87,257
2026-08-04 07:00:00+00:00,222.29,222.95,221.98,222.15,544.03,364
2026-08-04 07:30:00+00:00,222.11,223.22,222.08,222.9,214.0,170
2026-08-04 08:00:00+00:00,222.89,224.59,222.87,223.34,2082.52,1060
2026-08-04 08:30:00+00:00,223.22,223.52,221.87,222.58,429.32,191
2026-08-04 09:00:00+00:00,222.36,222.52,221.2,221.87,340.49,271
2026-08-04 09:30:00+00:00,221.95,222.35,220.69,221.64,665.95,243
2026-08-04 10:00:00+00:00,221.9,223.79,221.42,222.21,959.67,568
2026-08-04 10:30:00+00:00,222.39,224.52,221.52,222.31,2171.36,523
2026-08-04 11:00:00+00:00,222.55,224.55,222.16,224.46,1598.22,485
2026-08-04 11:30:00+00:00,224.35,225.13,221.54,224.68,1970.3,598
2026-08-04 12:00:00+00:00,224.66,224.73,222.06,222.25,1756.02,668
2026-08-04 12:30:00+00:00,222.21,222.61,220.09,221.53,1443.27,493
2026-08-04 13:00:00+00:00,221.59,222.65,220.21,220.21,2087.74,409
2026-08-04 13:30:00+00:00,220.44,231.26,213.92,216.55,18828.2,2842
2026-08-04 14:00:00+00:00,217.08,220.67,215.21,219.79,3494.92,744
2026-08-04 14:30:00+00:00,218.95,219.41,215.98,218.92,2322.86,453
2026-08-04 15:00:00+00:00,218.45,220.0,217.51,220.0,1648.3,295
2026-08-04 15:30:00+00:00,220.0,220.85,218.31,218.54,821.31,298
2026-08-04 16:00:00+00:00,218.81,219.4,216.66,217.36,1762.83,400
2026-08-04 16:30:00+00:00,217.41,219.58,216.6,217.94,1518.35,474
2026-08-04 17:00:00+00:00,218.05,219.06,217.67,218.93,2526.68,649
2026-08-04 17:30:00+00:00,218.77,220.34,215.35,218.93,2953.89,673
2026-08-04 18:00:00+00:00,219.25,224.63,218.36,222.42,3236.01,841
2026-08-04 18:30:00+00:00,222.34,224.26,221.73,223.83,2384.28,517
2026-08-04 19:00:00+00:00,223.97,226.91,223.8,224.55,2384.85,564
2026-08-04 19:30:00+00:00,224.61,227.81,223.4,227.22,2906.61,854
2026-08-04 20:00:00+00:00,227.08,227.54,222.31,222.96,4492.95,1561
2026-08-04 20:30:00+00:00,223.0,223.35,220.52,222.26,1273.92,746
2026-08-04 21:00:00+00:00,222.12,222.69,221.66,221.89,772.78,620
2026-08-04 21:30:00+00:00,221.86,222.32,221.41,221.91,771.97,712
2026-08-04 22:00:00+00:00,221.9,222.68,221.18,222.21,587.7,415
2026-08-04 22:30:00+00:00,222.16,222.73,221.95,222.44,96.23,215
2026-08-04 23:00:00+00:00,222.42,223.47,222.0,222.8,231.15,385
2026-08-04 23:30:00+00:00,222.76,223.88,222.54,223.73,532.3,509
2026-08-05 00:00:00+00:00,223.66,224.44,222.85,223.32,212.45,217
2026-08-05 00:30:00+00:00,223.62,223.62,221.91,222.22,129.07,136
2026-08-05 01:00:00+00:00,222.08,222.24,220.35,220.54,156.23,243
2026-08-05 01:30:00+00:00,220.98,222.5,220.98,222.34,121.9,102
2026-08-05 02:00:00+00:00,222.38,222.86,222.06,222.06,67.65,127
2026-08-05 02:30:00+00:00,222.03,222.57,221.75,222.36,432.83,177
2026-08-05 03:00:00+00:00,222.36,223.04,222.32,222.59,54.12,89
2026-08-05 03:30:00+00:00,222.49,223.57,222.49,223.57,31.52,52
2026-08-05 04:00:00+00:00,223.57,223.91,223.36,223.86,147.5,117
2026-08-05 04:30:00+00:00,223.84,225.53,223.84,225.2,184.93,333
2026-08-05 05:00:00+00:00,225.22,226.69,225.02,226.51,639.68,573
2026-08-05 05:30:00+00:00,226.56,226.56,225.79,226.51,221.05,200
2026-08-05 06:00:00+00:00,226.44,226.56,225.51,225.87,403.3,444
2026-08-05 06:30:00+00:00,225.75,226.52,225.55,226.22,340.88,334
2026-08-05 07:00:00+00:00,226.14,226.32,223.94,224.09,888.73,554
2026-08-05 07:30:00+00:00,224.1,224.79,223.67,224.61,390.73,327
2026-08-05 08:00:00+00:00,224.48,226.25,220.61,221.85,2358.48,2629
2026-08-05 08:30:00+00:00,221.8,222.55,220.53,222.5,1708.11,1077
2026-08-05 09:00:00+00:00,222.5,222.79,221.27,222.66,397.86,685
2026-08-05 09:30:00+00:00,222.61,223.37,222.39,222.68,677.16,1131
2026-08-05 10:00:00+00:00,222.67,223.31,221.6,223.11,601.57,621
2026-08-05 10:30:00+00:00,222.88,223.2,222.2,222.45,407.33,635
2026-08-05 11:00:00+00:00,222.44,223.4,222.37,222.67,793.67,562
2026-08-05 11:30:00+00:00,222.43,223.19,220.36,221.41,671.14,645
2026-08-05 12:00:00+00:00,221.38,221.8,220.36,221.66,1939.67,1054
2026-08-05 12:30:00+00:00,221.62,222.11,220.7,221.08,325.06,302
2026-08-05 13:00:00+00:00,221.21,221.21,217.55,218.87,1921.33,973
2026-08-05 13:30:00+00:00,219.03,225.48,213.12,224.65,14308.92,4011
2026-08-05 14:00:00+00:00,224.47,226.57,220.62,224.45,5237.76,2246
2026-08-05 14:30:00+00:00,224.5,224.86,215.89,217.36,4172.29,1410
2026-08-05 15:00:00+00:00,217.31,219.66,216.26,218.55,3306.26,1251
2026-08-05 15:30:00+00:00,218.73,219.95,217.34,218.79,1638.13,599
2026-08-05 16:00:00+00:00,218.74,223.31,218.48,223.31,1862.96,791
2026-08-05 16:30:00+00:00,223.43,223.43,221.07,221.42,894.9,448
2026-08-05 17:00:00+00:00,221.51,221.63,219.29,219.56,820.23,348
2026-08-05 17:30:00+00:00,219.39,219.46,218.03,219.26,856.7,440
2026-08-05 18:00:00+00:00,219.28,219.62,218.2,218.28,267.58,184
2026-08-05 18:30:00+00:00,218.17,218.18,216.83,217.15,243.1,162
2026-08-05 19:00:00+00:00,217.06,219.7,217.06,218.24,395.57,299
2026-08-05 19:30:00+00:00,217.81,218.08,213.79,214.02,1899.28,803
2026-08-05 20:00:00+00:00,214.12,214.33,212.44,213.84,2603.24,871
2026-08-05 20:30:00+00:00,213.84,214.26,213.33,213.98,189.17,243
2026-08-05 21:00:00+00:00,213.93,214.78,213.63,214.05,179.28,223
2026-08-05 21:30:00+00:00,214.25,214.29,212.86,213.32,422.44,377
2026-08-05 22:00:00+00:00,213.55,214.15,213.18,214.03,179.95,351
2026-08-05 22:30:00+00:00,214.2,214.52,213.95,214.03,471.2,245
2026-08-05 23:00:00+00:00,213.98,214.35,213.86,214.03,57.67,158
2026-08-05 23:30:00+00:00,214.08,214.08,213.05,213.4,252.52,219
2026-08-06 00:00:00+00:00,213.68,214.39,213.08,213.24,149.96,198
2026-08-06 00:30:00+00:00,213.2,213.23,212.42,212.43,68.59,232
2026-08-06 01:00:00+00:00,212.42,212.66,210.91,211.24,224.82,320
2026-08-06 01:30:00+00:00,211.13,212.72,211.13,212.4,39.65,183
2026-08-06 02:00:00+00:00,212.31,213.18,211.99,212.82,99.65,213
2026-08-06 02:30:00+00:00,212.55,213.86,212.55,213.68,86.99,273
2026-08-06 03:00:00+00:00,213.71,213.95,213.01,213.14,140.69,325
2026-08-06 03:30:00+00:00,213.24,213.44,212.93,213.32,98.13,235
2026-08-06 04:00:00+00:00,213.6,214.15,212.79,214.12,127.63,182
2026-08-06 04:30:00+00:00,214.26,214.3,212.78,213.48,617.01,272
2026-08-06 05:00:00+00:00,213.52,214.19,212.95,213.44,520.76,583
2026-08-06 05:30:00+00:00,213.46,213.76,213.0,213.31,88.08,232
2026-08-06 06:00:00+00:00,213.18,213.54,212.57,213.06,335.55,510
2026-08-06 06:30:00+00:00,213.06,213.27,212.72,213.14,549.26,848
2026-08-06 07:00:00+00:00,213.14,213.98,212.86,213.66,302.81,426
2026-08-06 07:30:00+00:00,213.52,213.67,212.95,213.09,84.39,109
2026-08-06 08:00:00+00:00,213.01,213.53,211.42,212.62,1201.28,688
2026-08-06 08:30:00+00:00,212.66,213.87,212.62,213.81,383.46,347
2026-08-06 09:00:00+00:00,213.71,213.71,212.58,213.06,845.28,354
2026-08-06 09:30:00+00:00,212.92,213.39,212.74,213.3,272.18,164
2026-08-06 10:00:00+00:00,213.22,213.37,212.61,213.04,234.35,129
2026-08-06 10:30:00+00:00,213.05,213.08,212.0,212.3,239.17,188
2026-08-06 11:00:00+00:00,212.12,212.15,209.68,211.36,709.27,453
2026-08-06 11:30:00+00:00,211.52,212.48,211.43,212.06,442.79,292
2026-08-06 12:00:00+00:00,212.1,212.1,210.42,210.53,212.12,170
2026-08-06 12:30:00+00:00,210.32,211.3,209.13,209.55,971.28,335
2026-08-06 13:00:00+00:00,209.45,209.72,204.75,205.29,6194.31,1673
2026-08-06 13:30:00+00:00,205.92,214.14,205.13,211.66,12523.09,2264
2026-08-06 14:00:00+00:00,211.81,216.67,210.14,214.59,4317.58,1234
2026-08-06 14:30:00+00:00,214.49,216.24,210.15,213.34,3099.81,968
2026-08-06 15:00:00+00:00,213.58,218.88,213.28,215.88,4186.94,936
2026-08-06 15:30:00+00:00,216.08,218.25,213.88,214.98,1951.94,540
2026-08-06 16:00:00+00:00,215.13,215.45,211.24,212.29,3016.22,708
2026-08-06 16:30:00+00:00,212.33,214.57,211.44,214.41,2264.44,480
2026-08-06 17:00:00+00:00,214.79,215.3,213.03,213.74,441.06,232
2026-08-06 17:30:00+00:00,213.57,213.92,212.1,213.72,1471.2,295
2026-08-06 18:00:00+00:00,213.91,214.25,211.91,212.81,2566.08,344
2026-08-06 18:30:00+00:00,213.02,213.02,211.44,212.3,1289.08,283
2026-08-06 19:00:00+00:00,212.3,213.38,211.08,211.88,1121.94,363
2026-08-06 19:30:00+00:00,211.64,212.92,209.24,211.03,888.45,611
2026-08-06 20:00:00+00:00,211.02,211.07,210.15,210.64,937.43,568
2026-08-06 20:30:00+00:00,210.75,211.34,210.71,210.98,370.61,393
2026-08-06 21:00:00+00:00,211.04,211.73,210.84,211.44,317.54,263
2026-08-06 21:30:00+00:00,211.27,211.33,210.85,211.0,119.45,118
2026-08-06 22:00:00+00:00,211.08,211.92,211.01,211.47,293.55,159
2026-08-06 22:30:00+00:00,211.47,211.59,210.88,211.5,61.86,143
2026-08-06 23:00:00+00:00,211.49,212.01,211.17,211.78,40.33,106
2026-08-06 23:30:00+00:00,211.75,212.18,211.57,212.17,31.83,61
2026-08-07 00:00:00+00:00,212.33,213.08,211.14,211.57,288.35,492
2026-08-07 00:30:00+00:00,211.69,212.87,211.15,212.87,82.54,190
2026-08-07 01:00:00+00:00,212.85,213.16,211.07,211.44,927.46,490
2026-08-07 01:30:00+00:00,211.6,212.14,210.69,211.28,119.55,163
2026-08-07 02:00:00+00:00,211.23,211.64,210.65,211.06,124.69,261
2026-08-07 02:30:00+00:00,211.14,211.7,210.96,211.6,107.67,236
2026-08-07 03:00:00+00:00,211.57,212.12,211.56,211.78,47.12,107
2026-08-07 03:30:00+00:00,211.74,211.88,211.04,211.05,80.94,80
2026-08-07 04:00:00+00:00,210.99,211.42,210.24,211.32,566.41,164
2026-08-07 04:30:00+00:00,211.2,211.28,210.83,211.28,16.9,12
2026-08-07 05:00:00+00:00,211.24,212.37,211.24,212.34,51.12,81
2026-08-07 05:30:00+00:00,212.33,212.42,211.99,212.26,77.87,93
2026-08-07 06:00:00+00:00,212.12,213.21,212.09,213.21,37.55,116
2026-08-07 06:30:00+00:00,213.17,213.24,212.87,213.13,56.66,81
2026-08-07 07:00:00+00:00,213.13,213.72,212.93,213.65,268.96,425
2026-08-07 07:30:00+00:00,213.66,213.81,213.29,213.49,161.93,321
2026-08-07 08:00:00+00:00,213.53,214.95,213.46,214.85,519.19,421
2026-08-07 08:30:00+00:00,214.87,215.82,214.53,215.47,665.14,354
2026-08-07 09:00:00+00:00,215.29,215.31,214.59,214.78,372.02,172
2026-08-07 09:30:00+00:00,214.9,215.05,214.15,214.25,45.62,72
2026-08-07 10:00:00+00:00,214.2,214.27,213.5,213.97,57.78,110
2026-08-07 10:30:00+00:00,213.98,214.0,213.44,213.63,223.75,168
2026-08-07 11:00:00+00:00,213.74,214.89,213.74,214.79,523.74,282
2026-08-07 11:30:00+00:00,214.81,214.96,213.5,213.5,131.25,136
2026-08-07 12:00:00+00:00,213.49,214.44,212.91,213.5,160.0,114
2026-08-07 12:30:00+00:00,213.56,216.34,213.55,215.49,4763.38,979
2026-08-07 13:00:00+00:00,215.56,217.58,214.6,217.58,2061.08,618
2026-08-07 13:30:00+00:00,217.77,218.42,203.94,205.8,15480.18,3130
2026-08-07 14:00:00+00:00,205.68,216.5,204.83,216.11,15104.95,2441
2026-08-07 14:30:00+00:00,216.11,216.47,211.08,212.84,5605.57,1203
2026-08-07 15:00:00+00:00,212.82,224.47,212.48,224.47,5748.09,1093
2026-08-07 15:30:00+00:00,224.61,228.07,223.29,226.6,5417.03,1090
2026-08-07 16:00:00+00:00,226.63,228.56,223.92,224.38,2370.48,638
2026-08-07 16:30:00+00:00,223.93,225.33,222.27,223.55,1239.74,322
2026-08-07 17:00:00+00:00,223.45,225.54,222.37,225.26,892.7,341
2026-08-07 17:30:00+00:00,225.29,227.38,224.42,226.92,1286.68,413
2026-08-07 18:00:00+00:00,226.76,227.21,225.09,225.09,1174.46,423
2026-08-07 18:30:00+00:00,225.13,225.81,222.0,222.5,1350.82,472
2026-08-07 19:00:00+00:00,222.61,224.28,222.16,222.7,1482.54,493
2026-08-07 19:30:00+00:00,223.01,226.82,222.41,226.71,2073.79,657
2026-08-07 20:00:00+00:00,226.64,228.21,224.39,225.88,2248.77,900
2026-08-07 20:30:00+00:00,225.74,226.74,225.68,226.37,812.3,571
2026-08-07 21:00:00+00:00,226.26,226.78,226.26,226.68,392.76,266
2026-08-07 21:30:00+00:00,226.63,227.95,226.44,227.21,128.22,184
2026-08-07 22:00:00+00:00,227.25,228.06,227.09,227.86,336.12,283
2026-08-07 22:30:00+00:00,227.84,228.02,227.27,227.54,210.12,229
2026-08-07 23:00:00+00:00,227.59,228.03,227.26,227.94,102.04,173
2026-08-07 23:30:00+00:00,227.95,228.82,227.95,228.51,319.55,232
2026-08-08 00:00:00+00:00,228.54,229.14,227.77,229.14,318.55,203
2026-08-08 00:30:00+00:00,229.08,229.27,228.86,229.0,64.91,58
2026-08-08 01:00:00+00:00,229.0,229.21,228.45,229.0,148.13,119
2026-08-08 01:30:00+00:00,229.0,229.29,228.75,229.12,17.93,54
2026-08-08 02:00:00+00:00,229.12,229.52,228.98,229.29,106.8,128
2026-08-08 02:30:00+00:00,229.25,229.47,228.94,228.97,126.05,100
2026-08-08 03:00:00+00:00,228.94,228.97,228.15,228.67,356.42,147
2026-08-08 03:30:00+00:00,228.73,228.73,227.98,228.32,26.64,69
2026-08-08 04:00:00+00:00,228.21,228.3,227.85,228.17,22.15,45
2026-08-08 04:30:00+00:00,228.17,228.28,227.68,227.77,16.7,28
2026-08-08 05:00:00+00:00,227.59,227.75,227.22,227.57,278.23,297
2026-08-08 05:30:00+00:00,227.56,227.77,227.19,227.31,65.38,92
2026-08-08 06:00:00+00:00,227.22,227.5,226.34,226.36,215.62,252
2026-08-08 06:30:00+00:00,226.36,226.78,226.36,226.71,68.52,70
2026-08-08 07:00:00+00:00,226.74,227.24,226.73,227.24,181.02,185
2026-08-08 07:30:00+00:00,226.81,227.06,226.81,227.06,4.9,12
2026-08-08 08:00:00+00:00,227.07,227.07,226.83,226.98,14.55,24
2026-08-08 08:30:00+00:00,226.92,227.01,226.76,227.01,18.47,35
2026-08-08 09:00:00+00:00,227.06,227.11,226.97,227.01,35.79,31
2026-08-08 09:30:00+00:00,227.1,227.1,226.94,226.96,8.84,18
2026-08-08 10:00:00+00:00,226.9,227.76,226.9,227.19,62.22,96
2026-08-08 10:30:00+00:00,227.18,227.33,227.0,227.18,64.85,69
2026-08-08 11:00:00+00:00,227.07,227.67,227.07,227.57,30.43,37
2026-08-08 11:30:00+00:00,227.78,227.88,227.36,227.46,15.86,27
2026-08-08 12:00:00+00:00,227.35,227.51,227.3,227.41,38.62,46
2026-08-08 12:30:00+00:00,227.22,227.5,227.2,227.35,11.09,28
2026-08-08 13:00:00+00:00,227.54,228.4,227.34,227.7,33.23,56
2026-08-08 13:30:00+00:00,227.84,227.97,227.49,227.7,26.53,71
2026-08-08 14:00:00+00:00,227.68,227.81,227.2,227.34,81.53,93
2026-08-08 14:30:00+00:00,227.31,227.68,227.07,227.57,152.16,73
2026-08-08 15:00:00+00:00,227.57,228.69,227.55,228.11,125.53,123
2026-08-08 15:30:00+00:00,228.38,228.97,228.09,228.46,346.59,186
2026-08-08 16:00:00+00:00,228.37,228.91,228.2,228.67,38.9,85
2026-08-08 16:30:00+00:00,228.64,228.66,228.33,228.57,22.64,40
2026-08-08 17:00:00+00:00,228.57,228.83,228.56,228.6,27.31,34
2026-08-08 17:30:00+00:00,228.57,229.26,228.56,229.25,157.75,166
2026-08-08 18:00:00+00:00,228.87,229.74,228.38,228.38,22.72,51
2026-08-08 18:30:00+00:00,228.3,228.52,228.13,228.33,22.43,62
2026-08-08 19:00:00+00:00,228.41,229.19,228.36,229.15,23.46,46
2026-08-08 19:30:00+00:00,229.2,229.75,228.83,228.93,28.5,49
2026-08-08 20:00:00+00:00,228.44,228.94,228.44,228.93,16.17,33
2026-08-08 20:30:00+00:00,228.56,228.88,228.39,228.75,20.04,43
2026-08-08 21:00:00+00:00,228.89,228.89,228.68,228.72,10.89,19
2026-08-08 21:30:00+00:00,228.64,228.83,228.42,228.61,25.55,74
2026-08-08 22:00:00+00:00,228.56,228.79,228.56,228.68,43.87,25
2026-08-08 22:30:00+00:00,228.46,228.46,228.15,228.26,14.23,13
2026-08-08 23:00:00+00:00,228.32,228.35,227.93,228.03,17.75,25
2026-08-08 23:30:00+00:00,227.86,229.14,227.6,227.87,331.02,133
2026-08-09 00:00:00+00:00,227.7,227.7,227.32,227.4,32.83,71
2026-08-09 00:30:00+00:00,227.42,227.78,227.42,227.61,6.53,12
2026-08-09 01:00:00+00:00,227.83,227.99,227.42,227.42,10.59,34
2026-08-09 01:30:00+00:00,227.42,227.69,227.17,227.62,26.76,48
2026-08-09 02:00:00+00:00,227.66,227.68,227.49,227.59,7.66,24
2026-08-09 02:30:00+00:00,227.23,227.61,227.23,227.61,10.37,34
2026-08-09 03:00:00+00:00,227.61,227.79,227.12,227.17,25.71,63
2026-08-09 03:30:00+00:00,227.14,227.42,227.04,227.28,18.47,25
2026-08-09 04:00:00+00:00,227.07,227.26,227.02,227.04,41.62,61
2026-08-09 04:30:00+00:00,227.01,227.18,225.44,226.09,1055.48,372
2026-08-09 05:00:00+00:00,226.09,226.13,226.02,226.11,20.9,15
2026-08-09 05:30:00+00:00,226.08,226.29,225.8,226.1,29.44,83
2026-08-09 06:00:00+00:00,226.1,226.33,226.03,226.33,29.02,52
2026-08-09 06:30:00+00:00,226.58,226.78,226.39,226.65,14.48,20
2026-08-09 07:00:00+00:00,226.67,226.83,225.53,225.53,467.7,476
2026-08-09 07:30:00+00:00,225.52,225.7,225.44,225.55,140.67,145
2026-08-09 08:00:00+00:00,225.7,225.91,225.33,225.34,69.63,98
2026-08-09 08:30:00+00:00,225.33,225.44,225.06,225.07,127.3,158
2026-08-09 09:00:00+00:00,225.06,225.9,225.01,225.9,94.72,108
2026-08-09 09:30:00+00:00,225.83,225.86,225.69,225.74,16.17,33
2026-08-09 10:00:00+00:00,225.68,225.8,225.42,225.54,18.51,40
2026-08-09 10:30:00+00:00,225.52,225.73,225.36,225.39,10.18,28
2026-08-09 11:00:00+00:00,225.4,226.04,225.39,226.04,85.52,104
2026-08-09 11:30:00+00:00,225.95,225.97,225.65,225.81,115.04,59
2026-08-09 12:00:00+00:00,225.67,226.33,225.61,226.32,130.68,138
2026-08-09 12:30:00+00:00,226.32,226.51,226.32,226.49,19.75,59
2026-08-09 13:00:00+00:00,226.42,227.56,225.57,227.52,182.74,177
2026-08-09 13:30:00+00:00,227.53,227.77,226.65,226.77,30.86,60
2026-08-09 14:00:00+00:00,226.77,226.97,226.75,226.75,12.97,17
2026-08-09 14:30:00+00:00,226.61,226.73,226.47,226.73,30.19,48
2026-08-09 15:00:00+00:00,226.94,226.95,226.79,226.89,12.54,41
2026-08-09 15:30:00+00:00,226.65,226.65,226.41,226.62,10.14,34
2026-08-09 16:00:00+00:00,226.66,227.44,226.44,227.27,30.95,76
2026-08-09 16:30:00+00:00,227.24,227.24,226.73,227.04,31.51,50
2026-08-09 17:00:00+00:00,226.93,227.08,226.83,226.85,15.96,51
2026-08-09 17:30:00+00:00,226.87,227.01,226.73,226.84,11.44,11
2026-08-09 18:00:00+00:00,226.82,226.85,226.42,226.48,25.46,45
2026-08-09 18:30:00+00:00,226.52,226.92,226.34,226.8,40.44,100
2026-08-09 19:00:00+00:00,226.74,227.01,226.74,226.83,8.93,27
2026-08-09 19:30:00+00:00,226.99,227.02,226.99,227.02,3.87,4
2026-08-09 20:00:00+00:00,227.08,227.25,227.08,227.1,28.65,54
2026-08-09 20:30:00+00:00,227.1,227.65,227.1,227.38,154.18,70
2026-08-09 21:00:00+00:00,227.23,227.74,227.1,227.74,10.31,22
2026-08-09 21:30:00+00:00,227.65,228.08,226.69,227.21,119.37,78
2026-08-09 22:00:00+00:00,227.36,227.49,226.9,227.03,32.98,69
2026-08-09 22:30:00+00:00,226.93,227.04,226.62,226.8,8.62,28
2026-08-09 23:00:00+00:00,227.05,227.2,226.78,226.78,15.88,31
2026-08-09 23:30:00+00:00,226.63,226.63,226.28,226.28,2.85,6
2026-08-10 00:00:00+00:00,225.95,229.51,225.0,228.31,1155.51,702
2026-08-10 00:30:00+00:00,228.27,228.39,226.52,227.61,261.96,233
2026-08-10 01:00:00+00:00,227.0,228.85,226.49,228.5,305.89,249
2026-08-10 01:30:00+00:00,228.26,229.06,227.7,228.55,238.44,154
2026-08-10 02:00:00+00:00,228.48,228.83,228.11,228.42,176.35,92
2026-08-10 02:30:00+00:00,228.2,228.81,228.2,228.78,5.38,15
2026-08-10 03:00:00+00:00,228.89,229.0,228.57,228.6,61.7,47
2026-08-10 03:30:00+00:00,228.5,228.52,228.21,228.34,212.8,146
2026-08-10 04:00:00+00:00,228.37,228.44,228.28,228.28,126.44,121
2026-08-10 04:30:00+00:00,228.31,228.33,227.97,228.1,34.82,35
2026-08-10 05:00:00+00:00,228.04,228.93,228.04,228.8,3.77,52
2026-08-10 05:30:00+00:00,228.83,228.99,228.14,228.89,109.02,74
2026-08-10 06:00:00+00:00,228.93,229.19,228.43,228.47,122.08,58
2026-08-10 06:30:00+00:00,228.9,228.95,228.54,228.56,161.33,73
2026-08-10 07:00:00+00:00,228.65,229.15,228.13,228.52,479.65,182
2026-08-10 07:30:00+00:00,228.57,229.12,228.57,228.93,32.62,32
2026-08-10 08:00:00+00:00,228.87,231.13,228.51,228.58,1098.14,721
2026-08-10 08:30:00+00:00,228.41,229.31,228.22,228.97,102.96,104
2026-08-10 09:00:00+00:00,229.08,229.17,227.29,227.95,1354.55,533
2026-08-10 09:30:00+00:00,227.91,227.92,226.94,227.21,404.85,310
2026-08-10 10:00:00+00:00,227.19,227.49,226.15,226.96,517.8,194
2026-08-10 10:30:00+00:00,226.65,226.93,226.05,226.64,175.05,163
2026-08-10 11:00:00+00:00,226.73,227.54,224.84,227.01,525.85,227
2026-08-10 11:30:00+00:00,227.0,227.69,226.28,226.62,1108.19,314
2026-08-10 12:00:00+00:00,226.75,227.42,224.96,225.33,759.24,245
2026-08-10 12:30:00+00:00,225.14,225.95,224.98,225.2,90.55,103
2026-08-10 13:00:00+00:00,225.3,227.46,225.2,227.4,214.4,115
2026-08-10 13:30:00+00:00,227.25,232.4,224.28,228.33,8413.15,2984
2026-08-10 14:00:00+00:00,227.82,229.52,225.01,228.33,3317.82,1189
2026-08-10 14:30:00+00:00,228.0,232.0,227.19,231.39,1805.62,872
2026-08-10 15:00:00+00:00,231.18,232.38,227.94,230.84,1665.46,681
2026-08-10 15:30:00+00:00,230.49,233.42,230.32,231.89,1717.85,620
2026-08-10 16:00:00+00:00,231.57,232.42,229.73,229.83,808.08,380
2026-08-10 16:30:00+00:00,229.74,230.04,228.58,229.31,1023.15,361
2026-08-10 17:00:00+00:00,229.41,233.28,229.18,231.73,952.25,442
2026-08-10 17:30:00+00:00,232.03,233.69,231.49,233.56,122.97,173
2026-08-10 18:00:00+00:00,233.55,234.11,230.42,231.29,691.46,359
2026-08-10 18:30:00+00:00,231.28,231.78,230.34,230.62,137.9,225
2026-08-10 19:00:00+00:00,230.62,231.72,230.18,230.45,288.96,237
2026-08-10 19:30:00+00:00,230.6,231.74,229.7,229.9,1656.57,598
2026-08-10 20:00:00+00:00,229.85,230.08,228.65,229.79,893.76,342
2026-08-10 20:30:00+00:00,229.64,230.2,229.0,230.07,405.77,132
2026-08-10 21:00:00+00:00,229.91,230.07,228.99,229.21,346.82,147
2026-08-10 21:30:00+00:00,229.2,229.65,229.07,229.53,220.93,159
2026-08-10 22:00:00+00:00,229.64,229.89,229.42,229.69,45.0,53
2026-08-10 22:30:00+00:00,229.67,229.8,229.3,229.8,157.29,66
2026-08-10 23:00:00+00:00,229.68,229.84,229.4,229.47,67.85,63
2026-08-10 23:30:00+00:00,229.5,230.21,229.5,230.02,55.13,43
2026-08-11 00:00:00+00:00,230.21,231.45,229.59,230.34,430.44,238
2026-08-11 00:30:00+00:00,230.34,232.04,230.22,231.23,1355.2,309
2026-08-11 01:00:00+00:00,231.11,232.8,230.71,232.28,90.59,119
2026-08-11 01:30:00+00:00,232.0,232.07,231.0,231.13,276.45,125
2026-08-11 02:00:00+00:00,230.97,231.28,230.61,230.63,66.07,77
2026-08-11 02:30:00+00:00,230.61,231.04,230.45,230.7,78.25,107
2026-08-11 03:00:00+00:00,230.57,231.03,230.51,231.03,93.77,50
2026-08-11 03:30:00+00:00,230.86,231.04,230.62,230.69,66.0,50
2026-08-11 04:00:00+00:00,230.71,230.99,230.63,230.99,49.22,41
2026-08-11 04:30:00+00:00,231.01,231.29,230.5,230.6,111.7,58
2026-08-11 05:00:00+00:00,230.65,230.84,228.9,228.9,803.85,139
2026-08-11 05:30:00+00:00,228.91,229.38,228.39,228.5,186.75,90
2026-08-11 06:00:00+00:00,228.57,229.21,228.47,229.01,184.27,118
2026-08-11 06:30:00+00:00,229.03,229.27,228.6,228.76,512.39,195
2026-08-11 07:00:00+00:00,228.85,228.96,227.93,228.5,319.19,152
2026-08-11 07:30:00+00:00,228.37,228.82,228.37,228.48,147.18,128
2026-08-11 08:00:00+00:00,228.74,229.77,228.21,228.76,544.32,277
2026-08-11 08:30:00+00:00,228.58,228.72,227.42,227.7,452.42,210
2026-08-11 09:00:00+00:00,227.91,228.14,226.92,228.02,267.23,168
2026-08-11 09:30:00+00:00,227.7,228.34,227.3,227.98,718.05,343
2026-08-11 10:00:00+00:00,228.15,229.5,227.54,229.42,610.42,331
2026-08-11 10:30:00+00:00,229.45,229.75,228.64,229.35,652.22,184
2026-08-11 11:00:00+00:00,229.49,231.03,229.23,230.27,385.4,341
2026-08-11 11:30:00+00:00,230.45,231.19,230.3,231.17,83.34,77
2026-08-11 12:00:00+00:00,231.17,231.55,230.4,230.96,553.25,296
2026-08-11 12:30:00+00:00,230.64,231.16,230.06,230.06,192.12,108
2026-08-11 13:00:00+00:00,230.07,232.09,230.07,231.87,101.5,91
2026-08-11 13:30:00+00:00,231.79,231.79,220.56,225.32,8664.97,2340
2026-08-11 14:00:00+00:00,224.6,231.28,223.94,230.56,2721.65,1002
2026-08-11 14:30:00+00:00,230.46,230.55,227.57,229.2,1364.33,459
2026-08-11 15:00:00+00:00,229.31,231.95,228.91,230.68,1015.69,469
2026-08-11 15:30:00+00:00,230.72,231.45,227.92,228.33,966.35,382
2026-08-11 16:00:00+00:00,228.39,228.68,226.52,228.62,483.73,274
2026-08-11 16:30:00+00:00,228.7,230.29,228.18,229.85,674.08,362
2026-08-11 17:00:00+00:00,230.0,232.45,229.34,231.41,868.38,441
2026-08-11 17:30:00+00:00,231.59,232.84,230.22,230.95,340.34,358
2026-08-11 18:00:00+00:00,231.02,231.99,230.18,230.18,220.04,205
2026-08-11 18:30:00+00:00,230.13,231.6,229.31,231.6,409.58,311
2026-08-11 19:00:00+00:00,231.2,236.05,231.17,234.6,1070.05,1090
2026-08-11 19:30:00+00:00,235.0,236.46,233.32,234.29,2243.1,2011
2026-08-11 20:00:00+00:00,234.51,236.45,233.91,235.55,2732.59,970
2026-08-11 20:30:00+00:00,235.56,235.65,234.69,234.97,436.33,303
2026-08-11 21:00:00+00:00,234.89,235.21,234.28,234.32,129.06,124
2026-08-11 21:30:00+00:00,234.39,234.72,233.97,234.59,280.83,236
2026-08-11 22:00:00+00:00,234.51,235.07,234.33,235.04,127.94,170
2026-08-11 22:30:00+00:00,235.15,235.15,234.42,234.98,288.64,115
2026-08-11 23:00:00+00:00,235.01,235.33,234.83,235.33,274.9,53
2026-08-11 23:30:00+00:00,235.28,235.66,235.14,235.66,208.23,110
2026-08-12 00:00:00+00:00,235.3,236.09,234.53,235.79,217.34,288
2026-08-12 00:30:00+00:00,235.52,235.92,235.16,235.25,56.47,84
2026-08-12 01:00:00+00:00,235.17,235.45,234.8,235.03,64.44,108
2026-08-12 01:30:00+00:00,235.1,235.47,234.94,235.12,507.02,314
2026-08-12 02:00:00+00:00,235.25,235.43,235.0,235.43,25.83,57
2026-08-12 02:30:00+00:00,235.46,236.04,235.46,236.04,24.92,36
2026-08-12 03:00:00+00:00,236.04,236.32,235.82,235.99,53.7,62
2026-08-12 03:30:00+00:00,236.02,236.08,235.41,235.56,193.08,106
2026-08-12 04:00:00+00:00,235.46,235.8,235.45,235.61,55.53,48
2026-08-12 04:30:00+00:00,235.51,235.69,235.26,235.62,22.61,27
2026-08-12 05:00:00+00:00,235.57,235.64,234.62,235.01,110.92,103
2026-08-12 05:30:00+00:00,235.13,235.73,235.13,235.73,4.87,14
2026-08-12 06:00:00+00:00,235.62,235.69,235.37,235.64,44.22,37
2026-08-12 06:30:00+00:00,235.71,235.83,235.52,235.73,62.78,72
2026-08-12 07:00:00+00:00,235.66,236.26,235.66,235.97,109.7,198
2026-08-12 07:30:00+00:00,236.04,236.43,235.78,236.17,608.82,324
2026-08-12 08:00:00+00:00,236.07,238.76,236.05,237.76,1088.75,925
2026-08-12 08:30:00+00:00,237.77,238.16,237.14,237.35,313.84,336
2026-08-12 09:00:00+00:00,237.34,238.85,237.3,237.76,144.25,252
2026-08-12 09:30:00+00:00,237.77,237.99,237.33,237.62,204.08,149
2026-08-12 10:00:00+00:00,237.74,238.34,237.63,238.12,42.53,55
2026-08-12 10:30:00+00:00,238.01,238.27,237.6,238.02,178.27,123
2026-08-12 11:00:00+00:00,237.96,238.87,237.64,238.08,528.2,242
2026-08-12 11:30:00+00:00,237.89,239.74,237.8,239.74,481.43,195
2026-08-12 12:00:00+00:00,239.77,242.36,239.45,241.95,1395.39,1030
2026-08-12 12:30:00+00:00,241.95,245.14,239.9,244.93,4762.71,1341
2026-08-12 13:00:00+00:00,245.1,249.74,244.76,249.61,7748.4,1937
2026-08-12 13:30:00+00:00,249.73,252.36,241.58,248.26,15377.93,3691
2026-08-12 14:00:00+00:00,248.27,251.51,245.32,250.2,4519.75,1503
2026-08-12 14:30:00+00:00,250.4,252.84,249.07,251.71,3504.76,1106
2026-08-12 15:00:00+00:00,251.81,258.0,251.12,255.94,3538.43,1141
2026-08-12 15:30:00+00:00,256.08,258.39,252.94,257.35,6078.02,1566
2026-08-12 16:00:00+00:00,257.35,262.62,257.35,259.28,4424.31,1155
2026-08-12 16:30:00+00:00,259.31,260.94,257.23,259.98,2689.56,928
2026-08-12 17:00:00+00:00,259.65,261.25,257.24,261.12,1838.32,738
2026-08-12 17:30:00+00:00,261.29,265.28,260.7,262.78,1731.45,919
2026-08-12 18:00:00+00:00,262.87,263.37,260.92,262.67,1698.65,784
2026-08-12 18:30:00+00:00,262.55,263.58,261.82,262.0,1684.77,558
2026-08-12 19:00:00+00:00,262.0,262.35,258.49,260.1,2408.1,820
2026-08-12 19:30:00+00:00,260.0,264.74,259.7,261.77,5118.28,1705
2026-08-12 20:00:00+00:00,261.81,263.0,216.53,218.61,93291.17,14781
2026-08-12 20:30:00+00:00,218.59,224.92,214.62,224.64,33692.36,4924
2026-08-12 21:00:00+00:00,224.59,229.34,222.28,223.01,10890.44,3178
2026-08-12 21:30:00+00:00,222.89,223.86,219.53,220.36,8656.66,2907
2026-08-12 22:00:00+00:00,220.36,220.88,218.38,219.28,1838.72,751
2026-08-12 22:30:00+00:00,219.18,220.36,218.44,220.16,2385.33,1101
2026-08-12 23:00:00+00:00,220.09,221.06,218.94,219.48,6479.14,2454
2026-08-12 23:30:00+00:00,219.48,220.64,218.26,218.33,2193.95,2109
2026-08-13 00:00:00+00:00,218.25,220.35,216.09,216.28,2282.32,1886
2026-08-13 00:30:00+00:00,216.14,218.21,215.6,218.13,2504.98,1482
2026-08-13 01:00:00+00:00,218.15,218.48,217.29,217.31,919.47,1123
2026-08-13 01:30:00+00:00,217.23,217.54,217.15,217.5,1171.28,735
2026-08-13 02:00:00+00:00,217.48,217.5,216.95,217.49,3225.5,970
2026-08-13 02:30:00+00:00,217.46,217.5,216.9,216.99,809.91,627
2026-08-13 03:00:00+00:00,216.98,217.21,216.82,217.07,1295.22,474
2026-08-13 03:30:00+00:00,217.03,217.54,216.69,217.36,167.45,281
2026-08-13 04:00:00+00:00,217.26,217.33,216.65,217.05,100.54,231
2026-08-13 04:30:00+00:00,216.97,217.16,216.43,216.91,278.52,282
2026-08-13 05:00:00+00:00,216.82,217.28,216.66,217.05,212.12,390
2026-08-13 05:30:00+00:00,217.03,217.42,216.92,217.21,558.86,344
2026-08-13 06:00:00+00:00,217.21,217.56,216.7,217.03,586.32,495
2026-08-13 06:30:00+00:00,217.09,217.28,216.23,216.93,539.04,389
2026-08-13 07:00:00+00:00,216.89,216.91,215.07,215.99,1781.11,607
2026-08-13 07:30:00+00:00,216.04,216.47,215.55,215.71,624.32,397
2026-08-13 08:00:00+00:00,215.71,216.59,213.09,216.52,4376.99,1502
2026-08-13 08:30:00+00:00,216.49,216.55,215.11,215.86,1179.46,926
2026-08-13 09:00:00+00:00,215.84,216.37,214.92,215.35,490.19,616
2026-08-13 09:30:00+00:00,215.25,215.53,213.48,214.69,1814.36,1159
2026-08-13 10:00:00+00:00,214.69,214.79,211.6,212.08,1809.28,1062
2026-08-13 10:30:00+00:00,211.92,215.0,211.28,214.76,2566.84,979
2026-08-13 11:00:00+00:00,214.93,217.49,214.18,215.51,5223.5,2336
2026-08-13 11:30:00+00:00,215.42,222.83,215.38,222.42,5508.58,2206
2026-08-13 12:00:00+00:00,222.37,223.02,218.51,219.55,1913.8,1122
2026-08-13 12:30:00+00:00,219.36,221.46,216.96,217.03,2982.81,1395
2026-08-13 13:00:00+00:00,217.1,221.21,215.99,219.35,3601.43,1675
2026-08-13 13:30:00+00:00,219.36,239.2,219.24,227.36,42605.23,7144
2026-08-13 14:00:00+00:00,227.46,236.51,227.46,234.62,22052.07,2667
2026-08-13 14:30:00+00:00,234.52,236.89,226.15,226.36,9996.91,1818
2026-08-13 15:00:00+00:00,226.36,228.13,224.45,226.08,4567.97,1023
2026-08-13 15:30:00+00:00,225.85,227.0,224.13,226.45,2366.53,874
2026-08-13 16:00:00+00:00,226.55,231.95,226.54,228.37,4165.21,1345
2026-08-13 16:30:00+00:00,228.45,228.56,222.11,224.81,3762.05,953
2026-08-13 17:00:00+00:00,224.65,229.13,224.18,227.68,9730.47,2090
2026-08-13 17:30:00+00:00,227.52,227.93,225.49,227.04,2321.95,622
2026-08-13 18:00:00+00:00,227.06,228.64,226.22,226.87,1509.22,732
2026-08-13 18:30:00+00:00,226.85,229.43,226.59,229.21,2282.57,799
2026-08-13 19:00:00+00:00,229.11,230.65,228.21,228.88,2095.26,670
2026-08-13 19:30:00+00:00,228.79,232.52,225.84,231.02,4372.91,2005
2026-08-13 20:00:00+00:00,230.87,231.58,230.18,230.38,1000.04,624
2026-08-13 20:30:00+00:00,230.42,230.9,230.14,230.2,683.08,326
2026-08-13 21:00:00+00:00,230.09,230.9,229.95,230.55,578.9,191
2026-08-13 21:30:00+00:00,230.47,230.88,230.36,230.84,302.22,259
2026-08-13 22:00:00+00:00,230.84,231.79,230.67,231.31,297.84,252
2026-08-13 22:30:00+00:00,231.26,231.81,231.18,231.56,493.12,199
2026-08-13 23:00:00+00:00,231.57,232.63,231.41,231.47,439.24,290
2026-08-13 23:30:00+00:00,231.46,231.79,231.23,231.78,220.81,145
2026-08-14 00:00:00+00:00,231.79,232.81,231.15,232.58,722.84,273
2026-08-14 00:30:00+00:00,232.62,232.67,231.96,231.96,311.85,149
2026-08-14 01:00:00+00:00,231.96,232.0,231.08,231.64,376.58,151
2026-08-14 01:30:00+00:00,231.56,231.56,230.9,230.9,132.78,107
2026-08-14 02:00:00+00:00,231.07,231.51,230.91,230.94,938.48,162
2026-08-14 02:30:00+00:00,230.98,231.38,230.81,230.96,165.82,110
2026-08-14 03:00:00+00:00,230.95,231.44,230.82,231.41,184.27,55
2026-08-14 03:30:00+00:00,231.4,231.55,231.04,231.15,158.0,168
2026-08-14 04:00:00+00:00,231.11,231.39,230.88,231.18,271.1,227
2026-08-14 04:30:00+00:00,231.18,231.25,230.52,230.87,300.66,250
2026-08-14 05:00:00+00:00,230.83,231.14,230.67,230.97,190.59,231
2026-08-14 05:30:00+00:00,230.86,231.6,230.79,231.43,808.91,322
2026-08-14 06:00:00+00:00,231.48,232.02,231.11,232.01,255.21,231
2026-08-14 06:30:00+00:00,232.02,232.02,230.45,230.59,664.11,421
2026-08-14 07:00:00+00:00,230.6,230.8,230.17,230.47,246.61,192
2026-08-14 07:30:00+00:00,230.38,231.06,230.31,230.87,199.65,128
2026-08-14 08:00:00+00:00,230.63,233.07,230.63,231.63,1827.55,856
2026-08-14 08:30:00+00:00,231.7,231.97,229.16,229.58,446.71,341
2026-08-14 09:00:00+00:00,229.59,229.68,228.81,228.86,454.26,241
2026-08-14 09:30:00+00:00,228.9,229.04,228.33,228.91,438.13,444
2026-08-14 10:00:00+00:00,228.94,229.64,228.38,228.38,511.44,206
2026-08-14 10:30:00+00:00,228.63,229.15,228.46,228.68,393.17,131
2026-08-14 11:00:00+00:00,229.31,231.46,229.31,229.92,316.83,280
2026-08-14 11:30:00+00:00,229.63,230.89,228.27,228.29,1144.41,448
2026-08-14 12:00:00+00:00,228.42,229.3,227.57,228.62,1448.9,446
2026-08-14 12:30:00+00:00,228.66,229.96,227.87,228.18,689.55,483
2026-08-14 13:00:00+00:00,228.48,229.61,224.9,225.02,2852.48,877
2026-08-14 13:30:00+00:00,225.06,228.57,220.28,224.59,14388.73,3152
2026-08-14 14:00:00+00:00,224.55,226.87,220.02,222.15,4400.8,2163
2026-08-14 14:30:00+00:00,222.13,224.41,219.7,221.42,3325.24,1413
2026-08-14 15:00:00+00:00,221.5,222.14,217.24,217.6,5527.94,2009
2026-08-14 15:30:00+00:00,217.58,224.08,217.36,223.73,3702.69,1637
2026-08-14 16:00:00+00:00,224.14,225.81,223.17,225.09,4034.76,1452
2026-08-14 16:30:00+00:00,225.1,225.1,221.07,221.19,1693.34,863
2026-08-14 17:00:00+00:00,220.81,223.47,220.44,221.63,1606.04,1022
2026-08-14 17:30:00+00:00,221.64,221.77,218.43,219.55,1560.43,890
2026-08-14 18:00:00+00:00,219.53,219.93,215.97,218.64,4314.92,1456
2026-08-14 18:30:00+00:00,218.65,219.27,217.73,218.49,1033.57,540
2026-08-14 19:00:00+00:00,218.39,219.32,217.12,218.31,779.16,296
2026-08-14 19:30:00+00:00,218.43,219.11,217.64,218.82,613.39,309
2026-08-14 20:00:00+00:00,218.74,219.29,218.11,219.29,337.38,140
2026-08-14 20:30:00+00:00,219.27,219.32,219.05,219.23,219.58,107
2026-08-14 21:00:00+00:00,219.23,220.0,218.48,219.83,736.63,284
2026-08-14 21:30:00+00:00,219.76,219.91,219.7,219.86,98.29,110
2026-08-14 22:00:00+00:00,219.78,219.9,219.78,219.89,26.53,22
2026-08-14 22:30:00+00:00,219.91,219.96,219.75,219.77,114.48,69
2026-08-14 23:00:00+00:00,219.97,219.97,219.45,219.63,94.55,86
2026-08-14 23:30:00+00:00,219.65,219.71,218.6,219.06,419.51,288
2026-08-15 00:00:00+00:00,219.0,219.61,218.87,219.41,184.71,218
2026-08-15 00:30:00+00:00,219.46,219.68,219.4,219.44,89.39,81
2026-08-15 01:00:00+00:00,219.42,219.55,219.39,219.49,34.15,40
2026-08-15 01:30:00+00:00,219.48,220.34,219.45,220.07,226.01,87
2026-08-15 02:00:00+00:00,220.07,220.07,219.75,219.98,26.63,56
2026-08-15 02:30:00+00:00,219.97,220.26,219.89,220.17,64.66,36
2026-08-15 03:00:00+00:00,220.17,220.31,220.05,220.24,8.07,18
2026-08-15 03:30:00+00:00,220.14,220.14,220.0,220.0,34.58,22
2026-08-15 04:00:00+00:00,219.99,220.31,219.75,219.88,88.03,87
2026-08-15 04:30:00+00:00,219.84,219.87,219.75,219.85,20.31,43
2026-08-15 05:00:00+00:00,219.87,219.87,219.0,219.55,71.66,46
2026-08-15 05:30:00+00:00,219.5,219.58,218.59,218.63,66.11,68
2026-08-15 06:00:00+00:00,218.72,218.72,218.43,218.6,33.08,36
2026-08-15 06:30:00+00:00,218.47,218.72,218.47,218.61,13.07,19
2026-08-15 07:00:00+00:00,218.6,218.76,218.35,218.5,54.58,33
2026-08-15 07:30:00+00:00,218.51,218.99,218.51,218.85,31.3,37
2026-08-15 08:00:00+00:00,218.9,219.0,218.88,219.0,19.01,11
2026-08-15 08:30:00+00:00,218.97,219.21,218.97,219.21,10.37,15
2026-08-15 09:00:00+00:00,219.16,219.29,219.16,219.29,9.44,9
2026-08-15 09:30:00+00:00,219.38,219.45,219.19,219.45,30.76,25
2026-08-15 10:00:00+00:00,219.09,219.42,219.09,219.34,30.24,26
2026-08-15 10:30:00+00:00,219.43,219.45,219.19,219.45,5.02,9
2026-08-15 11:00:00+00:00,219.55,220.47,219.55,219.76,172.05,88
2026-08-15 11:30:00+00:00,219.74,219.97,219.63,219.9,37.89,31
2026-08-15 12:00:00+00:00,219.88,220.61,219.85,220.47,38.16,37
2026-08-15 12:30:00+00:00,220.53,220.53,219.84,220.01,171.16,140
2026-08-15 13:00:00+00:00,220.17,220.3,220.02,220.3,79.43,78
2026-08-15 13:30:00+00:00,220.57,220.57,220.11,220.55,85.17,94
2026-08-15 14:00:00+00:00,220.53,220.62,220.16,220.22,36.47,57
2026-08-15 14:30:00+00:00,220.22,220.53,220.08,220.15,69.36,76
2026-08-15 15:00:00+00:00,220.15,220.5,220.07,220.35,41.85,49
2026-08-15 15:30:00+00:00,220.4,220.63,220.4,220.63,3.59,7
2026-08-15 16:00:00+00:00,220.73,220.8,220.7,220.77,29.68,15
2026-08-15 16:30:00+00:00,220.87,220.87,220.34,220.62,133.33,112
2026-08-15 17:00:00+00:00,220.65,220.67,220.07,220.65,45.99,68
2026-08-15 17:30:00+00:00,220.82,221.0,220.81,220.99,15.02,71
2026-08-15 18:00:00+00:00,221.0,221.0,220.87,220.91,15.1,78
2026-08-15 18:30:00+00:00,220.95,221.1,220.93,221.1,25.74,81
2026-08-15 19:00:00+00:00,221.08,221.21,221.04,221.2,12.99,72
2026-08-15 19:30:00+00:00,221.21,221.33,220.82,221.01,44.31,108
2026-08-15 20:00:00+00:00,221.03,221.24,221.01,221.12,15.21,77
2026-08-15 20:30:00+00:00,221.21,221.24,220.9,220.9,10.92,37
2026-08-15 21:00:00+00:00,220.84,221.05,220.72,221.05,7.28,17
2026-08-15 21:30:00+00:00,221.1,221.27,221.07,221.15,13.73,25
2026-08-15 22:00:00+00:00,220.92,221.14,220.89,221.09,13.48,29
2026-08-15 22:30:00+00:00,221.11,221.23,221.02,221.07,19.57,30
2026-08-15 23:00:00+00:00,221.08,221.26,221.03,221.16,6.39,49
2026-08-15 23:30:00+00:00,221.26,221.26,221.04,221.25,10.41,30
2026-08-16 00:00:00+00:00,221.39,221.41,221.23,221.23,3.73,9
2026-08-16 00:30:00+00:00,221.41,221.45,221.19,221.28,9.08,10
2026-08-16 01:00:00+00:00,221.19,221.34,221.18,221.26,23.2,23
2026-08-16 01:30:00+00:00,221.3,221.3,221.14,221.29,8.19,29
2026-08-16 02:00:00+00:00,221.27,221.56,221.0,221.04,94.89,98
2026-08-16 02:30:00+00:00,221.04,221.31,221.04,221.24,8.62,25
2026-08-16 03:00:00+00:00,221.24,221.31,221.13,221.16,7.82,26
2026-08-16 03:30:00+00:00,221.16,221.35,221.0,221.17,10.54,27
2026-08-16 04:00:00+00:00,221.1,221.15,221.03,221.13,9.39,9
2026-08-16 04:30:00+00:00,221.23,221.23,220.9,221.05,22.28,34
2026-08-16 05:00:00+00:00,221.02,221.02,221.02,221.02,0.22,1
2026-08-16 05:30:00+00:00,221.06,221.07,220.59,220.92,79.38,73
2026-08-16 06:00:00+00:00,220.89,221.75,220.89,221.54,173.47,126
2026-08-16 06:30:00+00:00,221.74,221.9,221.5,221.9,26.04,29
2026-08-16 07:00:00+00:00,221.89,221.89,221.77,221.77,38.36,122
2026-08-16 07:30:00+00:00,221.69,221.87,221.56,221.87,27.22,31
2026-08-16 08:00:00+00:00,221.78,221.8,221.64,221.64,3.33,8
2026-08-16 08:30:00+00:00,221.59,221.71,221.59,221.71,9.93,42
2026-08-16 09:00:00+00:00,221.71,221.9,221.67,221.76,73.08,44
2026-08-16 09:30:00+00:00,221.69,221.69,221.68,221.68,0.35,2
2026-08-16 10:00:00+00:00,221.81,221.81,221.61,221.62,9.05,21
2026-08-16 10:30:00+00:00,221.63,222.07,221.63,221.86,108.41,54
2026-08-16 11:00:00+00:00,221.77,221.77,221.77,221.77,0.06,1
2026-08-16 11:30:00+00:00,221.78,221.81,221.78,221.81,5.18,6
2026-08-16 12:00:00+00:00,221.62,221.77,221.5,221.61,36.29,18
2026-08-16 12:30:00+00:00,221.61,221.61,221.2,221.33,109.86,71
2026-08-16 13:00:00+00:00,221.2,221.37,220.99,221.37,24.54,25
2026-08-16 13:30:00+00:00,221.29,221.33,221.15,221.33,27.38,35
2026-08-16 14:00:00+00:00,221.21,221.6,221.21,221.6,9.81,23
2026-08-16 14:30:00+00:00,221.6,221.87,221.5,221.59,26.15,51
2026-08-16 15:00:00+00:00,221.6,223.0,221.57,222.48,553.01,179
2026-08-16 15:30:00+00:00,222.66,222.84,222.35,222.51,33.99,34
2026-08-16 16:00:00+00:00,222.62,222.87,221.82,222.66,130.07,99
2026-08-16 16:30:00+00:00,222.49,222.65,222.45,222.65,24.18,110
2026-08-16 17:00:00+00:00,222.65,222.71,222.52,222.52,34.75,197
2026-08-16 17:30:00+00:00,222.53,222.55,222.48,222.54,15.43,9
2026-08-16 18:00:00+00:00,222.55,222.55,222.47,222.51,1.92,5
2026-08-16 18:30:00+00:00,222.5,222.5,222.43,222.43,12.44,12
2026-08-16 19:00:00+00:00,222.43,222.54,222.41,222.41,4.46,5
2026-08-16 19:30:00+00:00,222.57,222.59,222.51,222.51,2.49,3
2026-08-16 20:00:00+00:00,222.57,222.65,222.4,222.4,14.68,22
2026-08-16 20:30:00+00:00,222.49,222.54,222.42,222.42,3.89,5
2026-08-16 21:00:00+00:00,222.49,222.65,222.28,222.44,15.86,24
2026-08-16 21:30:00+00:00,222.35,222.72,222.26,222.66,27.09,44
2026-08-16 22:00:00+00:00,222.64,222.64,222.46,222.5,25.28,35
2026-08-16 22:30:00+00:00,222.47,222.52,222.28,222.32,24.61,29
2026-08-16 23:00:00+00:00,222.45,223.08,222.45,223.08,143.74,168
2026-08-16 23:30:00+00:00,223.05,223.77,222.98,223.43,242.8,269
2026-08-17 00:00:00+00:00,223.43,223.82,221.2,221.57,1472.92,923
2026-08-17 00:30:00+00:00,221.59,221.81,221.4,221.72,315.88,221
2026-08-17 01:00:00+00:00,221.81,222.53,221.67,221.69,545.66,436
2026-08-17 01:30:00+00:00,221.69,221.73,221.14,221.14,486.1,244
2026-08-17 02:00:00+00:00,221.18,221.86,220.97,221.81,354.23,615
2026-08-17 02:30:00+00:00,221.85,223.05,221.77,223.05,152.94,228
2026-08-17 03:00:00+00:00,223.31,223.67,223.15,223.15,351.04,171
2026-08-17 03:30:00+00:00,223.23,223.27,222.83,223.02,131.48,340
2026-08-17 04:00:00+00:00,223.03,223.11,222.82,222.94,128.45,117
2026-08-17 04:30:00+00:00,222.89,222.91,222.48,222.69,172.28,399
2026-08-17 05:00:00+00:00,222.65,223.02,222.56,222.97,241.04,145
2026-08-17 05:30:00+00:00,223.0,223.79,222.87,223.71,300.88,368
2026-08-17 06:00:00+00:00,223.78,223.95,223.56,223.95,96.44,140
2026-08-17 06:30:00+00:00,223.94,224.69,223.78,224.55,366.3,162
2026-08-17 07:00:00+00:00,224.71,224.92,223.77,224.07,586.34,258
2026-08-17 07:30:00+00:00,224.07,224.49,223.87,223.95,865.6,193
2026-08-17 08:00:00+00:00,223.95,225.4,222.77,225.06,996.89,381
2026-08-17 08:30:00+00:00,225.06,225.16,223.93,224.88,3015.41,1795
2026-08-17 09:00:00+00:00,224.74,225.1,224.18,224.55,301.23,226
2026-08-17 09:30:00+00:00,224.54,225.2,224.36,224.56,2403.26,1673
2026-08-17 10:00:00+00:00,224.41,225.5,224.26,225.5,620.11,722
2026-08-17 10:30:00+00:00,225.17,226.05,224.94,226.04,293.08,282
2026-08-17 11:00:00+00:00,226.04,226.12,225.01,225.21,429.31,267
2026-08-17 11:30:00+00:00,225.32,225.36,223.87,223.98,267.67,325
2026-08-17 12:00:00+00:00,223.97,224.34,222.84,223.28,539.8,503
2026-08-17 12:30:00+00:00,223.27,224.13,222.93,223.84,810.3,656
2026-08-17 13:00:00+00:00,223.87,224.98,222.81,224.26,5012.16,1808
2026-08-17 13:30:00+00:00,223.95,253.42,223.74,250.35,26698.82,5500
2026-08-17 14:00:00+00:00,250.2,260.35,246.9,252.69,8774.94,2904
2026-08-17 14:30:00+00:00,253.0,255.77,251.93,252.68,5085.68,1357
2026-08-17 15:00:00+00:00,252.7,254.33,248.78,250.9,3296.63,1808
2026-08-17 15:30:00+00:00,250.98,254.0,249.68,253.02,1797.06,1229
2026-08-17 16:00:00+00:00,253.04,254.58,251.72,253.66,1218.25,718
2026-08-17 16:30:00+00:00,253.64,255.24,250.42,254.88,1131.71,1003
2026-08-17 17:00:00+00:00,254.94,258.42,254.28,254.41,2429.47,1244
2026-08-17 17:30:00+00:00,254.36,255.94,253.08,254.83,1131.02,670
2026-08-17 18:00:00+00:00,254.86,255.59,253.07,254.74,676.58,609
2026-08-17 18:30:00+00:00,254.67,255.72,253.89,255.38,606.95,570
2026-08-17 19:00:00+00:00,255.33,255.72,251.9,253.38,1240.78,677
2026-08-17 19:30:00+00:00,253.33,253.71,250.16,251.85,1677.22,825
2026-08-17 20:00:00+00:00,251.56,252.21,250.81,251.37,946.08,400
2026-08-17 20:30:00+00:00,251.49,252.5,251.37,251.97,586.64,525
2026-08-17 21:00:00+00:00,252.02,252.27,251.87,252.26,552.21,387
2026-08-17 21:30:00+00:00,252.26,252.5,251.97,252.44,247.55,406
2026-08-17 22:00:00+00:00,252.18,252.93,252.08,252.58,594.61,511
2026-08-17 22:30:00+00:00,252.49,252.83,252.4,252.6,456.28,246
2026-08-17 23:00:00+00:00,252.6,252.61,251.91,252.19,163.23,96
2026-08-17 23:30:00+00:00,252.23,252.5,251.92,252.5,139.58,143
2026-08-18 00:00:00+00:00,252.58,252.71,251.77,252.51,142.31,227
2026-08-18 00:30:00+00:00,252.28,253.16,251.59,251.72,86.06,137
2026-08-18 01:00:00+00:00,251.51,251.52,250.81,251.26,199.34,393
2026-08-18 01:30:00+00:00,251.22,251.22,246.5,248.0,932.28,464
2026-08-18 02:00:00+00:00,248.11,248.13,245.0,245.29,640.93,426
2026-08-18 02:30:00+00:00,245.41,247.41,244.58,246.72,1364.74,572
2026-08-18 03:00:00+00:00,246.9,247.47,244.23,245.58,532.23,371
2026-08-18 03:30:00+00:00,245.52,247.74,244.0,247.51,434.4,254
2026-08-18 04:00:00+00:00,247.09,248.81,246.37,248.81,196.74,139
2026-08-18 04:30:00+00:00,248.71,248.91,247.59,248.53,133.9,118
2026-08-18 05:00:00+00:00,248.33,248.33,247.12,247.22,163.7,132
2026-08-18 05:30:00+00:00,246.8,247.25,245.47,245.65,631.51,382
2026-08-18 06:00:00+00:00,245.36,247.23,245.16,247.12,358.88,250
2026-08-18 06:30:00+00:00,247.29,248.37,247.2,248.37,194.48,129
2026-08-18 07:00:00+00:00,248.27,248.47,246.95,246.95,424.63,247
2026-08-18 07:30:00+00:00,246.91,247.42,246.48,246.56,337.31,365
2026-08-18 08:00:00+00:00,246.77,247.63,240.91,242.44,3880.46,1354
2026-08-18 08:30:00+00:00,242.39,244.09,241.59,242.94,1175.06,385
2026-08-18 09:00:00+00:00,242.93,243.34,240.19,240.72,444.67,346
2026-08-18 09:30:00+00:00,240.77,242.1,240.1,241.89,1254.44,435
2026-08-18 10:00:00+00:00,241.98,243.0,240.78,241.86,907.64,419
2026-08-18 10:30:00+00:00,241.82,243.64,241.68,243.26,297.62,199
2026-08-18 11:00:00+00:00,243.32,246.51,243.21,245.25,1293.61,591
2026-08-18 11:30:00+00:00,245.13,245.53,244.31,244.67,839.17,333
2026-08-18 12:00:00+00:00,244.64,245.06,243.17,243.58,907.58,384
2026-08-18 12:30:00+00:00,243.59,244.37,242.6,242.84,1745.78,483
2026-08-18 13:00:00+00:00,243.0,243.53,238.5,240.47,5166.87,1373
2026-08-18 13:30:00+00:00,240.5,240.51,221.1,221.64,43370.81,6491
2026-08-18 14:00:00+00:00,221.58,224.72,219.23,222.24,24103.26,3038
2026-08-18 14:30:00+00:00,222.18,223.92,218.47,218.53,32640.42,4219
2026-08-18 15:00:00+00:00,218.49,221.12,217.16,220.61,32057.18,4053
2026-08-18 15:30:00+00:00,220.59,222.24,220.28,221.19,13013.57,1582
2026-08-18 16:00:00+00:00,221.19,221.19,218.63,218.63,10112.41,993
2026-08-18 16:30:00+00:00,218.63,220.85,218.32,218.68,14606.0,1639
2026-08-18 17:00:00+00:00,218.61,219.43,216.3,217.68,5752.14,937
2026-08-18 17:30:00+00:00,217.71,217.74,214.92,216.05,5232.05,781
2026-08-18 18:00:00+00:00,216.05,217.83,215.17,217.77,2840.26,575
2026-08-18 18:30:00+00:00,217.8,219.35,217.23,218.68,2658.95,682
2026-08-18 19:00:00+00:00,218.61,219.74,217.65,219.43,1842.91,539
2026-08-18 19:30:00+00:00,219.23,220.74,217.92,220.1,20180.2,1495
2026-08-18 20:00:00+00:00,219.98,220.57,219.63,220.1,1810.67,377
2026-08-18 20:30:00+00:00,220.19,220.37,219.72,219.91,467.03,128
2026-08-18 21:00:00+00:00,219.91,220.15,219.81,220.15,106.67,120
2026-08-18 21:30:00+00:00,220.06,220.06,219.25,219.32,320.93,264
2026-08-18 22:00:00+00:00,219.44,219.84,219.42,219.67,65.39,67
2026-08-18 22:30:00+00:00,219.67,219.73,219.04,219.1,278.41,134
2026-08-18 23:00:00+00:00,219.03,219.21,218.31,218.49,467.77,370
2026-08-18 23:30:00+00:00,218.46,218.46,216.9,216.94,574.64,222
2026-08-19 00:00:00+00:00,217.0,218.6,215.6,218.53,4723.09,830
2026-08-19 00:30:00+00:00,218.72,220.67,218.7,219.57,2583.21,758
2026-08-19 01:00:00+00:00,219.5,221.17,219.2,220.64,1963.54,574
2026-08-19 01:30:00+00:00,220.55,220.82,219.44,220.26,818.56,377
2026-08-19 02:00:00+00:00,220.16,220.16,219.12,219.85,1131.65,534
2026-08-19 02:30:00+00:00,220.03,220.55,219.31,220.51,636.12,488
2026-08-19 03:00:00+00:00,220.56,221.41,220.28,220.7,2286.19,1112
2026-08-19 03:30:00+00:00,220.62,221.01,219.14,219.14,1207.86,281
2026-08-19 04:00:00+00:00,219.14,219.4,218.4,219.22,1425.8,739
2026-08-19 04:30:00+00:00,219.2,219.31,217.25,218.17,769.12,428
2026-08-19 05:00:00+00:00,218.15,219.27,218.03,218.62,709.51,380
2026-08-19 05:30:00+00:00,218.63,218.67,217.25,217.25,521.89,382
2026-08-19 06:00:00+00:00,217.3,217.83,216.42,216.73,530.32,398
2026-08-19 06:30:00+00:00,216.7,219.61,216.09,219.54,1769.97,794
2026-08-19 07:00:00+00:00,219.46,220.28,217.27,220.28,4692.76,728
2026-08-19 07:30:00+00:00,220.51,221.47,220.25,220.65,2044.82,1175
2026-08-19 08:00:00+00:00,220.82,223.67,219.92,220.31,7853.38,1606
2026-08-19 08:30:00+00:00,220.44,221.86,220.12,221.48,2377.03,558
2026-08-19 09:00:00+00:00,221.49,221.69,219.84,219.93,967.19,662
2026-08-19 09:30:00+00:00,219.95,220.45,218.44,219.04,3855.97,1030
2026-08-19 10:00:00+00:00,219.07,219.15,217.44,218.66,1240.51,506
2026-08-19 10:30:00+00:00,218.66,219.29,218.37,218.88,603.19,242
2026-08-19 11:00:00+00:00,218.91,220.93,216.6,217.57,4457.82,1030
2026-08-19 11:30:00+00:00,217.59,217.87,215.72,216.87,1923.43,977
2026-08-19 12:00:00+00:00,216.75,217.66,215.6,217.37,1650.2,546
2026-08-19 12:30:00+00:00,217.4,220.13,217.0,219.92,6222.66,1249
2026-08-19 13:00:00+00:00,219.95,221.16,216.68,217.0,4544.83,1287
2026-08-19 13:30:00+00:00,217.0,217.46,205.22,206.77,69487.05,5478
2026-08-19 14:00:00+00:00,206.28,207.13,201.32,206.05,29448.74,2480
2026-08-19 14:30:00+00:00,205.95,213.0,205.68,211.75,60125.0,3307
2026-08-19 15:00:00+00:00,211.74,212.1,210.1,211.17,30777.51,4252
2026-08-19 15:30:00+00:00,211.32,211.46,208.3,210.14,3932.54,1282
2026-08-19 16:00:00+00:00,210.13,210.89,209.13,210.08,9611.79,1401
2026-08-19 16:30:00+00:00,210.07,211.24,209.35,209.96,7147.65,1134
2026-08-19 17:00:00+00:00,210.0,210.54,208.36,209.23,2567.72,807
2026-08-19 17:30:00+00:00,209.22,211.17,208.72,210.25,1530.38,422
2026-08-19 18:00:00+00:00,210.4,211.48,209.28,210.84,498.0,206
2026-08-19 18:30:00+00:00,210.89,212.73,210.14,210.22,1937.14,465
2026-08-19 19:00:00+00:00,210.19,212.42,209.64,211.84,197.33,166
2026-08-19 19:30:00+00:00,211.94,215.64,210.54,215.45,2445.09,406
2026-08-19 20:00:00+00:00,215.42,217.41,214.95,215.94,2004.11,511
2026-08-19 20:30:00+00:00,215.87,216.87,215.85,216.15,632.76,347
2026-08-19 21:00:00+00:00,216.27,216.8,215.82,216.8,805.46,566
2026-08-19 21:30:00+00:00,216.63,216.63,215.96,216.09,296.81,97
2026-08-19 22:00:00+00:00,216.11,216.5,215.82,216.35,101.18,160
2026-08-19 22:30:00+00:00,216.39,217.43,216.37,217.4,380.64,234
2026-08-19 23:00:00+00:00,217.36,218.03,217.15,217.24,524.42,163
2026-08-19 23:30:00+00:00,217.31,218.48,217.18,218.3,2335.78,601
2026-08-20 00:00:00+00:00,218.26,218.41,215.8,217.35,499.59,611
2026-08-20 00:30:00+00:00,217.18,218.69,217.05,218.69,132.7,57
2026-08-20 01:00:00+00:00,218.9,218.95,217.64,217.64,228.38,58
2026-08-20 01:30:00+00:00,218.14,219.0,217.78,217.79,89.76,43
2026-08-20 02:00:00+00:00,217.79,218.61,217.21,217.48,427.16,88
2026-08-20 02:30:00+00:00,217.46,218.08,217.06,217.44,258.11,134
2026-08-20 03:00:00+00:00,217.44,218.21,217.31,217.9,111.46,102
2026-08-20 03:30:00+00:00,217.66,218.35,217.38,218.07,45.5,115
2026-08-20 04:00:00+00:00,218.31,219.09,218.31,218.67,273.52,195
2026-08-20 04:30:00+00:00,218.39,218.58,218.02,218.25,203.75,132
2026-08-20 05:00:00+00:00,218.23,218.6,217.84,218.3,363.1,440
2026-08-20 05:30:00+00:00,218.42,218.42,217.77,217.83,169.94,64
2026-08-20 06:00:00+00:00,217.77,218.67,217.77,218.64,215.49,87
2026-08-20 06:30:00+00:00,218.72,219.12,218.66,219.04,135.2,125
2026-08-20 07:00:00+00:00,219.04,219.12,218.48,218.62,137.68,147
2026-08-20 07:30:00+00:00,218.51,218.51,218.06,218.07,112.11,231
2026-08-20 08:00:00+00:00,217.78,218.42,215.22,215.75,2294.62,604
2026-08-20 08:30:00+00:00,215.69,215.97,214.01,214.33,1143.33,381
2026-08-20 09:00:00+00:00,214.33,216.01,214.25,215.7,347.17,374
2026-08-20 09:30:00+00:00,215.63,216.34,215.32,216.34,177.13,169
2026-08-20 10:00:00+00:00,216.2,216.71,215.92,216.15,292.23,433
2026-08-20 10:30:00+00:00,216.17,216.89,216.13,216.44,3320.81,800
2026-08-20 11:00:00+00:00,216.47,217.29,213.64,213.8,1500.17,646
2026-08-20 11:30:00+00:00,213.72,215.03,212.66,212.97,5107.13,872
2026-08-20 12:00:00+00:00,213.25,213.4,210.7,211.73,2655.51,1076
2026-08-20 12:30:00+00:00,211.78,213.8,210.57,213.56,4749.85,1253
2026-08-20 13:00:00+00:00,213.65,215.29,210.24,210.54,3785.74,1004
2026-08-20 13:30:00+00:00,211.12,213.37,203.45,204.16,31705.8,2985
2026-08-20 14:00:00+00:00,204.08,208.0,202.96,207.35,8789.43,1333
2026-08-20 14:30:00+00:00,207.35,209.58,207.07,207.93,3610.71,653
2026-08-20 15:00:00+00:00,207.89,208.82,205.24,205.91,2012.72,372
2026-08-20 15:30:00+00:00,206.0,206.83,204.34,206.48,1639.77,501
2026-08-20 16:00:00+00:00,206.5,206.5,204.89,205.95,928.42,212
2026-08-20 16:30:00+00:00,205.79,207.6,205.11,207.44,473.54,337
2026-08-20 17:00:00+00:00,207.46,207.92,206.6,207.63,449.02,344
2026-08-20 17:30:00+00:00,207.7,209.2,206.76,209.2,551.67,308
2026-08-20 18:00:00+00:00,209.03,209.26,207.31,207.73,1815.49,586
2026-08-20 18:30:00+00:00,207.72,207.72,204.78,205.17,514.27,435
2026-08-20 19:00:00+00:00,205.06,207.99,204.89,207.93,455.55,290
2026-08-20 19:30:00+00:00,207.9,209.81,207.37,209.81,1275.28,855
2026-08-20 20:00:00+00:00,209.8,210.22,208.79,209.24,844.44,469
2026-08-20 20:30:00+00:00,209.2,209.84,208.93,209.58,484.27,305
2026-08-20 21:00:00+00:00,209.69,209.81,208.32,209.39,11306.94,1289
2026-08-20 21:30:00+00:00,209.33,209.54,209.07,209.08,892.7,220
2026-08-20 22:00:00+00:00,209.15,209.16,208.69,208.95,130.58,88
2026-08-20 22:30:00+00:00,208.86,209.14,208.79,208.95,391.67,100
2026-08-20 23:00:00+00:00,208.98,209.32,208.76,209.17,277.31,78
2026-08-20 23:30:00+00:00,209.01,209.11,208.59,208.77,262.17,306
2026-08-21 00:00:00+00:00,208.78,209.77,208.77,208.92,759.53,174
2026-08-21 00:30:00+00:00,208.9,210.62,208.88,208.95,1486.09,249
2026-08-21 01:00:00+00:00,209.03,210.38,208.79,209.65,588.51,332
2026-08-21 01:30:00+00:00,209.69,210.36,209.22,209.82,367.75,311
2026-08-21 02:00:00+00:00,209.86,211.11,209.82,210.9,311.1,127
2026-08-21 02:30:00+00:00,210.9,211.34,210.73,211.1,409.69,129
2026-08-21 03:00:00+00:00,211.07,211.07,209.89,210.11,129.94,76
2026-08-21 03:30:00+00:00,210.2,210.26,209.44,209.6,49.18,54
2026-08-21 04:00:00+00:00,209.58,209.88,208.8,209.08,188.49,65
2026-08-21 04:30:00+00:00,209.05,209.84,208.97,209.8,132.31,131
2026-08-21 05:00:00+00:00,209.79,210.16,209.58,210.12,382.88,152
2026-08-21 05:30:00+00:00,210.11,210.4,209.45,209.78,36.93,44
2026-08-21 06:00:00+00:00,209.76,210.3,209.49,210.28,200.77,65
2026-08-21 06:30:00+00:00,210.4,210.96,210.32,210.56,262.53,122
2026-08-21 07:00:00+00:00,210.81,212.05,210.71,211.78,259.38,117
2026-08-21 07:30:00+00:00,211.69,211.7,211.21,211.36,92.23,33
2026-08-21 08:00:00+00:00,211.62,212.64,210.82,211.24,648.86,395
2026-08-21 08:30:00+00:00,211.32,212.69,211.1,211.84,466.83,257
2026-08-21 09:00:00+00:00,211.75,211.75,211.0,211.48,562.57,309
2026-08-21 09:30:00+00:00,211.45,212.48,211.34,212.13,208.55,157
2026-08-21 10:00:00+00:00,212.11,212.68,212.11,212.64,846.19,204
2026-08-21 10:30:00+00:00,212.63,213.07,212.2,212.77,292.56,145
2026-08-21 11:00:00+00:00,212.76,212.79,211.25,212.51,1354.18,478
2026-08-21 11:30:00+00:00,212.49,212.89,211.93,212.01,809.56,355
2026-08-21 12:00:00+00:00,212.05,212.42,211.76,212.29,476.16,292
2026-08-21 12:30:00+00:00,212.33,212.47,211.04,211.67,876.29,482
2026-08-21 13:00:00+00:00,211.66,211.74,209.11,209.39,2511.22,1040
2026-08-21 13:30:00+00:00,209.36,209.84,201.83,203.21,23497.09,2346
2026-08-21 14:00:00+00:00,203.13,203.95,197.05,199.11,31720.32,2532
2026-08-21 14:30:00+00:00,199.34,200.17,198.52,199.59,3192.73,905
2026-08-21 15:00:00+00:00,199.59,200.86,198.62,199.37,1969.56,632
2026-08-21 15:30:00+00:00,199.43,201.42,199.21,200.42,18453.68,1761
2026-08-21 16:00:00+00:00,200.39,200.88,199.2,200.15,7910.0,955
2026-08-21 16:30:00+00:00,200.15,200.15,199.06,199.64,989.34,436
2026-08-21 17:00:00+00:00,199.7,200.07,198.6,199.27,2787.81,462
2026-08-21 17:30:00+00:00,199.24,199.84,198.99,199.12,2104.0,295
2026-08-21 18:00:00+00:00,199.17,199.17,198.16,198.16,283.47,102
2026-08-21 18:30:00+00:00,198.09,198.29,197.42,197.62,1640.54,276
2026-08-21 19:00:00+00:00,197.65,198.74,197.54,198.34,808.93,235
2026-08-21 19:30:00+00:00,198.34,198.38,195.55,195.97,1211.09,503
2026-08-21 20:00:00+00:00,196.09,196.75,196.09,196.68,381.79,116
2026-08-21 20:30:00+00:00,196.56,197.02,196.42,196.98,605.6,197
2026-08-21 21:00:00+00:00,197.03,197.05,196.62,196.72,1025.97,625
2026-08-21 21:30:00+00:00,196.72,196.81,196.13,196.69,860.86,236
2026-08-21 22:00:00+00:00,196.58,197.05,196.55,197.05,395.44,126
2026-08-21 22:30:00+00:00,197.0,197.18,196.95,197.17,47.64,33
2026-08-21 23:00:00+00:00,197.17,197.17,196.7,196.77,31.95,39
2026-08-21 23:30:00+00:00,196.78,197.02,196.78,197.0,21.73,81
2026-08-22 00:00:00+00:00,196.95,197.14,196.2,197.13,214.74,117
2026-08-22 00:30:00+00:00,197.15,197.37,197.12,197.37,70.13,30
2026-08-22 01:00:00+00:00,197.21,197.26,197.08,197.08,27.84,29
2026-08-22 01:30:00+00:00,197.03,197.2,196.98,197.14,60.67,30
2026-08-22 02:00:00+00:00,197.07,197.26,196.94,196.96,86.62,39
2026-08-22 02:30:00+00:00,196.87,196.94,196.6,196.81,47.17,41
2026-08-22 03:00:00+00:00,196.89,196.9,196.46,196.48,198.54,77
2026-08-22 03:30:00+00:00,196.49,196.66,196.21,196.21,45.7,35
2026-08-22 04:00:00+00:00,196.23,196.57,196.17,196.32,88.89,64
2026-08-22 04:30:00+00:00,196.26,196.35,195.84,195.9,157.61,74
2026-08-22 05:00:00+00:00,195.92,196.0,183.44,193.15,14399.84,3604
2026-08-22 05:30:00+00:00,193.17,194.02,192.07,194.02,1648.73,1036
2026-08-22 06:00:00+00:00,194.04,194.04,193.25,193.46,645.12,432
2026-08-22 06:30:00+00:00,193.46,194.1,193.21,193.86,218.27,228
2026-08-22 07:00:00+00:00,193.83,193.98,193.29,193.43,194.68,169
2026-08-22 07:30:00+00:00,193.27,193.43,193.04,193.43,130.54,122
2026-08-22 08:00:00+00:00,193.07,193.07,191.5,191.57,330.69,373
2026-08-22 08:30:00+00:00,191.63,192.61,191.57,192.61,195.76,218
2026-08-22 09:00:00+00:00,192.44,192.85,192.19,192.57,64.31,96
2026-08-22 09:30:00+00:00,192.51,193.24,192.49,192.6,58.63,80
2026-08-22 10:00:00+00:00,192.65,192.76,191.92,192.55,131.22,140
2026-08-22 10:30:00+00:00,192.44,192.88,192.44,192.66,21.29,47
2026-08-22 11:00:00+00:00,192.6,192.6,192.2,192.44,30.36,37
2026-08-22 11:30:00+00:00,192.55,192.8,192.54,192.59,18.16,27
2026-08-22 12:00:00+00:00,192.7,192.7,192.45,192.62,5.85,17
2026-08-22 12:30:00+00:00,192.39,192.5,192.35,192.43,23.62,24
2026-08-22 13:00:00+00:00,192.44,192.44,192.2,192.2,73.59,33
2026-08-22 13:30:00+00:00,192.23,192.45,192.2,192.33,72.87,55
2026-08-22 14:00:00+00:00,192.33,192.44,191.99,192.11,66.88,74
2026-08-22 14:30:00+00:00,192.25,192.47,191.92,192.14,91.84,111
2026-08-22 15:00:00+00:00,192.16,192.44,191.88,192.28,172.33,232
2026-08-22 15:30:00+00:00,192.31,192.81,192.2,192.77,176.92,296
2026-08-22 16:00:00+00:00,192.72,193.54,192.66,193.52,460.82,450
2026-08-22 16:30:00+00:00,193.52,193.66,192.9,193.35,233.6,253
2026-08-22 17:00:00+00:00,193.23,193.66,193.13,193.49,144.73,212
2026-08-22 17:30:00+00:00,193.48,193.97,193.48,193.88,224.63,312
2026-08-22 18:00:00+00:00,193.8,194.24,193.76,194.23,328.36,669
2026-08-22 18:30:00+00:00,194.23,194.24,193.96,194.03,67.17,66
2026-08-22 19:00:00+00:00,194.06,194.15,193.95,194.11,41.96,132
2026-08-22 19:30:00+00:00,194.07,194.21,194.07,194.12,22.25,45
2026-08-22 20:00:00+00:00,194.15,194.18,193.97,194.18,73.78,87
2026-08-22 20:30:00+00:00,194.19,194.24,194.09,194.21,42.6,67
2026-08-22 21:00:00+00:00,194.2,194.21,194.04,194.19,25.95,45
2026-08-22 21:30:00+00:00,194.06,194.1,193.79,193.97,58.4,61
2026-08-22 22:00:00+00:00,194.13,194.3,194.13,194.21,27.58,38
2026-08-22 22:30:00+00:00,194.16,194.16,194.08,194.08,3.71,4
2026-08-22 23:00:00+00:00,193.84,194.09,193.84,193.85,17.54,19
2026-08-22 23:30:00+00:00,194.14,194.68,193.74,193.89,33.35,28
2026-08-23 00:00:00+00:00,193.96,194.2,193.89,194.06,14.26,28
2026-08-23 00:30:00+00:00,194.18,194.9,194.11,194.75,67.89,33
2026-08-23 01:00:00+00:00,194.68,195.0,194.57,194.69,43.56,75
2026-08-23 01:30:00+00:00,194.87,195.22,194.83,194.83,110.68,112
2026-08-23 02:00:00+00:00,194.83,194.83,194.4,194.75,82.29,123
2026-08-23 02:30:00+00:00,194.73,194.83,194.62,194.69,105.44,81
2026-08-23 03:00:00+00:00,194.75,194.8,194.46,194.47,99.39,122
2026-08-23 03:30:00+00:00,194.47,194.59,194.27,194.41,106.56,143
2026-08-23 04:00:00+00:00,194.28,194.76,194.19,194.71,41.5,47
2026-08-23 04:30:00+00:00,194.45,194.64,194.18,194.18,7.87,22
2026-08-23 05:00:00+00:00,194.15,194.25,193.68,193.78,66.58,75
2026-08-23 05:30:00+00:00,193.68,193.68,192.91,192.91,29.07,33
2026-08-23 06:00:00+00:00,192.94,193.09,192.93,193.09,11.98,19
2026-08-23 06:30:00+00:00,193.08,193.18,192.75,192.96,188.15,99
2026-08-23 07:00:00+00:00,192.76,192.99,192.64,192.99,4.24,8
2026-08-23 07:30:00+00:00,193.04,193.38,192.97,193.38,31.97,28
2026-08-23 08:00:00+00:00,193.0,193.37,192.96,193.28,5.91,33
2026-08-23 08:30:00+00:00,193.31,193.44,193.31,193.44,15.31,16
2026-08-23 09:00:00+00:00,193.41,193.44,193.33,193.38,17.88,19
2026-08-23 09:30:00+00:00,193.37,193.93,193.26,193.93,54.27,29
2026-08-23 10:00:00+00:00,193.8,194.15,193.8,194.14,43.69,53
2026-08-23 10:30:00+00:00,194.13,195.65,194.13,195.27,1115.11,382
2026-08-23 11:00:00+00:00,195.24,195.37,195.11,195.37,40.7,52
2026-08-23 11:30:00+00:00,195.29,195.32,195.09,195.21,34.77,29
2026-08-23 12:00:00+00:00,195.13,195.27,195.01,195.1,19.27,24
2026-08-23 12:30:00+00:00,195.17,195.2,195.01,195.07,16.7,39
2026-08-23 13:00:00+00:00,195.08,196.05,194.94,195.72,395.03,188
2026-08-23 13:30:00+00:00,195.73,195.77,195.11,195.12,56.5,64
2026-08-23 14:00:00+00:00,195.05,195.43,195.05,195.41,56.84,69
2026-08-23 14:30:00+00:00,195.46,195.64,194.71,195.51,218.46,140
2026-08-23 15:00:00+00:00,195.42,196.06,195.16,195.67,151.15,124
2026-08-23 15:30:00+00:00,195.66,195.87,195.31,195.41,32.34,30
2026-08-23 16:00:00+00:00,195.25,195.4,194.49,194.49,90.56,67
2026-08-23 16:30:00+00:00,194.5,195.0,194.46,194.83,306.8,221
2026-08-23 17:00:00+00:00,194.85,195.45,194.54,195.42,348.09,231
2026-08-23 17:30:00+00:00,195.45,195.51,195.19,195.28,58.26,61
2026-08-23 18:00:00+00:00,195.36,195.61,195.22,195.41,66.77,43
2026-08-23 18:30:00+00:00,195.43,195.57,195.32,195.57,37.7,37
2026-08-23 19:00:00+00:00,195.54,196.23,195.33,195.81,332.45,123
2026-08-23 19:30:00+00:00,195.76,195.92,195.4,195.54,8.96,20
2026-08-23 20:00:00+00:00,195.6,195.82,195.49,195.69,25.42,32
2026-08-23 20:30:00+00:00,195.66,195.82,195.66,195.82,7.33,16
2026-08-23 21:00:00+00:00,195.85,196.98,195.6,195.6,717.32,430
2026-08-23 21:30:00+00:00,195.67,195.92,195.0,195.13,285.71,184
2026-08-23 22:00:00+00:00,195.2,195.52,194.22,194.53,130.68,117
2026-08-23 22:30:00+00:00,194.43,194.65,194.33,194.38,66.61,128
2026-08-23 23:00:00+00:00,194.31,195.15,194.13,195.15,376.95,83
2026-08-23 23:30:00+00:00,195.12,196.89,195.12,196.55,650.53,243
2026-08-24 00:00:00+00:00,196.3,197.23,194.03,194.34,2546.61,1236
2026-08-24 00:30:00+00:00,194.29,195.27,193.65,195.15,779.19,306
2026-08-24 01:00:00+00:00,195.25,195.31,194.49,194.49,307.92,196
2026-08-24 01:30:00+00:00,194.41,194.41,192.86,192.86,263.11,221
2026-08-24 02:00:00+00:00,192.83,193.08,192.19,192.73,307.38,205
2026-08-24 02:30:00+00:00,192.83,193.08,191.74,191.99,247.31,179
2026-08-24 03:00:00+00:00,192.07,192.08,190.54,191.15,1469.96,374
2026-08-24 03:30:00+00:00,191.04,191.28,190.31,191.03,631.5,222
2026-08-24 04:00:00+00:00,190.97,191.91,190.79,191.58,36.76,42
2026-08-24 04:30:00+00:00,191.63,192.01,191.45,191.89,218.29,161
2026-08-24 05:00:00+00:00,191.89,192.47,191.63,191.7,193.11,134
2026-08-24 05:30:00+00:00,191.7,191.8,190.98,190.98,168.71,142
2026-08-24 06:00:00+00:00,191.08,191.58,190.69,191.17,903.91,384
2026-08-24 06:30:00+00:00,191.17,191.54,190.96,191.33,126.57,84
2026-08-24 07:00:00+00:00,191.27,192.1,191.15,191.71,190.67,86
2026-08-24 07:30:00+00:00,191.68,191.94,191.2,191.26,90.04,49
2026-08-24 08:00:00+00:00,191.35,192.69,191.16,192.27,1158.58,381
2026-08-24 08:30:00+00:00,192.17,193.24,192.09,193.01,514.86,200
2026-08-24 09:00:00+00:00,192.78,193.21,192.71,192.84,260.52,93
2026-08-24 09:30:00+00:00,192.87,193.8,192.84,193.45,129.52,87
2026-08-24 10:00:00+00:00,193.45,193.58,192.61,193.02,88.19,77
2026-08-24 10:30:00+00:00,192.97,193.35,192.69,192.79,72.12,47
2026-08-24 11:00:00+00:00,192.83,193.04,191.37,192.2,378.87,232
2026-08-24 11:30:00+00:00,192.16,193.8,192.16,193.38,597.68,279
2026-08-24 12:00:00+00:00,193.32,193.33,192.18,192.65,156.04,117
2026-08-24 12:30:00+00:00,192.69,193.31,192.09,192.75,537.81,296
2026-08-24 13:00:00+00:00,192.6,192.82,190.35,190.76,1288.6,513
2026-08-24 13:30:00+00:00,190.72,191.86,186.48,189.02,10984.53,1812
2026-08-24 14:00:00+00:00,188.97,188.97,186.14,186.88,1693.35,387
2026-08-24 14:30:00+00:00,186.85,188.29,185.21,185.3,15847.97,922
2026-08-24 15:00:00+00:00,185.36,187.49,185.12,187.29,8468.74,636
2026-08-24 15:30:00+00:00,187.38,189.11,186.54,187.49,11742.45,959
2026-08-24 16:00:00+00:00,187.56,189.4,186.7,189.4,2552.47,434
